{"name": "[할로할로] 밸런스 믹스 파우더 4종", "img4": "https://img-cf.kurly.com/shop/data/goodsview/20200326/gv00000087463_2.jpg"},
{"name": "PET [어글어글] 전남 나주 유황오리&채소 믹스 스팀", "img4": "https://img-cf.kurly.com/shop/data/goodsview/20200324/gv00000086879_2.jpg"},
{"name": "PET [어글어글] 경남 의령 메추리&채소 믹스 스팀", "img4": "https://img-cf.kurly.com/shop/data/goodsview/20200324/gv40000086861_2.jpg"},
{"name": "PET [어글어글] 제주 말고기&채소 믹스 스팀", "img4": "https://img-cf.kurly.com/shop/data/goodsview/20200324/gv20000086833_2.jpg"},
{"name": "PET [어글어글] 제주 흑돼지&채소 믹스 스팀", "img4": "https://img-cf.kurly.com/shop/data/goodsview/20200324/gv20000086851_2.jpg"},
{"name": "PET [조공] 릴리프 스틱", "img4": "https://img-cf.kurly.com/shop/data/goodsview/20200310/gv30000084878_2.jpg"},
{"name": "PET [조공] 리틀제주 닭가슴살 스틱", "img4": "https://img-cf.kurly.com/shop/data/goodsview/20200310/gv10000084850_2.jpg"},
{"name": "PET [조공] 리틀제주 말고기 스틱", "img4": "https://img-cf.kurly.com/shop/data/goodsview/20200310/gv10000084860_2.jpg"},
{"name": "PET [조공] 나 산양유 좋아해 스틱", "img4": "https://img-cf.kurly.com/shop/data/goodsview/20200310/gv20000084841_2.jpg"},
{"name": "PET [조공] 보양 오리탕전 스틱", "img4": "https://img-cf.kurly.com/shop/data/goodsview/20200306/gv00000084457_2.jpg"},
{"name": "PET [어글어글] 무항생제 산양유 치즈", "img4": "https://img-cf.kurly.com/shop/data/goodsview/20200203/gv10000079924_2.jpg"},
{"name": "PET [어글어글] 무항생제 산양유껌", "img4": "https://img-cf.kurly.com/shop/data/goodsview/20200203/gv40000079918_2.jpg"},
{"name": "PET [어글어글] 제주 청정 흑돼지 육포", "img4": "https://img-cf.kurly.com/shop/data/goodsview/20200203/gv20000079915_2.jpg"},
{"name": "PET [어글어글] 제주 청정 말고기 육포", "img4": "https://img-cf.kurly.com/shop/data/goodsview/20200203/gv10000079912_2.jpg"},
{"name": "DOG [어글어글] 영양 스튜 4종", "img4": "https://img-cf.kurly.com/shop/data/goodsview/20200312/gv00000085358_2.jpg"}