{"name": "DOG [로투스] 그레인프리 오리 로프 캔", "img4": "https://img-cf.kurly.com/shop/data/goodsview/20200305/gv20000084276_2.jpg"},
{"name": "DOG [로투스] 그레인프리 치킨 로프 캔", "img4": "https://img-cf.kurly.com/shop/data/goodsview/20200305/gv20000084093_2.jpg"},
{"name": "DOG [로투스] 그레인프리 터키 로프 캔", "img4": "https://img-cf.kurly.com/shop/data/goodsview/20200305/gv00000084127_2.jpg"},
{"name": "DOG [로투스] 그레인프리 돼지 로프 캔", "img4": "https://img-cf.kurly.com/shop/data/goodsview/20200305/gv10000084204_2.jpg"},
{"name": "DOG [지위픽] 에어드라이 소고기 2종", "img4": "https://img-cf.kurly.com/shop/data/goodsview/20200123/gv10000079140_2.jpg"},
{"name": "DOG [지위픽] 에어드라이 트라이프&양고기 2종", "img4": "https://img-cf.kurly.com/shop/data/goodsview/20200123/gv20000079129_2.jpg"},
{"name": "DOG [지위픽] 에어드라이 양고기 2종", "img4": "https://img-cf.kurly.com/shop/data/goodsview/20200123/gv10000079151_2.jpg"},
{"name": "DOG [지위픽] 에어드라이 사슴고기 2종", "img4": "https://img-cf.kurly.com/shop/data/goodsview/20200120/gv00000078733_2.jpg"},
{"name": "DOG [지위픽] 에어드라이 고등어&양고기 2종", "img4": "https://img-cf.kurly.com/shop/data/goodsview/20200120/gv20000078769_2.jpg"},
{"name": "DOG [지위픽] 에어드라이 닭고기 2종", "img4": "https://img-cf.kurly.com/shop/data/goodsview/20200120/gv00000078747_2.jpg"},
{"name": "[나샘] 플로니 소고기 2종", "img4": "https://img-cf.kurly.com/shop/data/goodsview/20200116/gv30000078247_2.jpg"},
{"name": "[내추로] 그레인프리 오리&블루베리 캔", "img4": "https://img-cf.kurly.com/shop/data/goodsview/20200110/gv00000077541_2.jpg"},
{"name": "[내추로] 그레인프리 닭&고구마 캔", "img4": "https://img-cf.kurly.com/shop/data/goodsview/20200110/gv20000077526_2.jpg"},
{"name": "[하림 더리얼] 그레인프리 크런치 연어 2종", "img4": "https://img-cf.kurly.com/shop/data/goodsview/20191014/gv10000064510_2.jpg"},
{"name": "[하림 더리얼] 그레인프리 크런치 소고기 3종", "img4": "https://img-cf.kurly.com/shop/data/goodsview/20191014/gv40000064503_2.jpg"}