{"name": "CAT [로투스] 그레인프리 파테 오리 캔 2종", "img4": "https://img-cf.kurly.com/shop/data/goodsview/20200302/gv20000083522_2.jpg"},
{"name": "CAT [로투스] 그레인프리 파테 돼지 캔 2종", "img4": "https://img-cf.kurly.com/shop/data/goodsview/20200302/gv10000083531_2.jpg"},
{"name": "CAT [로투스] 그레인프리 파테 치킨&야채 캔 2종", "img4": "https://img-cf.kurly.com/shop/data/goodsview/20200302/gv40000083497_2.jpg"},
{"name": "CAT [로투스] 그레인프리 파테 터키&야채 캔 2종", "img4": "https://img-cf.kurly.com/shop/data/goodsview/20200302/gv40000083484_2.jpg"},
{"name": "CAT [로투스] 저스트 쥬시 돼지 스튜 캔", "img4": "https://img-cf.kurly.com/shop/data/goodsview/20200302/gv00000083540_2.jpg"},
{"name": "CAT [지위픽] 에어드라이 양고기 2종", "img4": "https://img-cf.kurly.com/shop/data/goodsview/20200123/gv20000079236_2.jpg"},
{"name": "CAT [지위픽] 에어드라이 소고기 2종", "img4": "https://img-cf.kurly.com/shop/data/goodsview/20200123/gv30000079258_2.jpg"},
{"name": "CAT [지위픽] 에어드라이 사슴고기 400g", "img4": "https://img-cf.kurly.com/shop/data/goodsview/20200120/gv40000078793_2.jpg"},
{"name": "CAT [지위픽] 에어드라이 닭고기 2종", "img4": "https://img-cf.kurly.com/shop/data/goodsview/20200120/gv40000078802_2.jpg"},
{"name": "CAT [지위픽] 에어드라이 고등어&양고기 2종", "img4": "https://img-cf.kurly.com/shop/data/goodsview/20200120/gv30000078834_2.jpg"},
{"name": "[오쥬 바이 로우즈] 치킨 파우치 3종", "img4": "https://img-cf.kurly.com/shop/data/goodsview/20200108/gv10000077131_2.jpg"},
{"name": "[오쥬 바이 로우즈] 참치 파우치 2종", "img4": "https://img-cf.kurly.com/shop/data/goodsview/20200108/gv20000077119_2.jpg"},
{"name": "[하림 더리얼] 캣 그레인프리 크런치 연어 2종", "img4": "https://img-cf.kurly.com/shop/data/goodsview/20191014/gv30000064408_2.jpg"},
{"name": "[하림 더리얼] 캣 그레인프리 크런치 닭고기 3종", "img4": "https://img-cf.kurly.com/shop/data/goodsview/20191014/gv20000064378_2.jpg"},
{"name": "CAT[오메가플러스] 킹연어&소고기 드라이 키블", "img4": "https://img-cf.kurly.com/shop/data/goodsview/20190708/gv40000055208_2.jpg"}