{"name": "CAT [퀸오브샌드] 두부 모래 3종", "img4": "https://img-cf.kurly.com/shop/data/goodsview/20200407/gv30000089393_2.jpg"},
{"name": "[벅시캣] 모래 무향 7.26kg", "img4": "https://img-cf.kurly.com/shop/data/goodsview/20200327/gv00000087649_2.jpg"},
{"name": "[피단스튜디오] 워터 디스펜서 2종", "img4": "https://img-cf.kurly.com/shop/data/goodsview/20200326/gv30000087484_2.jpg"},
{"name": "[피단스튜디오] 휴대용 물병 2종", "img4": "https://img-cf.kurly.com/shop/data/goodsview/20200326/gv00000087501_2.jpg"},
{"name": "CAT [펫츠루트] 카샤카샤 핸디 헌터 3종", "img4": "https://img-cf.kurly.com/shop/data/goodsview/20200407/gv30000089411_2.jpg"},
{"name": "CAT [펫츠루트] 카샤카샤 붕붕 와이어 낚싯대", "img4": "https://img-cf.kurly.com/shop/data/goodsview/20200407/gv20000089433_2.jpg"},
{"name": "CAT [펫츠루트] 카샤카샤 붕붕 슈퍼롱 2종", "img4": "https://img-cf.kurly.com/shop/data/goodsview/20200407/gv00000089418_2.jpg"},
{"name": "CAT [펫츠루트] 카샤카샤 재롱스틱 4종", "img4": "https://img-cf.kurly.com/shop/data/goodsview/20200407/gv40000089426_2.jpg"},
{"name": "[앤블랭크] 캐리어 2종", "img4": "https://img-cf.kurly.com/shop/data/goodsview/20200312/gv30000085361_2.jpg"},
{"name": "[앤블랭크] 노즈워크 토이 2종", "img4": "https://img-cf.kurly.com/shop/data/goodsview/20200312/gv40000085375_2.jpg"},
{"name": "[리프홈] 세라믹 규조토 배스매트 4종", "img4": "https://img-cf.kurly.com/shop/data/goodsview/20200306/gv00000084544_2.jpg"},
{"name": "[리프홈] 세라믹 규조토 드라잉볼 3종", "img4": "https://img-cf.kurly.com/shop/data/goodsview/20200306/gv30000084505_2.jpg"},
{"name": "[피단스튜디오] 펫큐브 놀이터", "img4": "https://img-cf.kurly.com/shop/data/goodsview/20191226/gv00000075450_2.jpg"},
{"name": "[리큅] 펫푸드 메이커", "img4": "https://img-cf.kurly.com/shop/data/goodsview/20191212/gv00000072583_2.jpg"},
{"name": "[피단스튜디오] 벌룬 장난감 4종", "img4": "https://img-cf.kurly.com/shop/data/goodsview/20191206/gv30000071796_2.jpg"}