{"name": "[노비타] 스마트플러스 슬림 방수비데", "img4": "https://img-cf.kurly.com/shop/data/goodsview/20200407/gv00000089451_2.jpg"},
{"name": "[라헨느] 더 퀸 무선 물분사 물걸레 청소기 2종", "img4": "https://img-cf.kurly.com/shop/data/goodsview/20200406/gv10000089250_2.jpg"},
{"name": "[신일] 스탠드형 선풍기 2종", "img4": "https://img-cf.kurly.com/shop/data/goodsview/20200401/gv30000088437_2.jpg"},
{"name": "[발뮤다] 더 랜턴 2종", "img4": "https://img-cf.kurly.com/shop/data/goodsview/20200331/gv10000087986_2.jpg"},
{"name": "[에비에어] 스마트 휴대용 핸디선풍기 R5 2종", "img4": "https://img-cf.kurly.com/shop/data/goodsview/20200327/gv20000087749_2.jpg"},
{"name": "[보만] 각질제거기", "img4": "https://img-cf.kurly.com/shop/data/goodsview/20200326/gv30000087328_2.jpg"},
{"name": "[니드] 마사지건 블랙", "img4": "https://img-cf.kurly.com/shop/data/goodsview/20200326/gv20000087319_2.jpg"},
{"name": "[LG프라엘] 초음파 4종 풀패키지", "img4": "https://img-cf.kurly.com/shop/data/goodsview/20200326/gv10000087367_2.jpg"},
{"name": "[LG프라엘] 4종 풀패키지", "img4": "https://img-cf.kurly.com/shop/data/goodsview/20200326/gv30000087381_2.jpg"},
{"name": "[LG프라엘] 기본 단품 구성", "img4": "https://img-cf.kurly.com/shop/data/goodsview/20200326/gv10000087385_2.jpg"},
{"name": "[샤오미] 선풍기 2S(유선)", "img4": "https://img-cf.kurly.com/shop/data/goodsview/20200324/gv40000086925_2.jpg"},
{"name": "[아이온오디오] 턴테이블 오디오 Premier LP", "img4": "https://img-cf.kurly.com/shop/data/goodsview/20200324/gv00000086997_2.jpg"},
{"name": "[하만카돈] 오라스튜디오2 블루투스 스피커", "img4": "https://img-cf.kurly.com/shop/data/goodsview/20200323/gv30000086725_2.jpg"},
{"name": "[하만카돈] 오닉스 스튜디오5 블루투스 스피커 2종", "img4": "https://img-cf.kurly.com/shop/data/goodsview/20200323/gv30000086717_2.jpg"},
{"name": "[하만카돈] 사이테이션 ONE 블루투스 오디오", "img4": "https://img-cf.kurly.com/shop/data/goodsview/20200323/gv40000086674_2.jpg"}