{"name": "[보랄] 더 셰프 인덕션 4종", "img4": "https://img-cf.kurly.com/shop/data/goodsview/20200403/gv30000088909_2.jpg"},
{"name": "[퀸나] 티파니 에어프라이어 2.3L", "img4": "https://img-cf.kurly.com/shop/data/goodsview/20200326/gv10000087524_2.jpg"},
{"name": "[비스카] 마이 키친 폴딩 전기포트", "img4": "https://img-cf.kurly.com/shop/data/goodsview/20200324/gv30000087009_2.jpg"},
{"name": "[라헨느] 가열식 올인원 초고속 블렌더", "img4": "https://img-cf.kurly.com/shop/data/goodsview/20200325/gv20000087239_2.jpg"},
{"name": "[리큅] 에어프라이어 3.5L", "img4": "https://img-cf.kurly.com/shop/data/goodsview/20200324/gv40000086796_2.jpg"},
{"name": "[솔러스에어] 테이블팬 2종 (무선충전)", "img4": "https://img-cf.kurly.com/shop/data/goodsview/20200324/gv10000086844_2.jpg"},
{"name": "[비스카] UV LED 멀티 수저살균기 VK-CS290Y", "img4": "https://img-cf.kurly.com/shop/data/goodsview/20200319/gv20000086245_2.jpg"},
{"name": "[도메틱] 트로피쿨 차량용 냉온장고 2종", "img4": "https://img-cf.kurly.com/shop/data/goodsview/20200317/gv10000085933_2.jpg"},
{"name": "[제니퍼룸] 마카롱 밥솥 플러스", "img4": "https://img-cf.kurly.com/shop/data/goodsview/20200304/gv20000084046_2.jpg"},
{"name": "[바이마르] 멀티 그릴", "img4": "https://img-cf.kurly.com/shop/data/goodsview/20200303/gv30000083830_2.jpg"},
{"name": "[삼성전자] 전자레인지 (핑크)", "img4": "https://img-cf.kurly.com/shop/data/goodsview/20200303/gv30000083845_2.jpg"},
{"name": "[제니퍼룸] 투슬라이스 토스터기시리즈", "img4": "https://img-cf.kurly.com/shop/data/goodsview/20200303/gv40000083875_2.jpg"},
{"name": "[리큅] 미니생활밥솥", "img4": "https://img-cf.kurly.com/shop/data/goodsview/20200302/gv10000083570_2.jpg"},
{"name": "[라헨느] 뉴 더퀸 오븐 에어프라이어 16L", "img4": "https://img-cf.kurly.com/shop/data/goodsview/20200226/gv20000082958_2.jpg"},
{"name": "[라헨느] 더 퀸 스테인레스 무선 전기주전자 1.5 2종", "img4": "https://img-cf.kurly.com/shop/data/goodsview/20200226/gv00000082890_2.jpg"}