{"img1": "https://img-cf.kurly.com/shop/data/goods/1585706085890y0.jpg", "name": "[그릭슈바인] 미니핫도그 10입", "summary": "뽀득한 소시지가 든 간식(10입/1봉)", "price": "8,900원", "discount_rate": 0, "unit": "10입", "amount": "1봉", "package": "냉동/종이포장", "made_in": "상품별 별도 표기", "img2": "https://img-cf.kurly.com/shop/data/goodsview/20200401/gv10000088337_1.jpg", "description": "고소한 감칠맛 가득한 핫도그는 아이들도, 어른들도 좋아하는 간식이죠. 핫도그 하나를 다 먹기가 부담스러울 땐, 귀여운 크기의 미니핫도그를 만나보세요. 한두 입에 베어 먹기 좋은 사이즈에, '프랑크푸르터'라 불리는 정통 독일식 소시지를 넣어 완성했어요. 육즙이 풍부하고 식감이 탱글한 소시지라 쫀득한 핫도그 반죽과 잘 어우러진답니다. 낱개로 개별 포장 되어 있어, 하나씩 꺼내 먹기에도 편리하고요. 전자레인지나 에어프라이어로 조리해 따끈하게 즐겨보세요.", "img3": "https://img-cf.kurly.com/shop/data/goodsview/20200401/gv00000088346_1.jpg", "option_name_list": [], "option_price_list": []},
{"img1": "https://img-cf.kurly.com/shop/data/goods/1585533199151y0.jpg", "name": "[매드포갈릭] 갈릭페뇨파스타", "summary": "매드포갈릭의 베스트셀러", "price": "8,000원", "discount_rate": 0, "unit": "1개", "amount": "파스타 220g + 마늘 플레이크 10g", "package": "냉동/종이포장", "made_in": "", "img2": "https://img-cf.kurly.com/shop/data/goodsview/20200330/gv40000087773_1.jpg", "description": "국내 유명 이탈리안 레스토랑 브랜드, 매드포갈릭. 마늘과 와인을 컨셉으로 특화시켜 이제는 전 국민의 사랑을 받고 있는 브랜드이죠. 할라페뇨를 넣어 매콤함이 일품인 베스트 메뉴, 갈릭페뇨파스타를 컬리가 선보입니다. 매콤짭짤한 맛과 더불어, 바삭하게 부서지는 마늘 플레이크의 식감이 경쾌하게 전해진답니다. 전자레인지에 간단하게 데워, 매장에서 먹던 그 맛을 오롯이 경험해 보세요.", "img3": "https://img-cf.kurly.com/shop/data/goodsview/20200330/gv30000087781_1.jpg", "option_name_list": [], "option_price_list": []},
{"img1": "https://img-cf.kurly.com/shop/data/goods/1585628874399y0.jpg", "name": "[강남치킨] 크리스피 핫 치킨", "summary": "순살에 감도는 알싸한 매콤함", "price": "7,500원", "discount_rate": 0, "unit": "1팩", "amount": "500g", "package": "냉동/종이포장", "made_in": "", "img2": "https://img-cf.kurly.com/shop/data/goodsview/20200331/gv40000088130_1.jpg", "description": "순살 치킨의 매력은 바로 깔끔하게 맛볼 수 있는 궁극의 부드러움이 아닐까 싶어요. 한 입에 쏙 넣어, 닭다리살에 배어있는 매콤함과 감칠맛을 느껴보세요. 속살이 품고 있는 촉촉한 육즙과, 알싸하게 톡톡 쏘는 청양고추의 맛을 오롯이 누릴 수 있는 간편 치킨이랍니다. 식감이 전혀 뻑뻑하지 않아, 간식이나 술안주로도 안성맞춤이지요. 튀김 냄비나 에어프라이어로 손쉽게 조리하면 금세 따끈하고 군침 도는 별미가 완성됩니다. 달콤하고 마일드한 시즈닝을 더해 다채롭게 즐겨보세요. ", "img3": "https://img-cf.kurly.com/shop/data/goodsview/20200331/gv20000088132_1.jpg", "option_name_list": [], "option_price_list": []},
{"img1": "https://img-cf.kurly.com/shop/data/goods/1585629079980y0.jpg", "name": "[강남치킨] 크리스피 버터밀크 치킨", "summary": "부드럽고 고소한 순살 치킨", "price": "7,500원", "discount_rate": 0, "unit": "1팩", "amount": "500g", "package": "냉동/종이포장", "made_in": "", "img2": "https://img-cf.kurly.com/shop/data/goodsview/20200331/gv20000088135_1.jpg", "description": "순살 치킨의 매력은 바로 깔끔하게 맛볼 수 있는 궁극의 부드러움이 아닐까 싶어요. 한 입에 쏙 넣어, 닭다리살에 배어있는 풍부한 버터밀크 향을 느껴보세요. 속살이 품고 있는 촉촉한 육즙과, 그윽하고 진한 버터 맛을 오롯이 누릴 수 있는 간편 치킨이랍니다. 식감이 전혀 뻑뻑하지 않아 아이들 간식으로도 안성맞춤이지요. 튀김 냄비나 에어프라이어로 손쉽게 조리하면 금세 따끈하고 고소한 별미가 완성됩니다. 매콤한 양념도 함께 더하여 다채롭게 즐겨보세요.", "img3": "https://img-cf.kurly.com/shop/data/goodsview/20200331/gv30000088137_1.jpg", "option_name_list": [], "option_price_list": []},
{"img1": "https://img-cf.kurly.com/shop/data/goods/1585619684386y0.jpg", "name": "[빕스] 체다 브로컬리 스프", "summary": "짭짤하고 고소한 스프 한 그릇", "price": "7,900원", "discount_rate": 0, "unit": "1팩", "amount": "250g X 2개입", "package": "냉동/종이포장", "made_in": "", "img2": "https://img-cf.kurly.com/shop/data/goodsview/20200331/gv00000088077_1.jpg", "description": "빕스의 베스트 메뉴로 꼽히는 체다 브로컬리 스프를 집에서도 간편하게 만나보세요. 고소한 우유에 체다치즈 소스를 넣고 한차례 뭉근하게 끓여주었는데요. 여기에 곱게 간 브로컬리를 더해 짭짤하고도 담백한 스프를 완성했지요. 해동 후 가볍게 데워 따뜻한 스프 한 그릇을 만들어 보세요. 두툼하게 자른 모닝빵이나 치아바타를 곁들여, 든든한 식사 대용으로 즐겨도 만족스러울 거예요.", "img3": "https://img-cf.kurly.com/shop/data/goodsview/20200331/gv20000088083_1.jpg", "option_name_list": [], "option_price_list": []},
{"img1": "https://img-cf.kurly.com/shop/data/goods/1585276823617y0.jpg", "name": "[퀸덕] BIG BITE 오키더키 2종", "summary": "집에서 구워먹는 오리 다리!", "price": "5,900원", "discount_rate": 0, "unit": "1팩", "amount": "220g", "package": "냉장/종이포장", "made_in": "", "img2": "https://img-cf.kurly.com/shop/data/goodsview/20200327/gv10000087580_1.jpg", "description": "두툼한 두께로 군침도는 비주얼을 자랑하는 통다리 구이 간식을 소개할게요. 오키더키는 오리 다리에 감칠맛 좋은 소스를 발라 한차례 구워준 뒤 냉동으로 포장한 상품인데요. 해동할 필요 없이 전자레인지에 간편하게 조리해 바로 먹을 수 있답니다. 짭짤하게 즐기는 순한맛과 톡쏘는 매력의 매콤맛을 준비했으니 취향에 맞게 골라보세요. 국내산 오리 다리로 만든 간식이라, 안심하고 먹을 수 있어 더 만족스러울 거예요.", "img3": "https://img-cf.kurly.com/shop/data/goodsview/20200327/gv00000087589_1.jpg", "option_name_list": ["[퀸덕] BIG BITE 오키더키 순한맛", " [퀸덕] BIG BITE 오키더키 매콤맛"], "option_price_list": ["5,900원", "5,900원"]},
{"img1": "https://img-cf.kurly.com/shop/data/goods/1585285755551y0.jpg", "name": "[CJ프레시웨이] 자연차림 훈제오리", "summary": "[무항생제 인증] 간편하게 데워 먹는 오리고기 (1팩 200g)", "price": "3,900원", "discount_rate": 0, "unit": "1팩", "amount": "200g", "package": "냉장/종이포장", "made_in": "", "img2": "https://img-cf.kurly.com/shop/data/goodsview/20200327/gv10000087654_1.jpg", "description": "훈제오리는 오리고기 특유의 향이 부담스러운 분들도 거부감 없이 즐길 수 있지요. 무항생제 인증을 받은 국내산 오리고기만을 사용해 더욱 안심하고 먹을 수 있는 훈제오리를 소개할게요. 미리 적당한 크기로 잘라 포장해 살짝 데워 주기만 하면 되니, 요리에 많은 시간을 들이지 않아도 되지요. 그대로 먹거나 소스만 곁들여도 충분히 좋지만, 채소를 곁들여서 볶아 내도 근사한 저녁 메뉴로 손색이 없을 거예요.", "img3": "https://img-cf.kurly.com/shop/data/goodsview/20200327/gv40000087658_1.jpg", "option_name_list": [], "option_price_list": []},
{"img1": "https://img-cf.kurly.com/shop/data/goods/1585204128453y0.jpg", "name": "[SAMSAM HEAYO] 미나리 오징어전 365g(냉장)", "summary": "식탁이 풍성해지는 간편메뉴", "price": "13,300원", "discount_rate": 0, "unit": "1팩", "amount": "365g", "package": "냉장/종이포장", "made_in": "", "img2": "https://img-cf.kurly.com/shop/data/goodsview/20200326/gv40000087455_1.jpg", "description": "준비 과정이 꽤 번거로운 메뉴로 '전'을 꼽을 수 있어요. 특히 식감과 맛을 생각한다면, 더더욱 많은 재료가 필요하니까요. 컬리는 이런 부담을 덜어드리고자 부침개 간편 키트를 준비했어요. 말끔히 손질된 쫄깃한 오징어와 국내산 미나리, 양파, 홍고추를 먹기 좋게 각각 담았답니다. 동봉된 부침개 파우더에 물을 넣고, 이미 손질된 재료들을 함께 섞어 부쳐내기만 하면 돼요. 고소하게 씹히는 오징어와, 미나리의 향긋함을 가득 품은 바삭한 부침개가 손쉽게 완성될 거예요.", "img3": "https://img-cf.kurly.com/shop/data/goodsview/20200326/gv00000087462_1.jpg", "option_name_list": [], "option_price_list": []},
{"img1": "https://img-cf.kurly.com/shop/data/goods/1585207232688y0.jpg", "name": "[SAMSAM HEAYO] 냉이 바지락 된장찌개 588g(냉장)", "summary": "산과 바다의 향을 담은", "price": "13,200원", "discount_rate": 0, "unit": "1팩", "amount": "588g", "package": "냉장/종이포장", "made_in": "", "img2": "https://img-cf.kurly.com/shop/data/goodsview/20200326/gv40000087491_1.jpg", "description": "향긋한 냉이와 통통하게 살이 오른 바지락이 만났습니다. 바로, 산과 바다의 생기를 모두 품은 냉이 바지락 된장찌개예요. 가장 신선하고 간편하게 맛볼 수 있도록, 필요한 모든 재료들을 개별 포장했어요. 덕분에 따로 재료를 구매하거나 손질할 필요 없이 푸짐한 된장찌개를 조리할 수 있답니다. 깨끗한 국내산 재료들을 골라 담았기에, 더욱 맛있고 개운하게 즐길 수 있을 거예요. 편리하면서도 입맛을 사로잡는 알찬 된장찌개 밀키트를 만나보세요.", "img3": "https://img-cf.kurly.com/shop/data/goodsview/20200326/gv10000087497_1.jpg", "option_name_list": [], "option_price_list": []},
{"img1": "https://img-cf.kurly.com/shop/data/goods/1585126793490y0.jpg", "name": "[오뚜기] 컵누들 쌀국수 3종", "summary": "부담 없이 즐기는 가벼운 한 컵(1컵)", "price": "1,190원", "discount_rate": 0, "unit": "1컵", "amount": "상품별 상이", "package": "상온/종이포장", "made_in": "상품별 별도표기", "img2": "https://img-cf.kurly.com/shop/data/goodsview/20200325/gv30000087241_1.jpg", "description": "출출한 시간, 간단하게 컵라면 하나를 먹고 싶어도 높은 칼로리 걱정이 앞설 때가 있지요. 이제는 망설이지 말고 오뚜기 컵누들 쌀국수를 선택해 보세요. 튀기지 않은 건면을 사용하여 보다 가볍게 즐길 수 있답니다. 쌀가루 88%로 이루어진 쌀면은 곤약면보다는 부드럽게 씹히며 허전한 배를 달래 줘요. 김치, 잔치, 얼큰쌀국수 세 종류로 준비했으니 취향에 맞게 골라 부담 없이 즐겨 보세요. ", "img3": "https://img-cf.kurly.com/shop/data/goodsview/20200325/gv10000087249_1.jpg", "option_name_list": ["[오뚜기] 컵누들 김치쌀국수 34.8g", "[오뚜기] 컵누들 잔치쌀국수 34.2g", "[오뚜기] 컵누들 얼큰쌀국수 37.8g"], "option_price_list": ["1,190원", "1,190원", "1,190원"]},
{"img1": "https://img-cf.kurly.com/shop/data/goods/1585201254673y0.jpg", "name": "[소중한식사] 숙쌈&두부쌈장 키트", "summary": "뚝딱 만들어 먹는 건강 채소 쌈밥", "price": "7,020원", "discount_rate": "10%", "unit": "1팩", "amount": "240g", "package": "냉장/종이포장", "made_in": "", "img2": "https://img-cf.kurly.com/shop/data/goodsview/20200326/gv20000087412_1.jpg", "description": "잎채소를 부드럽게 익혀 쌈장 한 숟갈을 툭 얹어 먹는 숙쌈, 번거로움 없이 완성하고 싶다면 주목해주세요. 달큰한 맛이 올라온 숙쌈채소와 특제 두부쌈장을 한 통에 꾸려 넣은 키트입니다. 소중한식사는 국산 배추, 케일, 쌈추를 한 입 크기로 골라 푹 삶고, 돼지고기와 두부를 으깨 만든 쌈장을 넉넉하게 담았어요. 따끈한 밥만 준비한 뒤 원하는 대로 얹어 드시면 되지요. 간단한 아침 식사나, 건강한 채소말이 도시락 메뉴로 활용해 보세요. 든든하고 속 편한 별미가 완성될 거예요.", "img3": "https://img-cf.kurly.com/shop/data/goodsview/20200326/gv00000087418_1.jpg", "option_name_list": [], "option_price_list": []},
{"img1": "https://img-cf.kurly.com/shop/data/goods/1585124447755y0.jpg", "name": "[SAMSAM HEAYO] 미나리 새우전 425g(냉장)", "summary": "생기가 느껴지는 다채로운 식감", "price": "13,700원", "discount_rate": 0, "unit": "1팩", "amount": "425g", "package": "냉장/종이포장", "made_in": "", "img2": "https://img-cf.kurly.com/shop/data/goodsview/20200325/gv00000087220_1.jpg", "description": "준비 과정이 꽤 번거로운 메뉴로 '전'을 꼽을 수 있어요. 특히 식감과 맛을 생각한다면, 더더욱 많은 재료가 필요하니까요. 컬리는 이런 부담을 덜어드리고자 부침개 간편 키트를 준비했어요. 말끔히 손질된 통통한 새우살과 국내산 미나리, 양파, 홍고추를 먹기 좋게 각각 담았답니다. 동봉된 부침개 파우더에 물을 넣고, 이미 손질된 재료들을 함께 섞어 부쳐내기만 하면 돼요. 톡톡 터지는 고소한 새우살과, 미나리의 향긋함을 가득 품은 바삭한 부침개가 손쉽게 완성될 거예요.", "img3": "https://img-cf.kurly.com/shop/data/goodsview/20200325/gv40000087230_1.jpg", "option_name_list": [], "option_price_list": []},
{"img1": "https://img-cf.kurly.com/shop/data/goods/1585127533608y0.jpg", "name": "[SAMSAM HEAYO] 미나리 오징어 초무침 209.5g(냉장)", "summary": "입맛을 돋우는 싱그러움", "price": "11,500원", "discount_rate": 0, "unit": "1팩", "amount": "209.5g", "package": "냉장/종이포장", "made_in": "", "img2": "https://img-cf.kurly.com/shop/data/goodsview/20200325/gv30000087250_1.jpg", "description": "갖가지 채소들을 매콤새콤한 양념에 버무려 먹는 초무침은 사라진 입맛을 되살려주는 별미이지요. 식탁을 향긋하게 만드는 미나리와, 신선한 오징어를 품은 특별한 초무침을 소개합니다. 통통하고 부드러운 자숙 오징어와 국내산 미나리, 양파, 청양고추를 깨끗이 손질해 각각 담아 보내드려요. 재료 준비, 가열 조리할 필요 없이 그저 동봉된 양념장과 섞어 맛있게 무쳐보세요. 아삭거리는 식감과 매콤새콤한 맛을 뽐내는 싱그러운 한 접시가 완성될 거예요. ", "img3": "https://img-cf.kurly.com/shop/data/goodsview/20200325/gv10000087256_1.jpg", "option_name_list": [], "option_price_list": []},
{"img1": "https://img-cf.kurly.com/shop/data/goods/1585120437283y0.jpg", "name": "[SAMSAM HEAYO] 미나리 문어 초무침 234.5g(냉장)", "summary": "미나리와 문어의 매콤새콤한 만남", "price": "12,500원", "discount_rate": 0, "unit": "1팩", "amount": "234.5g", "package": "냉장/종이포장", "made_in": "", "img2": "https://img-cf.kurly.com/shop/data/goodsview/20200325/gv00000087190_1.jpg", "description": "갖가지 채소들을 매콤새콤한 양념에 버무려 먹는 초무침은 사라진 입맛을 되살려주는 별미이지요. 식탁을 향긋하게 만드는 미나리와, 신선한 문어를 품은 특별한 초무침을 소개합니다. 통통하고 쫄깃한 자숙 문어와 국내산 미나리, 양파, 청양고추를 깨끗이 손질해 각각 담아 보내드려요. 재료 준비, 가열 조리할 필요 없이 그저 동봉된 양념장과 섞어 맛있게 무쳐보세요. 아삭거리는 식감과 매콤새콤한 맛을 뽐내는 싱그러운 한 접시가 완성될 거예요. ", "img3": "https://img-cf.kurly.com/shop/data/goodsview/20200325/gv00000087261_1.jpg", "option_name_list": [], "option_price_list": []},
{"img1": "https://img-cf.kurly.com/shop/data/goods/1585021323663y0.jpg", "name": "[이치에] 닭고기 고로케&소스", "summary": "입 안 가득 번지는 고소함의 품격", "price": "5,310원", "discount_rate": "10%", "unit": "1박스", "amount": "320g", "package": "냉동/종이포장", "made_in": "", "img2": "https://img-cf.kurly.com/shop/data/goodsview/20200324/gv00000086774_1.jpg", "description": "'압구정 이자카야'를 이야기할 때 빼놓지 않고 등장하는 이름이 있어요. 10년에 가까운 시간 동안 대중과 마니아의 사랑을 한 몸에 받아온 곳, 이치에입니다. 셰프의 내공이 담긴 이곳의 메뉴들은 평범한 안주를 넘어, 남다른 요리로 불릴 정도인데요. 이젠 컬리를 통해 이치에의 메뉴를 가까이에서 만나보세요. 이번에는 고소함 가득한 닭고기 고로케를 한층 부드러운 식감으로 선보입니다. 청주로 밑간을 해, 닭고기 특유의 부드러운 감칠맛만을 끌어 올린 것은 물론, 씹는 재미를 더해줄 채소까지 다져 넣었어요, 매장에서도 만나볼 수 없는 특제 고로케 소스까지 준비되어 있으니 더욱 기대가 됩니다. 간편하게 조리해, 튀김옷 속 꽉 들어찬 고소함을 누려보세요.", "img3": "https://img-cf.kurly.com/shop/data/goodsview/20200324/gv40000086785_1.jpg", "option_name_list": [], "option_price_list": []},
{"img1": "https://img-cf.kurly.com/shop/data/goods/1585023478397y0.jpg", "name": "[이치에] 멘치카츠&소스", "summary": "경쾌하게 피어나는 육즙의 향연", "price": "8,010원", "discount_rate": "10%", "unit": "1박스", "amount": "330g", "package": "냉동/종이포장", "made_in": "", "img2": "https://img-cf.kurly.com/shop/data/goodsview/20200324/gv10000086786_1.jpg", "description": "'압구정 이자카야'를 이야기할 때 빼놓지 않고 등장하는 이름이 있어요. 10년에 가까운 시간 동안 대중과 마니아의 사랑을 한 몸에 받아온 곳, 이치에입니다. 셰프의 내공이 담긴 이곳의 메뉴들은 평범한 안주를 넘어, 남다른 요리로 불릴 정도인데요. 이젠 컬리를 통해 이치에의 시그니처 메뉴를 가까이에서 만나보세요. 바삭한 튀김옷 아래 육즙의 촉촉함을 품은 멘치카츠를 매장 레시피 그대로 재현했습니다. 다진 고기에 생크림과 마를 더해  풍미를 살리고, 입자감이 다른 두 종류의 빵가루를 믹스해 식감을 끌어 올렸어요. 산뜻함을 더해줄 특제 소스까지 동봉되니, 간편히 조리해 매장의 맛을 누려보세요.", "img3": "https://img-cf.kurly.com/shop/data/goodsview/20200324/gv20000086794_1.jpg", "option_name_list": [], "option_price_list": []}