{"img1": "https://img-cf.kurly.com/shop/data/goods/1580790438759y0.jpg", "name": "[한만두] 담백한 만두", "summary": "한 입에 쏙 담기는 별미 만두", "price": "3,500원", "discount_rate": 0, "unit": "1봉", "amount": "280g", "package": "냉동/종이포장", "made_in": "", "img2": "https://img-cf.kurly.com/shop/data/goodsview/20200204/gv30000049546_1.jpg", "description": "손으로 오밀조밀하게 빚어 만든 만두를 소개할게요. 다채로운 레시피로 만두를 만드는 만두 전문 브랜드, 한만두가 손수 빚어낸 '담백한 만두'입니다. 국산 돼지고기와 부추, 두부, 양파 등 갖은 채소를 배합해 만든 만두소로 만두 속을 꽉 채운 뒤 급랭한 제품이에요. 만두는 한 입에 쏙 들어가기 좋은 크기를 자랑하기에 쉼 없이 집어먹게 된답니다. 만두를 찜기에 쪄낸 뒤에 간식으로 드셔도 별미지만, 만둣국이나 전골 등의 요리에 두루두루 활용해보세요.", "img3": "https://img-cf.kurly.com/shop/data/goodsview/20200204/gv00000080124_1.jpg", "option_name_list": [], "option_price_list": []},
{"img1": "https://img-cf.kurly.com/shop/data/goods/1580799214282y0.jpg", "name": "[한만두] 아삭한 김치왕만두", "summary": "까다롭게 선택한 재료로 빚은", "price": "3,800원", "discount_rate": 0, "unit": "1봉", "amount": "280g", "package": "냉동/종이포장", "made_in": "", "img2": "https://img-cf.kurly.com/shop/data/goodsview/20200204/gv40000049561_1.jpg", "description": "김치만두는 고기만두만큼이나 두터운 마니아층을 가지고 있어요. 어떤 김치를 사용하느냐에 따라 그 맛이 천차만별이기 때문에 먹는 재미가 쏠쏠하죠. 컬리는 자극적이지 않은 매운맛으로 은은한 매력을 뽐내는 한만두 아삭한 김치왕만두를 준비했어요. 국산 돼지고기, 양파, 대파, 당면 등 다양한 재료가 듬뿍 들어가고요. 국산 무와 배추로 정성스레 만든 김치는 만두 고유의 담백함에 아삭아삭함까지 더해줘요. 직접 빚어낸 만두처럼 쫄깃한 한만두 아삭한 김치왕만두를 맛보세요. 그냥 쪄먹어도 좋고 국이나 전골 등으로 이용하셔도 좋습니다.", "img3": "https://img-cf.kurly.com/shop/data/goodsview/20200204/gv10000080166_1.jpg", "option_name_list": [], "option_price_list": []},
{"img1": "https://img-cf.kurly.com/shop/data/goods/1580801757687y0.jpg", "name": "[한만두] 아삭한 김치만두", "summary": "자극적이지 않은 매콤함", "price": "3,800원", "discount_rate": 0, "unit": "1봉", "amount": "280g", "package": "냉동/종이포장", "made_in": "", "img2": "https://img-cf.kurly.com/shop/data/goodsview/20200204/gv40000049541_1.jpg", "description": "담백한 고기만두도 좋지만 가끔은 매콤한 김치만두가 생각날 때가 있어요. 갓 쪄낸 김치만두의 붉은 빛깔은 보기만 해도 입안에 군침을 돌게 하죠. 컬리는 자극적이지 않은 매콤함이 돋보이는 한만두 아삭한 김치만두를 준비했습니다. 국내산 배추를 사용해 매콤하게 만든 김치를 사용해 이름처럼 아삭아삭함을 느낄 수 있는 만두예요. 한입 베어 물면 국산 돼지고기, 양파, 대파, 당면과 같은 재료가 푸짐하게 들어있는 것을 볼 수 있어요. 너무 크지도 작지도 않은 적당한 크기로 만둣국, 전골 등 국물요리에 사용하기도 좋답니다. 직접 빚은 만두처럼 깔끔함을 자랑하는 김치만두를 맛보세요.", "img3": "https://img-cf.kurly.com/shop/data/goodsview/20200204/gv10000080206_1.jpg", "option_name_list": [], "option_price_list": []},
{"img1": "https://img-cf.kurly.com/shop/data/goods/1580797042182y0.jpg", "name": "[한만두] 푸짐한 왕만두", "summary": "빈틈없이 알찬 속", "price": "3,600원", "discount_rate": 0, "unit": "1봉", "amount": "280g", "package": "냉동/종이포장", "made_in": "", "img2": "https://img-cf.kurly.com/shop/data/goodsview/20200204/gv30000049577_1.jpg", "description": "누구나 한 번쯤 만두가게를 지나가면서 새하얀 김과 함께 퍼지는 만두 냄새에 발걸음을 멈춰봤을 거예요. 하지만 막상 사 먹어보면 텅 빈 속에 실망하기도 하죠. 컬리는 이름처럼 든든한 속을 자랑하는 한만두 푸짐한 왕만두를 준비했습니다. 갓 쪄낸 왕만두의 피를 살짝 갈라 보면 빈틈없이 속이 꽉 차있어요. 모락모락 나는 김 사이로 국산 돼지고기, 두부, 절임배추뿐만 아니라 양배추, 부추, 양파, 당면 등 다양한 재료를 확인할 수 있답니다. 돼지고기의 담백함에 여러 재료들이 모여 이루는 은은한 달달함이 더해진 한만두 푸짐한 왕만두를 맛보세요.", "img3": "https://img-cf.kurly.com/shop/data/goodsview/20200204/gv10000080151_1.jpg", "option_name_list": [], "option_price_list": []},
{"img1": "https://img-cf.kurly.com/shop/data/goods/1578988431833y0.jpg", "name": "[사조대림] 말이어묵 김말이 2종", "summary": "탱글한 어묵 속 통통한 김말이", "price": "2,450원", "discount_rate": 0, "unit": "1팩", "amount": "210g / 70g X 3개입", "package": "냉장/종이포장", "made_in": "", "img2": "https://img-cf.kurly.com/shop/data/goodsview/20200114/gv40000077921_1.jpg", "description": "분식집에서 떡볶이를 주문할 땐 어묵이나 김말이를 추가하지 않으면 섭섭하죠. 가끔은 어묵과 김말이만 쏙쏙 집어 먹는 친구가 얄미울 정도로 인기가 좋은 메뉴인데요. 어묵과 김말이를 한 번에 즐길 수 있는 방법을 소개할게요. 사조대림이 선보이는 말이어묵 김말이에요. 10cm 정도의 큼지막한 김말이를 도톰한 어묵으로 돌돌 말았답니다. 말캉말캉한 어묵과 쫄깃한 김말이가 자아내는 감칠맛이 배가 되어 다가오지요. 전자레인지로 간편히 조리해 매콤달달한 떡볶이에 곁들여주면 더할 나위 없을 거예요.", "img3": "https://img-cf.kurly.com/shop/data/goodsview/20200114/gv30000077927_1.jpg", "option_name_list": ["[사조대림] 말이어묵 통통김말이", "[사조대림] 말이어묵 매콤김말이"], "option_price_list": ["2,450원", "2,450원"]},
{"img1": "https://img-cf.kurly.com/shop/data/goods/1576126878934y0.jpg", "name": "[창화루] 마라떡볶이", "summary": "중독성 있는 매운맛의 떡볶이", "price": "7,900원", "discount_rate": 0, "unit": "1봉", "amount": "450g", "package": "냉동/종이포장", "made_in": "", "img2": "https://img-cf.kurly.com/shop/data/goodsview/20191212/gv10000072563_1.jpg", "description": "떡볶이의 변주는 참으로 무궁무진합니다. 더욱 색다른 떡볶이를 맛보고 싶은 분들을 위해 매콤한 맛을 한껏 살린 마라떡볶이를 선보일게요. 중국 음식에 새바람을 불어넣고 있는 창화루의 마라떡볶이에는 떡만 들어 있는 것이 아니라 분모자, 푸주, 건두부를 넣어 마라의 느낌을 한껏 살렸어요. 정통 중국요리에 근접한 메뉴를 소개하면서도, 친숙하게 다가갈 수 있는 맛을 구현하는 창화루의 매력이 고스란히 드러나지요. 중독성 있는 마라 특유의 얼얼하고 칼칼한 풍미를 찾는 분들이라면 마음에 쏙 드실 거예요. 컬리를 통해 처음으로 만날 기회이니 눈여겨봐 주세요.", "img3": "https://img-cf.kurly.com/shop/data/goodsview/20191212/gv30000072568_1.jpg", "option_name_list": [], "option_price_list": []},
{"img1": "https://img-cf.kurly.com/shop/data/goods/1576126133567y0.jpg", "name": "[마포식품] 만두피 3종", "summary": "3가지 크기의 냉장 만두피", "price": "3,500원", "discount_rate": 0, "unit": "1봉", "amount": "옵션별 상이", "package": "냉장/종이포장", "made_in": "", "img2": "https://img-cf.kurly.com/shop/data/goodsview/20191212/gv30000072546_1.jpg", "description": "만두의 맛을 좌우하는 요소로 만두소만큼이나 만두피의 역할도 중요해요. 쉽게 찢어지지 않으면서 손으로 빚은 듯 부드러운 질감을 지닌 만두피가 만두의 격을 한층 높여주지요. 컬리는 이에 부합하는 만두피를 찾았어요. 40년동안 한결같은 솜씨로 만두피를 빚어내는 마포식품의 제품입니다. 생만두피기에 해동이 별도로 필요가 없고, 말랑말랑한 상태로 만두를 바로 만들 수 있어 좋아요. 만두피를 크기별로 준비했으니 한 입 크기의 만두부터 왕만두까지 원하는 스타일의 만두를 빚어보세요. ", "img3": "https://img-cf.kurly.com/shop/data/goodsview/20191212/gv10000072644_1.jpg", "option_name_list": ["[마포식] 떡만두피", "[마포식] 손만두피", "[마포식] 왕만두피"], "option_price_list": ["3,500원", "3,800원", "4,200원"]},
{"img1": "https://img-cf.kurly.com/shop/data/goods/1573458950611y0.jpg", "name": "[창화당] 호호 불어먹는 고기왕만두", "summary": "겉은 푹신 속은 촉촉", "price": "7,900원", "discount_rate": 0, "unit": "1봉", "amount": "600g(120gX5개)", "package": "냉동/종이포장", "made_in": "", "img2": "https://img-cf.kurly.com/shop/data/goodsview/20191111/gv30000067680_1.jpg", "description": "익선동엔 고즈넉한 거리를 뜨겁게 달군 만둣집, 창화당이 있습니다. 번호표를 받고 한참을 기다려야 하지만, 만두를 먹고 나면 모두가 만족스러운 미소를 자아낼 정도인데요. 컬리는 창화당의 만두 중에서도 만두의 기본이라고 할 수 있는 고기 왕만두를 준비했어요. 쫄깃하고 얇은 만두피 대신, 발효와 숙성 과정을 거친 만두피로 두툼하게 빚어낸 왕만두랍니다. 흡사 찐빵을 연상시키는 외관에, 쫄깃함보다는 푹신푹신한 식감을 느낄 수 있지요. 한 입 베어 물면 국산 돼지고기와 신선한 채소, 당면 등으로 알차게 채워진 속이 담백하면서도 고소한 풍미를 안겨줍니다. 간단하게 데워주기만 하면 창화당의 맛을 그대로 즐길 수 있을 거예요.", "img3": "https://img-cf.kurly.com/shop/data/goodsview/20191111/gv20000067683_1.jpg", "option_name_list": [], "option_price_list": []},
{"img1": "https://img-cf.kurly.com/shop/data/goods/1573459639235y0.jpg", "name": "[창화당] 호호 불어먹는 김치왕만두", "summary": "잘 익은 김치와 돼지고기의 조화", "price": "7,900원", "discount_rate": 0, "unit": "1봉", "amount": "600g(120gX5개)", "package": "냉동/종이포장", "made_in": "", "img2": "https://img-cf.kurly.com/shop/data/goodsview/20191111/gv20000067684_1.jpg", "description": "익선동엔 고즈넉한 거리를 뜨겁게 달군 만둣집, 창화당이 있습니다. 번호표를 받고 한참을 기다려야 하지만, 만두를 먹고 나면 모두가 만족스러운 미소를 자아낼 정도인데요. 컬리는 창화당의 만두 중에서도 기분 좋은 매콤함과 아삭한 식감을 즐길 수 있는 김치왕만두를 준비했어요. 쫄깃하고 얇은 만두피 대신, 발효와 숙성 과정을 거친 만두피로 두툼하게 빚어낸 왕만두랍니다. 흡사 찐빵을 연상시키는 외관에, 쫄깃함보다는 푹신푹신한 식감을 느낄 수 있지요. 한 입 베어 물면 잘 익은 김치와 돼지고기, 채소 등으로 알차게 채워진 속이 매콤한 감칠맛을 전해줘요. 간단하게 데워주기만 하면 창화당의 맛을 그대로 즐길 수 있을 거예요.", "img3": "https://img-cf.kurly.com/shop/data/goodsview/20191111/gv40000067688_1.jpg", "option_name_list": [], "option_price_list": []},
{"img1": "https://img-cf.kurly.com/shop/data/goods/1572844493387y0.jpg", "name": "[튀김공방] 깻잎 튀김", "summary": "통통하게 소를 넣은 깻잎 튀김", "price": "6,000원", "discount_rate": 0, "unit": "1봉", "amount": "300g/10개 내외", "package": "냉동/종이포장", "made_in": "", "img2": "https://img-cf.kurly.com/shop/data/goodsview/20191104/gv00000066823_1.jpg", "description": "깻잎만이 가진 독특한 향은 조금 느끼할 수 있는 요리와 만났을 때 특히 매력적으로 느껴지지요. 컬리는 깻잎 속에 돼지고기와 두부, 양파, 당근, 부추 등을 버무린 소를 통통하게 채워 넣은 튀김을 선보입니다. 독자적인 레시피를 적용해 튀김옷이 두껍지 않은데도 오랫동안 바삭함이 유지되지요. 따로 해동 과정을 거칠 필요 없이 바로 조리할 수 있기에 미리 제품을 꺼내 두는 번거로움이 없는 것도 만족스러워요. 취향에 따라 초간장이나 매콤한 소스를 곁들여 즐겨보세요. ", "img3": "https://img-cf.kurly.com/shop/data/goodsview/20191104/gv20000066827_1.jpg", "option_name_list": [], "option_price_list": []},
{"img1": "https://img-cf.kurly.com/shop/data/goods/1566450989202y0.jpg", "name": "[오뚜기] 찹쌀 만두피 150g (냉동)", "summary": "찹쌀이 들어가 더욱 더 쫄깃한 만두피(1팩 /150g)", "price": "990원", "discount_rate": 0, "unit": "1팩", "amount": "150g(26~28입)", "package": "냉동/종이포장", "made_in": "", "img2": "https://img-cf.kurly.com/shop/data/goodsview/20190822/gv20000059914_1.jpg", "description": "만두는 사실 특별한 음식이 아닐지 몰라요. 그렇지만 고기, 당면, 부추 등 원하는 재료만을 골라 정성스레 빚은 만두라면 이야기가 달라지지요. 오뚜기의 찹쌀 만두피는 나만의 만두를 만들 때 꼭 필요한 만두피예요. 국산 찹쌀이 들어가 있어 쉽게 찢어지지 않을 뿐더러, 촉촉하고 탱글한 식감까지 갖췄습니다. 손바닥 부분만한 사이즈로 가공했기에 한 입에 쏙 들어가는 만두를 빚을 때 유용하고요. 덕분에 손이 작은 아이들과 함께 만두를 빚을 때에도 꼭 알맞지요. 보관이 편리한 냉동 상태로 보내드리니 필요한 때에 꺼내 손쉽게 활용해 보세요. ", "img3": "https://img-cf.kurly.com/shop/data/goodsview/20190822/gv30000059918_1.jpg", "option_name_list": [], "option_price_list": []},
{"img1": "https://img-cf.kurly.com/shop/data/goods/1566452462305y0.jpg", "name": "[오뚜기] 찹쌀 왕만두피 340g (냉동)", "summary": "쉽게 찢어지지 않는 왕만두를 위한 만두피(1팩/340g)", "price": "1,980원", "discount_rate": 0, "unit": "1팩", "amount": "340g(20~22개입)", "package": "냉동/종이포장", "made_in": "", "img2": "https://img-cf.kurly.com/shop/data/goodsview/20190822/gv40000059928_1.jpg", "description": "만두는 사실 특별한 음식이 아닐지 몰라요. 그렇지만 고기, 당면, 부추 등 원하는 재료만을 골라 정성스레 빚은 만두라면 이야기가 달라지지요. 오뚜기의 찹쌀 왕만두피는 나만의 만두를 만들 때 꼭 필요한 만두피예요. 국산 찹쌀이 들어가 있어 쉽게 찢어지지 않을 뿐더러, 촉촉하고 탱글한 식감까지 갖췄습니다. 반 뼘 정도의 넉넉한 사이즈를 자랑하기에, 원하는 만큼 속을 가득 채워넣을 수 있고요. 지나치게 두껍지 않아 속재료의 맛을 고스란히 즐기기에도 알맞답니다. 보관이 편리한 냉동 상태로 보내드리니 필요한 때에 꺼내 손쉽게 활용해 보세요. ", "img3": "https://img-cf.kurly.com/shop/data/goodsview/20190822/gv30000059931_1.jpg", "option_name_list": [], "option_price_list": []},
{"img1": "https://img-cf.kurly.com/shop/data/goods/1562914898606y0.jpg", "name": "[바삭연구소] 코코넛 새우튀김", "summary": "달달함을 입은 코코넛 쉬림프", "price": "7,500원", "discount_rate": 0, "unit": "1팩", "amount": "20g X 10개입", "package": "냉동/종이포장", "made_in": "", "img2": "https://img-cf.kurly.com/shop/data/goodsview/20190712/gv20000055656_1.jpg", "description": null, "img3": "https://img-cf.kurly.com/shop/data/goodsview/20190712/gv20000055769_1.jpg", "option_name_list": [], "option_price_list": []},
{"img1": "https://img-cf.kurly.com/shop/data/goods/1562913387139y0.jpg", "name": "[바삭연구소] 쉬림프 크루통", "summary": "식빵을 입혀 완성한 새우 튀김", "price": "6,500원", "discount_rate": 0, "unit": "1팩", "amount": "20g X 10개입", "package": "냉동/종이포장", "made_in": "", "img2": "https://img-cf.kurly.com/shop/data/goodsview/20190712/gv10000055653_1.jpg", "description": "새우와 식빵의 조합이라면 식빵 사이에 새우를 다져 넣어 튀겨낸 중국요리, '멘보샤'를 떠올리기 마련이에요. 지금 컬리가 소개하는 바삭연구소의 쉬림프 크루통 역시 식빵과 새우를 재료로 사용해 만든 튀김입니다. 통새우살을 크루통처럼 작게 깍둑 썬 식빵에 둥글리는 식으로 튀김 반죽을 입혀 완성했어요. 그대로 에어프라이어나 튀김기에 튀기면 그만이지요. 한 입에 먹기 좋은 크기이기에 간식으로, 또 맥주 안주로도 제격이랍니다. 노릇하게 익은 튀김을 한 번 맛보면 촉촉하면서도 진한 새우의 맛도 맛인데요. 바삭하면서도 두터운 식빵을 씹는 재미 또한 느껴볼 수 있을 거예요. ", "img3": "https://img-cf.kurly.com/shop/data/goodsview/20190712/gv30000055752_1.jpg", "option_name_list": [], "option_price_list": []},
{"img1": "https://img-cf.kurly.com/shop/data/goods/1562652692826y0.jpg", "name": "[창화당] 고기 쌀호떡만두", "summary": "쫀득한 식감이 매력적인 이색 만두", "price": "6,660원", "discount_rate": "10%", "unit": "1봉", "amount": "500g(약 10개입)", "package": "냉동/종이포장", "made_in": "", "img2": "https://img-cf.kurly.com/shop/data/goodsview/20190709/gv10000055351_1.jpg", "description": "만두는 보통 속에 무엇이 들어가느냐에 따라 맛이 달라진다고 생각하죠. 하지만 요즘은 만두피부터 개성이 넘친답니다. 도톰하게 빚어 부드러운 피부터 속이 다 들여다보일 정도로 얇은 피까지, 다양한 모양과 맛을 뽐내는데요. 지금 컬리가 소개하는 창화당 제품도 참 이색적인 만두예요. 피를 만들 때 밀가루가 아닌 쌀가루를 넣어 쫀득쫀득한 식감이 돋보이지요. 모양도 동그랗고 납작해 작은 미니 호떡처럼 보입니다.  그래서 붙은 이름이 바로 고기 쌀호떡 만두랍니다. 잘 구운 후 쫀득한 피와 푸짐한 속, 담백한 감칠맛을 모두 즐겨보세요. ", "img3": "https://img-cf.kurly.com/shop/data/goodsview/20190709/gv00000055361_1.jpg", "option_name_list": [], "option_price_list": []},
{"img1": "https://img-cf.kurly.com/shop/data/goods/1561102181889y0.jpg", "name": "미미네 떡볶이 매운맛", "summary": "알싸하게 돌아온 국물 떡볶이의 원조", "price": "5,200원", "discount_rate": 0, "unit": "1팩", "amount": "600g", "package": "냉동/종이포장", "made_in": "", "img2": "https://img-cf.kurly.com/shop/data/goodsview/20190621/gv00000053833_1.jpg", "description": "국물 떡볶이로는 첫손에 꼽힐 미미네 떡볶이, 이미 많은 분이 집에서 그 맛을 즐기고 계실 거예요. 매콤달콤한 국물 하며 쫄깃한 떡의 조화는 먹으면 먹을수록 입맛을 당기곤 하는데요. 컬리는 여기에 매운맛으로 알싸한 포인트를 더한 미미네 떡볶이 매운맛을 소개할게요. 오리지널 국물 떡볶이에서 단맛을 약간 줄여 끝맛이 더욱 깔끔하고, 미미네 떡볶이 특유의 감칠맛과 넉넉한 양은 그대로 살렸습니다. 취향에 따라 대파나 달걀, 라면 사리 등을 곁들여 맛있는 분식 한 상을 차려보세요. 바삭바삭한 튀김까지 함께한다면 굳이 매장까지 가지 않고도 맛집의 그 맛을 그대로 즐기실 수 있어요.  ", "img3": "https://img-cf.kurly.com/shop/data/goodsview/20191017/gv30000064843_1.jpg", "option_name_list": [], "option_price_list": []}