{"img1": "https://img-cf.kurly.com/shop/data/goods/1585705663126y0.jpg", "name": "[라이스웰] 황동판에 구운 찹쌀누룽지", "summary": "바삭, 쫀득, 구수한 삼 박자", "price": "15,000원", "discount_rate": 0, "unit": "1통", "amount": "800g", "package": "상온/종이포장", "made_in": "", "img2": "https://img-cf.kurly.com/shop/data/goodsview/20200401/gv00000088341_1.jpg", "description": "누룽지는 오독오독 씹히는 재미와 구수한 맛이 매력적인 음식이지요. 이번에 소개할 라이스웰의 누룽지는 부드럽게 불린 국내산 찹쌀과 백미를 이용, 황동판에 얇고 노릇하게 구워 만들었어요. 찹쌀 함유량이 약 80%인 만큼, 백미만 사용한 누룽지에 비해 찹쌀 특유의 쫀득한 식감이 도드라진답니다. 과자 대신 바삭하게 간식으로 즐기거나, 간편한 식사 등 요리에도 다채롭게 활용해보세요. 플라스틱 용기에 담겨져 있어 보관도 수월하답니다.", "img3": "https://img-cf.kurly.com/shop/data/goodsview/20200401/gv40000088344_1.jpg", "option_name_list": [], "option_price_list": []},
{"img1": "https://img-cf.kurly.com/shop/data/goods/1581303042222y0.jpg", "name": "[다담] 찌개 양념장 6종", "summary": "원하는 재료와 함께 뚝딱 끓여내는 간편 찌개!", "price": "1,480원", "discount_rate": 0, "unit": "1봉", "amount": "제품별상이", "package": "냉장/종이포장", "made_in": "", "img2": "https://img-cf.kurly.com/shop/data/goodsview/20200210/gv20000080837_1.jpg", "description": "매일같이 식탁에 올라오는 찌개지만, 사실 마음에 딱 맞는 깊은 맛을 내기란 쉬운 일이 아니죠. 바쁠 때 간편하게 찌개를 완성할 수 있는 다담의 찌개 양념장을 소개할게요. 어울리는 다양한 채소와 두부만 준비한 다음, 양념과 물을 넣고 끓이기만 하면 언제 어디서나 찌개가 뚝딱 완성되는 유용한 양념장이죠. 물 조절에 실패할 일이 없도록 봉지에 표시선을 두었으니 계량컵도 필요없어요. 냉이 된장찌개부터 강된장, 집에서 맛을 내기 힘든 부대찌개까지 6가지 양념장을 준비했으니, 가벼운 마음으로 여러 가지 찌개를 차려내 보세요.", "img3": "https://img-cf.kurly.com/shop/data/goodsview/20200210/gv40000080839_1.jpg", "option_name_list": ["[다담] 정통된장찌개 양념", "[다담] 냉이된장찌개 양념", "[다담] 우렁강된장 양념", "[다담] 순두부찌개 양념", "[다담] 청국장찌개 양념", "[다담] 부대찌개 양념"], "option_price_list": ["1,480원", "1,480원", "1,480원", "1,480원", "1,480원", "1,480원"]},
{"img1": "https://img-cf.kurly.com/shop/data/goods/1579512078333y0.jpg", "name": "제주 고기국수", "summary": "깔끔하고 진한 고기 육수의 맛 (리뉴얼)", "price": "10,000원", "discount_rate": 0, "unit": "1팩", "amount": "상세페이지 별도 표기", "package": "상온/종이포장", "made_in": "", "img2": "https://img-cf.kurly.com/shop/data/goodsview/20200120/gv40000078790_1.jpg", "description": "제주의 고기국수는 한 번 맛보면 잊기 힘든 속 깊은 울림이 있어요. '제주도'하면 가장 먼저 '고기국수'를 떠올리는 분들도 있을 정도지요. 컬리는 집에서 간편하게 즐길 수 있는 제주 고기국수를 준비했어요. 깊고 깔끔한 제주산 돼지 사골의 육수 재현해내기 위해 수차례 테스트를 거쳐 만들어진 제품이에요. 추출방식을 택해 비린내는 줄이고 고소함과 감칠맛을 살려냈고요. 면발 또한 적당히 도톰하면서도 부드럽고 쫄깃해야 하기에, 소면에 비해 약간 통통한 중면으로 골라 넣었어요. 제주 고기국수라는 이름에 걸맞도록 면발과 육수 하나하나 정성 깃들여 만든 소중한 한그릇, 컬리에서 만나 보세요.", "img3": "https://img-cf.kurly.com/shop/data/goodsview/20200120/gv30000078832_1.jpg", "option_name_list": [], "option_price_list": []},
{"img1": "https://img-cf.kurly.com/shop/data/goods/1578983450802y0.jpg", "name": "[닥터키친] 곤약밥 3종", "summary": "가볍게 해결하는 한 끼 식사", "price": "3,300원", "discount_rate": 0, "unit": "1팩", "amount": "160g", "package": "상온/종이포장", "made_in": "", "img2": "https://img-cf.kurly.com/shop/data/goodsview/20200114/gv20000077881_1.jpg", "description": "식이 조절을 하고 있다면 가장 신경 써야 할 것 중 하나가 밥이지요. 컬리는 부담 없이 한 끼를 해결할 수 있도록 닥터키친의 '곤약밥 3종'을 준비했어요. 흰 쌀 대신 곤약과 현미를 사용해 가벼우면서도 포만감 있는 식사를 할 수 있답니다. 뿐만 아니라 귀리, 보리쌀과 같은 잡곡을 함께 넣어 영양 또한 고려했죠. 고온·고압에서 지어 촉촉하면서도 알알이 터지는 식감이 재미있는 곤약밥을 세 종류 준비했으니, 영양가 높은 식사를 간편하게 즐겨보세요.", "img3": "https://img-cf.kurly.com/shop/data/goodsview/20200114/gv20000077897_1.jpg", "option_name_list": ["[닥터키친] 서리태곤약밥", "[닥터키친] 귀리곤약밥", "[닥터키친] 현미곤약밥"], "option_price_list": ["3,300원", "3,300원", "3,300원"]},
{"img1": "https://img-cf.kurly.com/shop/data/goods/1585271995866y0.jpg", "name": "[하티스푼] 리얼통닭다리삼계죽", "summary": "닭다리와 수삼이 든 삼계죽", "price": "4,500원", "discount_rate": 0, "unit": "1팩", "amount": "300g", "package": "냉장/종이포장", "made_in": "", "img2": "https://img-cf.kurly.com/shop/data/goodsview/20200326/gv20000087502_1.jpg", "description": "몸이 무겁고 힘든 날이면 좋은 재료를 넣어 푹 끓인 죽이 생각나요. 하지만 죽을 끓이려면 한참 동안 제자리에 서서 저어주어야 하니 여간 힘든 일이 아니지요. 하티스푼은 전자레인지로 데워 즐길 수 있는 리얼통닭다리 삼계죽을 소개합니다. 드림스틱처럼 생겨서 '북채'라고도 불리는 닭다리 한 개를 통째로 넣고, 영양 만점인 수삼을 얹어 푹 끓였어요. 특수 용기에 담은 뒤 질소 치환 기술로 포장해 냉장 보관하더라도 물러지지 않고 오랫동안 품질을 유지한답니다. 필름 포장만 살짝 벗겨 데워주면 간편하게 먹을 수 있는 삼계죽이 바로 완성될 거예요.", "img3": "https://img-cf.kurly.com/shop/data/goodsview/20200327/gv30000087555_1.jpg", "option_name_list": [], "option_price_list": []},
{"img1": "https://img-cf.kurly.com/shop/data/goods/1575026783324y0.jpg", "name": "[카페프룻] 유기농 쌀로 만든 버섯 리조또 2종", "summary": "유기농 쌀과 무항생제 닭가슴살로 만든 간편한 버섯 리조또", "price": "4,900원", "discount_rate": 0, "unit": "1개", "amount": "230g", "package": "냉동/종이포장", "made_in": "", "img2": "https://img-cf.kurly.com/shop/data/goodsview/20191129/gv30000070490_1.jpg", "description": "리조또는 집에서 볶음밥처럼 쉽게 할 수도 있지만, 정석대로 생쌀을 볶아서 만들고자 하면 많은 시간과 정성이 들어가는 요리죠. 컬리는 유기농 쌀과 무항생제 닭가슴살로 만든 간편한 버섯 리조또를 준비했어요. 통통 튀는 식감의 만가닥 버섯은 토마토소스와, 새송이는 부드럽고 고소한 크림소스와 잘 어울리죠. 빠지면 섭섭한 치즈도 알맞게 뿌려져 있어요. 크라프트지에 담겨 있는 리조또는 마치 이름난 푸드트럭에서 먹는 것 같은 재미도 주죠. 출출할 때 그대로 전자레인지에 데워 간편하게 즐겨 보세요.", "img3": "https://img-cf.kurly.com/shop/data/goodsview/20191129/gv40000070496_1.jpg", "option_name_list": ["[카페프룻] 만가닥 닭가슴살 토마토 리조또", "[카페프룻] 새송이 닭가슴살 크림 리조또"], "option_price_list": ["4,900원", "4,900원"]},
{"img1": "https://img-cf.kurly.com/shop/data/goods/1569836027710y0.jpg", "name": "[오뚜기] 맛있는 잡곡밥 4종", "summary": "국산 잡곡으로 만든 즉석밥", "price": "1,230원", "discount_rate": 0, "unit": "1팩", "amount": "210g", "package": "상온/종이포장", "made_in": "", "img2": "https://img-cf.kurly.com/shop/data/goodsview/20190930/gv00000063429_1.jpg", "description": "즉석밥을 주방 한 편에 차곡차곡 쌓아두면 왠지 모르게 마음이 든든해져요. 평소에 영양을 고려하여 잡곡밥을 드시는 분이라면 잡곡밥으로 지은 즉석밥을 챙겨두세요. 국산 쌀과 잡곡으로 만든 오뚜기의 맛있는 잡곡밥을 컬리가 준비했습니다. 오랜 시간 불려야 하는 잡곡 특성을 고려하여 차지고 먹기 좋은 식감을 구현하기 위해 수분을 조절하고, 고온·고압으로 지은 밥이에요. 쫀득한 밥맛을 내는 찰현미밥부터 오곡밥까지 다양하게 준비했으니 골라가세요. ", "img3": "https://img-cf.kurly.com/shop/data/goodsview/20191001/gv40000063436_1.jpg", "option_name_list": ["맛있는 오뚜기밥 찰현미 210g", "맛있는 오뚜기밥 오곡 210G", "맛있는 오뚜기밥 발아흑미 210g", "맛있는 오뚜기밥 발아현미 210g"], "option_price_list": ["1,230원", "1,230원", "1,230원", "1,230원"]},
{"img1": "https://img-cf.kurly.com/shop/data/goods/156888215543y0.jpg", "name": "[오뚜기] 맛있는 밥 5종", "summary": "국산 쌀로 만든 맛있고 간편한 즉석밥(5종)", "price": "790원", "discount_rate": 0, "unit": "1팩", "amount": "옵션별 상이", "package": "상온/종이포장", "made_in": "", "img2": "https://img-cf.kurly.com/shop/data/goodsview/20190919/gv00000062311_1.jpg", "description": "직접 밥 짓기 귀찮은 날 즉석밥이 있으면 더없이 든든하죠. '맛있는 오뚜기밥 시리즈'를 부엌 한 편에 챙겨놔 보세요. 중량 별로 골라 먹을 수 있는 기본 오뚜기밥부터 쌀의 품종까지 따져 개발한 가바백미와 고시히카리까지. 종류도 참 다양하답니다. 국산 쌀을 이용했을 뿐더러 HACCP 인증 시설에서 위생적으로 제조한 밥이니 더 믿음이 가요. 오뚜기밥만 있으면 직접 쌀을 씻거나 물의 양을 맞출 필요 하나 없이 더없이 편하게 따끈따끈한 밥을 드실 수 있을 거예요.", "img3": "https://img-cf.kurly.com/shop/data/goodsview/20190919/gv40000062319_1.jpg", "option_name_list": [" 맛있는 오뚜기밥 가바백미 210G", "맛있는 오뚜기밥 고시히카리 210g", "맛있는 오뚜기 작은밥 150G", "맛있는 오뚜기밥 210g", "맛있는 오뚜기 큰밥 300G"], "option_price_list": ["1,230원", "1,230원", "790원", "990원", "1,300원"]},
{"img1": "https://img-cf.kurly.com/shop/data/goods/1568094834318y0.jpg", "name": "[햇반] 컵반 국밥 시리즈 8종", "summary": "손쉽게 완성하는 뜨끈한 국밥", "price": "2,480원", "discount_rate": 0, "unit": "1컵", "amount": "제품별 상이(하단참조)", "package": "상온/종이포장", "made_in": "", "img2": "https://img-cf.kurly.com/shop/data/goodsview/20190910/gv20000061657_1.jpg", "description": "매일 먹는 밥이지만, 매일 같은 맛으로 즐길 수는 없지요. 간단히 한 끼를 챙기면서도 맛있는 식사는 놓치고 싶지 않을 때, 햇반의 컵반을 만나보세요. 국내산 멥쌀로 지은 햇반에 물에 풀어 사용하는 소스, 건더기, 숟가락까지 함께 들어있는 컵반 국밥 시리즈입니다. 진하고 고소한 미역국밥부터 식당에 가야 만날 수 있는 닭곰탕 국밥까지 모두 한 컵으로 담아냈지요. 동봉된 포장만 뜯어 널찍한 컵에 모두 부어주세요. 전자레인지에서 데운 후 잘 저어주기만 하면 따끈한 국밥이 완성된답니다. 각기 다른 매력을 지닌 8종으로 준비했으니 입맛에 맞게 고르는 재미까지 즐겨보세요.", "img3": "https://img-cf.kurly.com/shop/data/goodsview/20190910/gv20000061673_1.jpg", "option_name_list": ["[햇반] 미역국밥", "[햇반] 황태국밥", "[햇반] 설렁탕밥", "[햇반] 육개장국밥", "[햇반] 닭곰탕밥", "[햇반] 사골곰탕국밥", "[햇반] 순두부찌개국밥", "[햇반] 콩나물해장국밥"], "option_price_list": ["2,480원", "2,480원", "3,080원", "2,480원", "3,080원", "2,480원", "2,480원", "2,480원"]},
{"img1": "https://img-cf.kurly.com/shop/data/goods/1567658445782y0.jpg", "name": "[더연] 동결건조 미역국 10g x 8봉", "summary": "물만 부으면 되는 블럭 타입의 동결건조 미역국(10g*8봉)", "price": "10,800원", "discount_rate": 0, "unit": "1박스", "amount": "10g*8봉", "package": "상온/종이포장", "made_in": "제품 별도 표기", "img2": "https://img-cf.kurly.com/shop/data/goodsview/20190905/gv40000061274_1.jpg", "description": "집에서 미역국을 끓이려고 보면 미역을 불리는 과정이나 별도의 재료 손질에 번거로움이 따르죠. 그럴 땐 물만 부으면 완성되는 더연의 동결건조 미역국을 컬리에서 만나보세요. 국산 미역과 소고기, 마늘을 참기름에 휘리릭 볶은 다음 간장과 멸치 액젓 등으로 간을 더해 조리하여 블럭 타입으로 동결건조한 제품이랍니다. 미역국 조리법 그대로 만들었기에 미역국 고유의 풍미와 맛도 온전히 느껴볼 수 있어요. 개별 포장으로 사용이나 휴대도 편리하니 여행 갈 때 챙겨 가기에도 편리할 거예요. ", "img3": "https://img-cf.kurly.com/shop/data/goodsview/20190905/gv20000061282_1.jpg", "option_name_list": [], "option_price_list": []},
{"img1": "https://img-cf.kurly.com/shop/data/goods/1567146598659y0.jpg", "name": "[샐러드판다] 부리또볼 3종", "summary": "한 통에 담아 가볍게 즐기는 부리또", "price": "6,900원", "discount_rate": 0, "unit": "1통", "amount": "235g", "package": "냉장/종이포장", "made_in": "", "img2": "https://img-cf.kurly.com/shop/data/goodsview/20190830/gv30000060822_1.jpg", "description": "가볍게 먹기 좋은 샐러드를 앙증맞은 통에 담았다면 더 없이 유용하고 편리할 거예요. 가방에 쏙 넣어 다니며 영양분과 맛을 손쉽게 얻을 수 있는, 바쁜 현대인에게 특히 편리한 음식이기 때문이죠. 그래서 컬리는 샐러드판다의 새로운 시리즈, 부리또볼 3종을 준비했어요. 밀가루로 만든 토르티야는 빼고 부리또 속에 들어가는 재료로만 샐러드를 구성한 뒤 통에 담아 먹기 부담스럽지 않아요. 퀴노아와 고급 채소가 기본으로 들어 있고, 새우와 비프, 닭고기 중 원하는 토핑으로 골라 즐기면 돼요. 투명한 원형 통에 샐러드가 가득 담겨 있어 보기만 해도 알차고 풍성하다는 느낌이 들 정도지요. 배가 헛헛한 느낌 없이 건강한 한 끼를 즐기고 싶다면 부리또볼을 추천해요. ", "img3": "https://img-cf.kurly.com/shop/data/goodsview/20190830/gv00000060827_1.jpg", "option_name_list": ["[샐러드판다] 부리또볼 치킨", "[샐러드판다] 부리또볼 새우", "[샐러드판다] 부리또볼 비프"], "option_price_list": ["6,900원", "6,900원", "6,900원"]},
{"img1": "https://img-cf.kurly.com/shop/data/goods/1502694388978y0.jpg", "name": "[Kurly's] 맥앤치즈", "summary": "짭조름함이 매력적인 미국 남부 가정식", "price": "6,900원", "discount_rate": 0, "unit": "1통", "amount": "250g", "package": "냉장/종이포장", "made_in": "", "img2": "https://img-cf.kurly.com/shop/data/goodsview/20190822/gv10000059980_1.jpg", "description": "맥 앤 치즈의 묘미는 뭐니 뭐니 해도 뜨거운 열에 갓 녹아내려 마카로니에 진득하게 붙은 치즈입니다. 컬리는 미국 남부 루이지애나에서 즐겨 먹는 스타일로 맥 앤 치즈를 만들었어요. 버터를 녹인 팬에 밀가루를 볶아 루를 만들고 우유, 미국산 체다 치즈, 몬테레이잭 치즈, 베이컨 등을 듬뿍 넣어 끓인 뒤 삶은 마카로니를 넣어 버무렸어요. 여기에 불 맛을 입힌 케이준 시즈닝을 더해 와일드한 맛을 끌어올렸지요. 그 덕분에 살짝 부담스러울 수 있는 치즈의 느끼함도 확실하게 잡았어요. 짭조름하면서도 고소한 풍미가 좋아 맥주 안주로도 좋고, 구운 새우나 치킨을 곁들이면 더욱 맛있게 즐길 수 있답니다. ", "img3": "https://img-cf.kurly.com/shop/data/goodsview/20200102/gv30000076138_1.jpg", "option_name_list": [], "option_price_list": []},
{"img1": "https://img-cf.kurly.com/shop/data/goods/1567404436806y0.jpg", "name": "[햇반] 컵반 비빔밥 시리즈 5종", "summary": "쓱쓱 비벼 먹는 한 그릇 반상", "price": "2,480원", "discount_rate": 0, "unit": "1컵", "amount": "제품별상이(하단참조)", "package": "상온/종이포장", "made_in": "", "img2": "https://img-cf.kurly.com/shop/data/goodsview/20190902/gv00000060899_1.jpg", "description": "매일 먹는 밥이지만, 매일 같은 맛으로 즐길 수는 없지요. 간단히 한 끼를 챙기면서도 맛있는 식사는 놓치고 싶지 않을 때, 햇반의 컵반을 만나보세요. 국내산 쌀로 지은 햇반에 감칠맛 나는 비빔 소스, 숟가락까지 함께 들어있는 컵반 비빔밥 시리즈입니다. 인기 메뉴인 버터 장조림 비빔밥부터 식당에 가야 만날 수 있는 강된장 보리 비빔밥까지 모두 한 컵으로 담아냈지요. 햇반은 포장만 살짝 뜯어 전자레인지에서 2분간 데워만 주세요. 널찍한 컵에 붓고 섞어주면 맛깔스러운 비빔밥이 완성된답니다. 각기 다른 매력을 지닌 5종으로 준비했으니 입맛에 맞게 고르는 재미까지 즐겨보세요.", "img3": "https://img-cf.kurly.com/shop/data/goodsview/20190902/gv30000060906_1.jpg", "option_name_list": ["[햇반] 버터장조림 비빔밥", " [햇반] 강된장 보리 비빔밥", "[햇반] 낙지 콩나물 비빔밥", "[햇반] 버섯 곤드레 비빔밥", "[햇반] 고추장 나물 비빔밥"], "option_price_list": ["3,080원", "2,480원", "3,080원", "3,080원", "2,480원"]},
{"img1": "https://img-cf.kurly.com/shop/data/goods/1567403976765y0.jpg", "name": "[햇반] 컵반 덮밥 시리즈 9종", "summary": "간단하게 완성하는 한 그릇 반상", "price": "2,480원", "discount_rate": 0, "unit": "1컵", "amount": "제품별상이(하단참조)", "package": "상온/종이포장", "made_in": "", "img2": "https://img-cf.kurly.com/shop/data/goodsview/20190902/gv10000060870_1.jpg", "description": "매일 먹는 밥이지만, 매일 같은 맛으로 즐길 수는 없지요. 간단히 한 끼를 챙기면서도 맛있는 식사는 놓치고 싶지 않을 때, 햇반의 컵반을 만나보세요. 국내산 멥쌀로 지은 햇반에 제대로 요리한 덮밥 소스, 숟가락까지 함께 들어있는 컵반 덮밥 시리즈입니다. 인기 메뉴인 치킨 마요 덮밥부터 쉽게 만나 보기 어려운 옐로우 크림 커리 덮밥까지 모두 한 컵으로 담아냈지요. 포장만 살짝 뜯어 전자레인지에서 2분간 데워주세요. 널찍한 컵에 붓고 잘 섞어주기만 하면 따끈한 덮밥이 완성된답니다. 각기 다른 매력을 지닌 9종으로 준비했으니 입맛에 맞게 고르는 재미까지 즐겨보세요.", "img3": "https://img-cf.kurly.com/shop/data/goodsview/20190902/gv30000060890_1.jpg", "option_name_list": ["[햇반] 치킨 마요 덮밥", "[햇반] 스팸 마요 덮밥", " [햇반] 고추장 제육 덮밥", "[햇반] 직화 볶음 짜장 덮밥", "[햇반] 중화 마파두부 덮밥", "[햇반] 옐로우크림 커리덮밥", " [햇반] 불고기 덮밥", " [햇반] 오징어 덮밥", "[햇반] 볶은 김치 덮밥"], "option_price_list": ["3,080원", "3,080원", "2,480원", "2,480원", "2,480원", "2,480원", "2,480원", "2,480원", "2,480원"]},
{"img1": "https://img-cf.kurly.com/shop/data/goods/1565938444387y0.jpg", "name": "[남도찬] 맑은 콩나물국", "summary": "깔끔하고 시원한 국물 맛", "price": "4,800원", "discount_rate": 0, "unit": "1팩", "amount": "600g", "package": "냉장/종이포장", "made_in": "", "img2": "https://img-cf.kurly.com/shop/data/goodsview/20190816/gv10000059412_1.jpg", "description": "맑게 끓인 콩나물국은 재료가 단촐하게 사용되는 만큼 난이도가 꽤 높은 국물 요리에 속해요. 콩나물만으로 맛을 내기가 어려운 데다 자칫 잘못하면 콩나물 특유의 비린 맛이 나기 때문인데요. 남도음식의 대가, 남도찬이 이번에는 좋은 재료로 정성껏 끓인 맑은 콩나물국을 컬리에서 선보입니다. 엄선한 국내산 콩나물과 대파, 홍고추, 소금만을 재료로 사용했어요. 손질한 콩나물을 푸짐히 넣고, 소금으로만 간을 하여 시원하고 개운한 맛을 냈지요. 콩나물국을 용기에 덜어 데워 드시거나, 그대로 차갑게 즐겨도 별미랍니다. ", "img3": "https://img-cf.kurly.com/shop/data/goodsview/20190816/gv10000059421_1.jpg", "option_name_list": [], "option_price_list": []},
{"img1": "https://img-cf.kurly.com/shop/data/goods/1564553106848y0.jpg", "name": "[탁촌장] 참마 안동국시", "summary": "참마와 콩으로 만든 쫀득한 면발", "price": "2,000원", "discount_rate": 0, "unit": "1컵", "amount": "92g", "package": "상온/종이포장", "made_in": "", "img2": "https://img-cf.kurly.com/shop/data/goodsview/20190726/gv00000057223_1.jpg", "description": "든든한 한끼 식사로 손색이 없는 탁촌장의 안동참마 국시를 소개할게요. 안동의 특산물인 참마와 콩을 재료로 사용하여 밀가루와 함께 빚어 만든 면이 주재료랍니다. 면을 튀기지 않고 건조하여 면이 무척 쫄깃하며, 쉽게 퍼지지 않아요. 마치 곤약면을 먹는 듯한 느낌이 들 정도로 조금은 식감이 이색적이랍니다. 당근, 미역 등을 동결건조하여 만든 건더기도 함께 담아냈어요. 진한 멸치 육수에 부드럽게 풀어진 면과 건더기를 휘저어 한입 맛보세요. 자극적이지 않아 밤에도, 낮에도 자꾸만 손이 가게될 거예요. ", "img3": "https://img-cf.kurly.com/shop/data/goodsview/20190726/gv20000057226_1.jpg", "option_name_list": [], "option_price_list": []}