{"img1": "https://img-cf.kurly.com/shop/data/goods/1585114645566y0.jpg", "name": "[아침먹고가] 식단도시락 4종", "summary": "간단하게 챙기는 가벼운 한 끼!", "price": "3,400원", "discount_rate": 0, "unit": "1팩", "amount": "210g", "package": "냉동/종이포장", "made_in": "", "img2": "https://img-cf.kurly.com/shop/data/goodsview/20200325/gv40000087138_1.jpg", "description": "정신없이 바쁜 아침에도 간단하게 챙겨 먹을 수 있는 아침먹고가 식단도시락 4종을 소개합니다. 국산 쌀에 단호박, 취나물 등을 각각 배합해 영양 담은 밥을 만들었고요. 다양한 재료를 활용해 맛있는 변주를 준 닭가슴살 반찬도 함께 꾸려 넣었어요. 350kcal 내외의 도시락이라 식단 조절이 필요하신 분들도 걱정 없이 섭취할 수 있답니다. 아침뿐 아니라 저녁까지, 전자레인지에 간편하게 조리해 든든한 한 끼를 챙겨 보세요.", "img3": "https://img-cf.kurly.com/shop/data/goodsview/20200325/gv30000087150_1.jpg", "option_name_list": ["[아침먹고가] 단호박영양밥&닭가슴살소시지", "[아침먹고가] 퀴노아영양밥&할라피뇨맛닭가슴살", "[아침먹고가] 탄두리야채현미밥&갈릭버터닭가슴살", "[아침먹고가] 취나물밥&고추맛닭가슴살"], "option_price_list": ["3,400원", "3,400원", "3,400원", "3,400원"]},
{"img1": "https://img-cf.kurly.com/shop/data/goods/1577431912730y0.jpg", "name": "[샐러드판다] 베지 누들 8종", "summary": "주키니 호박 면으로 즐기는 이색 요리", "price": "4,900원", "discount_rate": 0, "unit": "1통", "amount": "품목별 상이", "package": "냉장/종이포장", "made_in": "", "img2": "https://img-cf.kurly.com/shop/data/goodsview/20200320/gv20000086493_1.jpg", "description": "면요리를 먹을 때면 밀가루 섭취나 칼로리 걱정이 앞서는 게 사실이에요. 컬리는 가벼우면서도 포만감을 주는 이색 면요리를 가져왔습니다. 고급 간편 샐러드 브랜드, 샐러드판다의 베지 누들이에요. 은은한 단맛을 자아내는 주키니 호박의 겉 부분만을 얇게 저민 뒤 면 모양처럼 길쭉하게 채 썰어 완성한 면이 주인공이지요. 소금에 살짝 절인 뒤 수분을 제거하여 채소 본연의 식감을 최대한 유지하고자 했어요. 토마토, 미트, 커리 소스와 같이 진한 풍미의 소스를 담백한 맛을 지닌 주키니 누들에 매치했기에 맛의 조화를 잘 이룬답니다. 각각에 어울리는 토핑까지 꼼꼼히 신경 썼으니 속이 한결 편안하면서도 든든할 거예요. ", "img3": "https://img-cf.kurly.com/shop/data/goodsview/20200320/gv20000086494_1.jpg", "option_name_list": [], "option_price_list": []},
{"img1": "https://img-cf.kurly.com/shop/data/goods/1584336231997y0.jpg", "name": "[클레버토끼] 닭가슴살&이탈리안 Family Bowl  (이탈리안소스 포함)", "summary": "(푸짐한 패밀리 샐러드) 담백함이 매력적인 샐러드(1팩/300g)", "price": "6,500원", "discount_rate": 0, "unit": "1팩", "amount": "300g", "package": "냉장/종이포장", "made_in": "", "img2": "https://img-cf.kurly.com/shop/data/goodsview/20200316/gv30000085651_1.jpg", "description": "맛있게 챙기는 한 끼 샐러드로 클레버토끼의 닭가슴살&이탈리안 샐러드를 추천드려요. 먹기 좋게 썬 양상추, 파프리카, 라디치오 등의 신선한 야채로 구성된 상품인데요. 더 풍성하게 즐길 수 있도록, 담백한 닭가슴살 바베큐와 메추리알 토핑을 올려 완성했답니다. 동봉된 이탈리안 드레싱을 더해 입안 가득 퍼지는 산뜻함을 만끽해 보세요. 생분해성 용기로 포장해 환경까지 생각한 제품이라 더 만족스러울 거예요.", "img3": "https://img-cf.kurly.com/shop/data/goodsview/20200316/gv10000085655_1.jpg", "option_name_list": [], "option_price_list": []},
{"img1": "https://img-cf.kurly.com/shop/data/goods/1584327418981y0.jpg", "name": "[클레버토끼] 리코타&홀그레인 Family Bowl (홀그레인소스 포함)", "summary": "(푸짐한 패밀리 샐러드)담백하고 고소한 리코타 치즈 토핑 (1팩/300g)", "price": "6,500원", "discount_rate": 0, "unit": "1팩", "amount": "300g", "package": "냉장/종이포장", "made_in": "", "img2": "https://img-cf.kurly.com/shop/data/goodsview/20200316/gv10000085620_1.jpg", "description": "맛있게 챙기는 한 끼 샐러드로 클레버토끼의 리코타&홀그레인 샐러드를 추천드려요. 먹기 좋게 썬 양상추, 파프리카, 라디치오 등의 신선한 야채로 구성된 상품인데요. 더 풍성하게 즐길 수 있도록, 고소한 리코타 치즈와 메추리알 토핑을 올려 완성했답니다. 병아리콩 등의 견과류도 함께 들어 있어 오독하니 씹는 재미도 있지요. 동봉된 홀그레인 드레싱을 더해 입안 가득 퍼지는 산뜻함을 만끽해 보세요.", "img3": "https://img-cf.kurly.com/shop/data/goodsview/20200316/gv00000085624_1.jpg", "option_name_list": [], "option_price_list": []},
{"img1": "https://img-cf.kurly.com/shop/data/goods/1584335289185y0.jpg", "name": "[클레버토끼] 푸실리&프레스 Family Bowl (이탈리안소스 포함)", "summary": "(푸짐한 패밀리 샐러드) 새콤달콤한 한 끼 (1팩/300g)", "price": "6,500원", "discount_rate": 0, "unit": "1팩", "amount": "300g ", "package": "냉장/종이포장", "made_in": "", "img2": "https://img-cf.kurly.com/shop/data/goodsview/20200316/gv20000085630_1.jpg", "description": "맛있게 챙기는 한 끼 샐러드로 클레버토끼의 푸실리&프레스 샐러드를 추천드려요. 먹기 좋게 썬 양상추, 파프리카, 라디치오 등의 신선한 야채로 구성된 상품인데요. 더 풍성하게 즐길 수 있도록, 새콤한 살사 소스로 양념한 푸실리 샐러드와 짭짤한 햄 토핑을 올려 완성했답니다. 동봉된 이탈리안 드레싱을 더해 입안 가득 퍼지는 산뜻함을 만끽해 보세요. 생분해성 용기로 포장해 환경까지 생각한 제품이라 더 만족스러울 거예요.", "img3": "https://img-cf.kurly.com/shop/data/goodsview/20200316/gv30000085649_1.jpg", "option_name_list": [], "option_price_list": []},
{"img1": "https://img-cf.kurly.com/shop/data/goods/1584325920231y0.jpg", "name": "[클레버토끼] 크레미&스윗펌킨 Family Bowl (어니언소스 포함)", "summary": "(푸짐한 패밀리 샐러드) 달콤하게 즐기는 한 끼 (1팩/300g)", "price": "6,500원", "discount_rate": 0, "unit": "1팩", "amount": "300g", "package": "냉장/종이포장", "made_in": "", "img2": "https://img-cf.kurly.com/shop/data/goodsview/20200316/gv20000085599_1.jpg", "description": "맛있게 챙기는 한 끼 샐러드로 클레버토끼의 크레미&스위펌킨 샐러드를 추천드려요. 먹기 좋게 썬 양상추, 파프리카, 라디치오 등의 신선한 야채로 구성된 상품인데요. 더 풍성하게 즐길 수 있도록, 큼직한 크레미와 단호박 샐러드 토핑을 올려 완성했답니다. 동봉된 양파 드레싱을 더해 입안 가득 퍼지는 산뜻함을 만끽해 보세요. 생분해성 용기로 포장해 환경까지 생각한 제품이라 더 만족스러울 거예요.", "img3": "https://img-cf.kurly.com/shop/data/goodsview/20200316/gv10000085604_1.jpg", "option_name_list": [], "option_price_list": []},
{"img1": "https://img-cf.kurly.com/shop/data/goods/158432683425y0.jpg", "name": "[저스트그린] 아보카도 샐러드 260g", "summary": "부드럽고 고소한 아보카도의 풍미(260g/팩)", "price": "7,470원", "discount_rate": "10%", "unit": "1팩", "amount": "260g", "package": "냉장/종이포장", "made_in": "상품별 별도표기", "img2": "https://img-cf.kurly.com/shop/data/goodsview/20200316/gv20000085605_1.jpg", "description": "채소 하나도 각별히 신경 써서 고른 저스트그린의 '아보카도 샐러드'를 소개할게요. 아삭아삭한 식감이 매력적인 유럽 품종의 채소, 프릴라이즈(양상추)를 메인으로 사용한 샐러드랍니다. 입안에서 부드럽게 뭉그러지는 고소한 아보카도와 신선한 채소의 식감이 절묘하게 어우러져요. 달콤한 스위트콘, 감칠맛을 돋굴 블랙 올리브와 방울토마토가 흩뿌려져 있어 다채로우면서도 풍성한 맛을 느낄 수 있어요. 아보카도의 풍미를 한껏 끌어올려 줄 오리엔탈 소스를 뿌려 건강한 한 끼를 완성해보세요. 쫄깃쫄깃한 게맛살로 단백질까지 알차게 챙겼답니다.", "img3": "https://img-cf.kurly.com/shop/data/goodsview/20200316/gv20000085607_1.jpg", "option_name_list": [], "option_price_list": []},
{"img1": "https://img-cf.kurly.com/shop/data/goods/1582867405588y0.jpg", "name": "[아르도]  그릴드야채믹스 2종", "summary": "간편하게 사용하는 야채 믹스", "price": "11,000원", "discount_rate": 0, "unit": "1봉", "amount": "1kg", "package": "냉동/종이포장", "made_in": "", "img2": "https://img-cf.kurly.com/shop/data/goodsview/20200228/gv40000083296_1.jpg", "description": "다채로운 식감과 산뜻한 풍미를 위해 요리에 다양한 야채를 곁들이곤 하는데요. 재료를 일일이 손질하는 일은 꽤 번거로워요. 수고를 덜어 줄 아르도의 그릴드 야채믹스를 소개합니다. 먹기 좋은 크기로 썬 야채를 기름에 한차례 조리한 뒤 냉동으로 포장했어요. 가볍게 익혀 바로 사용하고 남길 걱정 없이 보관할 수 있어 더 없이 편리하지요. 6가지 야채를 푸짐하게 담은 '컨츄리 스타일'과, 감자와 청피망이 더해진 '이탈리아 스타일'을 준비했으니 취향에 맞게 골라보세요.", "img3": "https://img-cf.kurly.com/shop/data/goodsview/20200228/gv00000083302_1.jpg", "option_name_list": ["[아르도] 컨츄리스타일 그릴드야채믹스", "[아르도] 이탈리안스타일그릴드야채믹스"], "option_price_list": ["11,000원", "11,500원"]},
{"img1": "https://img-cf.kurly.com/shop/data/goods/1582867767830y0.jpg", "name": "[에브리밀] 5가지나물밥&마파두부", "summary": "골고루 챙겨 먹는 한 끼 식단", "price": "4,500원", "discount_rate": 0, "unit": "1팩", "amount": "220g", "package": "냉동/종이포장", "made_in": "", "img2": "https://img-cf.kurly.com/shop/data/goodsview/20200228/gv10000083303_1.jpg", "description": "매일 비슷한 도시락에 지친 분들이라면, 5가지나물밥&마파두부 도시락을 만나보세요. 에브리밀은 취나물, 참나물 등 다섯 가지 나물을 골고루 넣어 밥을 지었는데요. 두부 튀김에 매콤한 소스를 입혀 만든 앙증맞은 크기의 마파두부도 함께 준비했어요. 재료가 다양해 씹는 맛이 좋고, 자극적이지 않아 부담스럽지 않게 먹을 수 있답니다. 280kcal의 도시락이니, 식단 조절 중인 분들도 걱정 없이 가볍게 즐겨보세요.", "img3": "https://img-cf.kurly.com/shop/data/goodsview/20200228/gv40000083307_1.jpg", "option_name_list": [], "option_price_list": []},
{"img1": "https://img-cf.kurly.com/shop/data/goods/1582868207920y0.jpg", "name": "[에브리밀] 별미7곡현미우엉밥&닭가슴살스테이크", "summary": "7가지 곡물의 다채로운 매력", "price": "4,500원", "discount_rate": 0, "unit": "1팩", "amount": "220g", "package": "냉동/종이포장", "made_in": "", "img2": "https://img-cf.kurly.com/shop/data/goodsview/20200228/gv30000083316_1.jpg", "description": "매일 비슷한 도시락에 지친 분들이라면, 별미7곡현미우엉밥&닭가슴살스테이크 도시락을 만나보세요. 에브리밀은 현미부터 카무트까지, 7가지 곡물으로 밥을 지었는데요. 야들한 우엉과 달달한 고구마까지 송송 썰어 넣어, 다채로운 맛과 식감을 즐길 수 있는 잡곡밥을 완성했답니다. 매콤한 소스가 곁들여진 닭가슴살 스테이크와 함께 부드러운 한끼를 즐겨보세요. 290kcal의 도시락이라, 식사 조절이 필요하신 분들도 걱정 없이 먹을 수 있을 거예요.", "img3": "https://img-cf.kurly.com/shop/data/goodsview/20200228/gv30000083321_1.jpg", "option_name_list": [], "option_price_list": []},
{"img1": "https://img-cf.kurly.com/shop/data/goods/1582868838639y0.jpg", "name": "[에브리밀] 야채현미밥&비프스테이크", "summary": "고소한 현미와 소고기 스테이크", "price": "4,500원", "discount_rate": 0, "unit": "1팩", "amount": "220g", "package": "냉동/종이포장", "made_in": "", "img2": "https://img-cf.kurly.com/shop/data/goodsview/20200228/gv30000083335_1.jpg", "description": "부담스럽지 않으면서도 다채로운 구성으로 먹는 즐거움을 선사하는 에브리밀의 도시락을 만나보세요. 지금 소개하는 제품은 야채현미밥&비프스테이크 도시락입니다. 현미로 지어낸 고슬고슬한 밥에 녹색 야채들을 잘게 다져 넣고 달콤한 스위트콘까지 더해주었는데요. 그 위에 노릇하게 구워진 달걀프라이를 살짝 덮어주었답니다. 여기에 양송이버섯과 표고버섯으로 감칠맛을 더해준 소고기 스테이크를 곁들여 먹을 수 있으니 더할 나위 없는 식단이지요. 그런데도 한 끼 열량이 320kcal밖에 안 되니 식단 조절 중 챙겨 먹기에도 좋을 거예요.", "img3": "https://img-cf.kurly.com/shop/data/goodsview/20200228/gv10000083340_1.jpg", "option_name_list": [], "option_price_list": []},
{"img1": "https://img-cf.kurly.com/shop/data/goods/1582869054609y0.jpg", "name": "[에브리밀] 탄두리닭가슴살현미밥&참치오믈렛", "summary": "매콤달콤한 탄두리 도시락", "price": "4,500원", "discount_rate": 0, "unit": "1팩", "amount": "220g", "package": "냉동/종이포장", "made_in": "", "img2": "https://img-cf.kurly.com/shop/data/goodsview/20200228/gv20000083341_1.jpg", "description": "매일 비슷한 도시락에 지친 분들이라면, 탄두리닭가슴살현미밥&참치오믈렛 도시락을 만나보세요. 에브리밀은 고소한 현미밥에 닭가슴살과 야채 토핑을 넣어 볶음밥을 만들었는데요. 특제 탄두리티카 소스를 넣고 한차례 더 볶아, 카레 고유의 매콤달콤한 감칠맛까지 입혀주었지요. 부드러운 순한 참치 오믈렛과 함께 맛이 조화로운 한 끼를 즐겨 보세요. 270kcal의 도시락이라 식단 조절 중인 분들도 부담스럽지 않게 섭취할 수 있을 거예요.", "img3": "https://img-cf.kurly.com/shop/data/goodsview/20200228/gv20000083347_1.jpg", "option_name_list": [], "option_price_list": []},
{"img1": "https://img-cf.kurly.com/shop/data/goods/1582867993860y0.jpg", "name": "[에브리밀] 렌틸퀴노아영양밥&두부스테이크", "summary": "영양이 가득한 한 끼", "price": "4,500원", "discount_rate": 0, "unit": "1팩", "amount": "220g", "package": "냉동/종이포장", "made_in": "", "img2": "https://img-cf.kurly.com/shop/data/goodsview/20200228/gv30000083310_1.jpg", "description": "매일 비슷한 도시락에 지친 분들이라면, 렌틸퀴노아영양밥&두부스테이크를 만나보세요. 렌틸콩과 퀴노아는 작지만 풍부한 단백질과 식이섬유를 품고 있는 알찬 곡물인데요. 에브리밀은 렌틸콩과 퀴노아로 식감이 부드럽고 씹을수록 고소한 밥을 지었답니다. 여기에 매콤한 소스와 아삭한 야채를 곁들여 먹는 두부 스테이크도 함께 준비했지요. 305kcal의 도시락이라 식단 조절 중인 분들도 부담스럽지 않게 즐길 수 있을 거예요.", "img3": "https://img-cf.kurly.com/shop/data/goodsview/20200228/gv20000083315_1.jpg", "option_name_list": [], "option_price_list": []},
{"img1": "https://img-cf.kurly.com/shop/data/goods/1582868408351y0.jpg", "name": "[에브리밀] 뿌리채소영양밥&토마토닭가슴살스튜", "summary": "뿌리채소가 품은 땅의 영양분이 가득", "price": "4,500원", "discount_rate": 0, "unit": "1팩", "amount": "220g", "package": "냉동/종이포장", "made_in": "", "img2": "https://img-cf.kurly.com/shop/data/goodsview/20200228/gv40000083322_1.jpg", "description": "부담스럽지 않으면서도 다채로운 구성으로 먹는 즐거움을 선사하는 에브리밀의 도시락을 만나보세요. 지금 소개하는 제품은 뿌리채소영양밥&토마토닭가슴살스튜 도시락입니다. 땅속의 영양분을 듬뿍 먹고 자란 뿌리채소 네 가지를 더한 영양밥 위에 동그란 달걀프라이도 올려주었고요. 새콤달콤한 토마토소스가 쏙쏙 배어있는 닭가슴살과 먹음직스럽게 썰어 넣은 야채들을 함께 즐길 수 있답니다. 다양하게 넣은 채소의 가짓수만큼이나 영양소도 풍성하겠지요. 한 끼 열량이 225kcal밖에 안 되니 식단 조절 중 챙겨 먹기에도 좋을 거예요.", "img3": "https://img-cf.kurly.com/shop/data/goodsview/20200228/gv20000083328_1.jpg", "option_name_list": [], "option_price_list": []},
{"img1": "https://img-cf.kurly.com/shop/data/goods/1582868646224y0.jpg", "name": "[에브리밀] 시래기나물밥&불고기오믈렛", "summary": "한국적인 재료가 듬뿍 든 도시락", "price": "4,500원", "discount_rate": 0, "unit": "1팩", "amount": "220g", "package": "냉동/종이포장", "made_in": "", "img2": "https://img-cf.kurly.com/shop/data/goodsview/20200228/gv40000083329_1.jpg", "description": "부담스럽지 않으면서도 다채로운 구성으로 먹는 즐거움을 선사하는 에브리밀의 도시락을 만나보세요. 지금 소개하는 제품은 시래기나물밥&불고기오믈렛 도시락입니다. 보리가 더해진 쌀밥에 잘 말린 무청 시래기를 넣고 특제 간장소스에 야무지게 비볐는데요. 불고기를 폭신한 계란 시트로 동그랗게 말아준 오믈렛까지 함께 즐길 수 있답니다. 다양하게 넣은 채소의 가짓수만큼이나 영양소도 풍성하겠지요. 한 끼 열량이 320kcal밖에 안 되니 식단 조절 중 챙겨 먹기에도 좋을 거예요.", "img3": "https://img-cf.kurly.com/shop/data/goodsview/20200228/gv40000083334_1.jpg", "option_name_list": [], "option_price_list": []},
{"img1": "https://img-cf.kurly.com/shop/data/goods/1582266706310y0.jpg", "name": "[호안마켓] 셰프 샐러드 3종", "summary": "셰프의 감각으로 조합한 풍성한 토핑", "price": "5,900원", "discount_rate": 0, "unit": "PK", "amount": "250g", "package": "냉장/종이포장", "made_in": "", "img2": "https://img-cf.kurly.com/shop/data/goodsview/20200221/gv20000082228_1.jpg", "description": "하루에 한 끼 정도는 건강을 생각해 밥 대신 샐러드를 찾는 분들이 많아졌어요. 토핑만 조금 달라져도 샐러드를 먹는 순간이 특별한 식사 시간으로 변할 텐데요. 컬리는 다채로운 구성의 토핑을 한껏 맛볼 수 있는 호안마켓의 셰프 샐러드를 소개합니다. 숙성치즈 중 외피가 하얗고 조직감이 좋은 브리치즈부터 얇게 저며 말린 포두부까지 어느 것 하나 허투루 고르지 않은 셰프의 섬세한 감각이 엿보이죠. 원재료를 잘게 썰지 않고 큼직하게 담아낸 풍성한 모양새 덕분에 눈까지 즐겁고, 특별한 메인 디쉬에 곁들일 사이드 메뉴로도 제격이랍니다.", "img3": "https://img-cf.kurly.com/shop/data/goodsview/20200224/gv10000082453_1.jpg", "option_name_list": ["[호안마켓] 아메리칸 콥 샐러드", "[호안마켓] 애플 앤 브리치즈 샐러드", "[호안마켓] 오리엔탈 쉬림프 샐러드"], "option_price_list": ["5,900원", "5,900원", "5,900원"]}