{"img1": "https://img-cf.kurly.com/shop/data/goods/1585027050581y0.jpg", "name": "[청오] 유기농 담선식", "summary": "[38g x 15개입] [22가지 재료의 맛과 영양", "price": "19,800원", "discount_rate": 0, "unit": "1박스", "amount": "38g x 15개입", "package": "상온/종이포장", "made_in": "", "img2": "https://img-cf.kurly.com/shop/data/goodsview/20200324/gv10000086809_1.jpg", "description": "분주한 아침 시간, 간편하게 식사를 해결하는 방법만 고집하다 보니 건강은 늘 뒷전인 경우가 많아요. 이제는 맛과 영양, 편리함을 고루 갖춘 유기농 선식을 만나보세요. 유기농 곡류와 국내산 과일 및 채소, 해조류, 유산균 등 22가지 재료들을 다채롭게 담아냈어요. 곱게 가루 낸 선식은 그저 물이나 우유, 두유에 타서 마시면 되니 더없이 간편하지요. 고소함과 달콤함이 동시에 느껴질 뿐만 아니라, 든든한 포만감까지 선사해 하루의 시작이 즐거워진답니다. ", "img3": "https://img-cf.kurly.com/shop/data/goodsview/20200324/gv20000086811_1.jpg", "option_name_list": [], "option_price_list": []},
{"img1": "https://img-cf.kurly.com/shop/data/goods/1571634367990y0.jpg", "name": "[크놀라] 그래놀라 5종", "summary": "정성으로 빚은 수제 그래놀라 (new! 옵션 추가)", "price": "9,000원", "discount_rate": "10%", "unit": "1팩", "amount": "200g", "package": "상온/종이포장", "made_in": "", "img2": "https://img-cf.kurly.com/shop/data/goodsview/20200316/gv30000085659_1.jpg", "description": "그래놀라를 좋아하는 분이라면 크놀라의 제품을 눈여겨봐 주세요. 엄선한 오트밀, 유기농 오일 등 질 좋은 재료를 사용하는 것은 물론, 재료의 밸런스까지 고려해 완성한 그래놀라입니다. 크놀라는 각 재료의 풍미와 식감을 최적으로 끌어내기 위해, 총 세 번에 걸쳐 천천히 재료를 구워요. 전 제조 공정이 수작업으로 진행되는 만큼, 맛에서도 그 정성스러움이 그대로 묻어납니다. 진한 고소함과 바삭함, 자연스러운 단맛이 완벽한 밸런스 이루는 이유가 바로 여기에 있지요. 때마다 신선하게 드실 수 있는 양으로 포장했으니, 건강한 고소함을 만끽해 보세요.", "img3": "https://img-cf.kurly.com/shop/data/goodsview/20200316/gv30000085662_1.jpg", "option_name_list": ["[크놀라] 시그니처 그래놀라", " [크놀라] 건무화과 & 호두 그래놀라", " [크놀라] 바나나 브레드 그래놀라", "[크놀라] 오렌지 크랜베리 그래놀라", " [크놀라] 크런치 코코넛 그래놀라"], "option_price_list": ["10,000원", "10,000원", "10,000원", "10,000원", "10,000원"]},
{"img1": "https://img-cf.kurly.com/shop/data/goods/1584349594774y0.jpg", "name": "[심플잇] 단백질바 2종", "summary": "단백질을 맛있게 섭취하는 방법", "price": "1,200원", "discount_rate": 0, "unit": "1개/1박스", "amount": "50g/600g", "package": "상온/종이포장", "made_in": "", "img2": "https://img-cf.kurly.com/shop/data/goodsview/20200316/gv00000085803_1.jpg", "description": "단백질은 우리 몸을 건강히 유지하는 데 꼭 필요한 영양소예요. 필수 영양소 단백질을 꾸준히 섭취하는 건 특히 어렵게 느껴지지요. 닭가슴살 50g, 삶은 달걀 한 개, 우유 한 컵보다 더욱 맛있고 풍부하게 단백질을 섭취하는 방법을 소개할게요. 대두에서 순수하게 분리한 단백질을 작은 너겟 모양으로 만들어, 각종 견과류들과 함께 로스팅 했어요. 초콜릿을 얇게 입혔기에 텁텁하지 않고, 달콤 바삭하게 즐길 수 있는 단백질바입니다. 식사 대용으로 든든하게, 언제 어디서나 심플잇 단백질바와 함께하세요.", "img3": "https://img-cf.kurly.com/shop/data/goodsview/20200317/gv10000085898_1.jpg", "option_name_list": ["[심플잇] 단백질바 1개50g", "[심플잇] 단백질바  1박스50g X 12EA"], "option_price_list": ["1,200원", "12,000원"]},
{"img1": "https://img-cf.kurly.com/shop/data/goods/1583126728935y0.jpg", "name": "[다노샵] 팥선식 25g", "summary": "국내산 팥 분말을 넣은 고소한 단백질 선식", "price": "2,500원", "discount_rate": 0, "unit": "1팩", "amount": "25g", "package": "상온/종이포장", "made_in": "", "img2": "https://img-cf.kurly.com/shop/data/goodsview/20200302/gv30000083449_1.jpg", "description": "바른 재료로 평생 먹을 수 있는 음식을 만드는 다노샵에서 새롭게 팥선식을 출시했어요. 한국인이라면 누구든 떠올릴 수 있는 고소한 팥의 그 맛. 다노샵은 팥 특유의 은은한 단맛을 살리기 위해 설탕 대신 스테비아를 넣어 건강한 선식을 만들었답니다. 뚜껑이 달린 팩에 들어 더 간편한 팥 선식으로 고소함과 든든함을 챙겨보세요.", "img3": "https://img-cf.kurly.com/shop/data/goodsview/20200302/gv00000083463_1.jpg", "option_name_list": [], "option_price_list": []},
{"img1": "https://img-cf.kurly.com/shop/data/goods/1578373849933y0.jpg", "name": "[프로틴방앗간] 하루단백바", "summary": "촉촉하고 부드러운 단백질바", "price": "2,500원", "discount_rate": 0, "unit": "1개/1박스", "amount": "45g/450g", "package": "냉장/종이포장", "made_in": "", "img2": "https://img-cf.kurly.com/shop/data/goodsview/20200107/gv20000049080_1.jpg", "description": "평소 식단 조절을 철저하게 하고 있다면 우리 몸이 필요로 하는 단백질을 충분히 섭취하는 것이 중요합니다. 단백질을 잘 챙겨 먹자니 퍽퍽한 닭가슴살과 삶은 달걀이 물릴 때도 있지요. 브라우니를 쏙 빼닮은 프로틴방앗간의 하루단백바는 어떻게 하면 단백질을 맛있게, 건강하게 섭취할 수 있을까를 고민해 만든 제품이에요. 별도의 첨가물 없이 카카오파우더, 유기농 카카오닙스, 코코넛오일 등 재료를 사용해 만들었어요. 다른 단백질바와는 달리 브라우니처럼 꾸덕꾸덕하면서 촉촉한 식감이 매력적이에요. 고소한 아몬드와 호두가 잔뜩 들어 있어 씹는 맛이 단조롭지 않고요. 한 개씩 낱개로 포장되어 있어 들고 다니며 먹기 편한 것도 장점이지요. 단백질 함량이 높아 운동하기 전이나 후에 허기진 배를 채워주는 간식으로 챙겨보세요. ", "img3": "https://img-cf.kurly.com/shop/data/goodsview/20200107/gv20000076890_1.jpg", "option_name_list": ["[프로틴방앗간] 하루 단백바 1개입", " [프로틴방앗간] 하루 단백바 10개입"], "option_price_list": ["2,500원", "23,900원"]},
{"img1": "https://img-cf.kurly.com/shop/data/goods/1576637357692y0.jpg", "name": "[YOZM] 수제 카카오그래놀라", "summary": "진한 카카오의 풍미를 더한", "price": "11,000원", "discount_rate": 0, "unit": "1팩", "amount": "200g", "package": "냉장/종이포장", "made_in": "귀리(국내산)", "img2": "https://img-cf.kurly.com/shop/data/goodsview/20191218/gv20000073497_1.jpg", "description": "아침 식사로 그래놀라는 즐기는 분이라면 주목해 주세요. 꾸덕꾸덕한 질감을 자랑하는 그릭요거트로 사랑받는 YOZM이 오븐에 구워 만든 100% 수제 카카오 그래놀라에요. 에콰도르산 카카오닙스를 넣어 카카오의 진한 향과 쌉싸름하면서도 달콤한 맛을 즐기실 수 있어요. 재료 하나하나 신경 써서 만든 만큼 국내산 귀리와 각종 견과류를 듬뿍 넣었어요. 또 설탕 대신 국내산 벌꿀과 메이플시럽으로 맛을 냈죠. 바삭바삭한 그래놀라는 크림치즈처럼 진한 YOZM의 그릭요거트와 함께 즐겨 보세요.", "img3": "https://img-cf.kurly.com/shop/data/goodsview/20191218/gv30000073503_1.jpg", "option_name_list": [], "option_price_list": []},
{"img1": "https://img-cf.kurly.com/shop/data/goods/1576203362346y0.jpg", "name": "[잇츠베러] 한끼리얼 2종", "summary": "비건 인증을 받은 간편 시리얼", "price": "2,900원", "discount_rate": 0, "unit": "1봉", "amount": "40g", "package": "상온/종이포장", "made_in": "별도 표기", "img2": "https://img-cf.kurly.com/shop/data/goodsview/20191213/gv00000072680_1.jpg", "description": "영양 밸런스를 맞출 수 있는 간편한 한 끼를 찾고 있는 분들에게 잇츠베러의 시리얼을 소개합니다. 한끼리얼에는 현미와 각종 견과류들이 골고루 담겨 있어 다채로운 맛과 식감을 선사해줘요. 또한 식이섬유가 풍부하여 건강한 한 끼 식사의 어려움을 단번에 해결해주죠. 식물성 단백질인 분리대두단백이 함유되어 있는 한끼리얼은 건강하게 단백질을 섭취할 수 있는 제품이에요. 가방에 쏙 넣어 가지고 다니면서 조금씩 꺼내 드시거나, 그대로 우유나 두유를 부어 함께 즐겨보세요. 영국 채식 협회의 비건 인증을 획득해 건강과 환경을 생각하는 채식주의자들에게도 맛있는 간식으로 제격이랍니다. ", "img3": "https://img-cf.kurly.com/shop/data/goodsview/20191213/gv00000072713_1.jpg", "option_name_list": ["[잇츠베러] 한끼리얼 밤단호박 40g", "[잇츠베러] 한끼리얼 카카오흑임자 40g"], "option_price_list": ["2,900원", "2,900원"]},
{"img1": "https://img-cf.kurly.com/shop/data/goods/1569898255513y0.jpg", "name": "[퀘이커] 마시는 오트밀 2종", "summary": "고소하게 챙기는 오트밀 파우더", "price": "1,600원", "discount_rate": 0, "unit": "1통", "amount": "150g", "package": "상온/종이포장", "made_in": "", "img2": "https://img-cf.kurly.com/shop/data/goodsview/20191001/gv20000063460_1.jpg", "description": "가벼운 열량에 든든한 포만감을 주는 오트밀은 보통 뜨겁게 조리해 먹는 경우가 많지요. 140년 전통의 오트 명가 퀘이커는 데우지 않고 섭취하는 오트밀 간편식을 선보여요. 차가운 음료로도 완성할 수 있는 마시는 오트밀 2종입니다. 톡톡 씹히는 오트 알갱이와 몸에 좋은 국내산 곡물, 채소를 곱게 간 분말을 함께 담아낸 파우더 형태의 제품이에요. 패키지의 음료 조절 선에 맞추어 원하는 농도로 제조할 수 있을뿐만 아니라, 병 모양의 통에 담겨 있어 그대로 들고 마시기에도 편리하답니다. 취향에 맞는 음료를 더해 가볍게 흔들어주기만 하면 고소함과 든든함을 동시에 챙길 수 있을 거예요.    ", "img3": "https://img-cf.kurly.com/shop/data/goodsview/20191001/gv00000063466_1.jpg", "option_name_list": ["[퀘이커] 마시는 오트&단호박", " [퀘이커] 마시는 오트&그레인"], "option_price_list": ["1,600원", "1,600원"]},
{"img1": "https://img-cf.kurly.com/shop/data/goods/1569565182254y0.jpg", "name": "[피텔라] 뮤즐리 5입세트 3종", "summary": "(50g x 5개입) 과일 토핑을 더한 바삭한 뮤즐리!", "price": "3,750원", "discount_rate": "50%", "unit": "1박스", "amount": "50g x 5개입", "package": "상온/종이포장", "made_in": "", "img2": "https://img-cf.kurly.com/shop/data/goodsview/20190927/gv30000063173_1.jpg", "description": "고소한 뮤즐리를 더욱 맛있고 간편하게 즐기고 싶은 분들이라면 피텔라의 제품을 주목해 주세요. 바삭바삭한 뮤즐리 크런치에 달콤한 과일 분말과 초콜릿 등으로 맛을 더했답니다. 식이섬유가 풍부한 바나나부터 새콤한 맛을 전하는 요거트 플레이크까지 이로운 재료들을 쏙쏙 찾아 먹는 재미까지 즐길 수 있어요. 한 끼에 즐기기 좋은 용량만큼 알맞게 포장했기에 어디든 가지고 다니기에 편리하고, 늘 바삭한 상태를 유지할 수 있지요. 다섯 개씩 넉넉하게 담아 박스로 준비했으니 입맛에 맞게 골라보세요. 한 봉씩 꺼내 우유, 요거트 등에 곁들이면 출출한 배를 채우는 간식으로 훌륭할 거예요. ", "img3": "https://img-cf.kurly.com/shop/data/goodsview/20191002/gv00000063550_1.jpg", "option_name_list": [" [피텔라] 초콜렛이 들어간 딸기 맛 뮤즐리 5입", "[피텔라] 초콜렛이 들어간 바나나 맛 뮤즐리 5입", " [피텔라] 크랜베리가 들어간 요거트 맛 뮤즐리 5입"], "option_price_list": ["7,500원", "7,500원", "7,500원"]},
{"img1": "https://img-cf.kurly.com/shop/data/goods/1567662551190y0.jpg", "name": "[불로동 주유소] 선식 2종", "summary": "기능성 쌀을 넣은 균형 잡힌 한 잔", "price": "2,800원", "discount_rate": 0, "unit": "1봉", "amount": "40g", "package": "상온/종이포장", "made_in": "", "img2": "https://img-cf.kurly.com/shop/data/goodsview/20190905/gv30000061295_1.jpg", "description": "간편성, 식단 조절 등 밥 대신 선식을 선택하는 이유도 여러 가지인데요. 컬리는 '대충 때우는 것'이 아닌 맛과 영양을 고루 갖춘 '균형적인 식사'를 제안할게요. 뚜껑 있는 파우치에 담겨 언제 어디서든 손쉽게 먹을 수 있는 불로동 주유소 선식이에요. 직접 개발하고 생산한 기능성 쌀을 주원료로 여러 곡물을 고루 담아 영양적인 측면까지 섬세하게 고려해 만들었답니다. 설탕이 들어가지 않아 인위적인 단맛 대신 담백한 고소함이 물씬 느껴져요. 씹는 맛을 더한 아침용 자미로운 아침, 히비스커스로 새콤함을 더한 저녁용 홍미로운 저녁 두 가지 중 선택해 드셔보세요.", "img3": "https://img-cf.kurly.com/shop/data/goodsview/20190905/gv30000061304_1.jpg", "option_name_list": [" [불로동 주유소] 자미로운 아침", "[불로동 주유소] 홍미로운 저녁"], "option_price_list": ["2,800원", "2,800원"]},
{"img1": "https://img-cf.kurly.com/shop/data/goods/1566366627639y0.jpg", "name": "[라이스몬] 아침앤쌀 현미 스틱", "summary": "간편한 한 끼를 위한 쌀 스틱", "price": "3,500원", "discount_rate": 0, "unit": "1상자", "amount": "1박스(20g*5개입)", "package": "상온/종이포장", "made_in": "", "img2": "https://img-cf.kurly.com/shop/data/goodsview/20190821/gv40000059789_1.jpg", "description": "눈 뜨기도 버거운 아침, 밥까지 챙겨 먹기란 쉬운 일이 아니죠. 컬리는 간편함에 가벼움을 더한 마실 수 있는 쌀, 라이스몬의 아침앤쌀 현미 스틱을 소개합니다. 쌀을 뻥튀기 만들듯 팽화시킨 후 누룩으로 발효시켜 가루형태로 만든 제품이에요. 기존 컬리에서 판매하던 아침앤쌀을 병 대신 스틱 타입으로 포장해 담아 부피를 줄였어요. 스틱 커피처럼 컵에 따라 음료를 부어 잘 섞어 주면 죽처럼 부드럽게 부풀어 오르면서 걸쭉한 쌀 음료가 된답니다. 너무 부담스럽지도, 가볍지도 않게 든든함을 주는 한 끼. 라이스몬 아침앤쌀 현미 스틱과 함께 시작해보세요.", "img3": "https://img-cf.kurly.com/shop/data/goodsview/20190821/gv40000059791_1.jpg", "option_name_list": [], "option_price_list": []},
{"img1": "https://img-cf.kurly.com/shop/data/goods/15663664721y0.jpg", "name": "[라이스몬] 아침앤쌀 베리베리 스틱", "summary": "간편하게 완성되는 쌀 요거트", "price": "3,500원", "discount_rate": 0, "unit": "1박스", "amount": "1박스(20g*5개입)", "package": "상온/종이포장", "made_in": "", "img2": "https://img-cf.kurly.com/shop/data/goodsview/20190821/gv40000059781_1.jpg", "description": "아침 식사를 선택하는 많은 요건이 있어요. 부담스럽지 않으면서 점심때까지 적당히 포만감을 줘야 하고, 여기에 간편성까지 갖췄다면 더욱 좋겠죠. 컬리는 이 모든 것을 갖춘 쌀가루, 라이스몬 아침앤쌀 베리베리 스틱을 준비했습니다. 평범해 보이는 가루지만 국내산 찹쌀과 멥쌀, 기능성 유색미까지 고루 담아 누룩으로 발효시켜 만든 제품이에요. 깊고 고소한 쌀의 풍미에 블루베리 분말, 딸기 분말로 상큼한 맛을 더했지요. 우유, 두유, 아몬드 브리즈 등 다양한 음료와 섞어 마실 수 있어 활용성도 높아요. 미리 음료와 섞어 놓으면 부드럽게 부풀어 오르면서 걸쭉해지니 쌀 요거트로 즐기셔도 좋아요.", "img3": "https://img-cf.kurly.com/shop/data/goodsview/20190821/gv00000059786_1.jpg", "option_name_list": [], "option_price_list": []},
{"img1": "https://img-cf.kurly.com/shop/data/goods/1563943601962y0.jpg", "name": "[퀘이커] 140년 전통 오트밀 3종", "summary": "간편하게 컵으로 즐기는 오트밀", "price": "2,400원", "discount_rate": 0, "unit": "1개", "amount": "30gx3봉입", "package": "기타", "made_in": "", "img2": "https://img-cf.kurly.com/shop/data/goodsview/20190724/gv20000056712_1.jpg", "description": null, "img3": "https://img-cf.kurly.com/shop/data/goodsview/20190724/gv30000056720_1.jpg", "option_name_list": ["[퀘이커] 오리지널 3개입", " [퀘이커] 바나나&아몬드 3개입", " [퀘이커] 크리미 밀크 3개입"], "option_price_list": ["2,400원", "2,900원", "2,900원"]},
{"img1": "https://img-cf.kurly.com/shop/data/goods/1501635105353y0.jpg", "name": "[다노샵] 브라운 라이스 소울 6종", "summary": "현미의 쏘울(영혼)을 담은 휴대용 간편 시리얼!", "price": "1,500원", "discount_rate": 0, "unit": "1봉", "amount": "품목별 상이 (하단 참조)", "package": "상온/종이포장", "made_in": "", "img2": "https://img-cf.kurly.com/shop/data/goodsview/20200302/gv30000083452_1.jpg", "description": "바쁜 아침이나 식단 관리 중에 시리얼은 식사 대용으로 참 요긴하죠. 먹기도 편하고, 영양도 골고루 챙길 수 있으니까요. 컬리는 국내산 현미와 다양한 원재료로 만든 다노샵의 ‘브라운 라이스 소울’을 소개드려요. 설탕 대신 프락토올리고당과 원재료 고유의 단맛을 더해 가볍게 즐길 수 있는 시리얼입니다. 따로 그릇과 스푼을 챙길 필요 없이 파우치에 음료를 바로 부어 먹을 수 있어 편리하죠. 단호박, 자색고구마, 코코넛, 바나나, 프로틴베리 그리고 프로틴 초코의 여섯 가지 맛으로 골라 먹는 재미까지 갖춘 브라운 라이스 소울로 여러분의 식단을 한층 더 업그레이드해보세요.", "img3": "https://img-cf.kurly.com/shop/data/goodsview/20200302/gv40000083455_1.jpg", "option_name_list": ["[다노샵] 브라솔 코코넛", "[다노샵] 브라솔 단호박", "[다노샵] 브라솔 자색고구마", "[다노샵] 브라솔 바나나", "[다노샵] 브라솔 프로틴베리", "[다노샵] 브라솔 프로틴초코"], "option_price_list": ["1,500원", "1,500원", "1,500원", "1,500원", "2,300원", "2,300원"]},
{"img1": "https://img-cf.kurly.com/shop/data/goods/1559629630350y0.jpg", "name": "[다노샵] 쑥선식", "summary": "고소한 간편 단백질 선식", "price": "2,500원", "discount_rate": 0, "unit": "1팩", "amount": "25g", "package": "상온/종이포장", "made_in": "", "img2": "https://img-cf.kurly.com/shop/data/goodsview/20190604/gv00000052234_1.jpg", "description": "단백질을 간편하고 맛있게 즐기기는 생각보다 쉽지 않아요. 기존 단백질 쉐이크가 식상하게 느껴진다면, 다노샵의 쑥선식을 만나보세요. 쑥선식은 건강한 단백질 섭취 방법을 늘 고민하는 다노샵이 선보이는 새로운 단백질 선식 라인입니다. 쑥 특유의 쓴맛을 줄이고 고소한 맛을 살렸기에 평소 쑥을 즐기지 않으셨던 분들도 부담없이 드실 수 있어요. 설탕 없이 제조하고, 비타민 C와 칼슘까지 담아내 식단 관리 중에도 안심하고 즐길 수 있죠. 여기에 곤약 후레이크를 더해 씹는 재미와 포만감을 동시에 챙겼습니다. 향긋한 쑥선식으로 고소하고 간편하게 건강을 챙겨보세요.", "img3": "https://img-cf.kurly.com/shop/data/goodsview/20190604/gv40000052238_1.jpg", "option_name_list": [], "option_price_list": []},
{"img1": "https://img-cf.kurly.com/shop/data/goods/1557284534387y0.jpg", "name": "[유가원] 유기농 크런치 씨리얼 4종", "summary": "간편하게 건강하게 즐기는 한끼 식사! 유기농 크런치 시리얼 4종", "price": "6,250원", "discount_rate": "50%", "unit": "1통", "amount": "옵션별 상이", "package": "상온/종이포장", "made_in": "네덜란드", "img2": "https://img-cf.kurly.com/shop/data/goodsview/20190508/gv10000049679_1.jpg", "description": "시원히 말아 파삭파삭 즐기는 한 끼 시리얼. 유가원이 준비한 유기농 시리얼은 곡물의 건강한 풍미와 크리스피함을 아쉬움 없이 선사해요. 뚜껑과 손잡이가 달려 편의를 더한 통 안에 넉넉히 담겼는데요. 각종 유기농 곡물과 견과류, 건조 과일이 맛과 영양의 균형을 이루어 딱 맞게 배합됐지요. 곡물에 깃든 풍부한 식이섬유는 물론, 나트륨은 줄이고 단백질 함량은 높인 구성으로 식단 관리 중이거나 영양이 깃든 아침 식사를 찾는 분들에게도 알맞답니다. 조금 더 특별히 즐기고 싶다면 요거트나 샐러드의 바삭한 토핑으로도 잘 어우러져요. 아이들이 좋아하는 달달한 초코 크런치부터 단백질 함량을 높게 끌어올린 프로틴 그래놀라까지 총 4가지 종류로 준비했으니, 내게 맞는 시리얼을 골라가세요. 깔끔하고 편리하게 떠 담을 수 있는 동봉 스푼이 담겼다는 점은 덤이랍니다.", "img3": "https://img-cf.kurly.com/shop/data/goodsview/20190508/gv00000049686_1.jpg", "option_name_list": [" [유가원] 유기농 초코크런치 씨리얼 400g", "[유가원] 유기농 크런치애플시나몬 씨리얼 400g", "[유가원] 유기농 크런치트로피칼후르츠 씨리얼 400g", " [유가원] 유기농 프로틴리치그래놀라 씨리얼 400g"], "option_price_list": ["12,000원", "12,500원", "12,900원", "13,500원"]}