{"img1": "https://img-cf.kurly.com/shop/data/goods/1583222822586y0.jpg", "name": "[또또맘] 리얼구마죽 100gx7입", "summary": "국내산 무농약 고구마로 만든", "price": "15,900원", "discount_rate": 0, "unit": "1팩", "amount": "100g x 7팩 ", "package": "상온/종이포장", "made_in": "", "img2": "https://img-cf.kurly.com/shop/data/goodsview/20200303/gv10000083839_1.jpg", "description": "외출할 때마다 아이의 끼니를 따로 준비하는 일은 꽤 번거로워요. 수고를 덜어줄 또또맘의 리얼구마죽을 소개합니다. 곱게 간 국내산 무농약 고구마와 쌀가루와 찹쌀가루 등을 섞은 뒤, 한차례 끓여 부드러운 죽을 만들었는데요. 100g씩 파우치에 담아 개별로 포장한 상품이라 외출 시에도 간편하게 휴대할 수 있어요. 상온 보관이 가능해 그대로 섭취해도 맛있고, 따뜻하게 데워 먹어도 좋답니다.", "img3": "https://img-cf.kurly.com/shop/data/goodsview/20200303/gv20000083843_1.jpg", "option_name_list": [], "option_price_list": []},
{"img1": "https://img-cf.kurly.com/shop/data/goods/1580179302166y0.jpg", "name": "[하티스푼] 리얼통야채크림스프", "summary": "통으로 썬 감자와 당근이 듬뿍", "price": "4,300원", "discount_rate": 0, "unit": "1팩", "amount": "300g", "package": "냉장/종이포장", "made_in": "", "img2": "https://img-cf.kurly.com/shop/data/goodsview/20200128/gv20000079289_1.jpg", "description": "부드럽고 따뜻한 크림스프 한 입이면 몸과 마음이 금세 편안해지죠. 컬리는 전자레인지로 간단히 조리하는 하티스푼의 HMR 리얼 통야채 크림스프를 준비했어요. 고소한 버터루에 넉넉히 부은 국산 우유가 부드러운 풍미를 자아내고, 통으로 큼직하게 썰어 넣은 감자와 당근이 풍성한 느낌을 전해줘요. 여기에 양송이와 베이컨 등 각종 재료를 넣고 뭉근하게 끓여내 제법 든든한 한 끼 식사가 되어 준답니다. 질소 치환 기술로 포장해 원재료 고유의 식감과 풍미 역시 그대로 살아있지요. 냉장실에서 꺼낸 그대로 2분만 조리해 풍성한 크림스프를 완성해보세요.", "img3": "https://img-cf.kurly.com/shop/data/goodsview/20200128/gv10000079292_1.jpg", "option_name_list": [], "option_price_list": []},
{"img1": "https://img-cf.kurly.com/shop/data/goods/1580179161535y0.jpg", "name": "[하티스푼] 리얼삼선짬뽕죽", "summary": "얼큰하고 시원한 간편식 삼선짬뽕죽", "price": "4,500원", "discount_rate": 0, "unit": "1팩", "amount": "300g", "package": "냉장/종이포장", "made_in": "", "img2": "https://img-cf.kurly.com/shop/data/goodsview/20200128/gv00000079285_1.jpg", "description": "속이 시원하게 풀리는 칼칼한 짬뽕에 국산 백미를 넣고 든든하게 끓여낸 삼선짬뽕죽을 소개할게요. 그릇에 옮겨 담을 필요 없이 전자레인지 2분 조리로 완성되는 간편식이에요. 귀한 해삼과 새우, 오징어까지 세 가지 신선한 해산물을 풍성하게 넣고 얼큰하게 끓여냈습니다. 야들야들한 죽순채와 팽이버섯에서 우러난 감칠맛이 국물 맛은 한층 깊게, 식감은 한층 풍성하게 만들어주죠. 바쁜 아침, 속이 시원하게 풀리면서 든든해지는 해장죽이 필요하거나, 매콤한 별미 음식이 필요한 저녁때 간편하게 조리해보세요.", "img3": "https://img-cf.kurly.com/shop/data/goodsview/20200128/gv20000079288_1.jpg", "option_name_list": [], "option_price_list": []},
{"img1": "https://img-cf.kurly.com/shop/data/goods/1585271995866y0.jpg", "name": "[하티스푼] 리얼통닭다리삼계죽", "summary": "닭다리와 수삼이 든 삼계죽", "price": "4,500원", "discount_rate": 0, "unit": "1팩", "amount": "300g", "package": "냉장/종이포장", "made_in": "", "img2": "https://img-cf.kurly.com/shop/data/goodsview/20200326/gv20000087502_1.jpg", "description": "몸이 무겁고 힘든 날이면 좋은 재료를 넣어 푹 끓인 죽이 생각나요. 하지만 죽을 끓이려면 한참 동안 제자리에 서서 저어주어야 하니 여간 힘든 일이 아니지요. 하티스푼은 전자레인지로 데워 즐길 수 있는 리얼통닭다리 삼계죽을 소개합니다. 드림스틱처럼 생겨서 '북채'라고도 불리는 닭다리 한 개를 통째로 넣고, 영양 만점인 수삼을 얹어 푹 끓였어요. 특수 용기에 담은 뒤 질소 치환 기술로 포장해 냉장 보관하더라도 물러지지 않고 오랫동안 품질을 유지한답니다. 필름 포장만 살짝 벗겨 데워주면 간편하게 먹을 수 있는 삼계죽이 바로 완성될 거예요.", "img3": "https://img-cf.kurly.com/shop/data/goodsview/20200327/gv30000087555_1.jpg", "option_name_list": [], "option_price_list": []},
{"img1": "https://img-cf.kurly.com/shop/data/goods/1574844327710y0.jpg", "name": "[상하목장] 슬로우키친 스프 3종", "summary": "간편하게 맛보는 부드럽고 진한 스프", "price": "2,300원", "discount_rate": 0, "unit": "1팩", "amount": "150g", "package": "상온/종이포장", "made_in": "", "img2": "https://img-cf.kurly.com/shop/data/goodsview/20191127/gv40000070005_1.jpg", "description": "속이 더부룩하지만 뭐라도 먹어야 할 때 스프만한 음식이 없죠. 따뜻하게 데워진 스프를 먹으면 온 몸에 온기가 돌며 속이 편안해지는 느낌마저 들어요. 컬리는 건강한 먹거리를 추구하는 상하목장의 슬로우키친 스프 3종을 소개할게요. 건조시키지 않은 원물을 그대로 넣어 재료 본연의 풍부한 맛이 살아있고, 리코타 자연치즈를 사용해 깊고 진한 스프를 맛볼 수 있답니다. 바쁜 아침에 빵과 함께 곁들여 간단히 먹기에도 적당하지요. 분말이 아닌 액상 형태이기 때문에 따로 조리할 필요 없이 전자레인지에 돌리기만 하면 완성이예요. 부드럽고 진한 슬로우키친 스프로 하루를 든든하게 시작해보세요.", "img3": "https://img-cf.kurly.com/shop/data/goodsview/20191127/gv20000070015_1.jpg", "option_name_list": ["슬로우키친 클램차우더스프", "슬로우키친 단호박크림스프", "슬로우키친 양송이크림스프"], "option_price_list": ["2,300원", "2,300원", "2,300원"]},
{"img1": "https://img-cf.kurly.com/shop/data/goods/1569992968484y0.jpg", "name": "[복담] 복을 담은 호박죽 2종", "summary": "간편하게 마시는 달콤한 호박죽", "price": "2,070원", "discount_rate": "10%", "unit": "옵션별 상이", "amount": "옵션별 상이", "package": "냉동/종이포장", "made_in": "", "img2": "https://img-cf.kurly.com/shop/data/goodsview/20191002/gv30000063621_1.jpg", "description": "자고로 '죽'이라 하면 숟가락으로 한술 떠 호호 불어먹기 마련이죠. 하지만 복담의 복을 담은 호박죽은 조금 달라요. 스파우트 파우치에 담겨 숟가락 없이 간편하게 마실 수 있거든요. 그렇다고 편리함만 고려해 만든 상품은 아니랍니다. 복담은 단호박과 늙은 호박 원물을 적절히 배합해 2시간 이상 푹 끓여 호박죽을 만들었어요. 부드럽고 깔끔한 맛을 내고자 안동에서 나고자란 마까지 더해줬지요. 먹어보면 입안 가득 달콤함이 감돌면서도 담백하고 자극적이지 않은 것을 느끼실 수 있을 거예요. 보존료 없이도 두고두고 드실 수 있는 냉동제품이니, 필요할 때 미리 꺼내어 해동해 드세요. 중탕해 따뜻하게 드셔도 되고, 시원한 상태 그대로 색다른 호박죽을 맛보셔도 좋아요.", "img3": "https://img-cf.kurly.com/shop/data/goodsview/20191002/gv10000063625_1.jpg", "option_name_list": ["[복담] 복을 담은 호박죽 낱개", "[복담] 복을 담은 호박죽 7개입"], "option_price_list": ["2,300원", "15,900원"]},
{"img1": "https://img-cf.kurly.com/shop/data/goods/1567496187833y0.jpg", "name": "[아우가] 유기농 수프 5종", "summary": "채소 본연의 담백한 맛을 고스란히 담은", "price": "4,000원", "discount_rate": 0, "unit": "1봉", "amount": "400g", "package": "상온/종이포장", "made_in": "", "img2": "https://img-cf.kurly.com/shop/data/goodsview/20190903/gv10000061088_1.jpg", "description": "화려하고 자극적인 맛에서 잠시 벗어나고 싶을 때 권하고 싶은 수프가 있어요. 채소 본연의 담백하면서도 수수한 매력을 간직하고 있는 아우가의 유기농 수프랍니다. 원재료의 95% 이상이 유기농이어야 받을 수 있는 EURO LEAF 인증을 획득했어요. 게다가 고기는 물론, 동물성 크림조차 넣지 않아 채식을 하는 분들도 안심이죠. 400g의 넉넉한 양으로 두 사람이 알맞게 나누어 먹거나 한 사람이 푸짐하게 즐길 수 있어요. 일반적으로 생각하는 맛보다 간이 약한 편이니 취향에 따라 소금을 살짝 가미해도 좋아요. ", "img3": "https://img-cf.kurly.com/shop/data/goodsview/20190903/gv20000061096_1.jpg", "option_name_list": ["[아우가] 토마토 수프", "[아우가] 야채 미네스트로네 수프", "[아우가] 샴피뇽 수프", " [아우가] 비트 보르쉬 수프", "[아우가] 코코넛 밀크를 넣은 크림 당근 수프"], "option_price_list": ["4,000원", "4,000원", "4,000원", "4,000원", "4,000원"]},
{"img1": "https://img-cf.kurly.com/shop/data/goods/1509355802863y0.jpg", "name": "[Kurly's] 프렌치 어니언 수프", "summary": "정통 프랑스식으로 끓여낸 수프", "price": "6,900원", "discount_rate": 0, "unit": "1통", "amount": "350g", "package": "냉장/종이포장", "made_in": "", "img2": "https://img-cf.kurly.com/shop/data/goodsview/20191231/gv20000076079_1.jpg", "description": "보통 수프는 식탁에서 조연 역할에 만족해야 할 때가 많죠. 하지만 어니언 수프라면 이야기가 조금 다릅니다. 진하고 농후한 양파 향과 소고기 육수의 깊은 맛, 녹진한 치즈가 함께 어우러져 한 그릇만으로도 든든하게 속을 채워주거든요. 하루 어느 때나 잘 어울릴만한 프렌치 어니언 수프를 만들기 위해 컬리의 셰프들은 먼저 오랜 시간 동안 양파를 볶았어요. 얇게 슬라이스한 양파를 버터에 볶으면 수분은 날아가고, 양파 본연의 단맛이 배어 나와 설탕처럼 진한 달콤함을 갖게 됩니다. 이렇게 캐러멜라이즈한 양파에 육수를 넣고, 그뤼에르 치즈를 올려 따뜻한 수프 한 그릇을 완성했어요. 컬리의 프렌치 어니언 수프는 쌀쌀한 날씨나 으슬으슬한 환절기에 특히 잘 어울려요. 따뜻하게 데운 후 구운 바게트 등을 곁들여 드셔보세요. ", "img3": "https://img-cf.kurly.com/shop/data/goodsview/20191231/gv30000076083_1.jpg", "option_name_list": [], "option_price_list": []},
{"img1": "https://img-cf.kurly.com/shop/data/goods/1558415052257y0.jpg", "name": "[아침엔본죽] 완도 전복죽", "summary": "완도산 전복을 넣어 끓인", "price": "5,850원", "discount_rate": "10%", "unit": "1팩", "amount": " 271.5g", "package": "냉장/종이포장", "made_in": "", "img2": "https://img-cf.kurly.com/shop/data/goodsview/20190521/gv40000050740_1.jpg", "description": "싱싱한 전복을 달달 볶아 찹쌀과 섞어 죽으로 끓여 먹으면 쫄깃한 맛도 맛이지만, 속이 든든한 영양식으로 아주 좋아요. 컬리는 바쁜 생활 속에서 간단하지만 알차게 먹을 수 있는 본죽의 전복죽을 준비했어요. 품질 좋기로 유명한 완도산 전복을 본죽만의 노하우가 담긴 레시피로 풀어낸 것이 특징이에요. 이를 1인분 분량의 용기에 포장했고, 포장지만 벗겨내 전자레인지에 데워 먹으면 충분해요. 전복 특유의 쫄깃함이 부드러운 죽에 색다른 식감을 선사해요. 담백한 맛과도 잘 어우러지고요. 전복죽에 동봉된 참기름을 뿌려 고소한 맛을 더해도 좋아요.", "img3": "https://img-cf.kurly.com/shop/data/goodsview/20190521/gv40000050747_1.jpg", "option_name_list": [], "option_price_list": []},
{"img1": "https://img-cf.kurly.com/shop/data/goods/1558413642665y0.jpg", "name": "[아침엔본죽] 호박죽", "summary": "샛노란 빛깔 속 달짝지근함", "price": "3,800원", "discount_rate": 0, "unit": "1팩", "amount": "270g", "package": "냉장/종이포장", "made_in": "", "img2": "https://img-cf.kurly.com/shop/data/goodsview/20190521/gv00000050724_1.jpg", "description": "호박죽은 남녀노소에게 인기가 좋은 죽에 손꼽히지요. 샛노란 죽의 색부터가 묘하게 식욕을 자극하곤 하고요. 하지만 호박죽을 쑤려고 보면 호박 손질에 가슴이 턱 막힌답니다. 그래서 컬리는 호박죽을 간편하게 드실 수 있도록 본죽의 호박죽을 간편식으로 선보입니다. 잘 익은 호박을 선별하여 씨를 발라내고 삶은 뒤 쌀가루와 함께 푹 끓여 완성했습니다. 단호박을 부드럽게 으깨었기에 목넘김이 부드러운 한편 속이 편할 거예요. 호박 본연의 달짝지근함이 잔잔히 전해져 한 그릇을 뚝딱 비워내고 말 테고요. 달달한 간식이 먹고 싶은 날에 호박죽을 포장지만 벗겨낸 뒤 전자레인지에 데워 드셔 보세요. ", "img3": "https://img-cf.kurly.com/shop/data/goodsview/20190904/gv30000061126_1.jpg", "option_name_list": [], "option_price_list": []},
{"img1": "https://img-cf.kurly.com/shop/data/goods/1558415426446y0.jpg", "name": "[아침엔본죽] 쇠고기죽", "summary": "쇠고기 풍미가 그득하게 밴", "price": "3,800원", "discount_rate": 0, "unit": "1팩 ", "amount": "271.5g", "package": "냉장/종이포장", "made_in": "", "img2": "https://img-cf.kurly.com/shop/data/goodsview/20190521/gv10000050754_1.jpg", "description": "분주한 아침 식사의 든든한 해결사로, 속이 편안한 한 끼 식사로 유용한 것이 죽이에요. 정성으로 끓인 죽을 1인분 분량의 용기에 담아 어디서나 간편하게 먹을 수 있다면 더없이 좋지요. 컬리는 포장지만 벗겨내 전자레인지에 데워 먹기 좋은 본죽의 쇠고기죽을 준비했어요. 팬에 잘게 썬 쇠고기와 양파, 표고버섯, 당근, 애호박 등을 넣고 달달 볶은 뒤 찹쌀과 멥쌀을 적절한 비율로 섞어 넣어 끓였어요. 쇠고기의 감칠맛과 갖가지 채소에서 나온 달큼한 맛이 찹쌀죽에 골고루 배어들어 맛이 깊고 풍성해요. 쇠고기죽에 들어 있는 참기름을 넣어 먹으면 삼삼한 간을 입맛대로 조절할 수 있어요. 출근하기 전 아침 혹은 가벼운 점심으로 즐겨보세요.", "img3": "https://img-cf.kurly.com/shop/data/goodsview/20190521/gv00000050759_1.jpg", "option_name_list": [], "option_price_list": []},
{"img1": "https://img-cf.kurly.com/shop/data/goods/1558415854943y0.jpg", "name": "[아침엔본죽] 보양 삼계죽", "summary": "좋은 재료를 푹 고아 만든 삼계죽", "price": "3,800원", "discount_rate": 0, "unit": "1팩", "amount": "270g", "package": "냉장/종이포장", "made_in": "", "img2": "https://img-cf.kurly.com/shop/data/goodsview/20190521/gv20000050763_1.jpg", "description": "보양식의 대표주자로 떠오르는 삼계탕은 몸이 허할 때면 찾게 되는 음식이에요. 닭을 건강 유지에 도움을 줄 수 있는 재료와 함께 푹 삶으면 영양이 듬뿍 담긴 삼계탕이 완성되지요. 냄비를 비워 갈 때 즈음 찹쌀을 쑤어 죽으로 먹는 별미도 놓칠 수 없는 포인트랍니다. 컬리는 요리에 들이는 수고와 정성 대신 간편하게 영양을 섭취할 수 있는 본죽의 보양 삼계죽을 소개합니다. 국산 닭뼈를 푹 고아 만든 닭육수에 사골 국물, 국산 인삼 등을 더해 정성껏 끓여 내어 진한 육수를 완성했는데요. 여기에 찹쌀과 잘게 다진 양파, 당근, 대파와 닭고기를 잘게 찢어 넣어 만든 삼계죽을 1인 분량의 용기에 포장했답니다. 그대로 포장지만 벗겨낸 뒤 전자레인지에 데워 먹으면 영양 만점, 든든한 한 끼 식사가 완성될 거예요. ", "img3": "https://img-cf.kurly.com/shop/data/goodsview/20190521/gv40000050767_1.jpg", "option_name_list": [], "option_price_list": []},
{"img1": "https://img-cf.kurly.com/shop/data/goods/155841602582y0.jpg", "name": "[아침엔본죽] 단팥죽", "summary": "진한 달콤함이 배어든 죽 한 그릇", "price": "3,040원", "discount_rate": "20%", "unit": "1팩", "amount": "270g", "package": "냉장/종이포장", "made_in": "", "img2": "https://img-cf.kurly.com/shop/data/goodsview/20190521/gv20000050773_1.jpg", "description": "속을 따뜻하게 채워주는 음식으로는 '죽' 만한 게 없습니다. 컬리는 달콤하면서도 구수한 맛을 동시에 담은 단팥죽을 준비했어요. 국내 죽 전문 브랜드, 본죽이 단팥죽을 전자레인지에 데워 드실 수 있도록 간편식으로 선보인답니다. 곱게 빻아 만든 쌀가루와 팥, 설탕 등을 뭉근히 끓여 냈어요. 팥의 고소함이 진득하게 묻어나는 한편 지나치게 달지 않기에 한 입, 두 입 계속해서 먹다보면 어느새 바닥을 드러내고 말지요. 1인에게 알맞은 양이 용기에 담겨 있어 속을 든든하게 채워주는 간식 혹은 한 끼 식사로도 손색이 없답니다. ", "img3": "https://img-cf.kurly.com/shop/data/goodsview/20190521/gv40000050779_1.jpg", "option_name_list": [], "option_price_list": []},
{"img1": "https://img-cf.kurly.com/shop/data/goods/1548399370774y0.jpg", "name": "[미자언니네] 전복죽", "summary": "국내산 완도 전복을 사용한", "price": "13,110원", "discount_rate": "5%", "unit": "1팩", "amount": "500g", "package": "냉동/종이포장", "made_in": "", "img2": "https://img-cf.kurly.com/shop/data/goodsview/20190125/gv00000042458_1.jpg", "description": "기운이 없을 때 전복죽 한 그릇이면 힘이 솟아나죠. 전복은 단백질, 비타민, 칼슘 등 영양분이 풍부한 바다의 영양덩어리입니다. 하지만 전복 손질이 어렵게 느껴져 집에서 전복죽을 해 먹기 어려워하시는 분들도 있을 거예요. 이 걱정을 해결해드리기 위해 컬리는 미자언니네 전복죽을 가져왔어요. 국내산 완도 전복을 손질해 참기름에 달달 볶아 고소한 맛이 일품입니다. 식품첨가물을 사용하지 않고 정성 들여 끓였기 때문에 재료 고유의 맛이 담백하게 잘 느껴져요. 복잡한 조리 없이 손쉽게 데워먹을 수 있어 바쁜 직장인과 학생들의 식사 대용으로도 좋답니다.", "img3": "https://img-cf.kurly.com/shop/data/goodsview/20190403/gv20000046565_1.jpg", "option_name_list": [], "option_price_list": []},
{"img1": "https://img-cf.kurly.com/shop/data/goods/154648016820y0.jpg", "name": "[뜨레봄] 자연이 빚어낸 유기농 스프 2종", "summary": "속이 편해지는 유기농 스프", "price": "4,850원", "discount_rate": 0, "unit": "1개", "amount": "75g", "package": "기타", "made_in": "", "img2": "https://img-cf.kurly.com/shop/data/goodsview/20190103/gv00000040596_1.jpg", "description": "이제 더이상 스프는 경양식 레스토랑에 가야지만 애피타이저로 먹을 수 있는 음식이 아니죠. 메인 음식에 곁들여 먹기도 하지만 간식, 식사 대용, 간편식으로 다양하게 이용되고 있으니까요. 직접 끓여 먹는 분말 스프를 찾는 다면 뜨레봄 자연이 빚어낸 유기농 스프 2종을 만나 보세요. 뜨레봄은 고소하고 뒷맛이 깔끔한 스프를 만들기 위해 포타주 방식을 선택했다고 해요. 버터와 밀가루를 볶아 우유를 넣어 걸쭉하고 깊은 맛이 일품이랍니다. 스프하면 보통 짠맛을 떠올리실 텐데요. 뜨레봄 스프는 향미증진제(L-글루탐산나트륨)를 넣지 않아 짜거나 자극적이지 않아요. 간편하게 먹을 수 있는 데다가 건강까지 생각한 스프라고 할 수 있죠. 어린아이들의 간식으로도 좋고 소화가 어려우신 분들도 부담이 없이 드실 수 있습니다.", "img3": "https://img-cf.kurly.com/shop/data/goodsview/20190103/gv10000040604_1.jpg", "option_name_list": ["[뜨레봄] 유기농 아침스프 75g", "[뜨레봄] 유기농 야채스프 75g"], "option_price_list": ["4,850원", "4,850원"]},
{"img1": "https://img-cf.kurly.com/shop/data/goods/1545631809190y0.jpg", "name": "[소중한식사] 칠리 콘 카르네", "summary": "소고기가 어우러진 이국의 매콤함", "price": "10,000원", "discount_rate": 0, "unit": "1팩", "amount": "280g", "package": "냉장/종이포장", "made_in": "", "img2": "https://img-cf.kurly.com/shop/data/goodsview/20181224/gv20000039571_1.jpg", "description": "평소 멕시칸 음식을 즐기는 분들, 매콤한 요리 좋아하는 분들이라면 반길 '칠리 콘 카르네'를 소개할게요. '카르네'란 멕시코어로 소고기를 뜻해요. 매콤한 칠리와 소고기의 만남은 즐거울 수밖에 없겠죠. 판교, 분당 주부들의 입맛을 사로잡은 소중한 식사가 하나하나 고른 좋은 재료로 정성껏 만들었답니다. 부드럽게 다져진 소고기가 풍성하고, 담백한 강낭콩에 붉은 홀토마토와 양파가 풍미를 더했어요. 고춧가루와 타바스코 페퍼 소스, 칠리 시즈닝 등을 적절히 배합해 매콤한 감칠맛을 맛있게 드러냅니다. 칠리 콘 카르네를 또르띠아나 나초에 발라 먹으면 현지 느낌이 물씬 날 거예요. 또는 감자튀김, 샌드위치 등 매콤한 이국의 풍미가 필요한 곳이라면 어디든지, 센스 있게 활용해 보세요. ", "img3": "https://img-cf.kurly.com/shop/data/goodsview/20200103/gv30000076597_1.jpg", "option_name_list": [], "option_price_list": []}