{"name": "이유식 재료 친환경 양배추 1/4통", "img4": "https://img-cf.kurly.com/shop/data/goodsview/20200403/gv40000088864_2.jpg"},
{"name": "이유식 재료 친환경 청경채 50g", "img4": "https://img-cf.kurly.com/shop/data/goodsview/20200403/gv30000088818_2.jpg"},
{"name": "이유식 재료 친환경 당근 250g", "img4": "https://img-cf.kurly.com/shop/data/goodsview/20200403/gv30000088853_2.jpg"},
{"name": "이유식 재료 친환경 적양배추 1/4통", "img4": "https://img-cf.kurly.com/shop/data/goodsview/20200403/gv30000088859_2.jpg"},
{"name": "이유식 재료 친환경 비타민 50g", "img4": "https://img-cf.kurly.com/shop/data/goodsview/20200403/gv00000088898_2.jpg"},
{"name": "이유식 재료 친환경 표고버섯 100g", "img4": "https://img-cf.kurly.com/shop/data/goodsview/20200403/gv00000088813_2.jpg"},
{"name": "이유식 재료 친환경 아욱 50g", "img4": "https://img-cf.kurly.com/shop/data/goodsview/20200403/gv40000088802_2.jpg"},
{"name": "이유식 재료 친환경 근대 50g", "img4": "https://img-cf.kurly.com/shop/data/goodsview/20200403/gv00000088780_2.jpg"},
{"name": "무농약 통셀러리 500g", "img4": "https://img-cf.kurly.com/shop/data/goodsview/20191126/gv30000069748_2.jpg"},
{"name": "냉동 바밤 단호박 250g", "img4": "https://img-cf.kurly.com/shop/data/goodsview/20200310/gv00000084929_2.jpg"},
{"name": "냉동 아스파라거스 250g", "img4": "https://img-cf.kurly.com/shop/data/goodsview/20200310/gv40000084933_2.jpg"},
{"name": "흙당근 800g", "img4": "https://img-cf.kurly.com/shop/data/goodsview/20200306/gv40000084561_2.jpg"},
{"name": "칼집 군밤용 처음밤 400g", "img4": "https://img-cf.kurly.com/shop/data/goodsview/20200306/gv30000084595_2.jpg"},
{"name": "조각 무 2조각", "img4": "https://img-cf.kurly.com/shop/data/goodsview/20200304/gv40000083981_2.jpg"},
{"name": "한끼 당근 1개", "img4": "https://img-cf.kurly.com/shop/data/goodsview/20200304/gv40000083901_2.jpg"},
{"name": "영암 무농약 꿀고구마 2kg", "img4": "https://img-cf.kurly.com/shop/data/goodsview/20200303/gv10000083648_2.jpg"}