{"name": "이유식 재료 친환경 브로콜리 100g", "img4": "https://img-cf.kurly.com/shop/data/goodsview/20200403/gv40000088838_2.jpg"},
{"name": "[농부의 꽃] 로얄버진 튤립 2종", "img4": ""},
{"name": "[농부의 꽃] 플래쉬 포인트 튤립 2종", "img4": ""},
{"name": "친환경 세척 삼채", "img4": "https://img-cf.kurly.com/shop/data/goodsview/20190503/gv00000049469_2.jpg"},
{"name": "[농부의 꽃] 프리지아 6종", "img4": ""},
{"name": "[농부의 꽃] 튤립 8종", "img4": ""},
{"name": "친환경 로마네스코 2종", "img4": "https://img-cf.kurly.com/shop/data/goodsview/20200221/gv40000082178_2.jpg"},
{"name": "GAP 컬리&브로믹스", "img4": "https://img-cf.kurly.com/shop/data/goodsview/20200120/gv20000078710_2.jpg"},
{"name": "무농약 조각 콜리플라워 180g", "img4": "https://img-cf.kurly.com/shop/data/goodsview/20170504/gv40000002786_2.jpg"},
{"name": "친환경 콜라비 1개", "img4": "https://img-cf.kurly.com/shop/data/goodsview/20170303/gv40000000385_2.jpg"},
{"name": "콜라비 1개", "img4": "https://img-cf.kurly.com/shop/data/goodsview/20181204/gv40000037611_2.jpg"},
{"name": "유기농 브로콜리 600g (냉동)", "img4": "https://img-cf.kurly.com/shop/data/goodsview/20191028/gv30000066004_2.jpg"},
{"name": "컬리플라워 라이스 340g(냉동)", "img4": "https://img-cf.kurly.com/shop/data/goodsview/20190726/gv30000057213_2.jpg"},
{"name": "유기농 콜리플라워 600g (냉동)", "img4": "https://img-cf.kurly.com/shop/data/goodsview/20190513/gv10000049996_2.jpg"},
{"name": "무농약 새싹보리 150g", "img4": "https://img-cf.kurly.com/shop/data/goodsview/20190513/gv20000049978_2.jpg"},
{"name": "와사비 줄기 절임 100g (냉동)", "img4": "https://img-cf.kurly.com/shop/data/goodsview/20181206/gv00000037892_2.jpg"}