{"name": "참두릅 150g", "img4": "https://img-cf.kurly.com/shop/data/goodsview/20190405/gv40000046676_2.jpg"},
{"name": "비름나물 150g", "img4": "https://img-cf.kurly.com/shop/data/goodsview/20200401/gv10000088511_2.jpg"},
{"name": "땅두릅 150g", "img4": "https://img-cf.kurly.com/shop/data/goodsview/20190404/gv40000046648_2.jpg"},
{"name": "곰취 80g", "img4": "https://img-cf.kurly.com/shop/data/goodsview/20190422/gv20000048168_2.jpg"},
{"name": "[KF365] 경기 시금치 250g/단", "img4": "https://img-cf.kurly.com/shop/data/goodsview/20200306/gv40000084415_2.jpg"},
{"name": "한끼 시금치 120g", "img4": "https://img-cf.kurly.com/shop/data/goodsview/20200303/gv40000083815_2.jpg"},
{"name": "유기농 삼나물(눈개승마) 100g", "img4": "https://img-cf.kurly.com/shop/data/goodsview/20190305/gv10000044218_2.jpg"},
{"name": "친환경 영양부추", "img4": "https://img-cf.kurly.com/shop/data/goodsview/20170802/gv40000005731_2.jpg"},
{"name": "무농약 청도 한재 미나리 200g", "img4": "https://img-cf.kurly.com/shop/data/goodsview/20191129/gv20000070262_2.jpg"},
{"name": "컷팅 부추 100g", "img4": "https://img-cf.kurly.com/shop/data/goodsview/20191111/gv30000067560_2.jpg"},
{"name": "포항초 250g", "img4": "https://img-cf.kurly.com/shop/data/goodsview/20181127/gv20000036902_2.jpg"},
{"name": "씀바귀 120g", "img4": "https://img-cf.kurly.com/shop/data/goodsview/20190405/gv20000046683_2.jpg"},
{"name": "달래 60g", "img4": "https://img-cf.kurly.com/shop/data/goodsview/20181112/gv30000035761_2.jpg"},
{"name": "돌나물 150g", "img4": "https://img-cf.kurly.com/shop/data/goodsview/20181112/gv10000035744_2.jpg"},
{"name": "방풍나물 150g", "img4": "https://img-cf.kurly.com/shop/data/goodsview/20181112/gv40000035722_2.jpg"},
{"name": "무농약 고사리&도라지 300g", "img4": "https://img-cf.kurly.com/shop/data/goodsview/20191021/gv10000065345_2.jpg"}