{"name": "무농약  롤로비온다 80g", "img4": "https://img-cf.kurly.com/shop/data/goodsview/20200320/gv10000086417_2.jpg"},
{"name": "무농약 스탠포드 40g", "img4": "https://img-cf.kurly.com/shop/data/goodsview/20200320/gv00000086410_2.jpg"},
{"name": "무농약 프릴아이스 80g", "img4": "https://img-cf.kurly.com/shop/data/goodsview/20200320/gv00000086401_2.jpg"},
{"name": "무농약 유러피안 소프트 샐러드 130g", "img4": "https://img-cf.kurly.com/shop/data/goodsview/20200320/gv20000086396_2.jpg"},
{"name": "통셀러리 500g", "img4": "https://img-cf.kurly.com/shop/data/goodsview/20200318/gv30000086112_2.jpg"},
{"name": "무농약 깻잎순", "img4": "https://img-cf.kurly.com/shop/data/goodsview/20200317/gv40000085834_2.jpg"},
{"name": "한끼 깻잎 20g", "img4": "https://img-cf.kurly.com/shop/data/goodsview/20200306/gv20000084396_2.jpg"},
{"name": "한끼 모둠쌈 100g", "img4": "https://img-cf.kurly.com/shop/data/goodsview/20200217/gv10000081552_2.jpg"},
{"name": "한끼 샐러리잎 50g", "img4": "https://img-cf.kurly.com/shop/data/goodsview/20200217/gv40000081547_2.jpg"},
{"name": "한끼 청겨자 50g", "img4": "https://img-cf.kurly.com/shop/data/goodsview/20200217/gv00000081530_2.jpg"},
{"name": "한끼 적근대 40g", "img4": "https://img-cf.kurly.com/shop/data/goodsview/20200217/gv30000081610_2.jpg"},
{"name": "한끼 적겨자 50g", "img4": "https://img-cf.kurly.com/shop/data/goodsview/20200217/gv00000081556_2.jpg"},
{"name": "한끼 적치커리 40g", "img4": "https://img-cf.kurly.com/shop/data/goodsview/20200217/gv40000081679_2.jpg"},
{"name": "한끼 쌈추 40g", "img4": "https://img-cf.kurly.com/shop/data/goodsview/20200217/gv20000081540_2.jpg"},
{"name": "한끼 쌈케일 40g", "img4": "https://img-cf.kurly.com/shop/data/goodsview/20200217/gv30000081669_2.jpg"},
{"name": "한끼 치커리 60g", "img4": "https://img-cf.kurly.com/shop/data/goodsview/20200217/gv00000081658_2.jpg"}