{"name": "이유식 재료 친환경 양파 1개", "img4": "https://img-cf.kurly.com/shop/data/goodsview/20200403/gv30000088807_2.jpg"},
{"name": "양파 1.8kg", "img4": "https://img-cf.kurly.com/shop/data/goodsview/20200306/gv20000084497_2.jpg"},
{"name": "한끼 깐마늘 100g", "img4": "https://img-cf.kurly.com/shop/data/goodsview/20200303/gv10000083825_2.jpg"},
{"name": "한끼 대파 250g", "img4": "https://img-cf.kurly.com/shop/data/goodsview/20200303/gv00000083849_2.jpg"},
{"name": "동결건조 다진생강 20g", "img4": "https://img-cf.kurly.com/shop/data/goodsview/20200212/gv40000081154_2.jpg"},
{"name": "[갈릭꼬] 효소발효 황제마늘2종", "img4": "https://img-cf.kurly.com/shop/data/goodsview/20191129/gv10000070443_2.jpg"},
{"name": "무농약 깐 생강 50g", "img4": "https://img-cf.kurly.com/shop/data/goodsview/20180718/gv30000027544_2.jpg"},
{"name": "무농약 쪽파 200g", "img4": "https://img-cf.kurly.com/shop/data/goodsview/20200320/gv30000086562_2.jpg"},
{"name": "유기농 간편 대파 150g (냉동)", "img4": "https://img-cf.kurly.com/shop/data/goodsview/20191028/gv40000065983_2.jpg"},
{"name": "무농약 손질한 잎몸 대파 200g", "img4": "https://img-cf.kurly.com/shop/data/goodsview/20191022/gv00000065403_2.jpg"},
{"name": "한끼 채소 손질 대파 100g", "img4": "https://img-cf.kurly.com/shop/data/goodsview/20190904/gv30000061172_2.jpg"},
{"name": "한끼 채소 파채 100g", "img4": "https://img-cf.kurly.com/shop/data/goodsview/20190904/gv20000061180_2.jpg"},
{"name": "동결건조 다진마늘 40g", "img4": "https://img-cf.kurly.com/shop/data/goodsview/20190702/gv30000054801_2.jpg"},
{"name": "깐쪽파 200g", "img4": "https://img-cf.kurly.com/shop/data/goodsview/20190523/gv20000051042_2.jpg"},
{"name": "창녕 마늘 300g", "img4": "https://img-cf.kurly.com/shop/data/goodsview/20190104/gv10000040673_2.jpg"},
{"name": "흙생강 100g", "img4": "https://img-cf.kurly.com/shop/data/goodsview/20180828/gv20000030713_2.jpg"}