{"name": "[버섯마루] 버섯 그대로", "img4": "https://img-cf.kurly.com/shop/data/goodsview/20200406/gv00000088978_2.jpg"},
{"name": "이유식 재료 친환경 양송이버섯 80g", "img4": "https://img-cf.kurly.com/shop/data/goodsview/20200403/gv00000088848_2.jpg"},
{"name": "뿌리손질 새송이버섯 300g X 2봉", "img4": "https://img-cf.kurly.com/shop/data/goodsview/20200306/gv10000084556_2.jpg"},
{"name": "새송이버섯 400g", "img4": "https://img-cf.kurly.com/shop/data/goodsview/20200306/gv00000084570_2.jpg"},
{"name": "무농약 만가닥버섯 2종 (흰색/갈색)", "img4": "https://img-cf.kurly.com/shop/data/goodsview/20200304/gv10000083985_2.jpg"},
{"name": "유기농 간편 표고버섯 90g (냉동)", "img4": "https://img-cf.kurly.com/shop/data/goodsview/20191028/gv30000066022_2.jpg"},
{"name": "무농약 머쉬밥 100g", "img4": "https://img-cf.kurly.com/shop/data/goodsview/20190916/gv40000061881_2.jpg"},
{"name": "[김구원선생] 무농약 숙주나물 200g", "img4": "https://img-cf.kurly.com/shop/data/goodsview/20190826/gv40000060223_2.jpg"},
{"name": "[김구원선생] 무농약 콩나물 200g", "img4": "https://img-cf.kurly.com/shop/data/goodsview/20190826/gv10000060225_2.jpg"},
{"name": "무농약 버섯 9종", "img4": "https://img-cf.kurly.com/shop/data/goodsview/20190624/gv40000053941_2.jpg"},
{"name": "무농약 미니표고버섯 150g", "img4": "https://img-cf.kurly.com/shop/data/goodsview/20190507/gv00000049580_2.jpg"},
{"name": "무농약 화고버섯 200g", "img4": "https://img-cf.kurly.com/shop/data/goodsview/20190507/gv30000049560_2.jpg"},
{"name": "무농약 머쉬마루 버섯(아위 버섯) 200g", "img4": "https://img-cf.kurly.com/shop/data/goodsview/20190110/gv10000041294_2.jpg"},
{"name": "참타리버섯 100g", "img4": "https://img-cf.kurly.com/shop/data/goodsview/20181121/gv20000036558_2.jpg"},
{"name": "표고버섯 6입", "img4": "https://img-cf.kurly.com/shop/data/goodsview/20181121/gv40000036562_2.jpg"},
{"name": "팽이버섯 2입", "img4": "https://img-cf.kurly.com/shop/data/goodsview/20181121/gv40000036568_2.jpg"}