{"name": "한끼 오이맛고추 80g", "img4": "https://img-cf.kurly.com/shop/data/goodsview/20200303/gv20000083820_2.jpg"},
{"name": "한끼 파프리카 1입 2종", "img4": "https://img-cf.kurly.com/shop/data/goodsview/20200226/gv10000082824_2.jpg"},
{"name": "유기농 간편 청양고추 120g (냉동)", "img4": "https://img-cf.kurly.com/shop/data/goodsview/20191028/gv40000066027_2.jpg"},
{"name": "동결건조 다진청양고추 40g", "img4": "https://img-cf.kurly.com/shop/data/goodsview/20190926/gv30000063109_2.jpg"},
{"name": "오이맛고추 300g", "img4": "https://img-cf.kurly.com/shop/data/goodsview/20190903/gv10000061003_2.jpg"},
{"name": "더 매운 노란 고추 80g", "img4": "https://img-cf.kurly.com/shop/data/goodsview/20180803/gv30000028611_2.jpg"},
{"name": "청양고추 2종", "img4": "https://img-cf.kurly.com/shop/data/goodsview/20181022/gv10000033942_2.jpg"},
{"name": "파프리카 2종", "img4": "https://img-cf.kurly.com/shop/data/goodsview/20181019/gv30000033897_2.jpg"},
{"name": "오이맛고추 150g", "img4": "https://img-cf.kurly.com/shop/data/goodsview/20180824/gv00000030347_2.jpg"},
{"name": "꽈리고추 100g", "img4": "https://img-cf.kurly.com/shop/data/goodsview/20180824/gv20000030351_2.jpg"},
{"name": "홍고추 80g", "img4": "https://img-cf.kurly.com/shop/data/goodsview/20180824/gv20000030332_2.jpg"},
{"name": "풋고추 100g", "img4": "https://img-cf.kurly.com/shop/data/goodsview/20180824/gv30000030343_2.jpg"},
{"name": "국내산 할라피뇨 고추 300g", "img4": "https://img-cf.kurly.com/shop/data/goodsview/20180601/gv00000024621_2.jpg"},
{"name": "모악산 당조고추 300g", "img4": "https://img-cf.kurly.com/shop/data/goodsview/20171212/gv00000013991_2.jpg"},
{"name": "무농약 고추 5종", "img4": ""},
{"name": "친환경 피망 2입", "img4": "https://img-cf.kurly.com/shop/data/goodsview/20181212/gv10000004730_2.jpg"}