{"img1": "https://img-cf.kurly.com/shop/data/goods/1585705663126y0.jpg", "name": "[라이스웰] 황동판에 구운 찹쌀누룽지", "summary": "바삭, 쫀득, 구수한 삼 박자", "price": "15,000원", "discount_rate": 0, "unit": "1통", "amount": "800g", "package": "상온/종이포장", "made_in": "", "img2": "https://img-cf.kurly.com/shop/data/goodsview/20200401/gv00000088341_1.jpg", "description": "누룽지는 오독오독 씹히는 재미와 구수한 맛이 매력적인 음식이지요. 이번에 소개할 라이스웰의 누룽지는 부드럽게 불린 국내산 찹쌀과 백미를 이용, 황동판에 얇고 노릇하게 구워 만들었어요. 찹쌀 함유량이 약 80%인 만큼, 백미만 사용한 누룽지에 비해 찹쌀 특유의 쫀득한 식감이 도드라진답니다. 과자 대신 바삭하게 간식으로 즐기거나, 간편한 식사 등 요리에도 다채롭게 활용해보세요. 플라스틱 용기에 담겨져 있어 보관도 수월하답니다.", "img3": "https://img-cf.kurly.com/shop/data/goodsview/20200401/gv40000088344_1.jpg", "option_name_list": [], "option_price_list": []},
{"img1": "https://img-cf.kurly.com/shop/data/goods/1585554783182y0.jpg", "name": "[달새앙] 생강칩", "summary": "바삭바삭 영양 간식", "price": "4,750원", "discount_rate": "5%", "unit": "1봉", "amount": "50g", "package": "상온/종이포장", "made_in": "", "img2": "https://img-cf.kurly.com/shop/data/goodsview/20200330/gv30000088021_1.jpg", "description": "뿌리가 통통한 국내산 생강으로 만든 달새앙의 생강칩을 소개해 드릴게요. 생강을 아주 얇게 썰어서 볶은 후 건조시켰기에 바삭바삭함이 살아 있지요. 첨가물을 넣지 않아 더욱 안심하고 즐길 수 있답니다. 건강하게 즐기는 간편한 간식으로도 좋고, 잘게 부수면 다양한 요리에 활용하기에도 좋을 거예요. 알싸하면서도 달콤한 생강의 매력을 일상에서도 간편히 즐겨 보세요.", "img3": "https://img-cf.kurly.com/shop/data/goodsview/20200330/gv30000088025_1.jpg", "option_name_list": [], "option_price_list": []},
{"img1": "https://img-cf.kurly.com/shop/data/goods/1584597767590y0.jpg", "name": "[DeMori] 이탈리아에서 온 토르세티 2종", "summary": "말발굽 모양의 바삭한 버터 쿠키", "price": "13,500원", "discount_rate": 0, "unit": "1통", "amount": "300g", "package": "상온/종이포장", "made_in": "", "img2": "https://img-cf.kurly.com/shop/data/goodsview/20200319/gv30000086251_1.jpg", "description": "나른한 오후의 티 테이블을 풍성하게 만들어줄 이탈리아 피에몬테 지역의 전통 쿠키를 소개할게요. 말발굽 모양으로 정성스레 말아낸 모양새가 돋보이는 '토르세티'입니다. 케이스에 한가득 담긴 큼지막한 모습에 한 번, 바삭하면서도 부드러운 식감에 또 한 번 반할 수 밖에 없어요. 버터의 고소한 풍미가 은은하게 다가오기에 향기로운 과일차나 깔끔한 커피 한 잔과 무척 조화롭게 어우러지고요. 텁텁함을 남기지 않는 깔끔함과 강하지 않은 단맛에 자꾸만 손이 간답니다. 기본에 충실한 클래식한 쿠키나 즐거운 모임이 있을 때 모두 함께 나누기 좋은 쿠키를 찾는 분들께 추천할게요.", "img3": "https://img-cf.kurly.com/shop/data/goodsview/20200319/gv00000086255_1.jpg", "option_name_list": ["[DeMori] 토르세티 알 카카오", "[DeMori] 토르세티 알 브로"], "option_price_list": ["13,500원", "13,500원"]},
{"img1": "https://img-cf.kurly.com/shop/data/goods/1584513481692y0.jpg", "name": "[레오네] 이탈리아에서 온 동화 틴케이스 캔디 6종", "summary": "상상의 나라에서 온 알록달록 캔디", "price": "10,000원", "discount_rate": 0, "unit": "1캔", "amount": "42g", "package": "상온/종이포장", "made_in": "", "img2": "https://img-cf.kurly.com/shop/data/goodsview/20200318/gv00000086095_1.jpg", "description": "여왕의 마음까지 사로잡은 이탈리아의 전통 캔디를 소개할게요. 150년이 넘는 세월 동안 달콤한 캔디로 행복을 전해온 레오네의 제품입니다. 이번에는 동화의 나라 속 주인공과 함께하는 캔디 6종을 준비했어요. 한 손에 쏙 들어오는 크기의 틴케이스를 열어보면, 파스텔톤의 캔디가 올망졸망하게 자리잡고 있는데요. 입에 쏙 넣어보면, 바삭하면서도 사르르 녹아들며 색다른 식감을 안겨준답니다. 캔디를 모두 먹고 난 후에는 귀여운 틴케이스만 사용할 수 있어 더욱 눈길이 가요. 원하는 캐릭터를 골라, 달콤함까지 담아가세요.", "img3": "https://img-cf.kurly.com/shop/data/goodsview/20200318/gv40000086099_1.jpg", "option_name_list": ["[레오네] 믹스 플레이버 캔디 피터팬", "[레오네] 믹스 플레이버 캔디 신데렐라", "[레오네] 믹스 플레이버 캔디 인어공주", "[레오네] 와일드 베리 캔디 이상한 나라의 앨리스", "[레오네] 와일드 베리 캔디 빨강모자", "[레오네] 와일드 베리 캔디 피노키오"], "option_price_list": ["10,000원", "10,000원", "10,000원", "10,000원", "10,000원", "10,000원"]},
{"img1": "https://img-cf.kurly.com/shop/data/goods/1571634367990y0.jpg", "name": "[크놀라] 그래놀라 5종", "summary": "정성으로 빚은 수제 그래놀라 (new! 옵션 추가)", "price": "9,000원", "discount_rate": "10%", "unit": "1팩", "amount": "200g", "package": "상온/종이포장", "made_in": "", "img2": "https://img-cf.kurly.com/shop/data/goodsview/20200316/gv30000085659_1.jpg", "description": "그래놀라를 좋아하는 분이라면 크놀라의 제품을 눈여겨봐 주세요. 엄선한 오트밀, 유기농 오일 등 질 좋은 재료를 사용하는 것은 물론, 재료의 밸런스까지 고려해 완성한 그래놀라입니다. 크놀라는 각 재료의 풍미와 식감을 최적으로 끌어내기 위해, 총 세 번에 걸쳐 천천히 재료를 구워요. 전 제조 공정이 수작업으로 진행되는 만큼, 맛에서도 그 정성스러움이 그대로 묻어납니다. 진한 고소함과 바삭함, 자연스러운 단맛이 완벽한 밸런스 이루는 이유가 바로 여기에 있지요. 때마다 신선하게 드실 수 있는 양으로 포장했으니, 건강한 고소함을 만끽해 보세요.", "img3": "https://img-cf.kurly.com/shop/data/goodsview/20200316/gv30000085662_1.jpg", "option_name_list": ["[크놀라] 시그니처 그래놀라", " [크놀라] 건무화과 & 호두 그래놀라", " [크놀라] 바나나 브레드 그래놀라", "[크놀라] 오렌지 크랜베리 그래놀라", "[크놀라] 크런치 코코넛 그래놀라"], "option_price_list": ["10,000원", "10,000원", "10,000원", "10,000원", "10,000원"]},
{"img1": "https://img-cf.kurly.com/shop/data/goods/1584580559811y0.jpg", "name": "[씨튼베이커리] 유기농 시리얼 3종", "summary": "유기농 곡물이 담긴 건강 시리얼", "price": "6,800원", "discount_rate": 0, "unit": "1팩", "amount": "옵션별 상이", "package": "상온/종이포장", "made_in": "", "img2": "https://img-cf.kurly.com/shop/data/goodsview/20190924/gv10000062586_1.jpg", "description": "우리 아이와 가족 모두 안심하고 즐길 수 있는 시리얼을 소개할게요. 현미, 흑미, 찰보리쌀, 쥐눈이콩 등의 곡류를 비롯해 원재료를 유기농 위주로 엄선하여 담아낸 건강 시리얼이에요. 인공 색소 대신 유기농 코코아나 채소 분말가루로 색을 입혀 안심하고 먹을 수 있는 것은 물론 색감도 곱지요. 좋은 재료로 건강한 먹거리를 만들어 나가고 있는 씨튼베이커리가 선보이는 제품이라 더욱 믿음직스럽답니다. 튀기지 않고 오븐에 구워냈음에도 바삭한 식감이 고스란히 느껴질 거예요. 구수한 곡물의 풍미가 담긴 시리얼에 각각 3가지 맛을 더하여 3종으로 준비했으니 골라가세요. ", "img3": "https://img-cf.kurly.com/shop/data/goodsview/20200319/gv10000086159_1.jpg", "option_name_list": ["[씨튼베이커리] 해와달과별", "[씨튼베이커리] 채소후레이크", "[씨튼베이커리] 초코볼"], "option_price_list": ["6,800원", "6,800원", "6,800원"]},
{"img1": "https://img-cf.kurly.com/shop/data/goods/1569291732349y0.jpg", "name": "[씨튼베이커리] 유기농 스낵 5종", "summary": "유기농 현미를 구운 건강 스낵", "price": "2,500원", "discount_rate": 0, "unit": "1팩", "amount": "옵션별 상이", "package": "상온/종이포장", "made_in": "", "img2": "https://img-cf.kurly.com/shop/data/goodsview/20190924/gv20000062596_1.jpg", "description": "우리 아이와 가족 모두 안심하고 즐길 수 있는 간식을 소개할게요. 현미를 비롯한 곡물과 올리고당, 올리브유 등의 원재료를 유기농 위주로 엄선하여 담아낸 건강 스낵이에요. 인공 색소 대신 유기농 코코아나 채소 분말가루로 색을 입혀 안심하고 먹을 수 있는 것은 물론 색감도 곱지요. 좋은 재료로 건강한 먹거리를 만들어 나가고 있는 씨튼베이커리가 선보이는 제품이라 더욱 믿음직스럽답니다. 튀기지 않고 오븐에 구워냈음에도 바삭한 식감이 고스란히 느껴질 거예요. 구수한 곡물의 풍미가 담긴 시리얼에 각각 5가지 맛을 더하여 5종으로 준비했으니 골라 담아가세요. ", "img3": "https://img-cf.kurly.com/shop/data/goodsview/20200319/gv10000086160_1.jpg", "option_name_list": ["[씨튼베이커리] 코코아스낵", "[씨튼베이커리] 단호박스낵", "[씨튼베이커리] 검정깨스낵", "[씨튼베이커리] 양파스낵", " [씨튼베이커리] 자색고구마스낵"], "option_price_list": ["2,500원", "2,500원", "2,500원", "2,500원", "2,500원"]},
{"img1": "https://img-cf.kurly.com/shop/data/goods/1584334309514y0.jpg", "name": "[zott] 몬테스낵(8개입)", "summary": "부드러운 크림을 머금은 초코 케이크", "price": "7,900원", "discount_rate": 0, "unit": "PK", "amount": "29g x 8ea", "package": "냉장/종이포장", "made_in": "", "img2": "https://img-cf.kurly.com/shop/data/goodsview/20200316/gv00000085642_1.jpg", "description": "이름만 들었을 땐 바삭한 쿠키가 떠오르지만, 몬테스낵은 달달하고 촉촉한 미니 케이크랍니다. 진하게 달콤한 코코아 시트 사이에, 너무나도 부드러운 헤이즐넛 크림이 들어있어요. 한 입 베어 물면, 마치 입안에서 사르르 녹는 것만 같아요. 공부나 업무 중에도 금세 당을 충전해 주는 최고의 디저트입니다. 냉장고에 두고 차게 만들어, 따뜻한 커피나 우유와 함께 즐겨보세요. 실패 없는 달콤한 맛에 흠뻑 빠져들 거예요. ", "img3": "https://img-cf.kurly.com/shop/data/goodsview/20200316/gv00000085650_1.jpg", "option_name_list": [], "option_price_list": []},
{"img1": "https://img-cf.kurly.com/shop/data/goods/1583981035828y0.jpg", "name": "[쇼콜리디아] 디아망 쿠키", "summary": "커피의 단짝친구 쿠키", "price": "17,000원", "discount_rate": 0, "unit": "1박스", "amount": "340g / 12개입", "package": "상온/종이포장", "made_in": "", "img2": "https://img-cf.kurly.com/shop/data/goodsview/20200312/gv30000085257_1.jpg", "description": "프랑스에서 시작되었다는 디아망 쿠키. 쿠키 표면에 설탕을 굴리는 데 이때 설탕이 반짝거린다고 하여 다이아몬드라는 뜻의 디아망이라는 근사한 이름을 갖게 되었다고 하죠. 컬리는 특색있는 디저트를 선보이는 쇼콜리디아의 시그니처 제품인 수제 디아망 쿠키 세트를 준비했어요. 딱 적당한 정도의 은은한 달콤함과 담백함을 갖춘 세 가지 맛의 쿠키를 담았어요. 도톰해서 든든하기까지 하죠. 커피와 특히 잘 어울리니, 나른한 오후 좋아하는 커피와 디아망 쿠키로 기분전환을 해보세요.", "img3": "https://img-cf.kurly.com/shop/data/goodsview/20200312/gv10000085263_1.jpg", "option_name_list": [], "option_price_list": []},
{"img1": "https://img-cf.kurly.com/shop/data/goods/158398886051y0.jpg", "name": "[쿠키쿠커] 아메리칸스타일 쿠키 5종", "summary": "커피와 잘 어울리는 달콤한 쿠키", "price": "1,200원", "discount_rate": 0, "unit": "1봉", "amount": "38g", "package": "상온/종이포장", "made_in": "", "img2": "https://img-cf.kurly.com/shop/data/goodsview/20200312/gv20000085286_1.jpg", "description": null, "img3": "https://img-cf.kurly.com/shop/data/goodsview/20200312/gv30000085288_1.jpg", "option_name_list": ["[쿠키쿠커] 로키로드 쿠키", "[쿠키쿠커] 마카다미아 쿠키", "[쿠키쿠커] 오트밀 레이즌 쿠키", "[쿠키쿠커] 카라멜 쵸코렛칩 피칸 쿠키", "[쿠키쿠커] 쵸코렛 청크 쿠키"], "option_price_list": ["1,200원", "1,200원", "1,200원", "1,200원", "1,200원"]},
{"img1": "https://img-cf.kurly.com/shop/data/goods/158389989252y0.jpg", "name": "[바삭] 프리즈 크리스피 람부탄", "summary": "열대과일 람부탄을 바삭하게!", "price": "4,000원", "discount_rate": 0, "unit": "1팩", "amount": "25g", "package": "상온/종이포장", "made_in": "", "img2": "https://img-cf.kurly.com/shop/data/goodsview/20200311/gv40000085127_1.jpg", "description": "람부탄은 털 모양의 돌기가 있는 동그란 모양의 열대 과일이에요. 붉고 독특한 겉껍질과 달리 흰색의 과육은 달콤한 과즙을 가득 머금고 있죠. 바삭은 람부탄을 처음 맛보는 분들도 부담 없이 즐길 수 있도록 과일 그대로 동결건조해 바삭한 스낵으로 만들었어요. 한입에 바삭하게 씹혀 입에서 사르르 녹는 람부탄을 즐겨보세요. 가벼운 식감이기에 아이들 간식으로도 더할 나위 없을 거예요. ", "img3": "https://img-cf.kurly.com/shop/data/goodsview/20200311/gv40000085129_1.jpg", "option_name_list": [], "option_price_list": []},
{"img1": "https://img-cf.kurly.com/shop/data/goods/158373718180y0.jpg", "name": "[리콜라] 레몬&허브 17.5gx10봉 기획세트", "summary": "", "price": "8,900원", "discount_rate": 0, "unit": "1세트", "amount": "17.5g x 10봉", "package": "상온/종이포장", "made_in": "", "img2": "https://img-cf.kurly.com/shop/data/goodsview/20200309/gv00000084744_1.jpg", "description": "때론 입안과 목구멍이 알싸해질 만큼 상쾌하고 개운한 허브 캔디가 생각나곤 하지요. 컬리가 소개하는 리콜라 허브 캔디는 스위스의 청정 지역에서 재배, 수확한 허브 추출물로 만들었습니다. 리콜라의 신선한 허브 추출물에 천연향료 등을 적절히 배합했기에 캔디 맛이 인위적이지 않아요. 다채로운 허브의 향을 머금은 오리지널 허브맛과, 상큼한 레몬민트맛 2가지를 넉넉하게 담아 준비했답니다. 가방에 가볍게 쏙 넣어, 입안이 심심하게 느껴질 때쯤 한 알씩 꺼내 특유의 상쾌함을 즐겨보세요.", "img3": "https://img-cf.kurly.com/shop/data/goodsview/20200309/gv30000084760_1.jpg", "option_name_list": [], "option_price_list": []},
{"img1": "https://img-cf.kurly.com/shop/data/goods/1583388384193y0.jpg", "name": "[아로마트러플] 블랙써머 트러플 포테이토칩 오리지널", "summary": "중독성있는 진한 트러플 풍미", "price": "12,900원", "discount_rate": 0, "unit": "1봉", "amount": "100g", "package": "상온/종이포장", "made_in": "", "img2": "https://img-cf.kurly.com/shop/data/goodsview/20200305/gv20000084229_1.jpg", "description": "싱가포르 여행의 쇼핑리스트에 등장하는 감자칩이 있어요. 블랙썸머트러플을 넣고 올리브오일로 튀겨낸 아로마트러플의 트러플 포테이토칩은 화려한 맛으로 인기를 끌고 있는데요. 유난히 풍부한 트러플의 풍미에 한 번 맛보면 중독이 될 정도라고 해요. 봉지를 열자마자 피어오르는 트러플의 진한 향에, 달달하고 짭조름한 맛과 적당한 두께로 만족스러운 식감까지. 누구나 가볍게 즐기기 좋은 간식은 물론 맥주와 와인에도 찰떡궁합을 자랑하는 안주가 될 거예요. ", "img3": "https://img-cf.kurly.com/shop/data/goodsview/20200305/gv40000084232_1.jpg", "option_name_list": [], "option_price_list": []},
{"img1": "https://img-cf.kurly.com/shop/data/goods/1554277909858y0.jpg", "name": "[초코파이 하우스] 초코파이 6종", "summary": "즐겁고 새로운 변신", "price": "2,500원", "discount_rate": 0, "unit": "1봉", "amount": "옵션별 상이", "package": "냉장/종이포장", "made_in": "", "img2": "https://img-cf.kurly.com/shop/data/goodsview/20190403/gv20000046566_1.jpg", "description": "40년간 '정'을 전해온 오리온이 색다른 맛, 달콤한 즐거움을 선보입니다. 하나만으로도 배부를 정도로 크기는 커지고 맛은 다채로워졌는데요. 폭신한 마시멜로에 바닐라빈과 리큐르를 더해 고급스러운 풍미를 더했고요. 한층 진한 달콤함과 풍성한 식감을 느낄 수 있도록, 카카오 버터로 만든 초콜릿으로 도톰한 시트를 감싸주었지요. 익숙한 오리지널 맛부터 고소한 인절미 초코파이까지 6종을 준비했으니 취향에 맞게 골라 보세요.", "img3": "https://img-cf.kurly.com/shop/data/goodsview/20200306/gv40000084392_1.jpg", "option_name_list": ["[초코파이 하우스] 오리지널 초코파이", " [초코파이 하우스] 카카오 초코파이", "[초코파이 하우스] 카라멜솔트 초코파이", "[초코파이 하우스] 레드벨벳 초코파이", "[초코파이 하우스] 제주한라봉 초코파이", "[초코파이 하우스] 인미 초코파이"], "option_price_list": ["2,500원", "2,500원", "2,500원", "2,500원", "3,000원", "3,000원"]},
{"img1": "https://img-cf.kurly.com/shop/data/goods/1583398869259y0.jpg", "name": "[위메이드] 밀크쿠키", "summary": "부드러운 버터 향이 일품", "price": "3,200원", "discount_rate": 0, "unit": "1개", "amount": "120g (10g x 12개입) ", "package": "상온/종이포장", "made_in": "", "img2": "https://img-cf.kurly.com/shop/data/goodsview/20200305/gv20000084311_1.jpg", "description": "대만 여행자들 사이에서 소문난 디저트, 위메이드 밀크쿠키를 소개합니다. 패키지에 귀여운 젖소 그림이 있어 '젖소 쿠키'라고도 불리지요. 부드러운 우유의 향과 버터의 녹진한 맛이 잘 어우러진 제품이랍니다. 하나씩 깔끔하게 포장되어 있으니 입이 심심할 때면 부담 없이 즐겨보세요. 우유는 물론 커피와 홍차까지 다양한 음료와도 잘 어울려요.", "img3": "https://img-cf.kurly.com/shop/data/goodsview/20200319/gv00000086177_1.jpg", "option_name_list": [], "option_price_list": []},
{"img1": "https://img-cf.kurly.com/shop/data/goods/1583297753782y0.jpg", "name": "오븐에 구운 넛츠파이 3종", "summary": "스낵처럼 즐기는 고소한 견과류 파이", "price": "3,900원", "discount_rate": 0, "unit": "1봉", "amount": "180g", "package": "상온/종이포장", "made_in": "", "img2": "https://img-cf.kurly.com/shop/data/goodsview/20200304/gv30000083989_1.jpg", "description": "오독오독 고소하게 씹히는 견과류를 더 맛있게 즐기고 싶다면 오븐에 구운 넛츠파이 3종을 만나보세요. 건조 코코넛, 아몬드, 호박씨 등에 유기농 설탕과 메이플 시럽으로 단맛을 낸 다음 조청에 굳혀 한입 크기로 잘라냈어요. 건조 코코넛의 달콤한 향과 씹을수록 달콤해지는 맛이 견과류와 어우러져 계속 손이 가요. 견과류 마니아는 물론 견과류를 좋아하지 않는 분들도 거부감 없이 과자처럼 즐길 수 있을 거예요. ", "img3": "https://img-cf.kurly.com/shop/data/goodsview/20200304/gv30000083995_1.jpg", "option_name_list": ["메이플 마카다미아 넛츠파이", "메이플 오리지날 넛츠파이", "메이플 피칸 넛츠파이"], "option_price_list": ["4,900원", "3,900원", "4,400원"]}