{"img1": "https://img-cf.kurly.com/shop/data/goods/1582527929782y0.jpg", "name": "[조선마켓] 조선향미 유기농 떡 2종", "summary": "쫄깃한 식감이 매력적인 유기농 떡", "price": "5,500원", "discount_rate": 0, "unit": "1봉", "amount": "500g", "package": "냉장/종이포장", "made_in": "국산", "img2": "https://img-cf.kurly.com/shop/data/goodsview/20200224/gv30000082421_1.jpg", "description": "소박하고 담백한 쌀떡은 쌀 본연의 순수한 특성을 그대로 담고 있기에 어떤 쌀을 이용해 만들었는지가 중요하죠. 조선향미 유기농 떡은 100% 유기농으로 기른 쌀을 사용해 안심하고 즐길 수 있음은 물론, 찰기가 좋고 식감이 쫄깃한 쌀로 만들었기에 씹을수록 살아나는 탱탱한 식감이 돋보인답니다. 3번의 반복 공정으로 완성한 쫀득한 식감이 씹는 즐거움을 한껏 안겨주는데요. 꼬박 하루 동안 저온에서 숙성 시켜 쉽게 물러지거나 퍼지지 않기에 특유의 식감을 더 오래도록 즐길 수 있지요. 정갈한 떡국 한 그릇부터 매콤달콤한 떡볶이까지, 다양한 요리에 활용해보세요.", "img3": "https://img-cf.kurly.com/shop/data/goodsview/20200224/gv30000082434_1.jpg", "option_name_list": ["[조선마켓] 조선향미 유기농 떡국용 떡", "[조선마켓] 조선향미 유기농 떡볶이용 떡"], "option_price_list": ["5,500원", "5,500원"]},
{"img1": "https://img-cf.kurly.com/shop/data/goods/1580895737639y0.jpg", "name": "[성신미설병과] 밥알떡", "summary": "밥알이 쫀득쫀득 씹히는 찹쌀떡", "price": "15,000원", "discount_rate": 0, "unit": "1박스", "amount": "850g / 85g X 10개입", "package": "냉동/종이포장", "made_in": "", "img2": "https://img-cf.kurly.com/shop/data/goodsview/20200205/gv10000080404_1.jpg", "description": "찹쌀의 알갱이가 하나하나 살아있어 꼭 주먹밥 같은 모양의 떡을 소개할게요. 우리 쌀과 엄선한 재료로 정성스레 빚어낸 성신미설병과의 밥알떡이에요. 옛 방식대로 찹쌀을 쪄낸 후 절구로 쳐서 만들었기에 밥 알갱이의 모양이 고스란히 살아있답니다. 고운 녹색 빛의 떡을 한 입 베어 물면 쫄깃한 찹쌀 알갱이가 입안을 돌아다니며 즐거운 식감을 전달해주는데요. 향긋하면서도 쌉쌀한 쑥 내음과 함께 팥앙금이 자아내는 자연스러운 단맛이 조화롭게 어우러져요. 하나씩 개별포장 되어있으니 두어 개 씩 가지고 다니며 간식으로 즐겨보세요.", "img3": "https://img-cf.kurly.com/shop/data/goodsview/20200205/gv00000080407_1.jpg", "option_name_list": [], "option_price_list": []},
{"img1": "https://img-cf.kurly.com/shop/data/goods/1571279506350y0.jpg", "name": "[신복자명인떡] 오색보리 앙금떡 6종", "summary": "달콤한 앙금 품은 쫀득한 한 입 (2종 신규 오픈)", "price": "5,500원", "discount_rate": 0, "unit": "1팩", "amount": "옵션별 상이", "package": "냉동/종이포장", "made_in": "", "img2": "https://img-cf.kurly.com/shop/data/goodsview/20200110/gv30000077588_1.jpg", "description": "수많은 떡 중에서도 절편을 좋아하는 분들이 계실 거예요. 멥쌀의 담백한 맛을 품고 있으면서도 각기 다른 재료들이 자아내는 은은한 색감에 눈까지 즐거운데요. 컬리가 준비한 오색보리 앙금떡은 절편의 담백한 풍미에 달콤한 앙금과 쫀득한 식감까지 더한 제품이에요. 청정한 고창 지역의 보리가루와 국산 쌀을 사용한 것은 물론, 고운 색을 내는 국내산 재료까지 함께 빚어냈지요. 한입 베어물면 달콤한 앙금이 모습을 비추니 절로 입가에 미소가 번져요. 하나씩 포장되어 있어 출출할 때 꺼내어 먹기에도 좋아요.", "img3": "https://img-cf.kurly.com/shop/data/goodsview/20200110/gv20000077596_1.jpg", "option_name_list": ["[신복자명인떡] 고창보리 전통편", "[신복자명인떡] 고창보리 쑥편", "[신복자명인떡] 고창보리 호박편", "[신복자명인떡] 고창보리 복분자편", "[신복자명인떡] 전통보리 찹쌀떡 new", "[신복자명인떡] 새싹보리 찹쌀떡 new"], "option_price_list": ["5,500원", "5,500원", "5,500원", "5,500원", "5,500원", "5,500원"]},
{"img1": "https://img-cf.kurly.com/shop/data/goods/1579066233323y0.jpg", "name": "[착한떡] 뽀로로 설기 2종", "summary": "아이들의 눈길을 끄는 백설기", "price": "5,600원", "discount_rate": 0, "unit": "1박스", "amount": "120g X 4개입", "package": "냉동/종이포장", "made_in": "", "img2": "https://img-cf.kurly.com/shop/data/goodsview/20200115/gv10000078020_1.jpg", "description": "새하얀 백설기 위에 귀여운 뽀로로 캐릭터가 그려져 있는 '뽀로로 설기 2종'을 소개할게요. 이미 컬리에서 많은 사랑을 받고 있는 착한떡의 백설기 위에 아이들이 좋아하는 뽀로로를 새긴 떡이랍니다. 착색료가 아닌 치자분말을 사용했기에 안심하고 아이에게 건네도 좋아요. 씹을수록 멥쌀가루의 자연스러운 단맛이 배어 나오는 '우유백설기'와 포슬포슬한 설기 속에 흑설탕과 흑임자를 섞은 소스가 들어 있는 '우유꿀백설기' 두 종류를 준비했으니, 취향에 따라 선택해보세요.", "img3": "https://img-cf.kurly.com/shop/data/goodsview/20200115/gv00000078026_1.jpg", "option_name_list": ["[착한떡] 뽀로로 우유백설기", "[착한떡] 뽀로로 우유꿀백설기"], "option_price_list": ["5,600원", "6,400원"]},
{"img1": "https://img-cf.kurly.com/shop/data/goods/1579066452812y0.jpg", "name": "[착한떡] 꼬마버스 타요 설기 2종", "summary": "타요와 함께하는 즐거운 간식 시간", "price": "5,600원", "discount_rate": 0, "unit": "1박스", "amount": "120g X 4개입", "package": "냉동/종이포장", "made_in": "", "img2": "https://img-cf.kurly.com/shop/data/goodsview/20200115/gv10000078027_1.jpg", "description": "새하얀 백설기 위에 타요 캐릭터가 그려져 있는 '꼬마버스 타요 설기 2종'을 소개할게요. 이미 컬리에서 많은 사랑을 받고 있는 착한떡의 백설기 위에 아이들이 좋아하는 타요를 새긴 떡이랍니다. 착색료가 아닌, 청치자분말과 오징어먹물을 사용했기에 안심하고 아이에게 건네도 좋아요. 씹을수록 멥쌀가루의 자연스러운 단맛이 배어 나오는 '우유백설기'와 포슬포슬한 설기 속에 흑설탕과 흑임자를 섞은 소스가 들어 있는 '우유꿀백설기' 두 종류를 준비했으니, 취향에 따라 선택해보세요.", "img3": "https://img-cf.kurly.com/shop/data/goodsview/20200115/gv20000078033_1.jpg", "option_name_list": ["[착한떡] 타요 우유백설기", "[착한떡] 타요 우유꿀백설기"], "option_price_list": ["5,600원", "6,400원"]},
{"img1": "https://img-cf.kurly.com/shop/data/goods/1578898950679y0.jpg", "name": "[선물세트] 동병상련 전통방식으로 만든 주전부리 세트", "summary": "다채롭게 맛보는 전통 디저트", "price": "80,000원", "discount_rate": 0, "unit": "1박스", "amount": "705g", "package": "기타", "made_in": "", "img2": "https://img-cf.kurly.com/shop/data/goodsview/20200113/gv10000077726_1.jpg", "description": "맛과 멋을 소중히 여기는 전통 디저트 브랜드, 동병상련이 선보이는 우리 고유의 간식을 컬리에서 만나보세요. 지금 소개하는 전통 간식은 주전부리 세트입니다. '주전부리'라는 이름에 걸맞게 강정과 부각, 과일칩, 누룽지 등으로 다채롭게 꾸린 선물세트랍니다. 하나하나 조금씩 맛볼 수 있도록 소포장하여 담아 냈어요. 입이 심심할 때 꺼내 먹는 간식을 더욱 건강히 즐길 수 있는 기회예요. 와인을 마실 때 초콜릿이나 치즈 등에 곁들인다면 고급스러운 안주가, 도라치차, 생강차 등의 전통차와 함께 한다면 훌륭한 티푸드가 돼 줄 거예요. ", "img3": "https://img-cf.kurly.com/shop/data/goodsview/20200115/gv10000078069_1.jpg", "option_name_list": [], "option_price_list": []},
{"img1": "https://img-cf.kurly.com/shop/data/goods/1578896674660y0.jpg", "name": "[선물세트] 동병상련 정성이 담겨있는 정과 세트", "summary": "귀한 정성이 깃든 전통 간식", "price": "80,000원", "discount_rate": 0, "unit": "1박스", "amount": "708g", "package": "기타", "made_in": "", "img2": "https://img-cf.kurly.com/shop/data/goodsview/20200113/gv40000077685_1.jpg", "description": "맛과 멋을 소중히 여기는 전통 디저트 브랜드, 동병상련이 선보이는 우리 고유의 간식을 컬리에서 만나보세요. 지금 소개하는 전통 간식은 정과세트입니다. 정과는 만드는 시간이 적게는 몇 시간에서 몇 날 며칠이 걸릴 정도로 사람의 정성이 깃든 귀한 간식이지요. 정과세트에는 매실, 연근, 더덕, 도라지 등을 달콤하게 조린 정과와 약과 등이 골고루 들어있습니다. 정과를 정월이나 명절, 혼례에 즐기는 간식 정도로만 여겼다면 초콜릿이나 치즈 등에 곁들여 더욱 풍성하게 즐겨보세요. 귀중한 분께 전해 드릴 선물로도 알맞습니다. ", "img3": "https://img-cf.kurly.com/shop/data/goodsview/20200115/gv40000078067_1.jpg", "option_name_list": [], "option_price_list": []},
{"img1": "https://img-cf.kurly.com/shop/data/goods/1577934823710y0.jpg", "name": "[성신미설병과] 단감떡", "summary": "곶감의 달콤한 맛이 스민 떡", "price": "15,000원", "discount_rate": 0, "unit": "1박스", "amount": "35g X 10개입", "package": "냉동/종이포장", "made_in": "", "img2": "https://img-cf.kurly.com/shop/data/goodsview/20200102/gv00000076184_1.jpg", "description": "잘 익은 감처럼 은은한 주황빛이 감도는 간식떡을 소개할게요. 25년간 건강한 재료를 사용해 한국의 전통병과를 만들어 온 성신미설병과가 선보이는 단감떡이에요. 국산 멥쌀로 떡을 반죽해 쫀득하면서도 탄력 있는 식감을 살렸어요. 속에는 팥 대신 달콤한 백앙금을 넣어 색다른 매력을 더했죠. 무엇보다 눈에 띄는 점은 바로 곶감을 활용했다는 거예요. 덕분에 떡을 먹는 내내 감 특유의 달콤한 풍미가 입안에서 맴돈답니다. 한 알씩 개별 포장되어 있으니 가지고 다니며 먹기에도 좋을 거예요. ", "img3": "https://img-cf.kurly.com/shop/data/goodsview/20200102/gv40000076187_1.jpg", "option_name_list": [], "option_price_list": []},
{"img1": "https://img-cf.kurly.com/shop/data/goods/1576571246864y0.jpg", "name": "[교아당] 쫀득한 수제강정 선물세트", "summary": "온 가족이 즐기는 부드러운 강정", "price": "14,000원", "discount_rate": 0, "unit": "1박스", "amount": "414g / 23g X 18개입", "package": "상온/종이포장", "made_in": "", "img2": "https://img-cf.kurly.com/shop/data/goodsview/20191217/gv00000073323_1.jpg", "description": "강정은 고소한 풍미와 자연스러운 단맛 덕분에 누구나 좋아하는 간식이지요. 하지만 혹여나 딱딱하거나 이에 달라붙진 않을까 싶어 이가 약한 분들께는 잘 선물하게 되지 않기도 해요. 교아당이 선보이는 '쫀득한 수제강정 선물세트'는 쌀조청으로 만들어 유과처럼 부드러우면서도 쫀득쫀득한 식감이 돋보인답니다. 그래서 어른이나 아이, 누구에게든 마음 편히 선물할 수 있지요. 사람 손으로 정성껏 만들었다는 점도 선물로 고르기에 제격이에요. 검은깨가 쏙쏙 박혀있어 더욱 고소한 수제강정을 소중한 분과 나눠보세요.", "img3": "https://img-cf.kurly.com/shop/data/goodsview/20191218/gv30000073515_1.jpg", "option_name_list": [], "option_price_list": []},
{"img1": "https://img-cf.kurly.com/shop/data/goods/1576569547769y0.jpg", "name": "[교아당] 쫀득한 수제강정 2종", "summary": "조청을 넣어 말캉말캉한 강정", "price": "6,500원", "discount_rate": 0, "unit": "1봉", "amount": "207g / 23g X 9개입", "package": "상온/종이포장", "made_in": "", "img2": "https://img-cf.kurly.com/shop/data/goodsview/20191217/gv40000073298_1.jpg", "description": "강정은 고소한 풍미와 자연스러운 단맛 덕분에 온 가족이 함께 즐길 수 있는 간식이지요. 하지만 이가 약한 분들은 강정을 그리 가까이 두고 드시진 못했을 거예요. 그럴 땐 교아당이 만든 '쫀득한 수제강정'을 선택해보세요. 쌀 조청을 넣어 만들어 마치 유과처럼 바삭하면서도 부드럽고 쫀득쫀득한 식감을 가지고 있거든요. 강정을 끓이는 과정부터 모양을 내기까지 사람 손으로 정성껏 만든 점도 믿음이 가요. 검은깨를 뿌린 플레인강정부터, 땅콩과 아몬드로 고소함을 한층 높인 혼합강정까지 취향에 따라 골라보세요.", "img3": "https://img-cf.kurly.com/shop/data/goodsview/20191217/gv30000073303_1.jpg", "option_name_list": ["[교아당] 플레인강정 9입", "[교아당] 혼합강정 9입"], "option_price_list": ["6,500원", "7,500원"]},
{"img1": "https://img-cf.kurly.com/shop/data/goods/1576469691558y0.jpg", "name": "[착한마을 마음이가] 호박 영양떡", "summary": "계속 찾게 되는 매력적인 떡", "price": "5,500원", "discount_rate": 0, "unit": "1팩", "amount": "300g", "package": "냉동/종이포장", "made_in": "", "img2": "https://img-cf.kurly.com/shop/data/goodsview/20191216/gv00000072925_1.jpg", "description": "은은한 단맛을 조용하게 내뿜는 호박으로 만든 쫄깃쫄깃한 찰떡은 아무리 먹어도 질리지 않죠. 컬리는 재료 고유의 맛을 고스란히 담아낸 착한마을 마음이가의 호박 영양떡을 소개할게요. 품질 좋은 찹쌀에 멥쌀을 조금 섞고 호박가루를 넣어 만든 쫄깃한 호박 인절미에, 땅콩과 해바라기 씨를 넣어 식감을 살렸어요. 어른이나 아이 할 것 없이 누구나 좋아하는 보들보들한 카스텔라 옷까지 듬뿍 입혔죠. 먹기 좋도록 경단 크기로 잘라 지퍼 파우치에 담아 보내드려요. 우유나 녹차 등 좋아하는 음료와 함께 더욱더 부드럽게 즐겨보세요.", "img3": "https://img-cf.kurly.com/shop/data/goodsview/20191216/gv30000072929_1.jpg", "option_name_list": [], "option_price_list": []},
{"img1": "https://img-cf.kurly.com/shop/data/goods/1576468965152y0.jpg", "name": "[착한마을 마음이가] 흑미 영양떡", "summary": "구수한 흑미가 쫀득한 찰떡으로", "price": "5,500원", "discount_rate": 0, "unit": "1팩", "amount": "300g", "package": "냉동/종이포장", "made_in": "", "img2": "https://img-cf.kurly.com/shop/data/goodsview/20191216/gv10000072915_1.jpg", "description": "까맣고 반질반질한 흑미로 떡을 만들면 그 구수한 향이 반전 매력을 선사하는데요. 컬리는 재료 고유의 맛을 고스란히 담아낸 착한마을 마음이가의 흑미 영양떡을 소개할게요. 품질 좋은 찹쌀에 멥쌀과 흑미를 적당량씩 섞어서 만든 찰떡에, 땅콩과 해바라기 씨를 넣어 식감을 살렸어요. 어른이나 아이 할 것 없이 누구나 좋아하는 보들보들한 카스텔라 옷까지 듬뿍 입혔죠. 먹기 좋도록 경단 크기로 잘라 지퍼 파우치에 담아 보내드려요. 우유나 녹차 등 좋아하는 음료와 함께 더욱더 부드럽게 즐겨보세요.", "img3": "https://img-cf.kurly.com/shop/data/goodsview/20191216/gv20000072919_1.jpg", "option_name_list": [], "option_price_list": []},
{"img1": "https://img-cf.kurly.com/shop/data/goods/157646876461y0.jpg", "name": "[착한마을 마음이가] 흰콩 쑥개떡", "summary": "고소한 강낭콩 소가 돋보이는", "price": "13,500원", "discount_rate": 0, "unit": "1박스", "amount": "600g(50gX12개입)", "package": "냉동/종이포장", "made_in": "", "img2": "https://img-cf.kurly.com/shop/data/goodsview/20191216/gv40000072910_1.jpg", "description": "무척이나 말랑말랑하여 집어 들었을 때 기분까지 좋아지는 떡을 소개할게요. 재료 고유의 맛을 고스란히 담아낸 착한마을 마음이가의 흰콩 쑥개떡은 국내산 찹쌀에 쑥을 그대로 넣고 반죽해, 쑥의 진한 빛깔과 향이 살아있어요. 동그랗고 납작한 모양의 쑥떡 속에는 흰강낭콩으로 만든 소가 들었어요. 팥앙금보다 단맛이 적고 부드러운 담백함이 매력적이어서 누구나 부담 없이 즐길 수 있죠. 그 위에는 고소한 콩가루를 가득 묻혀 풍미를 더했어요. 한입 베어 물면 콩가루의 고소함이 입안에 가득 들어차고, 뒤에 은은한 쑥 향이 감돌죠. 하나의 크기가 제법 커서 한두 개만 먹어도 속이 든든해 간식은 물론, 간단한 식사 대용으로도 손색없을 거예요.", "img3": "https://img-cf.kurly.com/shop/data/goodsview/20191216/gv00000072914_1.jpg", "option_name_list": [], "option_price_list": []},
{"img1": "https://img-cf.kurly.com/shop/data/goods/1576469471447y0.jpg", "name": "[착한마을 마음이가] 쑥 영양떡", "summary": "은은한 쑥 향이 감도는", "price": "5,500원", "discount_rate": 0, "unit": "1팩", "amount": "300g", "package": "냉동/종이포장", "made_in": "", "img2": "https://img-cf.kurly.com/shop/data/goodsview/20191216/gv30000072920_1.jpg", "description": "쑥의 은은한 향을 살린 떡을 좋아하는 분이라면 주목해 주세요. 재료 고유의 맛을 고스란히 담아낸 착한마을 마음이가의 쑥 영양떡을 소개할게요. 쑥 향을 담은 찰떡은 달달하고 쫀득하며, 그 사이사이에 박힌 땅콩과 해바라기 씨는 오독오독한 식감을 더해줘요. 어른이나 아이 할 것 없이 누구나 좋아하는 보들보들한 카스텔라 옷까지 듬뿍 입혔어요. 먹기 좋도록 경단 크기로 잘라 지퍼 파우치에 담아 보내드려요. 우유나 녹차 등 좋아하는 음료와 함께 더욱더 부드럽게 즐겨보세요.", "img3": "https://img-cf.kurly.com/shop/data/goodsview/20191216/gv10000072924_1.jpg", "option_name_list": [], "option_price_list": []},
{"img1": "https://img-cf.kurly.com/shop/data/goods/157301790436y0.jpg", "name": "[성신미설병과] 오색찹쌀떡", "summary": "달콤한 팥앙금 품은 쫄깃한 매력", "price": "15,000원", "discount_rate": 0, "unit": "", "amount": "", "package": "냉동/종이포장", "made_in": "", "img2": "https://img-cf.kurly.com/shop/data/goodsview/20191106/gv00000067109_1.jpg", "description": "우리쌀과 엄선한 재료로 정성스레 빚어낸 성신미설병과의 떡을 소개할게요. 이번에는 눈으로, 입으로 즐길 수 있는 고운 오색찹쌀떡을 준비했습니다. 국산 찹쌀로 만든 쫄깃한 떡에 팥앙금을 한가득 채워 넣은 찹쌀떡이랍니다. 쑥, 호박, 흑미 등 자연에서 온 재료로 맛과 색을 내어 더욱 특별한데요. 달콤한 팥앙금에는 밤과 호두를 먹기 좋게 썰어 넣어 고소한 맛과 씹는 재미까지 더했어요. 하나씩 개별 포장되어 있어 드시기에도, 보관하기에도 편리하고요. 총 열 개를 넉넉하게 담았으니 주변 분들과 나누기에도, 마음을 전하는 선물로 활용하기에도 좋을 거예요.", "img3": "https://img-cf.kurly.com/shop/data/goodsview/20191106/gv40000067161_1.jpg", "option_name_list": [], "option_price_list": []},
{"img1": "https://img-cf.kurly.com/shop/data/goods/1573020007125y0.jpg", "name": "[성신미설병과] 망개떡", "summary": "향긋하게 감기는 쫄깃한 떡", "price": "10,000원", "discount_rate": 0, "unit": "1상자", "amount": "60g X 10개입", "package": "냉동/종이포장", "made_in": "", "img2": "https://img-cf.kurly.com/shop/data/goodsview/20191106/gv30000067127_1.jpg", "description": "우리쌀과 엄선한 재료로 정성스레 빚어낸 성신미설병과의 떡을 소개할게요. 이번에는 망갯잎에 폭 안긴 모양이 사랑스러운 망개떡을 준비했습니다. 국산 찹쌀로 만든 쫄깃한 피에 팥앙금을 채워 넣은 뒤 망갯잎으로 곱게 감쌌어요. 얇게 빚어낸 떡이 쫀득한 식감을 자랑하는 것은 것은 물론, 망갯잎 특유의 향미가 그윽하게 전해져오는데요. 입 안에서 사르르 녹는 팥소가 달콤한 맛을 더해주니 자꾸 손이 갈 수 밖에 없지요. 하나씩 개별 포장되어 있어 드시기에도, 보관하기에도 편리합니다. 총 열 개입으로 넉넉하게 담았으니 하나씩 꺼내어 한입에 쏙 즐겨보세요.", "img3": "https://img-cf.kurly.com/shop/data/goodsview/20191106/gv30000067162_1.jpg", "option_name_list": [], "option_price_list": []}