{"img1": "https://img-cf.kurly.com/shop/data/goods/1583893609967y0.jpg", "name": "타피오카 볼 100g", "summary": "버블티를 완성하는 핵심 재료", "price": "1,600원", "discount_rate": 0, "unit": "1봉", "amount": "100g", "package": "냉동/종이포장", "made_in": "", "img2": "https://img-cf.kurly.com/shop/data/goodsview/20200311/gv10000085094_1.jpg", "description": "평소 버블티를 즐겨 마신다면 지금 소개하는 제품이 반가울 거예요. 쫀득쫀득한 식감을 가진 버블티의 핵심재료, 타피오카 볼을 소포장으로 만들었거든요. 타피오카 볼을 미리 당침해두었기에 그 자체로도 달콤한 맛이 옅게 배어난답니다. 사용법도 간단해요. 파우치 그대로 전자레인지에 넣어 해동한 뒤 밀크티 베이스와 우유를 더해주면 끝이지요. 음료에만 넣기가 아쉽다면 빙수의 토핑으로도 활용해보세요. ", "img3": "https://img-cf.kurly.com/shop/data/goodsview/20200311/gv30000085099_1.jpg", "option_name_list": [], "option_price_list": []},
{"img1": "https://img-cf.kurly.com/shop/data/goods/1583890114523y0.jpg", "name": "[오늘의 일상] 에이드 베이스 3종", "summary": "달콤하게 즐기는 음료 베이스", "price": "16,000원", "discount_rate": 0, "unit": "1병", "amount": "440ml", "package": "냉장/종이포장", "made_in": "", "img2": "https://img-cf.kurly.com/shop/data/goodsview/20200311/gv20000085060_1.jpg", "description": "달달하고 맛있는 음료 한 잔을 마시고 싶지만 밖에 나가기에는 어쩐지 귀찮은 때가 있죠. 그럴 때를 위해 냉장고 한 켠에 에이드 베이스를 넣어두면 어떨까요? 오늘의 일상은 청량한 탄산수와 찰떡같이 어울리는 세 종류의 과일을 이용해 에이드 베이스를 만들었답니다. 농축액만 넣은 게 아니라 과육의 흔적도 조금씩 느껴지는 점도 마음에 들어요. 권장 비율대로라면 베이스 1병 당 11잔의 에이드를 만들 수 있어요. 마시기 전 민트 잎을 살짝 띄워주면 더 근사할 거예요. ", "img3": "https://img-cf.kurly.com/shop/data/goodsview/20200311/gv30000085067_1.jpg", "option_name_list": ["[오늘의 일상] 청포도 440ml", "[오늘의 일상] 레몬 440ml", "[오늘의 일상] 자몽 440ml"], "option_price_list": ["16,000원", "16,000원", "16,000원"]},
{"img1": "https://img-cf.kurly.com/shop/data/goods/1583729734417y0.jpg", "name": "[평창수] 500mL X 20병", "summary": "평창의 청량함을 담은", "price": "6,900원", "discount_rate": 0, "unit": "1박스", "amount": "500mL X 20병입", "package": "기타", "made_in": "", "img2": "https://img-cf.kurly.com/shop/data/goodsview/20200309/gv40000084672_1.jpg", "description": "평창수는 2018년 동계 올림픽에서 전 세계 선수들이 마신 물로 잘 알려져 있는데요. 강원도 평창군 청태산에 있는 청정 국유지에서 취수하여 믿고 마실 수 있는 지하 암반수입니다. 전 세계 선수들이 마셔야 했던 만큼 정기적인 수질 검사, 안전 검사를 해 깨끗한 물을 공급하고 있답니다. 간편하게 휴대 가능한 50mL 제품에 20병 묶음으로 준비했으니 가볍게 들고 다니며 평창수로 하루의 갈증을 풀어보세요. ", "img3": "https://img-cf.kurly.com/shop/data/goodsview/20200309/gv40000084674_1.jpg", "option_name_list": [], "option_price_list": []},
{"img1": "https://img-cf.kurly.com/shop/data/goods/1583729857694y0.jpg", "name": "[평창수] 2L X 6병", "summary": "평창의 청량함을 담은", "price": "3,900원", "discount_rate": 0, "unit": "1박스", "amount": "2L X 6병입", "package": "기타", "made_in": "", "img2": "https://img-cf.kurly.com/shop/data/goodsview/20200309/gv20000084677_1.jpg", "description": "평창수는 2018년 동계 올림픽에서 전 세계 선수들이 마신 물로 잘 알려져 있는데요. 강원도 평창군 청태산에 있는 청정 국유지에서 취수하여 믿고 마실 수 있는 지하 암반수입니다. 전 세계 선수들이 마셔야 했던 만큼 정기적인 수질 검사, 안전 검사를 해 깨끗한 물을 공급하고 있답니다. 집에 두고두고 넉넉하게 마실 수 있게 2L 제품 6개 묶음으로 준비했으니 평창수로 일상 속 갈증을 풀어보세요. ", "img3": "https://img-cf.kurly.com/shop/data/goodsview/20200309/gv00000084681_1.jpg", "option_name_list": [], "option_price_list": []},
{"img1": "https://img-cf.kurly.com/shop/data/goods/1583295523893y0.jpg", "name": "[BBF] 피비핏 프로틴 파우더 2종", "summary": "땅콩과 초콜릿이 만난 단백질 파우더!", "price": "37,800원", "discount_rate": 0, "unit": "1개", "amount": "454g", "package": "상온/종이포장", "made_in": "", "img2": "https://img-cf.kurly.com/shop/data/goodsview/20200304/gv00000083953_1.jpg", "description": "몸을 꾸준히 관리하는 분들이라면 단백질 파우더에 대해 한 번쯤은 고민해 보셨을 거예요. 지나치게 강한 단맛대신, 달콤하고 고소한 풍미로 에너지를 붇돋아 줄 제품을 소개할게요. BBF의 피비핏 프로틴 피넛 파우더는 땅콩 분말과 단백질, 그리고 코코아분말 등으로 심플하게 완성했어요. 액체에 녹여 바로 음료로 즐길 수 있을 뿐만 아니라,  스무디나 쉐이크, 더 나아가 팬케익 등으로 활용해도 좋답니다. 전 재료를 비건으로 사용한 옵션까지 준비했으니 더욱 눈길이 가고요. 운동 중, 또는 간편한 한 끼를 챙길 때 달콤하고 고소하게 즐겨보세요. ", "img3": "https://img-cf.kurly.com/shop/data/goodsview/20200304/gv00000083955_1.jpg", "option_name_list": ["[BBF] 피비핏 초코맛 피넛 프로틴 파우더454g", "[BBF] 피비핏 유기농 초코맛 그린피스 프로틴 파우더454g"], "option_price_list": ["37,800원", "37,800원"]},
{"img1": "https://img-cf.kurly.com/shop/data/goods/1579163051860y0.jpg", "name": "바이탈 1000 (오렌지 맛)", "summary": "부유물이 남지않는 스위스 발포비타민", "price": "7,000원", "discount_rate": 0, "unit": "1개", "amount": "80g(4000mg x 20정) ", "package": "상온/종이포장", "made_in": "", "img2": "https://img-cf.kurly.com/shop/data/goodsview/20200116/gv00000078251_1.jpg", "description": "바쁜 일상 속, 맛있고 간편하게 비타민C를 챙기고 싶다면 바이탈-1000를 주목해 주세요. 슬림한 통에 차곡차곡 담아낸 비타민C 보충용 제품입니다. 바이탈-1000 한 정에는 약 1000mg에 달하는 주원료인 비타민C가 들어있는데요. 한 알씩 물에서 녹여주면, 비타민C의 영양과 기분 좋은 탄산감을 동시에 만나볼 수 있답니다. 부원료로 달콤한 천연오렌지향을 더했기에 음료 마시듯 목넘김도 수월하고요. 따뜻한 물에 녹이면 향긋한 차처럼 즐길 수 있어 더욱 좋아요. 하루에 한 번, 바이탈-1000과 함께 상큼한 시간을 채워보세요.", "img3": "https://img-cf.kurly.com/shop/data/goodsview/20200116/gv20000078319_1.jpg", "option_name_list": [], "option_price_list": []},
{"img1": "https://img-cf.kurly.com/shop/data/goods/1579162093442y0.jpg", "name": "바이탈 1000 (레몬라임 맛)", "summary": "부유물이 남지않는 스위스 발포비타민", "price": "7,000원", "discount_rate": 0, "unit": "1통", "amount": "(86g/ 4300mgx20정) ", "package": "상온/종이포장", "made_in": "", "img2": "https://img-cf.kurly.com/shop/data/goodsview/20200116/gv30000078244_1.jpg", "description": "바쁜 일상 속, 맛있고 간편하게 비타민C을 챙기고 싶다면 바이탈-1000를 주목해 주세요. 슬림한 통에 차곡차곡 담아낸 비타민C 보충용 제품입니다. 바이탈-1000 한 정에는 약 1000mg에 달하는 주원료 비타민C가 들어있는데요. 한 알씩 물에서 녹여주면, 비타민C의 영양과 기분 좋은 탄산감을 동시에 만나볼 수 있답니다. 부원료로 새콤한 천연레몬-라임향을 더했기에 음료 마시듯 목넘김도 수월하고요. 따뜻한 물에 녹이면 상큼한 차처럼 즐길 수 있어 더욱 좋아요. 하루에 한 번, 바이탈-1000과 함께 산뜻한 시간을 채워보세요.", "img3": "https://img-cf.kurly.com/shop/data/goodsview/20200116/gv00000078318_1.jpg", "option_name_list": [], "option_price_list": []},
{"img1": "https://img-cf.kurly.com/shop/data/goods/1582877599727y0.jpg", "name": "[아이시스8.0] ECO 1.5L (박스)", "summary": "1.5L X 6개입 (1박스) / 개당 733원", "price": "4,180원", "discount_rate": "5%", "unit": "1박스", "amount": "1.5LX6개입", "package": "기타", "made_in": "", "img2": "https://img-cf.kurly.com/shop/data/goodsview/20200228/gv10000083396_1.jpg", "description": "원래 페트병을 분리수거 할 때는 라벨지를 제거하고 분리수거를 해야 하죠. 분리수거를 위해 일일이 페트병의 라벨을 벗겨내던 번거로움을 느껴보셨을 거예요. 이 제품은 그 번거로움을 없애줄 거예요. 생수 본체에 넓은 띠지 형태로 부착된 라벨을 병뚜껑의 필름지로 대체하여, 뚜껑의 작은 필름만 벗겨 개봉하고 다 마시면 그대로 분리수거가 가능하기 때문이에요. 생수 패키지로 생활의 편리함을 생각한 새로운 아이시스8.0 ECO를 만나보세요. ", "img3": "https://img-cf.kurly.com/shop/data/goodsview/20200228/gv00000083400_1.jpg", "option_name_list": [], "option_price_list": []},
{"img1": "https://img-cf.kurly.com/shop/data/goods/1582615450444y0.jpg", "name": "[트루노팔] 선인장 워터", "summary": "산뜻함을 주는 저칼로리 음료", "price": "12,000원", "discount_rate": 0, "unit": "1개", "amount": "1L", "package": "냉장/종이포장", "made_in": "", "img2": "https://img-cf.kurly.com/shop/data/goodsview/20200225/gv10000082664_1.jpg", "description": "2019년 세계자연기금(WWF)은 지구와 인류를 위한 50대 미래 식품 중 하나로 노팔 선인장을 선정했는데요. 이미 중미, 북미 등에서는 노팔 선인장을 다양한 음식으로 개발하고 있다고 해요. 이번에 선보이는 선인장 워터가 대표적인 제품이죠. 선인장 워터는 노팔 선인장의 녹색 몸체 위에 빨갛게 돋아난 열매 부분을 이용해 만들어 집니다. 선인장 워터의 물빛이 마치 비트즙을 섞은 것처럼 선홍빛을 띠는 까닭이지요. 운동 후 갈증이 날 때, 칼로리 낮은 음료를 마시고 싶을 때 선인장 워터를 냉장고에서 꺼내 수시로 마셔 주세요. ", "img3": "https://img-cf.kurly.com/shop/data/goodsview/20200225/gv40000082667_1.jpg", "option_name_list": [], "option_price_list": []},
{"img1": "https://img-cf.kurly.com/shop/data/goods/1582696818529y0.jpg", "name": "ABC 주스 100ml", "summary": "새콤달콤한 과채 디톡스 한 잔", "price": "1,650원", "discount_rate": 0, "unit": "1팩", "amount": "100ml", "package": "냉장/종이포장", "made_in": "별도 표기", "img2": "https://img-cf.kurly.com/shop/data/goodsview/20200226/gv40000082867_1.jpg", "description": "바쁜 일상 속, 간편하게 내 몸을 챙겨줄 주스를 소개할게요. 바로 사과(Apple), 비트(Beet), 당근(Carrot)의 앞글자를 따 이름 붙여진 ABC 주스입니다. 최적의 비율을 맞준 뒤 저온 착즙으로 재료 본연의 풍미를 유지했어요. 덕분에 비타민 A와 C, 식이섬유 등을 고스란히 즐길 수 있지요.  특히나 주스의 맛을 좌우하는 비트의 쌉쌀한 풍미를 잘 잡아, 자연스러운 달콤함이 묻어난답니다. 한 번에 드시기 좋은 양을 파우치에 쏙 담았기에 휴대 및 보관까지 편리하고요. 바쁜 아침이나 나른한 오후, 언제 어디서나 간편하게 꺼내 드셔보세요.", "img3": "https://img-cf.kurly.com/shop/data/goodsview/20200226/gv20000082873_1.jpg", "option_name_list": [], "option_price_list": []},
{"img1": "https://img-cf.kurly.com/shop/data/goods/1581648195252y0.jpg", "name": "[정식품] 100% 국내산 자연담은 한끼생식", "summary": "국산 원재료 100% 64가지 재료로 만든 생식!", "price": "17,500원", "discount_rate": 0, "unit": "1박스", "amount": "30gx7포", "package": "상온/종이포장", "made_in": "", "img2": "https://img-cf.kurly.com/shop/data/goodsview/20200214/gv30000081323_1.jpg", "description": "선식과 다르게 생식은 각종 곡물이나 채소 등의 재료에 열을 가하지 않고 그대로 동결건조하여 만들어집니다. 그 때문에 영양소 파괴가 적고, 원물 고유의 맛이나 향이 고이 간직되지요. 두유를 기반으로 건강에 이로운 식품을 만드는 기업, 정식품은 64가지 재료를 배합해 만든 생식을 선보입니다. 영양 균형을 고려하여 곡물, 씨앗, 채소, 버섯, 해조류 등의 재료를 골고루 엄선했지요. 영하 35도 이하에서 원재료를 얼려 건조하고, 수분만을 제거한 뒤 스틱 형태에 담아 그대로 포장했어요. 물이나 두유 등과 함께 섭취하여 몸속의 부족한 영양분을 든든히 채워보세요. ", "img3": "https://img-cf.kurly.com/shop/data/goodsview/20200214/gv10000081345_1.jpg", "option_name_list": [], "option_price_list": []},
{"img1": "https://img-cf.kurly.com/shop/data/goods/1581303454655y0.jpg", "name": "[둔촌] 와송배주스 100ml X 5EA", "summary": "맛과 영양을 모두 담은 주스", "price": "4,800원", "discount_rate": 0, "unit": "1봉", "amount": "100ml x 5팩", "package": "상온/종이포장", "made_in": "별도 표기", "img2": "https://img-cf.kurly.com/shop/data/goodsview/20200210/gv20000080861_1.jpg", "description": "솔방울을 닮은 '와송', 건강에 관심이 있는 분들이라면 한 번쯤은 들어보셨을 이름인데요. 와송 특유의 신맛을 꺼리던 분들을 위해, 컬리가 달큰한 주스로 담아낸 제품을 준비했습니다. 한 방울의 물 없이 착즙한 배와 와송추출액으로 완성한 와송배주스예요. 와송의 영양과 배의 달콤함을 한번에 즐길 수 있을 뿐더러, 설탕이나 보존료 없이 만들어 안심하고 드실 수 있지요. 휴대하기 좋은 파우치 용기에, 5개씩 포장했으니 생각이 날 때 꺼내어 간편하게 즐겨보세요", "img3": "https://img-cf.kurly.com/shop/data/goodsview/20200210/gv40000080863_1.jpg", "option_name_list": [], "option_price_list": []},
{"img1": "https://img-cf.kurly.com/shop/data/goods/1581055625608y0.jpg", "name": "[산타니올] 스페인 프리미엄 탄산수 3종 (박스판매)", "summary": "화산을 닮은 탄산수", "price": "19,200원", "discount_rate": "20%", "unit": "1박스", "amount": "옵션별 상이", "package": "상온/종이포장", "made_in": "", "img2": "https://img-cf.kurly.com/shop/data/goodsview/20200207/gv20000080735_1.jpg", "description": "화산석의 울퉁불퉁한 모습을 병 패키지에 드러낸 산타니올 프리미엄 탄산수를 만나 보세요. 단순히 디자인만 독특한 게 아니라 수원지 또한 특별합니다. 스페인 가로트하(Garrotxa) 화산 지대에서 취수한 탄산수이거든요. 암반과 광물 사이를 흐르며 미네랄 성분 또한 풍부하게 흡수했답니다. 산타니올은 자신의 탄산수를 활화산과 휴화산에 비유하기도 합니다. 탄산이 활화산처럼 톡 쏘다가도 금세 화산 활동을 멈춘 것처럼 잔잔하게 입안을 감싸주기 때문이죠. 매일 마시는 탄산수로 산타니올 프리미엄 탄산수를 선택해 보세요. ", "img3": "https://img-cf.kurly.com/shop/data/goodsview/20200213/gv00000081236_1.jpg", "option_name_list": ["[산타니올] 스페인 프리미엄 탄산수 330ml 1박스24개입", "[산타니올] 스페인 프리미엄 탄산수 500ml 1박스20개입", "[산타니올] 스페인 프리미엄 탄산수 750ml 1박스6개입"], "option_price_list": ["52,800원", "58,000원", "24,000원"]},
{"img1": "https://img-cf.kurly.com/shop/data/goods/1581050081982y0.jpg", "name": "[산타니올] 스페인 프리미엄 탄산수 3종", "summary": "화산 지대에서 온 탄산수", "price": "2,200원", "discount_rate": 0, "unit": "1병", "amount": "옵션별 상이", "package": "상온/종이포장", "made_in": "", "img2": "https://img-cf.kurly.com/shop/data/goodsview/20200207/gv30000080670_1.jpg", "description": "화산석의 울퉁불퉁한 모습을 병 패키지에 드러낸 산타니올 프리미엄 탄산수를 만나 보세요. 단순히 디자인만 독특한 게 아니라 수원지 또한 특별합니다. 스페인 가로트하(Garrotxa) 화산 지대에서 취수한 탄산수이거든요. 암반과 광물 사이를 흐르며 미네랄 성분 또한 풍부하게 흡수했답니다. 산타니올은 자신의 탄산수를 활화산과 휴화산에 비유하기도 합니다. 탄산이 활화산처럼 톡 쏘다가도 금세 화산 활동을 멈춘 것처럼 잔잔하게 입안을 감싸주기 때문이죠. 용량이 다른 3종 상품을 준비했으니, 원하는 용도에 맞게 선택해 보세요.", "img3": "https://img-cf.kurly.com/shop/data/goodsview/20200213/gv10000081237_1.jpg", "option_name_list": ["[산타니올] 스페인 프리미엄 탄산수 330ml", "[산타니올] 스페인 프리미엄 탄산수 500ml", "[산타니올] 스페인 프리미엄 탄산수 750ml"], "option_price_list": ["2,200원", "2,900원", "4,000원"]},
{"img1": "https://img-cf.kurly.com/shop/data/goods/158035270216y0.jpg", "name": "[브이엔] 고고한칡 생100 주스 2종", "summary": "순수 100% 생 칡으로 만든 건강주스", "price": "6,210원", "discount_rate": "10%", "unit": "1병", "amount": "100ml/280ml", "package": "냉장/종이포장", "made_in": "칡(국내산)", "img2": "https://img-cf.kurly.com/shop/data/goodsview/20200130/gv10000079583_1.jpg", "description": "칡에는 석류보다도 600배 많은 식물성 에스트로겐과, 풍부한 사포닌 성분이 함유되어 있다고 해요. 건강한 칡의 성분을 그대로 섭취할 수 있도록, 오로지 원액만을 담아낸 브이엔 생 칡주스 2종을 가지고 왔습니다. 태백산맥의 맑은 정기를 받고 자란 칡을 콜드프레스 압착 방식으로 착즙했는데요. 열에 약한 칡의 영양 성분을 최대한 살리기 위해, 가열이 아닌 초고압으로 꼼꼼히 살균하여 주스를 완성했어요. 물 한방울 섞지 않고 생칡의 원액만을 담았습니다. 고고한칡 생100 주스 한 병으로 간편하게 건강을 챙겨 보세요.", "img3": "https://img-cf.kurly.com/shop/data/goodsview/20200130/gv20000079599_1.jpg", "option_name_list": ["[브이엔] 고고한칡 생100 주스 100ml", "[브이엔] 고고한칡 생100 주스 280ml"], "option_price_list": ["6,900원", "14,900원"]},
{"img1": "https://img-cf.kurly.com/shop/data/goods/1579238746384y0.jpg", "name": "[갈바니나] 스파클링 500ml 3종", "summary": "[갈바니나 X 산줄리아노] 가볍게 즐기는 스파클링 음료", "price": "1,500원", "discount_rate": 0, "unit": "1병", "amount": "500mL", "package": "냉장/종이포장", "made_in": "", "img2": "https://img-cf.kurly.com/shop/data/goodsview/20200117/gv00000078463_1.jpg", "description": "이탈리아에서 온 갈바니나의 스파클링 음료를 소개합니다. 0.6%의 잔잔한 탄산을 주입하여, 기포가 섬세하고 목넘김이 부드러워요. 처음 접하는 분들이나 강한 탄산이 부담스러웠던 분들도 쉽게 즐길 수 있지요. 기본에 충실한 플레인과 산뜻함이 매력적인 레몬 그리고 라임까지, 모두 3종을 준비했습니다. 휴대하기 좋은 페트 용기에 담긴 제품이니, 언제 어디서나 가볍게 즐겨 보세요.", "img3": "https://img-cf.kurly.com/shop/data/goodsview/20200117/gv30000078469_1.jpg", "option_name_list": ["갈바니나 레몬", "갈바니나 라임", "갈바니나 플레인"], "option_price_list": ["1,500원", "1,500원", "1,400원"]}