{"img1": "https://img-cf.kurly.com/shop/data/goods/1583731658277y0.jpg", "name": "[폴라레티] 얼려먹는 아이스크림 2종", "summary": "시원하고 달콤한 아이들 간식", "price": "2,160원", "discount_rate": "10%", "unit": "1팩", "amount": "40g x 10개입 ", "package": "상온/종이포장", "made_in": "", "img2": "https://img-cf.kurly.com/shop/data/goodsview/20200309/gv10000084695_1.jpg", "description": "시원하고 새콤달콤한 아이스크림은 아이들이 정말 좋아하는 간식이에요. 하지만 각종 첨가물에 대한 걱정을 놓을 수 없어, 직접 음료나 우유를 얼려서 주는 가정도 많지요. 컬리는 아이들에게 안심하고 건넬 수 있는 아이스크림을 소개합니다. 이탈리아에서 온 얼려먹는 아이스크림, 폴라레티입니다. 착색료나 보존료는 일절 첨가하지 않고 과일 주스와 천연 향료의 자연스러운 맛을 담아냈는데요. 아이들이 한 번에 먹기 딱 알맞은 40g 용량이라 하나씩 꺼내어주기 좋답니다. 한 팩에 10개씩 포장되어 있으니 친구들과 함께 있을 때 다 같이 나눠주기에도 좋을 거예요.", "img3": "https://img-cf.kurly.com/shop/data/goodsview/20200309/gv20000084745_1.jpg", "option_name_list": ["[폴라레티 후르츠] 트로피칼 40gx10개입", "[폴라레티 후르츠] 헬로썸머 40gx10개입"], "option_price_list": ["2,400원", "2,400원"]},
{"img1": "https://img-cf.kurly.com/shop/data/goods/1583384951574y0.jpg", "name": "[불라] 크리미 클래식파인트 아이스크림 3종", "summary": "모두가 사랑하는 클래식한 달콤함!", "price": "8,900원", "discount_rate": 0, "unit": "1통", "amount": "500mL", "package": "냉동/종이포장", "made_in": "", "img2": "https://img-cf.kurly.com/shop/data/goodsview/20200305/gv10000084158_1.jpg", "description": "호주인들의 사랑을 한껏 받는 불라의 크리미 클래식 아이스크림을 소개할게요. 불라의 아이스크림을 매일 공급되는 신선한 우유와 크림으로 만들어져요. 6세대에 걸쳐 내려온 불라만의 비결 덕분에, 특히 크리미 클래식 시리즈는 아이스크림이 꽁꽁 얼지 않으며 부드러운 질감과 무겁지 않고 산뜻한 맛을 자랑하죠. 여럿이 나누기 좋은 파인트 크기의 아이스크림을 바닐라, 초코칩, 쿠키 앤 크림까지 3가지 맛으로 준비했으니 좋아하는 맛으로 선택해 보세요.", "img3": "https://img-cf.kurly.com/shop/data/goodsview/20200305/gv30000084172_1.jpg", "option_name_list": ["[불라] 크리미 클래식 쿠키&크림 500ml", "[불라] 크리미 클래식 초코칩 500ml", "[불라] 크리미 클래식 바닐라 500ml"], "option_price_list": ["8,900원", "8,900원", "8,900원"]},
{"img1": "https://img-cf.kurly.com/shop/data/goods/1583384182228y0.jpg", "name": "[불라] 초코&바닐라 트윈 바 (6입)", "summary": "초코와 바닐라를 감싼 초콜릿", "price": "13,500원", "discount_rate": 0, "unit": "1팩", "amount": "372g (62g x 6개입) ", "package": "냉동/종이포장", "made_in": "", "img2": "https://img-cf.kurly.com/shop/data/goodsview/20200305/gv40000084154_1.jpg", "description": "소프트아이스크림을 고를 때, 바닐라와 초콜릿 중 고민하다가 혼합 맛을 선택한 적 있을 거예요. 호주 아이스크림 브랜드 불라도 같은 고민을 했을지 몰라요. 초코 맛과 바닐라 맛 아이스크림을 깔끔하게 반씩 넣은 다음, 밀크초콜릿으로 감싸는 탁월한 아이스크림 바를 만들어냈죠. 신선한 우유와 크림으로 만들어 부드럽고 깔끔한 아이스크림과 진한 초콜릿이 어우러져 기분이 좋아지는 달콤함을 선사할 거예요. 개별 포장된 아이스크림 6개가 들어 있으니 친구나 가족과 함께 나누어도 좋겠죠.", "img3": "https://img-cf.kurly.com/shop/data/goodsview/20200305/gv00000084157_1.jpg", "option_name_list": [], "option_price_list": []},
{"img1": "https://img-cf.kurly.com/shop/data/goods/1583383648882y0.jpg", "name": "[불라] 바닐라 샌드위치 아이스크림 (4입)", "summary": "쿠키와 아이스크림을 동시에", "price": "12,500원", "discount_rate": 0, "unit": "1팩", "amount": "284g (71g x 4개입)", "package": "냉동/종이포장", "made_in": "", "img2": "https://img-cf.kurly.com/shop/data/goodsview/20200305/gv00000084150_1.jpg", "description": "샌드위치 아이스크림은 참으로 기발한 아이디어가 돋보이는 아이스크림이에요. 스푼 없이도 달콤한 아이스크림을 쿠키를 함께 즐길 수 있죠. 호주인들의 사랑을 듬뿍 받아온 불라는 두 개의 초콜릿 칩 비스킷 사이에 신선한 우유와 크림으로 만든 아이스크림을 채워 넣어 바닐라 샌드위치 아이스크림을 만들었어요. 바삭하고 달콤한 비스킷과 부드러우면서 진한 바닐라 아이스크림이 식감과 맛 모두 환상의 조화를 이루죠. 4개가 들어 있으니 친구나 가족과 함께 나누어도 좋아요.", "img3": "https://img-cf.kurly.com/shop/data/goodsview/20200305/gv20000084153_1.jpg", "option_name_list": [], "option_price_list": []},
{"img1": "https://img-cf.kurly.com/shop/data/goods/158225922338y0.jpg", "name": "대만 흑당 버블티바 아이스크림 아이스바 4입", "summary": "타피오카 펄이 콕콕 박힌 아이스크림", "price": "8,900원", "discount_rate": 0, "unit": "1박스", "amount": "80g x 4개입 ", "package": "냉동/종이포장", "made_in": "", "img2": "https://img-cf.kurly.com/shop/data/goodsview/20200221/gv00000082174_1.jpg", "description": "버블티로 유명한 대만에서 인기있는 달콤한 흑당 버블티 아이스크림을 소개합니다. 우유에 흑설탕을 넣고 얼린 아이스크림 안에 떡처럼 쫄깃쫄깃한 타피오카 펄이 콕콕 박혀있어요. 아이스크림이 입 안에서 사르르 녹으면, 마치 흑당 버블티 한 잔을 마시는 듯한 기분이 들어요. 흑당 특유의 달콤함이 너무 자극적이지 않아, 아이들뿐만 아니라 어른들 간식으로도 사랑 받는답니다. 컵에 우유와 함께 담아 간편하게 흑당 버블티를 만들거나, 에스프레소 한 잔을 부어 달콤 쌉싸름한 아포카토로도 즐겨보세요.", "img3": "https://img-cf.kurly.com/shop/data/goodsview/20200221/gv10000082176_1.jpg", "option_name_list": [], "option_price_list": []},
{"img1": "https://img-cf.kurly.com/shop/data/goods/1580804221756y0.jpg", "name": "[Talenti] 상큼한 맛 젤라또 4종", "summary": "미국에서 건너온 달콤한 젤라또", "price": "11,900원", "discount_rate": 0, "unit": "1통", "amount": "473mL", "package": "냉동/종이포장", "made_in": "", "img2": "https://img-cf.kurly.com/shop/data/goodsview/20200204/gv40000080226_1.jpg", "description": null, "img3": "https://img-cf.kurly.com/shop/data/goodsview/20200204/gv20000080237_1.jpg", "option_name_list": ["[Talenti] 알폰소망고 소르베또", "[Talenti] 퍼지 브라우니 젤라또", "[Talenti] 마다가스카르 바닐라 빈 젤라또", " [Talenti] 메디터라니안 민트 젤라또"], "option_price_list": ["11,900원", "11,900원", "11,900원", "11,900원"]},
{"img1": "https://img-cf.kurly.com/shop/data/goods/1578556485826y0.jpg", "name": "[블루마블] 유기농 아이스크림 7종", "summary": "부드럽고 풍부한 달콤함", "price": "13,800원", "discount_rate": 0, "unit": "1통", "amount": "414mL", "package": "냉동/종이포장", "made_in": "", "img2": "https://img-cf.kurly.com/shop/data/goodsview/20200109/gv00000077307_1.jpg", "description": "뉴욕에서 탄생한 유기농 아이스크림 브랜드, 블루마블은 단 두 가지에 집중했어요. 맛있는 아이스크림을 기분까지 좋게 즐기도록 만들자는 것이었죠. 세계 곳곳에서 찾아낸 유기농 재료로만 만든 아이스크림은 재료 본연의 맛이 살아 있는 부드러운 달콤함을 자랑해요. 깐깐하기로 소문난 미국 농무부(USDA)의 유기농 인증도 받았답니다. 블루마블은 아프리카 아이들의 교육 시설 설립을 지원하고, 종이 용기를 사용하는 등 사회와 환경에도 공헌해요. 그래서 미래 세대에 기여하는 회사에 주어지는 B Corporation 인증도 받았죠. 뉴욕에서도 꼭 먹어봐야 하는 아이스크림으로 많은 사랑을 받는 블루마블의 제품을 7가지 맛으로 선보이니, 시원한 달콤함을 만끽해 보세요.", "img3": "https://img-cf.kurly.com/shop/data/goodsview/20200109/gv00000077339_1.jpg", "option_name_list": ["[블루마블] 유기농 니트로 콜드브루 아이스크림", "[블루마블] 유기농 저스트 바닐라 아이스크림", "[블루마블] 유기농 스트로베리 아이스크림", "[블루마블] 유기농 민트 코코아 앤 쿠키스 아이스크림", "[블루마블] 유기농 바나나 크림 파이 아이스크림", "[블루마블] 유기농 싱글 오리진 초콜릿 아이스크림", "[블루마블] 유기농 쏠트 키스드 카라멜 아이스크림"], "option_price_list": ["13,800원", "13,800원", "13,800원", "13,800원", "13,800원", "13,800원", "13,800원"]},
{"img1": "https://img-cf.kurly.com/shop/data/goods/1576634890956y0.jpg", "name": "[아이스팩토리] 부드러운 시그니처 아이스바 5종", "summary": "가까이에서 만나는 특별한 아이스바", "price": "3,700원", "discount_rate": 0, "unit": "", "amount": "", "package": "냉동/종이포장", "made_in": "", "img2": "https://img-cf.kurly.com/shop/data/goodsview/20191218/gv00000073454_1.jpg", "description": "놀이공원이나 극장에서 만나 볼 수 있었던 프리미엄 아이스바를 이젠 집에서도 즐겨보세요. 컬리는 이색적인 아이스바를 만드는 아이스팩토리의 제품을 준비했답니다. 그중에서도 부드러운 시그니처 아이스바는 국내산 우유로 빚어낸 밀크 타입의 아이스바예요. 신선한 우유에 각종 과일과 코코아파우더 등을 더해 달콤하게 빚어냈지요. 알록달록한 과육이 박혀있는 후르츠 밀크부터 오레오쿠키를 통째로 담아낸 쿠키앤 크림까지 다채로운 맛으로 만나볼 수 있어요. 먹기 아까울만큼 사랑스러운 외관이지만, 그 맛까지 훌륭하답니다. 마음에 드는 맛과 모양을 골라 달콤하게 즐겨보세요.", "img3": "https://img-cf.kurly.com/shop/data/goodsview/20191218/gv00000073542_1.jpg", "option_name_list": ["[아이스팩토리] 후르츠 밀크", "[아이스팩토리] 쿠키앤크림", "[아이스팩토리] 쇼콜라", "[아이스팩토리] 밀크 스트로베리", "[아이스팩토리] 애니멀 쇼콜라"], "option_price_list": ["3,700원", "3,700원", "3,700원", "3,700원", "3,700원"]},
{"img1": "https://img-cf.kurly.com/shop/data/goods/1576643743944y0.jpg", "name": "[아이스팩토리] 상큼한 과일 샤벳 아이스바 5종", "summary": "눈으로 먼저 먹는 깜찍한 아이스바", "price": "3,700원", "discount_rate": 0, "unit": "1개", "amount": "옵션별 상이", "package": "냉동/종이포장", "made_in": "", "img2": "https://img-cf.kurly.com/shop/data/goodsview/20191218/gv00000073523_1.jpg", "description": "놀이공원이나 극장에서 만나 볼 수 있었던 프리미엄 아이스바를 이젠 집에서도 즐겨보세요. 컬리는 이색적인 아이스바를 만드는 아이스팩토리의 제품을 준비했습니다. 그중에서도 상큼한 과일 샤벳 아이스바는 유제품 대신 과육과 과일주스 등으로 만들었는데요. 과일 본연의 상큼한 풍미를 제대로 즐길 수 있을 뿐더러, 산뜻하게 빚어낸 샤벳 질감이라 언제 먹어도 부담이 없지요. 나른한 시간을 깨우는 간식으로, 사각사각하게 즐기는 입가심 디저트로 활용해 보세요.", "img3": "https://img-cf.kurly.com/shop/data/goodsview/20200224/gv40000082488_1.jpg", "option_name_list": ["[아이스팩토리] 망고 샤벳", "[아이스팩토리] 자두 샤벳", "[아이스팩토리] 블루오렌지 샤벳", "[아이스팩토리] 스트로베리 샤벳", "[아이스팩토리] 수박 샤벳"], "option_price_list": ["3,700원", "3,700원", "3,700원", "3,700원", "3,700원"]},
{"img1": "https://img-cf.kurly.com/shop/data/goods/1559292668371y0.jpg", "name": "[라라스윗] 칼로리가 가벼운 아이스크림 7종", "summary": "건강하게 즐기는 달콤한 한 스푼", "price": "7,110원", "discount_rate": "10%", "unit": "1개", "amount": "474ml", "package": "냉동/종이포장", "made_in": "", "img2": "https://img-cf.kurly.com/shop/data/goodsview/20190717/gv30000056203_1.jpg", "description": "아이스크림의 유혹을 떨치기란 쉽지 않아요. 차갑고도 달콤한 맛이며 스르르 녹아 사라지는 식감을 마음껏 즐기고 싶지만, 칼로리와 성분을 생각하면 걱정이 들기도 하는데요. 지금 소개드리는 라라스윗의 아이스크림이 이런 고민을 덜어드릴 거예요. 국산 생우유와 프랑스산 바닐라 빈, 독일 코코아 분말 등 좋은 재료로 풍부한 맛을 내면서도, 설탕과 유지방 함량은 대폭 낮췄답니다. 덕분에 파인트 하나를 다 먹더라도 칼로리는 240~280kcal에 불과하고요. 이젠 라라스윗의 아이스크림으로, 부담없는 달콤함을 즐겨보세요. ", "img3": "https://img-cf.kurly.com/shop/data/goodsview/20191213/gv10000072794_1.jpg", "option_name_list": ["[라라스윗] 녹차 아이스크림", "[라라스윗] 바닐라빈 아이스크림", "[라라스윗] 초콜릿 아이스크림", " [라라스윗] 딸기 아이스크림", "[라라스윗] 요거트 아이스크림", "[라라스윗] 민트초코 아이스크림", "[라라스윗] 밀크티 아이스크림"], "option_price_list": ["7,900원", "7,900원", "7,900원", "7,900원", "7,900원", "7,900원", "7,900원"]},
{"img1": "https://img-cf.kurly.com/shop/data/goods/1574405272709y0.jpg", "name": "[헤일로탑] 아이스크림 3종", "summary": "달콤하게 입안을 적시는 가벼움 한스푼!", "price": "9,180원", "discount_rate": "15%", "unit": "1통", "amount": "473mL", "package": "냉동/종이포장", "made_in": "", "img2": "https://img-cf.kurly.com/shop/data/goodsview/20191122/gv20000069317_1.jpg", "description": "아이스크림은 사계절 내내 유혹을 떨쳐내기 어려운 매력적인 간식인데요. 컬리는 보다 가볍게 즐길 수 있는 아이스크림을 고민한 끝에, 파인트 한 통을 다 먹더라도 285~330kcal에 불과한 헤일로탑 아이스크림을 준비했어요. 칼로리에 대한 부담은 낮추되, 아이스크림 다운 깔끔한 맛과 식감은 제대로 구현해낸 상품이에요. 샤베트와 젤라또 중간 정도의 텍스처를 보이지요. 크리미하고 묵직하기보다는 사르르 녹아들면서 입안을 달콤하게 적신답니다. 한 통당 함유된 단백질의 양도 무려 18g 이상이에요. 이제 헤일로탑과 함께 부담 없이 달콤한 활력을 충전해보세요.", "img3": "https://img-cf.kurly.com/shop/data/goodsview/20191122/gv10000069324_1.jpg", "option_name_list": ["[헤일로탑] 벌스데이 파티", "[헤일로탑] 씨솔트 카라멜", "[헤일로탑] 피넛버터 컵"], "option_price_list": ["10,800원", "10,800원", "10,800원"]},
{"img1": "https://img-cf.kurly.com/shop/data/goods/1543978436294y0.jpg", "name": "[펠앤콜] 에그녹", "summary": "이 겨울을 위한 향긋한 레시피", "price": "15,000원", "discount_rate": 0, "unit": "1통", "amount": "340g", "package": "냉동/종이포장", "made_in": "", "img2": "https://img-cf.kurly.com/shop/data/goodsview/20181205/gv20000037674_1.jpg", "description": "에그녹은 추운 겨울과 크리스마스가 오면 북미 지역에서 즐겨 마시는 칵테일 음료예요. 날계란을 풀어 만드는 이색 음료로 넛맥과 럼, 브랜디 또는 위스키와 같은 증류수를 넣어 마신답니다. 펠앤콜은 에그녹을 아이스크림으로 재현해봤어요. 우유와 크림에 계란까지 더해지니 녹진한 질감이 부드럽고 감미롭게 녹아들지요. 럼과 스카치 위스키의 화사한 내음은 향긋하게 지속되고, 넛맥의 쌉싸래하고 스파이시한 내음까지 미묘히 전달된답니다. 낯선 맛, 그러나 이 겨울에만 만날 수 있는 특별한 즐거움을 펠앤콜 에그녹을 통해 경험해보세요. ", "img3": "https://img-cf.kurly.com/shop/data/goodsview/20181205/gv00000037679_1.jpg", "option_name_list": [], "option_price_list": []},
{"img1": "https://img-cf.kurly.com/shop/data/goods/1572411901514y0.jpg", "name": "[제로스쿱] 쇼콜라홀릭", "summary": "식물성 아이스크림의 달콤함", "price": "7,900원", "discount_rate": 0, "unit": "1통", "amount": "474mL", "package": "냉동/종이포장", "made_in": "", "img2": "https://img-cf.kurly.com/shop/data/goodsview/20191030/gv00000066333_1.jpg", "description": "달콤한 간식이 떠오를 때면 입안에 사르르 녹아드는 부드러운 아이스크림만 한 것도 없지요. 하지만 유제품을 소화하기 어려운 분들이나 채식을 실천하고 계신 분들에겐 다소 다가가기 어려운 간식이기도 한데요. 컬리가 준비한 제로스쿱 쇼콜라홀릭은 100% 식물성 원료로 만들었기에 마음 조금 놓으셔도 좋아요. 우유 대신 아몬드, 귀리 등을 원료로 한 귀리몬드액을 사용해 만들었거든요. 푸짐하게 한통 다 먹어도 300kcal이니, 식단 조절 중인 분들도 부담 덜고 드시기 좋답니다. 은은한 초코향 속 고소함까지 물씬 느껴지는 매력적인 아이스크림, 제로스쿱 쇼콜라홀릭을 만나보세요.", "img3": "https://img-cf.kurly.com/shop/data/goodsview/20191030/gv20000066408_1.jpg", "option_name_list": [], "option_price_list": []},
{"img1": "https://img-cf.kurly.com/shop/data/goods/1481273245524y0.jpg", "name": "[펠앤콜] 아이스크림 11종", "summary": "신규 플레이버 '현기증버티고' 출시!", "price": "15,000원", "discount_rate": 0, "unit": "1통", "amount": "340g", "package": "냉동/종이포장", "made_in": "", "img2": "https://img-cf.kurly.com/shop/data/goodsview/20191030/gv30000066383_1.jpg", "description": "꼭 미슐랭 레스토랑에 가야만 미식을 경험할 수 있는 건 아닐 거예요. 여기 독창적인 레시피로 미식가의 입맛까지 사로잡은 대한민국 최초 스페셜티 아이스크림 전문점, 펠앤콜이 있습니다. 아이스크림에 들어갈 거라고는 상상하지 못했던 재료들과 신선한 우유가 만나 의외의 조합이 탄생했어요. 자유로운 미국 샌프란시스코의 미식문화에서 영감을 받은 펠앤콜의 아이스크림은 다양한 음식문화와 식재료의 조화으로 지금껏 경험해 보지 못한 맛의 신세계를 보여주는데요. 매일 아침마다 직접 재료를 준비하고 손으로 저어가며 만들기에 더 특별한 수제 아이스크림이랍니다.", "img3": "https://img-cf.kurly.com/shop/data/goodsview/20191101/gv20000066405_1.jpg", "option_name_list": ["[펠앤콜] 지루한 바닐라", " [펠앤콜] 아가베 초콜렛", " [펠앤콜] 깻잎", "[펠앤콜] 솔티 캐러맬", "[펠앤콜] 6시 내고향", " [펠앤콜] 얼그레이", "[펠앤콜] 우유꽃", "[펠앤콜] 미친넛", "[펠앤콜] 씨크릿가든", " [펠앤콜] 허니 라벤더", "[펠앤콜] 현기증버티고", "[펠앤콜] 2구 선물박스"], "option_price_list": ["15,000원", "15,000원", "15,000원", "15,000원", "15,000원", "15,000원", "15,000원", "15,000원", "15,000원", "15,000원", "15,000원", "3,000원"]},
{"img1": "https://img-cf.kurly.com/shop/data/goods/1571040990782y0.jpg", "name": "[나뚜루] 미니컵 5종", "summary": "미니컵에 담긴 순수한 달콤함", "price": "3,900원", "discount_rate": 0, "unit": "1통", "amount": "100ml", "package": "냉동/종이포장", "made_in": "", "img2": "https://img-cf.kurly.com/shop/data/goodsview/20191014/gv40000064390_1.jpg", "description": "한 손에 쏙 감기는 미니컵 아이스크림은 혼자서 부담 없이 달콤함을 즐기기에 충분하지요. 컬리는 자연을 담아 만드는 아이스크림 브랜드, 나뚜루에서 가장 많은 사랑을 받고 있는 맛을 골라 미니컵으로 선보입니다. 녹차를 비롯해 국산은 물론 칠레산 딸기, 가나산 코코아빈 등 세계 각지에서 공수한 원료를 재료로 사용했어요. 착색료를 사용하는 대신 자연에서 유래한 재료로 색과 향을 담아내어 순수한 달콤함을 그대로 맛볼 수 있을 거예요. 초코, 바닐라, 녹차, 딸기, 바닐라 초코아몬드 총 5가지 맛으로 준비했으니 맛 별로 하나씩 골라 담아 가세요. ", "img3": "https://img-cf.kurly.com/shop/data/goodsview/20191014/gv20000064441_1.jpg", "option_name_list": ["[나뚜루] 딸기컵", "[나뚜루] 초코컵", "[나뚜루] 바닐라컵", "[나뚜루] 바닐라초코아몬드컵", "[나뚜루] 녹차컵"], "option_price_list": ["3,900원", "3,900원", "3,900원", "3,900원", "3,900원"]},
{"img1": "https://img-cf.kurly.com/shop/data/goods/1571029075787y0.jpg", "name": "[나뚜루] 콘 컬렉션 2종", "summary": "코코아 풍미가 담긴 콘 아이스크림", "price": "3,800원", "discount_rate": 0, "unit": "1개", "amount": "160ml", "package": "냉동/종이포장", "made_in": "", "img2": "https://img-cf.kurly.com/shop/data/goodsview/20191014/gv40000064355_1.jpg", "description": "바삭한 과자를 한입 깨어물면 새어 나오는 차가운 달콤함, 콘 아이스크림의 매력이라고 할 수 있어요. 자연을 담아 만드는 아이스크림 브랜드, 나뚜루가 코코아 파우더로 만든 콘과자에 아이스크림을 쏙 채워 넣은 콘 컬렉션을 컬리에서 선보여요. 마다가스카르산 바닐라 빈, 제주산 녹차 등 우리나라와 세계 각지에서 공수한 원료를 재료로 사용했어요. 자연에서 유래한 재료로 색과 향을 담아내어 순수한 달콤함도 그대로 맛볼 수 있답니다. 아이스크림 위를 초콜릿으로 코팅한 뒤 아몬드 토핑을 솔솔 뿌려 고소함과 달달함을 더욱 극대화했어요. 녹차와 바닐라 맛 두 가지로 준비했으니 하나씩 골라 담아 가세요. ", "img3": "https://img-cf.kurly.com/shop/data/goodsview/20191014/gv00000064360_1.jpg", "option_name_list": ["[나뚜루] 마다가스카르 바닐라콘", "[나뚜루] 제주 녹차콘"], "option_price_list": ["3,800원", "3,800원"]}