{"img1": "https://img-cf.kurly.com/shop/data/goods/158570795916y0.jpg", "name": "[매일] 저지방 우유 1.5L", "summary": "세균수 1A 등급의 저지방 우유", "price": "3,980원", "discount_rate": 0, "unit": "1통", "amount": "1.5L", "package": "냉장/종이포장", "made_in": "", "img2": "https://img-cf.kurly.com/shop/data/goodsview/20200401/gv20000088354_1.jpg", "description": "꼭 간식이나 식사에 곁들이지 않더라도 우유를 꼬박꼬박 챙겨 먹는 가정이 많을 거예요. 평소 1L 우유의 양이 적게 느껴졌다면 넉넉한 1.5L를 구비해두면 어떨까요? 100mL 당 칼로리가 40kcal으로, 60kcal인 오리지널보다 한결 가벼운 저지방 우유라면 더 좋겠죠. 우유의 신선도를 알려주는 세균수 1A 등급을 받아 더 만족스러워요. 130℃ 이상에서 2초간 살균한 뒤 손잡이 일체형 패키지에 담았답니다. 손잡이는 그립감을 고려하여 살짝 곡선이 들어간 형태로 디자인했으니 묵직해도 들어올리기 편할 거예요. ", "img3": "https://img-cf.kurly.com/shop/data/goodsview/20200401/gv40000088357_1.jpg", "option_name_list": [], "option_price_list": []},
{"img1": "https://img-cf.kurly.com/shop/data/goods/1585707320197y0.jpg", "name": "[매일] 오리지널 우유 1.5L", "summary": "세균수 1A 등급의 신선한 우유", "price": "3,980원", "discount_rate": 0, "unit": "1통", "amount": "1.5L", "package": "냉장/종이포장", "made_in": "", "img2": "https://img-cf.kurly.com/shop/data/goodsview/20200401/gv10000088347_1.jpg", "description": "꼭 간식이나 식사에 곁들이지 않더라도 우유를 꼬박꼬박 챙겨 먹는 가정이 많을 거예요. 평소 1L 우유의 양이 적게 느껴졌다면 넉넉한 1.5L를 구비해두면 어떨까요? 우유의 신선도를 알려주는 세균수 1A 등급의 매일 우유 오리지널을 소개할게요. 130℃ 이상에서 2초간 살균한 뒤 손잡이 일체형 패키지에 담았답니다. 손잡이는 그립감을 고려하여 살짝 곡선이 들어간 형태로 디자인했으니 묵직해도 들어올리기 편할 거예요. ", "img3": "https://img-cf.kurly.com/shop/data/goodsview/20200401/gv40000088353_1.jpg", "option_name_list": [], "option_price_list": []},
{"img1": "https://img-cf.kurly.com/shop/data/goods/1584081640474y0.jpg", "name": "[카카오랏] 진한 카카오 풍미 그대로 카카오랏 밀크셰이크 2종", "summary": "스페인에서 건너온 달콤한 음료", "price": "1,000원", "discount_rate": 0, "unit": "1병 / 1팩", "amount": "200mL", "package": "상온/종이포장", "made_in": "", "img2": "https://img-cf.kurly.com/shop/data/goodsview/20200313/gv30000085470_1.jpg", "description": "부드러운 우유에 진한 카카오를 섞어 달콤하게 즐기는 밀크셰이크. 문득 생각해보면 언제부터 이 맛있는 음료를 즐기기 시작했는지 궁금해져요. 답은 카카오랏 밀크셰이크에 있어요. 카카오랏은 1933년 스페인에서 처음 출시된 이후로 지금까지 변함없이 사랑 받아왔어요. '스페인 국민음료'로 불릴 만큼 스페인에서는 어릴 적부터 자연스레 접하며 자라게 되는 음료라고 해요. 지방이 함유된 카카오 버터를 분리한 순수한 카카오 파우더를 더해, 묵직하고 부드러우면서도 텁텁하지 않은 깔끔한 맛을 자랑한답니다. 80년이 넘게 사랑받아온 오리지널 카카오랏의 달콤한 맛을 경험해보세요.", "img3": "https://img-cf.kurly.com/shop/data/goodsview/20200313/gv10000085474_1.jpg", "option_name_list": ["[카카오랏] 오리지널 밀크셰이크 200ml", "[카카오랏] 오리지널 미니 브릭 200ml"], "option_price_list": ["1,480원", "1,000원"]},
{"img1": "https://img-cf.kurly.com/shop/data/goods/15850346403y0.jpg", "name": "[요플레] 후루츠 플레이버 4종", "summary": "새콤달콤! 과일 맛 요거트", "price": "2,800원", "discount_rate": 0, "unit": "1팩", "amount": "옵션별 상이", "package": "냉장/종이포장", "made_in": "", "img2": "https://img-cf.kurly.com/shop/data/goodsview/20200324/gv20000086891_1.jpg", "description": "요플레는 1983년에 출시되어 30년이 넘도록 많은 사랑을 받아 왔지요. 요거트라는 말 대신에 요플레를 사용하는 것이 익숙할 정도로 우리에게 친근한 제품이기도 해요. 그중에서도 과일 맛 요플레는 요거트에 새콤달콤한 즐거움을 더해 주어 남녀노소 모두에게 인기가 있는 제품이에요. 복숭아, 패션 프루트, 딸기, 블루베리 네 가지 맛으로 준비했으니, 취향에 맞게 즐겨 보세요. ", "img3": "https://img-cf.kurly.com/shop/data/goodsview/20200324/gv10000086893_1.jpg", "option_name_list": ["[요플레] 복숭아  85mlx4입", "[요플레] 패션 프루트 80mlx4입", "[요플레] 오리지널 딸기 85mlx4입", "[요플레] 블루베리  85mlx4입"], "option_price_list": ["2,800원", "2,800원", "2,800원", "2,800원"]},
{"img1": "https://img-cf.kurly.com/shop/data/goods/1585034477883y0.jpg", "name": "[요플레] 플레인 85ml x 4입", "summary": "크리미한 플레인 요거트", "price": "2,800원", "discount_rate": 0, "unit": "1팩", "amount": "80mL x 4개입 ", "package": "냉장/종이포장", "made_in": "", "img2": "https://img-cf.kurly.com/shop/data/goodsview/20200324/gv40000086887_1.jpg", "description": "요플레는 1983년에 출시되어 30년이 넘도록 많은 사랑을 받아 왔지요. 요거트라는 말 대신에 요플레를 사용하는 것이 익숙할 정도로 우리에게 친근한 제품이기도 해요. 요플레 플레인은 요거트 본연의 부드러움이 잘 살아 있는 깔끔하고 크리미한 요거트랍니다. 살짝 단맛이 감돌아 그대로 즐겨도 좋지만, 샐러드에 곁들이는 드레싱으로 활용하기에도 좋아요.", "img3": "https://img-cf.kurly.com/shop/data/goodsview/20200324/gv00000086890_1.jpg", "option_name_list": [], "option_price_list": []},
{"img1": "https://img-cf.kurly.com/shop/data/goods/1585034369321y0.jpg", "name": "[요플레] 클래식 85mL x 4입", "summary": "홈메이드 스타일의 요거트", "price": "2,800원", "discount_rate": 0, "unit": "1팩", "amount": "85mL x 4개", "package": "냉장/종이포장", "made_in": "", "img2": "https://img-cf.kurly.com/shop/data/goodsview/20200324/gv10000086882_1.jpg", "description": "요플레는 1983년에 출시되어 30년이 넘도록 많은 사랑을 받아 왔지요. 요거트라는 말 대신에 요플레를 사용하는 것이 익숙할 정도로 우리에게 친근한 제품이기도 해요. 요플레 클래식은 가정에서 요거트를 만드는 것처럼, 개별 용기 발효 방식을 사용하여 본연의 깔끔한 맛을 잘 살린 요거트랍니다. 흘러내리지 않고 부드럽게 응고되어 있어 몽글몽글한 식감으로 즐길 수 있어요.", "img3": "https://img-cf.kurly.com/shop/data/goodsview/20200324/gv40000086884_1.jpg", "option_name_list": [], "option_price_list": []},
{"img1": "https://img-cf.kurly.com/shop/data/goods/1583919717873y0.jpg", "name": "[황성주두유] 국산콩 고칼슘 두유 140mL X 24팩", "summary": "콩의 영양과 칼슘을 품은", "price": "10,900원", "discount_rate": 0, "unit": "1박스", "amount": "140mL X 24팩", "package": "상온/종이포장", "made_in": "", "img2": "https://img-cf.kurly.com/shop/data/goodsview/20200311/gv00000085198_1.jpg", "description": "식물성 단백질과 각종 미네랄이 풍부해 웰빙 시대인 요즘 더욱 주목받고 있는 영양 음료, 두유입니다. 컬리는 하루 한 팩씩 간편하게 즐길 수 있는 황성주두유를 준비했어요. 황성주 박사의 다년간의 노하우를 바탕으로, 콩의 맛과 영양을 오롯이 담아냈지요. 신선한 국산 콩을 통째로 갈아 만들었기에 콩 특유의 비린 맛이 줄어들고, 고소한 풍미는 더욱 진하게 다가온답니다. 우리 몸에 꼭 필요한 영양소인 칼슘도 함유하고 있어, 아이들을 위한 건강 간식으로도 제격이에요. 언제 어디서나 섭취하기 좋은 두유를 찾고 계셨다면, 콩의 영양을 그대로 품은 황성주두유를 만나보세요.", "img3": "https://img-cf.kurly.com/shop/data/goodsview/20200311/gv20000085202_1.jpg", "option_name_list": [], "option_price_list": []},
{"img1": "https://img-cf.kurly.com/shop/data/goods/1583916084757y0.jpg", "name": "[황성주두유] 국산콩 고칼슘 두유 190mL X 16팩", "summary": "속이 든든, 뼈가 튼튼", "price": "7,900원", "discount_rate": 0, "unit": "1박스", "amount": "190mL X 16팩", "package": "상온/종이포장", "made_in": "", "img2": "https://img-cf.kurly.com/shop/data/goodsview/20200311/gv20000085194_1.jpg", "description": "식물성 단백질과 각종 미네랄이 풍부해 웰빙 시대인 요즘 더욱 주목받고 있는 영양 음료, 두유입니다. 컬리는 하루 한 팩씩 간편하게 즐길 수 있는 황성주두유를 준비했어요. 황성주 박사의 다년간의 노하우를 바탕으로, 콩의 맛과 영양을 오롯이 담아냈지요. 신선한 국산 콩을 통째로 갈아 만들었기에 콩 특유의 비린 맛이 줄어들고, 고소한 풍미는 더욱 진하게 다가온답니다. 우리 몸에 꼭 필요한 영양소인 칼슘도 함유하고 있어, 아이들을 위한 건강 간식으로도 제격이에요. 언제 어디서나 섭취하기 좋은 두유를 찾고 계셨다면, 콩의 영양을 그대로 품은 황성주두유를 만나보세요.", "img3": "https://img-cf.kurly.com/shop/data/goodsview/20200311/gv30000085197_1.jpg", "option_name_list": [], "option_price_list": []},
{"img1": "https://img-cf.kurly.com/shop/data/goods/1583913427857y0.jpg", "name": "[황성주두유] 국산콩 검은콩 두유 190mL X 16팩", "summary": "콩의 영양을 그대로 담은 전두유", "price": "7,900원", "discount_rate": 0, "unit": "1박스", "amount": "190mL X 16팩", "package": "상온/종이포장", "made_in": "", "img2": "https://img-cf.kurly.com/shop/data/goodsview/20200311/gv00000085190_1.jpg", "description": "두유는 유당을 소화하기 어려운 분들도 편하게 드실 수 있는 영양 음료인데요. 식물성 단백질과 각종 미네랄이 풍부해, 웰빙 시대인 요즘 더욱 각광받고 있지요. 컬리는 하루 한 팩씩 간편하게 즐길 수 있는 황성주두유를 준비했습니다. 황성주 박사의 다년간의 노하우를 바탕으로, 콩의 맛과 영양을 오롯이 담아냈어요. 신선한 국산 콩을 통째로 갈아 만들었기에 콩 특유의 비린 맛이 줄어들고, 고소한 풍미는 더욱 진하게 다가온답니다. 건강하고 묵직한 맛의 두유를 찾고 계셨다면, 콩의 영양을 그대로 품은 황성주두유를 만나보세요.", "img3": "https://img-cf.kurly.com/shop/data/goodsview/20200311/gv00000085193_1.jpg", "option_name_list": [], "option_price_list": []},
{"img1": "https://img-cf.kurly.com/shop/data/goods/1583911253268y0.jpg", "name": "[황성주두유] 국산콩 검은콩 두유 140mL X 24팩", "summary": "고소함이 배가 된 전두유", "price": "10,900원", "discount_rate": 0, "unit": "1박스", "amount": "140mL X 24팩", "package": "상온/종이포장", "made_in": "", "img2": "https://img-cf.kurly.com/shop/data/goodsview/20200311/gv40000085183_1.jpg", "description": "두유는 유당을 소화하기 어려운 분들도 편하게 드실 수 있는 영양 음료인데요. 식물성 단백질과 각종 미네랄이 풍부해, 웰빙 시대인 요즘 더욱 각광받고 있지요. 컬리는 하루 한 팩씩 간편하게 즐길 수 있는 황성주두유를 준비했습니다. 황성주 박사의 다년간의 노하우를 바탕으로, 콩의 맛과 영양을 오롯이 담아냈어요. 신선한 국산 콩을 통째로 갈아 만들었기에 콩 특유의 비린 맛이 줄어들고, 고소한 풍미는 더욱 진하게 다가온답니다. 건강하고 묵직한 맛의 두유를 찾고 계셨다면, 콩의 영양을 그대로 품은 황성주두유를 만나보세요.", "img3": "https://img-cf.kurly.com/shop/data/goodsview/20200311/gv10000085189_1.jpg", "option_name_list": [], "option_price_list": []},
{"img1": "https://img-cf.kurly.com/shop/data/goods/1583718675549y0.jpg", "name": "[잔다리마을] 초록콩두유", "summary": "청서리태의 영양을 간편하게", "price": "19,200원", "discount_rate": 0, "unit": "1박스", "amount": "190mL X 16개입", "package": "상온/종이포장", "made_in": "", "img2": "https://img-cf.kurly.com/shop/data/goodsview/20200309/gv40000084616_1.jpg", "description": "잔다리마을은 마을기업으로 주변의 농가들과 재배 계약을 맺어 농촌을 돕는 방법으로 두유를 만들고 있어요. 이번에 소개할 초록콩우유는 청서리태를 통째로 갈아 만든 영양 가득 두유입니다. 초록빛의 청서리태는 일반 검은콩보다 높은 비타민 E를 함유하고 있으며 비린내가 거의 나지 않는 것이 특징이죠. 올리고당으로 달콤함을 더해 청서리태의 영양을 좀 더 맛있게 즐길 수 있어요. 바쁜 아침에 가방에 쏙 챙겨 간편하게 즐겨보세요.  ", "img3": "https://img-cf.kurly.com/shop/data/goodsview/20200309/gv00000084619_1.jpg", "option_name_list": [], "option_price_list": []},
{"img1": "https://img-cf.kurly.com/shop/data/goods/1583462175502y0.jpg", "name": "[서울우유] 나 100% 저지방 우유 1.8L", "summary": "서울우유의 믿을 수 있는 품질! 신선한 1등급 저지방 우유", "price": "4,800원", "discount_rate": 0, "unit": "1통", "amount": "1.8L", "package": "냉장/종이포장", "made_in": "", "img2": "https://img-cf.kurly.com/shop/data/goodsview/20200306/gv00000084405_1.jpg", "description": "100mL 당 칼로리는 40kcal, 지방 함량은 1g밖에 되지 않는 저지방 우유를 만나보세요. 우유를 자주 마시거나 구성원이 많은 가정에 특히 알맞도록 1.8L의 병에 담은 서울우유랍니다. 우유의 품질도 만족스러워요. 우유의 신선도를 알려주는 세균수도 1A등급, 우유를 만드는 젖소의 건강을 알 수 있는 체세포수 역시 1등급을 받았답니다. 서울우유의 신선한 맛과 풍부한 영양을 매일 한 컵씩 즐겨보세요. ", "img3": "https://img-cf.kurly.com/shop/data/goodsview/20200306/gv40000084406_1.jpg", "option_name_list": [], "option_price_list": []},
{"img1": "https://img-cf.kurly.com/shop/data/goods/1583462074637y0.jpg", "name": "[서울우유] 나 100% 우유 1.8L", "summary": "서울우유의 믿을 수 있는 품질! 든든한 용량 1등급 우유", "price": "4,650원", "discount_rate": 0, "unit": "1통", "amount": "1.8L", "package": "냉장/종이포장", "made_in": "", "img2": "https://img-cf.kurly.com/shop/data/goodsview/20200306/gv30000084401_1.jpg", "description": "우유를 자주 마시거나 구성원이 많은 가정에서는 1L 우유의 양이 늘 아쉽기 마련이에요. 그럴 땐 고민하지 말고 지금 소개하는 서울우유를 선택해 보세요. 1.8L의 넉넉한 용량은 물론이고 우유의 품질도 만족스러워요. 우유의 신선도를 알려주는 세균수도 1A등급, 우유를 만드는 젖소의 건강을 알 수 있는 체세포수 역시 1등급을 받았답니다. 서울우유의 신선한 맛과 풍부한 영양을 매일 한 컵씩 즐겨보세요. ", "img3": "https://img-cf.kurly.com/shop/data/goodsview/20200306/gv40000084403_1.jpg", "option_name_list": [], "option_price_list": []},
{"img1": "https://img-cf.kurly.com/shop/data/goods/1583385022703y0.jpg", "name": "[원더] 휘핑크림 라이트", "summary": "풍부한 크림이 주는 진한 고소함", "price": "4,270원", "discount_rate": "30%", "unit": "1통", "amount": "250g", "package": "냉장/종이포장", "made_in": "", "img2": "https://img-cf.kurly.com/shop/data/goodsview/20200305/gv10000084168_1.jpg", "description": "폭신한 휘핑크림이 더해지면, 어떤 메뉴도 근사하게 바뀌죠. 언제 어디서나 편리하게 휘핑크림을 더할 수 있도록, 컬리는 스프레이 타입의 휘핑크림 제품을 준비했어요. 번거로운 휘핑 과정 없이도, 깊고 고소한 맛을 손쉽게 더할 수 있지요. 무엇보다도 크림 햠량에 91%에 이를 뿐더러, 천연바닐라향을 사용해 그 풍미가 남다르답니다. 냉장실에 보관해 두고, 필요한 만큼씩만 꺼내 달콤하게 더해 보세요. 근사한 브런치 메뉴나 부드러운 아인슈페너를 간단하게 완성할 수 있을 거예요. ", "img3": "https://img-cf.kurly.com/shop/data/goodsview/20200305/gv10000084175_1.jpg", "option_name_list": [], "option_price_list": []},
{"img1": "https://img-cf.kurly.com/shop/data/goods/1583140193873y0.jpg", "name": "[디어넛츠] 마카다미아 (박스)", "summary": "마카다미아의 고소한 풍미", "price": "21,800원", "discount_rate": 0, "unit": "1박스", "amount": "185ml*15개입", "package": "상온/종이포장", "made_in": "", "img2": "https://img-cf.kurly.com/shop/data/goodsview/20200302/gv30000083598_1.jpg", "description": "우유를 잘 소화하지 못하는 분들, 우유를 마시지 않는 비건 분들에게 식품 첨가물을 일절 넣지 않은 디어넛츠의 마카다미아를 소개합니다. 마카다미아는 불포화 지방산이 풍부해 부드러운 맛이 나는 것이 특징이죠. 풍부한 영양과 특유의 고소한 맛을 가진 마카다미아를 아몬드와 함께 착즙해서 만들었기 때문에 더욱더 깊고 고소하답니다. 진하고 목 넘김이 부드러운 맛을 좋아하시는 분들이라면 디어넛츠 마카다미아를 경험해보세요.", "img3": "https://img-cf.kurly.com/shop/data/goodsview/20200302/gv10000083603_1.jpg", "option_name_list": [], "option_price_list": []},
{"img1": "https://img-cf.kurly.com/shop/data/goods/1583140677193y0.jpg", "name": "[디어넛츠] 마카다미아 (단품)", "summary": "마카다미아의 고소한 풍미", "price": "2,200원", "discount_rate": 0, "unit": "1팩", "amount": "185ml", "package": "상온/종이포장", "made_in": "", "img2": "https://img-cf.kurly.com/shop/data/goodsview/20200302/gv10000083604_1.jpg", "description": "우유를 잘 소화하지 못하는 분들, 우유를 마시지 않는 비건 분들에게 식품 첨가물을 일절 넣지 않은 디어넛츠의 마카다미아를 소개합니다. 마카다미아는 불포화 지방산이 풍부해 부드러운 맛이 나는 것이 특징이죠. 풍부한 영양과 특유의 고소한 맛을 가진 마카다미아를 아몬드와 함께 착즙해서 만들었기 때문에 더욱더 깊고 고소하답니다. 진하고 목 넘김이 부드러운 맛을 좋아하시는 분들이라면 디어넛츠 마카다미아를 경험해보세요.", "img3": "https://img-cf.kurly.com/shop/data/goodsview/20200302/gv10000083627_1.jpg", "option_name_list": [], "option_price_list": []}