{"img1": "https://img-cf.kurly.com/shop/data/goods/1584513481692y0.jpg", "name": "[레오네] 이탈리아에서 온 동화 틴케이스 캔디 6종", "summary": "상상의 나라에서 온 알록달록 캔디", "price": "10,000원", "discount_rate": 0, "unit": "1캔", "amount": "42g", "package": "상온/종이포장", "made_in": "", "img2": "https://img-cf.kurly.com/shop/data/goodsview/20200318/gv00000086095_1.jpg", "description": "여왕의 마음까지 사로잡은 이탈리아의 전통 캔디를 소개할게요. 150년이 넘는 세월 동안 달콤한 캔디로 행복을 전해온 레오네의 제품입니다. 이번에는 동화의 나라 속 주인공과 함께하는 캔디 6종을 준비했어요. 한 손에 쏙 들어오는 크기의 틴케이스를 열어보면, 파스텔톤의 캔디가 올망졸망하게 자리잡고 있는데요. 입에 쏙 넣어보면, 바삭하면서도 사르르 녹아들며 색다른 식감을 안겨준답니다. 캔디를 모두 먹고 난 후에는 귀여운 틴케이스만 사용할 수 있어 더욱 눈길이 가요. 원하는 캐릭터를 골라, 달콤함까지 담아가세요.", "img3": "https://img-cf.kurly.com/shop/data/goodsview/20200318/gv40000086099_1.jpg", "option_name_list": ["[레오네] 믹스 플레이버 캔디 피터팬", "[레오네] 믹스 플레이버 캔디 신데렐라", "[레오네] 믹스 플레이버 캔디 인어공주", "[레오네] 와일드 베리 캔디 이상한 나라의 앨리스", "[레오네] 와일드 베리 캔디 빨강모자", "[레오네] 와일드 베리 캔디 피노키오"], "option_price_list": ["10,000원", "10,000원", "10,000원", "10,000원", "10,000원", "10,000원"]},
{"img1": "https://img-cf.kurly.com/shop/data/goods/1584685178278y0.jpg", "name": "[갈라티네] 이태리 우유 캔디 2종", "summary": "진짜 우유로 만든 오리지널 우유 캔디 갈라티네!", "price": "6,000원", "discount_rate": 0, "unit": "1개", "amount": "100g", "package": "상온/종이포장", "made_in": "", "img2": "https://img-cf.kurly.com/shop/data/goodsview/20200320/gv10000086483_1.jpg", "description": "'씹어먹는 우유'라고 불리는 이탈리아의 국민 캔디, 갈라티네를 소개합니다. 자그마한 캔디 한 알에 우유의 맛과 영양을 오롯이 담았어요. 지방을 제거한 우유와 요거트, 벌꿀을 넣어 만들었기에 고소하고 달콤한 맛이 인위적이지 않지요. 다크 초콜릿을 콕콕 박은 초콜릿 캔디와, 고유의 풍미를 지닌 플레인 캔디 2종 중 자유롭게 골라보세요. 마시는 우유를 싫어하는 아이들, 색다른 간식을 원하는 분들에게 기분 좋은 달달함을 선사할 거예요. ", "img3": "https://img-cf.kurly.com/shop/data/goodsview/20200320/gv40000086507_1.jpg", "option_name_list": ["[갈라티네] 초콜릿 캔디", "[갈라티네] 플레인 캔디"], "option_price_list": ["6,000원", "6,000원"]},
{"img1": "https://img-cf.kurly.com/shop/data/goods/1584683999778y0.jpg", "name": "[엠오이칼] 키즈 체리맛 캔디", "summary": "간편하게 즐기는 비타민 캔디", "price": "3,800원", "discount_rate": 0, "unit": "1개", "amount": "75g", "package": "상온/종이포장", "made_in": "", "img2": "https://img-cf.kurly.com/shop/data/goodsview/20200320/gv40000086487_1.jpg", "description": "아이라면 누구나 달콤한 사탕과 사랑에 빠지기 마련이죠. 컬리는 아이가 좋아할 달콤함은 지키면서도 비타민까지 풍부한 캔디를 준비했어요. 엠오이칼의 키즈 체리맛 캔디에는 비타민 C, 비타민 B6, 비타민 B12, 엽산, 판토텐산 등 5가지 영양소가 담겨 있어요. 아이에게 건네기 부담스럽지 않은 사탕 크기에 깔끔한 지퍼백 포장으로 휴대하기도 간편하답니다. 아이와 함께 외출 시 가방에 넣어두고 가벼운 간식으로 챙겨보세요. 과하지 않은 단맛과 은은한 멘톨향에 아이는 물론 어른도 함께 즐길 수 있습니다.", "img3": "https://img-cf.kurly.com/shop/data/goodsview/20200320/gv20000086489_1.jpg", "option_name_list": [], "option_price_list": []},
{"img1": "https://img-cf.kurly.com/shop/data/goods/1584423686362y0.jpg", "name": "[비빌] 민트향 & 복숭아향 캔디 2종", "summary": "틴케이스에 담긴 휴대용 無설탕 구취예방 캔디", "price": "3,000원", "discount_rate": 0, "unit": "1통", "amount": "25.5g (110정)", "package": "상온/종이포장", "made_in": "", "img2": "https://img-cf.kurly.com/shop/data/goodsview/20200317/gv40000085843_1.jpg", "description": "간단하게 꺼내먹을 작은 캔디가 필요하다면 비빌의 캔디를 추천해 드려요. 민트향과 복숭아향, 두 가지의 캔디로 심심한 입안을 즐겁게 해줄 거예요. 졸음이 몰려오거나 입이 텁텁할 때는 민트향 캔디로, 달콤함의 위로가 필요할 때는 향긋한 복숭아향 캔디로 골라 드셔보세요. 휴대와 보관이 간편한 틴케이스에 들어있어 어디서든 꺼내 먹기 좋답니다. ", "img3": "https://img-cf.kurly.com/shop/data/goodsview/20200317/gv30000085847_1.jpg", "option_name_list": [" [비빌] 복숭아향 캔디", "[비빌] 민트향 캔디"], "option_price_list": ["3,000원", "3,000원"]},
{"img1": "https://img-cf.kurly.com/shop/data/goods/1584424024140y0.jpg", "name": "[비빌] 레몬 비타캔디 38g", "summary": "비타민C, E, B2가 함유된 무설탕 레몬 캔디 (천연향료)", "price": "3,000원", "discount_rate": 0, "unit": "1통", "amount": "38g", "package": "상온/종이포장", "made_in": "", "img2": "https://img-cf.kurly.com/shop/data/goodsview/20200317/gv30000085852_1.jpg", "description": "허브 캔디의 화한 맛과 캔디의 달콤함이 동시에 필요할 때, 비빌의 레몬 비타캔디가 답이 될 거예요. 허브 추출물과 레몬주스 농축액으로 시원한 레몬 허브 맛을 느낄 수 있답니다. 비타민C, 비타민E를 넣어 레몬의 풍부한 비타민을 담았고요. 설탕 대체재인 이소말트와 말티톨 시럽으로 텁텁하지 않은 깔끔한 단맛까지 느낄 수 있어요. 개별 포장되어 있어 기분전환이 필요할 때 간편하게 하나씩 꺼내 즐겨보세요. ", "img3": "https://img-cf.kurly.com/shop/data/goodsview/20200317/gv20000085855_1.jpg", "option_name_list": [], "option_price_list": []},
{"img1": "https://img-cf.kurly.com/shop/data/goods/1585294474721y0.jpg", "name": "[위니비니] 오리지널 구미 4종", "summary": "눈과 입이 즐거운 젤리", "price": "2,600원", "discount_rate": 0, "unit": "1봉", "amount": "60g", "package": "상온/종이포장", "made_in": "", "img2": "https://img-cf.kurly.com/shop/data/goodsview/20200327/gv00000085858_1.jpg", "description": "명랑하고 즐거운 위니비니 매장에는 시선을 사로잡는 젤리들이 가득합니다. 보기만 해도 행복해지고 엔도르핀이 생겨나는 곳이지요. 위니비니 매장에 직접 가지 않고도, 이제 컬리에서 개성 넘치는 다양한 젤리들을 만날 수 있답니다. 모두 새콤달콤한 과일향을 더했기에, 쫄깃한 식감과 기분 좋은 달달함을 함께 느낄 수 있지요. 입안이 심심하다면, 귀엽고 앙증맞은 위니비니 젤리 4종을 고루 즐겨보세요.", "img3": "https://img-cf.kurly.com/shop/data/goodsview/20200327/gv10000087714_1.jpg", "option_name_list": ["[위니비니] 피치하트 구미", "[위니비니] 라즈베리 하트모양 구미", "[위니비니] 장미모양 구미", "[위니비니] 동물모양 구미"], "option_price_list": ["2,600원", "2,600원", "2,600원", "2,600원"]},
{"img1": "https://img-cf.kurly.com/shop/data/goods/1585294609480y0.jpg", "name": "[위니비니] 젤라틴프리 유기농 구미 2종", "summary": "비건을 위한 젤리", "price": "2,900원", "discount_rate": 0, "unit": "1봉", "amount": "60g", "package": "상온/종이포장", "made_in": "", "img2": "https://img-cf.kurly.com/shop/data/goodsview/20200327/gv00000085873_1.jpg", "description": "젤리의 쫄깃한 식감을 위해 사용되는 젤라틴. 동물성 재료에 민감한 분들이 젤리를 맘 편히 즐기지 못하는 이유인데요. 명랑하고 즐거운 위니비니 매장에는 시선을 사로잡는 젤리들이 가득합니다. 컬리는 그중 젤라틴을 전혀 첨가하지 않고 만든 새콤달콤한 젤리 2종을 선보일게요. 다양한 유기농 재료와 천연 향료를 사용해 달콤함이 인위적이지 않습니다. 젤라틴이 들어가 있지 않아 특유의 쫄깃함은 없지만, 씹는 식감이 무척 색다르고 부드러운 젤리이지요. 달콤한 간식거리를 찾고 있던 비건이라면, 고민 없이 이 젤리를 선택해 보세요.", "img3": "https://img-cf.kurly.com/shop/data/goodsview/20200327/gv40000087717_1.jpg", "option_name_list": ["[위니비니] 젤라틴프리 유기농 후르티웜즈 구미", "[위니비니] 젤라틴프리 유기농 곰모양 구미"], "option_price_list": ["2,900원", "2,900원"]},
{"img1": "https://img-cf.kurly.com/shop/data/goods/1585294746948y0.jpg", "name": "[위니비니] 유기농 구미 5종", "summary": "유기농 재료를 다채롭게 사용한", "price": "2,900원", "discount_rate": 0, "unit": "1봉", "amount": "60g", "package": "상온/종이포장", "made_in": "", "img2": "https://img-cf.kurly.com/shop/data/goodsview/20200327/gv00000085865_1.jpg", "description": "명랑하고 즐거운 위니비니 매장에는 시선을 사로잡는 젤리들이 가득합니다. 보기만 해도 기분이 좋아지고, 엔도르핀이 생겨나는 곳이지요. 위니비니 매장에 직접 가지 않고도, 이제 컬리에서 개성 넘치는 다양한 젤리들을 만날 수 있답니다. 지금 소개할 젤리는 다양한 유기농 재료와 천연 향료를 사용해, 더욱 건강한 달콤함을 지녔어요. 유기농 과일 농축액을 더했기에, 젤리의 맛과 향이 인위적이지 않지요. 다채로운 모양과 색감의 젤리 5종을 고루 준비했으니, 취향대로 자유롭게 골라 새콤달콤함을 만끽하세요. ", "img3": "https://img-cf.kurly.com/shop/data/goodsview/20200327/gv40000087718_1.jpg", "option_name_list": ["[위니비니] 유기농 후르티 정글 구미", "[위니비니] 유기농 후르츠향 스틱모양 구미", "[위니비니] 유기농 콜라바틀모양 구미", "[위니비니] 유기농 비타민 과일모양 구미", "[위니비니] 유기농 곰모양 구미"], "option_price_list": ["2,900원", "2,900원", "2,900원", "2,900원", "2,900원"]},
{"img1": "https://img-cf.kurly.com/shop/data/goods/1584000485345y0.jpg", "name": "[코코러브] 카카오닙스 다크 초콜릿", "summary": "경쾌한 식감의 건강 간식", "price": "2,500원", "discount_rate": 0, "unit": "1봉", "amount": "50g", "package": "냉장/종이포장", "made_in": "", "img2": "https://img-cf.kurly.com/shop/data/goodsview/20200312/gv30000043047_1.jpg", "description": "카카오닙스는 카카오 콩의 껍질을 벗긴 후 알맹이를 건조하고 분쇄한 식품입니다. 카카오 특유의 쌉싸름한 맛과 향, 풍부한 영양소를 고스란히 품어 최근 여러모로 주목을 받고 있는데요. 그 맛이 익숙하지 않아 카카오닙스를 멀리하셨던 분이라면 이제 코코러브의 제품으로 카카오닙스를 보다 친숙하게 즐겨보세요. 코코러브는 품질이 뛰어난 카카오닙스에 다크초콜릿을 입혀 색다른 건강 간식을 만들었습니다. 카카오닙스의 풍부한 비타민과 마그네슘, 섬유질 등은 그대로 남고 맛은 더 좋아졌어요. 지퍼백 포장으로 휴대 및 보관이 간편하니 허전한 오후를 달래는 간식으로도, 식이 조절 중의 작은 즐거움으로도 알맞답니다. ", "img3": "https://img-cf.kurly.com/shop/data/goodsview/20200312/gv20000085356_1.jpg", "option_name_list": [], "option_price_list": []},
{"img1": "https://img-cf.kurly.com/shop/data/goods/1583828945695y0.jpg", "name": "[이브뚜리에] 로쉐 스트라스부르 6P", "summary": "오독하게 즐기는 로쉐 초콜릿", "price": "15,000원", "discount_rate": 0, "unit": "1박스", "amount": "6개입", "package": "냉장/종이포장", "made_in": "", "img2": "https://img-cf.kurly.com/shop/data/goodsview/20200310/gv00000084971_1.jpg", "description": "마음을 전하는 특별한 선물로 이브뚜리에의 로쉐 스트라스부르를 추천드려요. 이브뚜리에는 프랑스 최고의 명장을 심사하는 MOF에서 2관왕을 거머쥔 셰프인데요. 자신의 노하우와 기술을 바탕으로, 1991년에 초콜릿 브랜드 '이브뚜리에'를 설립했어요. 고마운 사람을 위해, 달콤한 초콜릿 크림과 오독한 아몬드 토핑을 한입에 즐길 수 있는 로쉐 스트라스부르를 준비해 보세요. 선물하기 알맞도록 쇼핑백도 함께 보내드리니 더 만족스러울 거예요.", "img3": "https://img-cf.kurly.com/shop/data/goodsview/20200311/gv10000085121_1.jpg", "option_name_list": [], "option_price_list": []},
{"img1": "https://img-cf.kurly.com/shop/data/goods/1583835826941y0.jpg", "name": "[이브뚜리에] 봉봉 초콜렛 3종", "summary": "프랑스 초콜릿 명장의 작품", "price": "16,000원", "discount_rate": 0, "unit": "1상자", "amount": "옵션별 상이 (하단 참조)", "package": "냉장/종이포장", "made_in": "", "img2": "https://img-cf.kurly.com/shop/data/goodsview/20200310/gv20000085009_1.jpg", "description": "마음을 전하는 특별한 선물로 이브뚜리에의 봉봉 초콜렛을 추천드려요. 이브뚜리에는 프랑스 최고의 명장을 심사하는 MOF에서 2관왕을 거머쥔 셰프인데요. 자신의 노하우와 기술을 바탕으로, 1991년에 초콜릿 브랜드 '이브뚜리에'를 설립했답니다. 이브뚜리에의 달콤한 봉봉 초콜렛을 다채로운 구성으로 세 가지 크기의 상자에 담아 준비했어요. 선물하기 알맞도록 쇼핑백도 함께 보내드리니 더 만족스러울 거예요.", "img3": "https://img-cf.kurly.com/shop/data/goodsview/20200311/gv30000085120_1.jpg", "option_name_list": ["[이브뚜리에] 봉봉 초콜렛 6P", "[이브뚜리에] 봉봉 초콜렛 8P", "[이브뚜리에] 봉봉 초콜렛 12P"], "option_price_list": ["16,000원", "23,000원", "33,000원"]},
{"img1": "https://img-cf.kurly.com/shop/data/goods/1583828380632y0.jpg", "name": "[이브뚜리에] 봉봉 초콜렛 4P", "summary": "마음을 전하는 앙증맞은 디저트", "price": "12,000원", "discount_rate": 0, "unit": "1상자", "amount": "4개입", "package": "냉장/종이포장", "made_in": "", "img2": "https://img-cf.kurly.com/shop/data/goodsview/20200310/gv10000084964_1.jpg", "description": "마음을 전하는 특별한 선물로 이브뚜리에의 봉봉 초콜렛을 추천드려요. 이브뚜리에는 프랑스 최고의 명장을 심사하는 MOF에서 2관왕을 거머쥔 셰프인데요. 자신의 노하우와 기술을 바탕으로 1991년에 초콜릿 브랜드 '이브뚜리에'를 설립했답니다. 이브뚜리에의 다양한 상품 중에서도 베스트셀러 4가지를 아담한 상자에 담아 준비했어요. 부담 없는 크기의 제품이라 가벼운 선물로, 답례품으로도 훌륭하지요.", "img3": "https://img-cf.kurly.com/shop/data/goodsview/20200311/gv30000085122_1.jpg", "option_name_list": [], "option_price_list": []},
{"img1": "https://img-cf.kurly.com/shop/data/goods/1583808278827y0.jpg", "name": "[그라쉐] 아몬드 바크씬", "summary": "리얼 다크초콜릿과 미국산 아몬드가 듬뿍 들어간 조합!", "price": "2,500원", "discount_rate": 0, "unit": "1봉", "amount": "80g", "package": "상온/종이포장", "made_in": "", "img2": "https://img-cf.kurly.com/shop/data/goodsview/20200310/gv00000084794_1.jpg", "description": "초콜릿과 아몬드는 흔히 '환상의 조합'이라고 불리죠. 컬리는 진하고 부드러운 초콜릿에 아몬드의 고소함을 가득 더한 간식을 준비했어요. 리얼다크초콜릿과 아몬드만로 듬뿍 채운, 그라쉐의 아몬드 바크씬입니다. 한 입 베어물면, 사르르 녹는 초콜릿 사이로 잘게 썰린 아몬드가 재밌는 식감을 전해주는데요. 손으로 하나씩 집어먹기 편리하도록 납작한 판 형태로 만들었답니다. 다크초콜릿의 쌉쌀한 맛이 지나치게 강하지 않아 누구나 부담없이 즐길 수 있고요. 휴대가 편리한 지퍼백에 담았으니, 언제 어디서나 가볍게 꺼내 달콤하게 누려보세요.", "img3": "https://img-cf.kurly.com/shop/data/goodsview/20200310/gv40000084797_1.jpg", "option_name_list": [], "option_price_list": []},
{"img1": "https://img-cf.kurly.com/shop/data/goods/1583819880953y0.jpg", "name": "[그랜드벨지안] 초콜릿 크리스피 3종", "summary": "쌀 크리스피가 들어가 바삭하고 진한 초콜릿의 풍미", "price": "6,600원", "discount_rate": 0, "unit": "1박스", "amount": "125g", "package": "상온/종이포장", "made_in": "", "img2": "https://img-cf.kurly.com/shop/data/goodsview/20200310/gv20000084889_1.jpg", "description": "쌀 크리스피가 알차게 들어간 그랜드벨지안의 초콜릿 크리스피로 오늘의 달콤함을 충전해보세요. 동글납작한 모양의 초콜릿에 쌀 크리스피가 가득 박혀있어 바삭바삭한 식감을 느낄 수 있어요. 진한 초콜릿의 풍미를 자랑하지만 적당히 달아 계속 손이 가죠. 한입 크기의 사이즈로 과자처럼 간편하게 집어 먹기에도 부담이 없어요. 컬리는 3가지 종류의 초콜릿 크리스피를 준비했답니다. 고급스러운 패키지로 선물하기도 좋을 거예요. ", "img3": "https://img-cf.kurly.com/shop/data/goodsview/20200310/gv20000084927_1.jpg", "option_name_list": ["[그랜드벨지안] 다크초콜릿 크리스피", "[그랜드벨지안] 초콜릿카라멜 크리스피", "[그랜드벨지안] 헤이즐넛초콜릿 크리스피"], "option_price_list": ["6,600원", "6,600원", "6,600원"]},
{"img1": "https://img-cf.kurly.com/shop/data/goods/1583817046927y0.jpg", "name": "[그랜드벨지안] 초콜릿 트윅스 4종", "summary": "초콜릿으로만 만든 달콤한 초콜릿 스틱", "price": "4,000원", "discount_rate": 0, "unit": "1박스", "amount": "75g", "package": "상온/종이포장", "made_in": "", "img2": "https://img-cf.kurly.com/shop/data/goodsview/20200310/gv40000084825_1.jpg", "description": "과자에 초콜릿을 씌운 초콜릿 스틱은 모두에게 익숙하지요. 그랜드벨지안의 초콜릿 트윅스는 조금 특별해요. 초콜릿으로만 이루어진 초콜릿 스틱이기 때문이에요. 스틱 형태로 하나씩 들어 우아하게 즐길 수 있죠. 컬리는 오독오독 씹으면 입에서 달콤하게 녹아드는 그랜드벨지안의 초콜릿 트윅스를 4가지 맛으로 준비했답니다. 고급스러운 패키지로 선물하기도 좋으니 소중한 사람과도 달콤한 시간을 공유해 보세요. ", "img3": "https://img-cf.kurly.com/shop/data/goodsview/20200310/gv30000084836_1.jpg", "option_name_list": [" [그랜드벨지안] 엑스트라 다크 트윅스", "[그랜드벨지안] 밀크초콜릿 트윅스", "[그랜드벨지안] 민트다크 트윅스", "[그랜드벨지안] 커피다크 트윅스"], "option_price_list": ["4,000원", "4,000원", "4,000원", "4,000원"]},
{"img1": "https://img-cf.kurly.com/shop/data/goods/1583802958553y0.jpg", "name": "[레드로즈빈] 팥콜릿 2종", "summary": "팥으로 만든 달콤함", "price": "12,000원", "discount_rate": 0, "unit": "1상자", "amount": "9개입 / 15개입", "package": "냉동/종이포장", "made_in": "", "img2": "https://img-cf.kurly.com/shop/data/goodsview/20180910/gv30000031792_1.jpg", "description": "앙증 맞은 크기의 생초콜릿으로 보이는 이것, 바로 팥으로 만든 초콜릿 '팥콜릿'입니다. 팥콜릿은 신선한 국내산 팥을 우린 농밀한 팥 베이스에 부드러운 식감을 살려 줄 카카오, 카카오버터, 생크림을 넣어서 만들어졌어요. 보존료, 팜유, 합성착향료는 일절 넣지 않았지요. 감미료가 아닌 팥으로 단맛을 냈기 때문에 고당도 간식 섭취가 어려운 분들도 안심하고 드실 수 있답니다. 한 입 크기의 팥콜릿을 입에 쏙 넣으면 쫀득하면서도 부드러운 식감과 진한 팥 앙금, 쌉싸름한 카카오의 이상적인 조화를 느낄 수 있을 거예요. 깔끔한 종이 상자에 포장해 드리므로 선물용으로도 좋아요. 이제 건강 관리에 유념해야 할 부모님과 소중한 내 아이에게 팥콜릿의 달콤함을 선물해주세요. ", "img3": "https://img-cf.kurly.com/shop/data/goodsview/20200310/gv40000084774_1.jpg", "option_name_list": ["[레드로즈빈] 팥콜릿 9개입", "[레드로즈빈] 팥콜릿 15개입"], "option_price_list": ["12,000원", "20,000원"]}