{"img1": "https://img-cf.kurly.com/shop/data/goods/1585628728803y0.jpg", "name": "[포지티브] 보성말차 밀크티 2종", "summary": "유기농 말차를 품은 밀크티", "price": "5,500원", "discount_rate": 0, "unit": "1병", "amount": "300mL", "package": "냉장/종이포장", "made_in": "", "img2": "https://img-cf.kurly.com/shop/data/goodsview/20200331/gv10000088122_1.jpg", "description": "우리 땅의 생기를 머금고 자란 유기농 말차를 한 병에 담았습니다. 바로, 포지티브가 선보이는 말차 밀크티예요. 싱그러운 빛깔의 찻잎을 쪄서 말린 후, 곱게 가루 내어 말차로 만들었지요. 여기에 신선한 우유와 사탕수수 원당을 함께 넣어, 기분 좋은 쌉쌀함과 달콤함을 동시에 맛볼 수 있답니다. 말차 본연의 깊은 맛이 오롯이 전해지는 오리지널, 직접 우린 페퍼민트와 말차를 적절히 블렌딩한 페퍼민트 총 2가지를 준비했어요. 언제 어디서나 카페 음료 못지않은 말차 밀크티를 경험하세요.", "img3": "https://img-cf.kurly.com/shop/data/goodsview/20200331/gv20000088124_1.jpg", "option_name_list": [" [포지티브] 말차 밀크티 오리지널", "[포지티브] 말차 밀크티 페퍼민트"], "option_price_list": ["5,500원", "5,800원"]},
{"img1": "https://img-cf.kurly.com/shop/data/goods/158555492666y0.jpg", "name": "[달새앙] 생강즙", "summary": "생강의 알싸한 매력", "price": "9,500원", "discount_rate": "5%", "unit": "1박스", "amount": "90mL X 10팩", "package": "상온/종이포장", "made_in": "", "img2": "https://img-cf.kurly.com/shop/data/goodsview/20200330/gv40000088031_1.jpg", "description": "생강즙을 쉽게 즐기기엔 아린 맛이 부담스러울 때가 있지요. 달새앙의 생강즙은 마치 수정과처럼 은은하게 달큰해 보다 편안하게 마실 수 있는데요. 뿌리가 통통한 국내산 생강을 엄선하여 한 팩에 담아냈답니다. 설탕이나 첨가물을 넣지 않고 국내산 벌꿀만을 사용했기에 더욱 안심할 수 있어요. 따끈한 차로 마시면 생강 특유의 알싸한 매력을 그대로 느낄 수 있고, 얼음을 더해 시원하게 마셔도 훌륭한 음료로 즐길 수 있을 거예요.", "img3": "https://img-cf.kurly.com/shop/data/goodsview/20200330/gv10000088035_1.jpg", "option_name_list": [], "option_price_list": []},
{"img1": "https://img-cf.kurly.com/shop/data/goods/1585558033602y0.jpg", "name": "[키토제니] 아몬드 블랙티", "summary": "밀크티를 대체할 향긋한 블랙티", "price": "2,800원", "discount_rate": 0, "unit": "1팩", "amount": "230mL", "package": "상온/종이포장", "made_in": "", "img2": "https://img-cf.kurly.com/shop/data/goodsview/20200330/gv30000088048_1.jpg", "description": null, "img3": "https://img-cf.kurly.com/shop/data/goodsview/20200330/gv30000088051_1.jpg", "option_name_list": [], "option_price_list": []},
{"img1": "https://img-cf.kurly.com/shop/data/goods/1585294516201y0.jpg", "name": "[커피빈] 더블샷라떼 2종", "summary": "더 깊게, 더 부드럽게", "price": "4,800원", "discount_rate": 0, "unit": "10입 / 100입", "amount": "143g / 1430g", "package": "상온/종이포장", "made_in": "", "img2": "https://img-cf.kurly.com/shop/data/goodsview/20200327/gv20000087704_1.jpg", "description": "커피는 우리의 일상에서 의미 있는 존재감을 발휘하지요. 늘 가까이에서 잔잔한 활력소가 되어주곤 합니다. 맛 좋은 커피를 전하는 카페 브랜드, 커피빈의 라떼 스틱으로 커피 한 잔을 더욱 간편히 누려보세요. 커피빈만의 로스팅 기법을 거친 100% 콜롬비아산 아라비카 원두와, 우유의 풍미를 담은 라떼 크리머가 만났습니다. 다크하고 깊은 풍미를 선호한다면, 더블샷라떼를 선택해 보세요. 간단하게 뜨거운 물만 부어도 진하고 향기로운 라떼를 경험할 수 있을 거예요. ", "img3": "https://img-cf.kurly.com/shop/data/goodsview/20200327/gv20000087716_1.jpg", "option_name_list": ["[커피빈] 더블샷라떼 10입", "[커피빈] 더블샷라떼 100입"], "option_price_list": ["4,800원", "42,000원"]},
{"img1": "https://img-cf.kurly.com/shop/data/goods/1585293941426y0.jpg", "name": "[커피빈] 카페라떼 2종", "summary": "원두와 우유가 자아내는 깊은 풍미", "price": "4,300원", "discount_rate": 0, "unit": "10입 / 100입", "amount": "140g / 1400g", "package": "상온/종이포장", "made_in": "", "img2": "https://img-cf.kurly.com/shop/data/goodsview/20200327/gv00000087701_1.jpg", "description": "커피는 우리의 일상에서 의미 있는 존재감을 발휘하지요. 늘 가까이에서 잔잔한 활력소가 되어주곤 합니다. 맛 좋은 커피를 전하는 카페 브랜드, 커피빈의 라떼 스틱으로 커피 한 잔을 더욱 간편히 누려보세요. 커피빈만의 로스팅 기법을 거친 100% 콜롬비아산 아라비카 원두와, 우유의 풍미를 담은 라떼 크리머가 만났습니다. 간단하게 뜨거운 물만 부어도 고소하고 부드러운 라떼를 즐길 수 있답니다. 단 커피를 싫어하는 분들이라면 더욱 기분 좋게 맛볼 수 있을 거예요. ", "img3": "https://img-cf.kurly.com/shop/data/goodsview/20200327/gv20000087713_1.jpg", "option_name_list": ["[커피빈] 카페라떼 10입", "[커피빈] 카페라떼 100입"], "option_price_list": ["4,300원", "37,000원"]},
{"img1": "https://img-cf.kurly.com/shop/data/goods/1585292981469y0.jpg", "name": "[커피빈] 캡틴 아메리카노 2종", "summary": "손쉽게 스며드는 원두 향", "price": "5,800원", "discount_rate": 0, "unit": "20입 / 50입", "amount": "320g / 800g", "package": "상온/종이포장", "made_in": "", "img2": "https://img-cf.kurly.com/shop/data/goodsview/20200327/gv10000087698_1.jpg", "description": "커피는 우리의 일상에서 의미 있는 존재감을 발휘하지요. 늘 가까이에서 잔잔한 활력소가 되어주곤 합니다. 맛 좋은 커피를 전하는 카페 브랜드, 커피빈의 원두 스틱으로 커피 한 잔을 더욱 간편히 누려보세요. 100% 과테말라산 아라비카 원두만을 선별하고, 커피빈만의 로스팅 기법을 거쳐 만들었답니다. 원두의 맛과 향을 보존하는 동결건조 방식을 통해 깊은 풍미를 발현했지요. 물 온도 상관없이, 고소하고 쌉쌀한 아메리카노를 취향대로 즐겨보세요. ", "img3": "https://img-cf.kurly.com/shop/data/goodsview/20200330/gv30000087924_1.jpg", "option_name_list": ["[커피빈] 캡틴 아메리카노 20입", "[커피빈] 캡틴 아메리카노 50입"], "option_price_list": ["5,800원", "13,500원"]},
{"img1": "https://img-cf.kurly.com/shop/data/goods/1585292367811y0.jpg", "name": "[커피빈] 콜롬비아 아메리카노 2종", "summary": "간단하고 여유로운 커피 타임", "price": "5,700원", "discount_rate": "5%", "unit": "20입 / 50입", "amount": "320g / 800g", "package": "상온/종이포장", "made_in": "", "img2": "https://img-cf.kurly.com/shop/data/goodsview/20200327/gv30000087695_1.jpg", "description": "커피는 우리의 일상에서 의미 있는 존재감을 발휘하지요. 늘 가까이에서 잔잔한 활력소가 되어주곤 합니다. 맛 좋은 커피를 전하는 카페 브랜드, 커피빈의 원두 스틱으로 커피 한 잔을 더욱 간편히 누려보세요. 100% 콜롬비아산 아라비카 원두만을 선별하고, 커피빈만의 로스팅 기법을 거쳐 만들었답니다. 물 온도 상관없이 취향대로 즐길 수 있어 더없이 편리하지요. 앙증맞은 스틱이 선사하는 깊고 진한 풍미를 경험해 보세요. ", "img3": "https://img-cf.kurly.com/shop/data/goodsview/20200327/gv20000087709_1.jpg", "option_name_list": ["[커피빈] 콜롬비아 아메리카노 20입", "[커피빈] 콜롬비아 아메리카노 50입"], "option_price_list": ["6,000원", "14,000원"]},
{"img1": "https://img-cf.kurly.com/shop/data/goods/1585126800678y0.jpg", "name": "[쌍계명차] 벚꽃차", "summary": "화사한 봄을 닮은 차", "price": "18,000원", "discount_rate": "10%", "unit": "1박스", "amount": "1.2g X 20개입", "package": "상온/종이포장", "made_in": "", "img2": "https://img-cf.kurly.com/shop/data/goodsview/20200325/gv40000087240_1.jpg", "description": "정신없이 흘러가는 일상에서 잠시나마 마음에 여유를 줄 방법, 맛과 향을 음미하며 마시는 차 한 잔이 아닐까요? 여기 명인의 30년 전통 방법을 따라 우리나라 전통차와 기호차를 만드는 쌍계명차가 있습니다. 쌍계명차의 벚꽃차는 봄을 그대로 옮겨온 듯 벚꽃과 장미, 매화, 아카시아 등의 꽃을 블렌딩한 차입니다. 다양한 꽃을 블렌딩해 쌍계명차의 차 중에서 가장 화려한 색과 향을 지닌 차이기도 해요. 꽃이 만개한 봄의 한 장면을 차 한잔에 담아보세요.", "img3": "https://img-cf.kurly.com/shop/data/goodsview/20200325/gv00000087247_1.jpg", "option_name_list": [], "option_price_list": []},
{"img1": "https://img-cf.kurly.com/shop/data/goods/1585181834991y0.jpg", "name": "[쌍계명차] 홍삼귤피차", "summary": "홍삼과 귤피의 향긋한 블렌딩", "price": "18,000원", "discount_rate": "10%", "unit": "1박스", "amount": "2.0g X 20개입", "package": "상온/종이포장", "made_in": "", "img2": "https://img-cf.kurly.com/shop/data/goodsview/20200326/gv30000087299_1.jpg", "description": "정신없이 흘러가는 일상에서 잠시나마 마음에 여유를 줄 방법, 맛과 향을 음미하며 마시는 차 한 잔이 아닐까요? 여기 명인의 30년 전통 방법을 따라 우리나라 전통차와 기호차를 만드는 쌍계명차가 있습니다. 색다른 맛의 차를 찾고 있다면 쌍계명차의 홍삼귤피차를 추천해요. 쌉싸름한 홍삼과 상큼한 향의 귤피가 만들어내는 조화가 신선한 즐거움을 선사할 거예요. ", "img3": "https://img-cf.kurly.com/shop/data/goodsview/20200326/gv10000087302_1.jpg", "option_name_list": [], "option_price_list": []},
{"img1": "https://img-cf.kurly.com/shop/data/goods/1585182143532y0.jpg", "name": "[쌍계명차] 우엉차", "summary": "우엉의 고소함이 그대로", "price": "18,000원", "discount_rate": "10%", "unit": "1박스", "amount": "1.5g X 20개입", "package": "상온/종이포장", "made_in": "", "img2": "https://img-cf.kurly.com/shop/data/goodsview/20200326/gv20000087303_1.jpg", "description": "정신없이 흘러가는 일상에서 잠시나마 마음에 여유를 줄 방법, 맛과 향을 음미하며 마시는 차 한 잔이 아닐까요? 여기 명인의 30년 전통 방법을 따라 우리나라 전통차와 기호차를 만드는 쌍계명차가 있습니다. 이번에 소개할 차는 무농약으로 키운 우엉으로 만든 쌍계명차 우엉차입니다. 오직 우엉만으로 우려내 고소함이 그대로 전해지지요. 우엉차 한 잔을 마시며 하루를 시작해 보세요.", "img3": "https://img-cf.kurly.com/shop/data/goodsview/20200326/gv00000087307_1.jpg", "option_name_list": [], "option_price_list": []},
{"img1": "https://img-cf.kurly.com/shop/data/goods/1585182287541y0.jpg", "name": "[쌍계명차] 덖음세작", "summary": "어린 녹차 잎의 진한 풍미", "price": "18,000원", "discount_rate": "10%", "unit": "1박스", "amount": "1.5g X 20개입", "package": "상온/종이포장", "made_in": "", "img2": "https://img-cf.kurly.com/shop/data/goodsview/20200326/gv40000087308_1.jpg", "description": "정신없이 흘러가는 일상에서 잠시나마 마음에 여유를 줄 방법, 맛과 향을 음미하며 마시는 차 한 잔이 아닐까요? 여기 명인의 30년 전통 방법을 따라 우리나라 전통차와 기호차를 만드는 쌍계명차가 있습니다. 세작은 가장 어린잎을 뜻해요. 쌍계명차의 덖음세작은 녹차의 어린잎을 직접 수확해 만들어 풍부하고 진한 맛을 낸답니다. 녹차의 진한 맛을 느끼고 싶을 때 쌍계명차의 덖음세작을 선택해 보세요.", "img3": "https://img-cf.kurly.com/shop/data/goodsview/20200326/gv40000087311_1.jpg", "option_name_list": [], "option_price_list": []},
{"img1": "https://img-cf.kurly.com/shop/data/goods/1585616478327y0.jpg", "name": "[쌍계명차] 계피생강차", "summary": "달콤쌉싸름한 맛의 조화", "price": "18,000원", "discount_rate": "10%", "unit": "1박스", "amount": "2.5g X 20개입", "package": "상온/종이포장", "made_in": "", "img2": "https://img-cf.kurly.com/shop/data/goodsview/20200326/gv30000087312_1.jpg", "description": "정신없이 흘러가는 일상에서 잠시나마 마음에 여유를 줄 방법, 맛과 향을 음미하며 마시는 차 한 잔이 아닐까요? 여기 명인의 30년 전통 방법을 따라 우리나라 전통차와 기호차를 만드는 쌍계명차가 있습니다. 쌍계명차의 계피생강차는 모과를 함께 넣어 달콤함과 계피, 생강 본연의 씁쓸한 맛이 어우러지도록 준비했어요. 계피생강차의 풍미를 차분히 음미해보세요.", "img3": "https://img-cf.kurly.com/shop/data/goodsview/20200326/gv20000087315_1.jpg", "option_name_list": [], "option_price_list": []},
{"img1": "https://img-cf.kurly.com/shop/data/goods/158520133471y0.jpg", "name": "[AKA] FTW 콜드브루", "summary": "어디서나 완벽한 커피 한 잔", "price": "11,875원", "discount_rate": "5%", "unit": "1병", "amount": "300mL", "package": "냉장/종이포장", "made_in": "", "img2": "https://img-cf.kurly.com/shop/data/goodsview/20200326/gv20000087401_1.jpg", "description": "시원한 커피 한 잔이 마시고 싶을 때, 희석하기만 하면 완성되는 콜드브루만큼 요긴한 것이 없지요. 컬리에서도 많은 사랑을 받고 있는 AKA의 FTW 원두로 추출한 콜드브루를 소개합니다. 에티오피아, 과테말라, 코스타리카 원두를 블렌딩해 만든 FTW 콜드브루는 캐러멜과 너트의 풍미를 지니고 있는데요. 산미는 줄고 고소한 향미는 풍부해져, 아이스 커피로 마셔도 좋고 부드러운 우유와도 잘 어울린답니다. 귀여운 병에 담긴 FTW 콜드브루로 어디서나 만족스러운 커피 한 잔을 경험해 보세요.", "img3": "https://img-cf.kurly.com/shop/data/goodsview/20200326/gv30000087410_1.jpg", "option_name_list": [], "option_price_list": []},
{"img1": "https://img-cf.kurly.com/shop/data/goods/1585198408185y0.jpg", "name": "[마이노멀] 버터모카", "summary": "디카페인으로 즐기는 방탄 카페모카", "price": "2,700원", "discount_rate": 0, "unit": "BT", "amount": "230ml", "package": "상온/종이포장", "made_in": "", "img2": "https://img-cf.kurly.com/shop/data/goodsview/20200326/gv10000087356_1.jpg", "description": "카페인 걱정으로 맘놓고 방탄 커피를 즐기지 못했다면 주목해주세요. 마이노멀의 버터모카는 기존 마이노멀 버터커피에서 카페인은 빼고 카카오 파우더를 더해 만들었어요. 은은한 초콜릿 향과 부담스럽지 않은 단맛이 매력적이랍니다. 설탕 대신 알룰로스를 사용해 좀 더 가벼운 달콤함을 구현했으니 키토제닉 식단을 지키시는 분들도 안심하고 드실 수 있어요. 커피보다 달콤한 모카와 초콜렛 음료가 생각나는 날에 아침 대용이나 간식으로 간편하게 즐겨보세요.", "img3": "https://img-cf.kurly.com/shop/data/goodsview/20200326/gv10000087365_1.jpg", "option_name_list": [], "option_price_list": []},
{"img1": "https://img-cf.kurly.com/shop/data/goods/1584941155587y0.jpg", "name": "[카페 뎀셀브즈] 커피백 4종 세트", "summary": "지금 이 순간을 향기롭게 물들이는", "price": "27,900원", "discount_rate": "10%", "unit": "1박스", "amount": "10g X 7개입 X 4", "package": "상온/종이포장", "made_in": "", "img2": "https://img-cf.kurly.com/shop/data/goodsview/20200323/gv40000086601_1.jpg", "description": "커피를 만드는 이들의 실력과 노하우는 결과물의 맛과 완성도를 좌우하는 중요한 요소이지요. '카페 뎀셀브즈' 바리스타들의 수상 실적은 커피 맛을 보장하는 보증수표와도 같습니다. 믿고 즐기는 뎀셀브즈 원두를 이제 커피백으로 더욱 손쉽게 경험하세요. 뎀셀브즈를 대표하는 오리지널 블렌드 3종과 에티오피아 싱글오리진을 티백에 담아냈습니다. 컵과 커피백, 뜨거운 물만 있으면 언제 어디서나 뎀셀브즈의 노하우가 담긴 원두커피를 만날 수 있지요. 서로 다른 풍미의 커피 4종을 고루 맛보며, 잔잔했던 오늘의 일상을 다채로이 물들여 보세요. ", "img3": "https://img-cf.kurly.com/shop/data/goodsview/20200323/gv10000086640_1.jpg", "option_name_list": [], "option_price_list": []},
{"img1": "https://img-cf.kurly.com/shop/data/goods/1584521788223y0.jpg", "name": "매실청 950g", "summary": "따뜻하게 즐겨도 시원하게 즐겨도 맛있는 매실청", "price": "8,900원", "discount_rate": 0, "unit": "1병", "amount": "950g", "package": "냉장/종이포장", "made_in": "", "img2": "https://img-cf.kurly.com/shop/data/goodsview/20200318/gv10000086129_1.jpg", "description": "유난히 속이 더부룩한 날에는 시원한 매실차 한잔이 떠오르곤 하지요. 매실은 무기질, 비타민, 유기산 등의 영양소를 풍부하게 함유하고 있어 팔방미인 열매로 잘 알려져 있는데요. 과실이 아낌없이 들어간 색다른 매실청을 즐겨 보세요. 국내산 매실 과육을 썰어 넣어 씹을 때마다 느껴지는 향긋함이 제법 매력적이랍니다. 어디에나 잘 어우러진다는 점도 기특한 장점 중 하나이지요. 달콤함이 필요한 모든 요리에 활용해 보세요. ", "img3": "https://img-cf.kurly.com/shop/data/goodsview/20200318/gv40000086136_1.jpg", "option_name_list": [], "option_price_list": []}