{"img1": "https://img-cf.kurly.com/shop/data/goods/1585552150946y0.jpg", "name": "[진실된손맛] 얼큰한 대파육개장", "summary": "대파와 무를 넣어 더 개운한", "price": "6,500원", "discount_rate": 0, "unit": "1팩", "amount": "600g", "package": "냉동/종이포장", "made_in": "", "img2": "https://img-cf.kurly.com/shop/data/goodsview/20200330/gv30000087944_1.jpg", "description": "개운한 국물로 시원하게 속을 풀어 줄 진실된손맛의 대파육개장을 소개합니다. 소고기로 우린 진한 육수에 먹음직스럽게 썬 무와 대파를 넣고 얼큰하게 끓인 상품인데요. 육수의 구수함과 야채의 시원한 국물이 한데 어우러져, 계속 손이 가는 남다른 매력을 자랑하지요. 전자레인지나 냄비에 바로 조리해 간편하게 만나보세요. 국내산 소고기와 야채로 만든 국물 요리라 깔끔한 감칠맛까지 즐길 수 있을 거예요.", "img3": "https://img-cf.kurly.com/shop/data/goodsview/20200330/gv10000087975_1.jpg", "option_name_list": [], "option_price_list": []},
{"img1": "https://img-cf.kurly.com/shop/data/goods/1585207232688y0.jpg", "name": "[SAMSAM HEAYO] 냉이 바지락 된장찌개 588g(냉장)", "summary": "산과 바다의 향을 담은", "price": "13,200원", "discount_rate": 0, "unit": "1팩", "amount": "588g", "package": "냉장/종이포장", "made_in": "", "img2": "https://img-cf.kurly.com/shop/data/goodsview/20200326/gv40000087491_1.jpg", "description": "향긋한 냉이와 통통하게 살이 오른 바지락이 만났습니다. 바로, 산과 바다의 생기를 모두 품은 냉이 바지락 된장찌개예요. 가장 신선하고 간편하게 맛볼 수 있도록, 필요한 모든 재료들을 개별 포장했어요. 덕분에 따로 재료를 구매하거나 손질할 필요 없이 푸짐한 된장찌개를 조리할 수 있답니다. 깨끗한 국내산 재료들을 골라 담았기에, 더욱 맛있고 개운하게 즐길 수 있을 거예요. 편리하면서도 입맛을 사로잡는 알찬 된장찌개 밀키트를 만나보세요.", "img3": "https://img-cf.kurly.com/shop/data/goodsview/20200326/gv10000087497_1.jpg", "option_name_list": [], "option_price_list": []},
{"img1": "https://img-cf.kurly.com/shop/data/goods/1584506382687y0.jpg", "name": "[바비엔] 알탕", "summary": "푸짐하게 즐기는 탱글탱글 알탕", "price": "13,000원", "discount_rate": 0, "unit": "PK", "amount": "600g", "package": "냉동/종이포장", "made_in": "", "img2": "https://img-cf.kurly.com/shop/data/goodsview/20200318/gv30000086007_1.jpg", "description": "집에서 뜨끈뜨끈한 알탕을 만드는 건 꽤나 번거롭고 어렵게 느껴지는데요. 알과 곤이의 신선도, 양념장 레시피가 알탕의 맛을 좌우하기 때문이에요. 컬리는 집에서도 신선한 바다의 맛을 느낄 수 있도록, 간편하고 부담 없는 알탕 밀키트를 준비했어요. 통통하게 차오른 명태알과 곤이, 오만둥이를 깨끗하게 손질해 담았습니다. 따로 레시피 검색이 필요 없는, 바비엔만의 비법 양념장도 동봉되어 있지요. 온 가족이 두루 모여, 한 끼 식사나 일품요리로 넉넉하게 즐겨보세요.", "img3": "https://img-cf.kurly.com/shop/data/goodsview/20200318/gv00000086010_1.jpg", "option_name_list": [], "option_price_list": []},
{"img1": "https://img-cf.kurly.com/shop/data/goods/1584506251183y0.jpg", "name": "[바비엔] 꽃게 해물탕", "summary": "바다를 담은 한 그릇", "price": "19,000원", "discount_rate": 0, "unit": "PK", "amount": "700g", "package": "냉동/종이포장", "made_in": "", "img2": "https://img-cf.kurly.com/shop/data/goodsview/20200318/gv10000085999_1.jpg", "description": "직접 수산시장에 가거나, 번거롭게 레시피를 검색하지 않아도 칼칼하고 개운한 해물탕을 만날 수 있습니다. 바로 컬리가 준비한 바비엔 밀키트로 말이죠. 신선한 꽃게와 오징어 한 마리가 통째로 들어있어, 비주얼부터 시선을 압도합니다. 통통하게 살이 오른 다양한 조개와 흰다리새우 덕분에 다채롭고 깊은 맛이 전해지지요. 바비엔만의 비법 양념장도 동봉되어 있으니, 취향에 맞는 채소만을 살짝 추가해 특별한 한 끼 메뉴로 즐겨보세요. ", "img3": "https://img-cf.kurly.com/shop/data/goodsview/20200318/gv30000086002_1.jpg", "option_name_list": [], "option_price_list": []},
{"img1": "https://img-cf.kurly.com/shop/data/goods/1584339548697y0.jpg", "name": "[마켓베라즈] 참돔 매운탕 915g(냉장)", "summary": "귀한 생선을 즐기는 방법", "price": "21,900원", "discount_rate": 0, "unit": "1팩", "amount": "915g", "package": "냉장/종이포장", "made_in": "", "img2": "https://img-cf.kurly.com/shop/data/goodsview/20200316/gv30000085703_1.jpg", "description": "색채가 아름답고 그 모양새도 예뻐서 바다의 여왕이라는 별칭까지 지닌 참돔. 겨울부터 봄까지 제철을 맞는 참돔은 생김새만큼이나 맛도 좋아서 고급 요리 재료로 사랑을 받죠. 컬리는 귀한 참돔을 매운탕으로 즐길 수 있도록 밀키트를 준비했어요. 미리 손질과 세척을 거친 두툼하고 큼지막한 크기의 참돔에 채소와 매운탕 양념을 챙겨 넣었죠. 물과 냄비만 있으면 맛깔나는 참돔 매운탕이 금세 완성된답니다. 아주 특별한 탕으로 호화로운 한 끼를 완성해 보세요.", "img3": "https://img-cf.kurly.com/shop/data/goodsview/20200330/gv20000087807_1.jpg", "option_name_list": [], "option_price_list": []},
{"img1": "https://img-cf.kurly.com/shop/data/goods/1584339927730y0.jpg", "name": "[마켓베라즈] 생우럭 맑은탕 723g(냉장)", "summary": "단백하고 든든한 국물", "price": "13,410원", "discount_rate": "10%", "unit": "1팩", "amount": "723g", "package": "냉장/종이포장", "made_in": "", "img2": "https://img-cf.kurly.com/shop/data/goodsview/20200316/gv30000085715_1.jpg", "description": "쫄깃하고 찰진 식감과 담백한 맛이 매력적인 우럭. 신선한 우럭은 씹을수록 단맛까지 느껴지기도 하는데요. 시원한 맛을 오롯이 즐길 수 있는 우럭 맑은탕을 간편하게 만들 수 있는 밀키트를 소개할게요. 세척하고 손질한 생우럭 두 마리를 머리부터 꼬리까지 넣고, 갖은 채소와 육수까지 모두 챙긴 제품이랍니다. 물과 냄비만 있으면 뜨끈하고 개운한 우럭 맑은탕이 뚝딱 완성된답니다. 취향에 따라 채소를 추가하거나 칼칼하게 청양고추를 올려도 좋아요. ", "img3": "https://img-cf.kurly.com/shop/data/goodsview/20200330/gv40000087810_1.jpg", "option_name_list": [], "option_price_list": []},
{"img1": "https://img-cf.kurly.com/shop/data/goods/1583809256912y0.jpg", "name": "[더연] 동결건조 시래기 된장국 80g", "summary": "물만 부어 완성하는 간편 된장국", "price": "10,800원", "discount_rate": 0, "unit": "1팩", "amount": "80g(10gx8봉)", "package": "상온/종이포장", "made_in": "별도 표기", "img2": "https://img-cf.kurly.com/shop/data/goodsview/20200310/gv30000084805_1.jpg", "description": "구수한 시래기 된장국을 끓이려고 보면, 시래기를 불리는 과정이나 별도의 재료 손질이 번거롭게 느껴지죠. 이젠 물만 부으면 완성되는 더연의 동결건조 시래기 된장국으로 간편하게 완성해 보세요. 국산 시래기와 된장을 풀어 완성한 국을 블럭 타입으로 동결건조했어요. 멸치로 낸 진한 육수에, 칼칼한 맛을 더해줄 청양고추와 홍고추까지 들어가 있어 한결 개운하답니다. 뜨거운 물만 부어준 뒤 살살 풀어만 주세요. 속까지 풀리는 된장국이 금세 완성입니다. 개별 포장으로 휴대까지 편리하니, 여행이나 야외활동 시에 챙겨 간편하게 즐겨보세요. ", "img3": "https://img-cf.kurly.com/shop/data/goodsview/20200310/gv00000084810_1.jpg", "option_name_list": [], "option_price_list": []},
{"img1": "https://img-cf.kurly.com/shop/data/goods/1582616227134y0.jpg", "name": "[사미헌] 매생이 갈비탕", "summary": "특별한 갈비탕의 콜라보", "price": "12,500원", "discount_rate": 0, "unit": "1팩", "amount": "1kg", "package": "냉동/종이포장", "made_in": "", "img2": "https://img-cf.kurly.com/shop/data/goodsview/20200225/gv10000082668_1.jpg", "description": "한결같은 맛으로 많은 사랑을 받는 사미헌의 갈비탕. 부산의 대표 고깃집 사미헌에서 정통 갈비탕만큼 인기 있는 매생이 갈비탕을 오직 컬리에서만 만나보세요. 엄선한 소갈비를 비법에 따라 매일같이 육수로 우려낸 다음, 바다향이 가득한 초록빛 매생이를 함께 넣고 푹 끓였죠. 사미헌이 자랑하는 깊고 담백한 국물에 매생이 특유의 시원함까지 더해져 더할 나위 없이 특별한 갈비탕을 즐길 수 있을 거예요. 보기보다 뜨거운 매생이는 후후 불어서 드세요. 한 그릇 먹고 나면 몸이 뜨끈뜨끈해지는 기분이 들 거예요. ", "img3": "https://img-cf.kurly.com/shop/data/goodsview/20200225/gv30000082675_1.jpg", "option_name_list": [], "option_price_list": []},
{"img1": "https://img-cf.kurly.com/shop/data/goods/1583473454455y0.jpg", "name": "[진실된손맛] 한우사골 소등뼈해장국", "summary": "소 등뼈를 넣은 시원한", "price": "8,900원", "discount_rate": 0, "unit": "1팩", "amount": "800g", "package": "냉장/종이포장", "made_in": "", "img2": "https://img-cf.kurly.com/shop/data/goodsview/20200306/gv30000084477_1.jpg", "description": "소 등뼈가 그대로 들어가 있는 보기 드문 해장국을 소개할게요. 진실된손맛의 해장국은 호주산 소 등뼈와 사태 부위로 끓인 깊고 구수한 육수에 배추 우거지와 콩나물을 넣고 푹 끓여서 만든 해장국이랍니다. 푸짐하게 들어간 살코기는 부드러운 식감을 자랑하죠. 살코기는 한우 사골베이스를 추가하여 고소한 맛을 더했고, 칼칼한 맛을 내는 양념을 넣어서 개운한 끝맛의 국물을 완성했어요. 입맛 없는 날이나 속풀이 해장국이 생각나는 날, 간편하게 데워서 밥과 깍두기만 차리면 든든한 한 끼를 즐길 수 있어요.", "img3": "https://img-cf.kurly.com/shop/data/goodsview/20200306/gv10000084486_1.jpg", "option_name_list": [], "option_price_list": []},
{"img1": "https://img-cf.kurly.com/shop/data/goods/1583471834787y0.jpg", "name": "[진실된손맛] 얼큰한 시래기 갈비탕", "summary": "얼큰한 국물과 쫄깃한 갈빗살", "price": "8,900원", "discount_rate": 0, "unit": "1팩", "amount": "700g", "package": "냉동/종이포장", "made_in": "", "img2": "https://img-cf.kurly.com/shop/data/goodsview/20200306/gv30000084447_1.jpg", "description": "갈비탕이라고 하면 보통 맑은 국물을 떠올리기 마련이지만, 빨간 국물의 얼큰한 갈비탕도 개운한 맛으로 많은 사랑을 받죠. 컬리는 속을 뜨뜻하게 덥혀줄 수 있는 진실된 손맛의 얼큰한 시래기 갈비탕을 준비했어요. 큼지막한 갈빗살과 국내산 무청 시래기를 사용해 직화 방식으로 끓여서 시원한 맛과 감칠맛을 냈어요. 비법 양념을 넣고 맛을 낸 국물은 칼칼하지만 구수하면서도 진해 숟가락이 계속 갈 거예요. 청양고추를 썰어 넣어 더 맵게, 또는 당면을 넣어 더 푸짐하게 즐겨 보세요.", "img3": "https://img-cf.kurly.com/shop/data/goodsview/20200306/gv00000084455_1.jpg", "option_name_list": [], "option_price_list": []},
{"img1": "https://img-cf.kurly.com/shop/data/goods/1583457286571y0.jpg", "name": "[앤쿡] 무항생제 어린이 한우 나주 곰국", "summary": "맑고 깨끗하게 끓인 만능 육수", "price": "15,900원", "discount_rate": 0, "unit": "1상자", "amount": "200g X 8팩", "package": "냉동/종이포장", "made_in": "", "img2": "https://img-cf.kurly.com/shop/data/goodsview/20190409/gv30000046982_1.jpg", "description": "죽이나 미음부터 각종 요리의 육수까지, 아이 식단을 구성하다 보면 잘 끓인 고깃국물이 필요할 때가 참 많아요. 하지만 집에서 육수를 제대로 내기란 쉬운 일이 아니죠. 특히 아이가 먹을 것이라면 더욱 신경이 쓰이는데요. 이런 마음을 읽은 앤쿡은 무항생제 한우와 국산 재료만을 사용하여 누구나 안심하고 선택할 수 있는 나주 곰국을 만들었어요. 가마솥 방식으로 오래 끓인 나주 곰국은 맑은 국물만큼이나 맛도 깔끔합니다. 간을 따로 하지 않아 용도에 맞게 사용하기에도 좋고, 200g씩 알맞게 담아내 마음의 부담도 적지요. 꼭 아이 식단에만 사용하실 필요는 없습니다. 깊은 국물을 원하실 때마다 한 팩씩 뜯어 간편하게 밥상을 차려보세요. ", "img3": "https://img-cf.kurly.com/shop/data/goodsview/20200306/gv30000084385_1.jpg", "option_name_list": [], "option_price_list": []},
{"img1": "https://img-cf.kurly.com/shop/data/goods/1582250277357y0.jpg", "name": "[엄마밥상] 청국장", "summary": "간편하게 즐기는 구수한 매력", "price": "5,850원", "discount_rate": "10%", "unit": "1팩", "amount": "600g", "package": "냉동/종이포장", "made_in": "", "img2": "https://img-cf.kurly.com/shop/data/goodsview/20200221/gv00000082152_1.jpg", "description": "청국장의 매력을 깨닫게 되는 순간이 있죠. 하지만 특유의 쿰쿰한 냄새가 신경 쓰여 처음부터 집에서 끓이기에는 영 부담스럽다면, 컬리가 준비한 엄마밥상의 청국장이 더없이 좋은 대안이 되어줄 거예요. 국내산 대두를 사용하여 띄운 청국장에 두부와 국내산 무, 애호박, 대파를 넣고 푹 끓여서 깊은 구수함을 완성했어요. 바쁜 날 미처 찌개를 준비하지 못했다면 해동 후에 바글바글 데우기만 해서 식탁에 올려보세요. 청국장의 매력에 또 한 번 고개를 끄덕이게 되는 든든한 한 끼가 될 거예요. ", "img3": "https://img-cf.kurly.com/shop/data/goodsview/20200221/gv20000082156_1.jpg", "option_name_list": [], "option_price_list": []},
{"img1": "https://img-cf.kurly.com/shop/data/goods/1582250443426y0.jpg", "name": "[엄마밥상] 갈비 된장찌개", "summary": "갈비로 감칠맛을 살린", "price": "6,800원", "discount_rate": "20%", "unit": "1팩", "amount": "700g", "package": "냉동/종이포장", "made_in": "", "img2": "https://img-cf.kurly.com/shop/data/goodsview/20200221/gv00000082157_1.jpg", "description": "매일 먹는 된장찌개를 조금은 특별하게 즐기고 싶다면, 색다른 재료의 힘을 빌리는 방법이 있죠. 컬리는 든든한 한 끼를 책임질 엄마밥상의 갈비 된장찌개를 가져왔어요. 소갈비를 넣어서 된장찌개의 구수한 맛에 감칠맛을 더했답니다.  또 두부, 표고버섯, 무, 양파, 대파 등 다양한 재료를 푸짐하게 넣고 끓여서 누구나 좋아할 깊은 맛의 된장찌개를 완성했어요. 바쁠 때나 마땅한 국물 요리가 떠오르지 않을 때 바글바글 끓여서 뜨끈한 밥과 함께 식탁에 차리기만 하면 간편하지만 특별한 식사가 될 거예요.", "img3": "https://img-cf.kurly.com/shop/data/goodsview/20200221/gv20000082161_1.jpg", "option_name_list": [], "option_price_list": []},
{"img1": "https://img-cf.kurly.com/shop/data/goods/158157976283y0.jpg", "name": "[소중한식사] 해물 순두부찌개", "summary": "여섯 가지 해산물이 든 순두부찌개", "price": "6,000원", "discount_rate": 0, "unit": "1팩", "amount": "600g", "package": "냉장/종이포장", "made_in": "", "img2": "https://img-cf.kurly.com/shop/data/goodsview/20200213/gv20000081287_1.jpg", "description": "속이 풀리는 뜨끈한 국이 생각 날 때, 뚝배기에 얼큰하게 끓여낸 해물 순두부찌개만 한 것도 없어요. 하지만 알맞은 맛을 내는 일부터 갖가지 해산물 재료를 준비하는 일은 여간 까다로운 게 아니지요. 그렇다면 판교에 위치한 반찬 전문점, 소중한 식사의 해물 순두부찌개를 준비해보세요. 손수 만든 다진 양념으로 국물 맛을 내고, 국산 콩으로 만든 몽글몽글한 순두부를 넣어주었답니다. 여기에 여섯 가지 해산물을 소담하게 담아냈지요. 간편하게 냄비에 옮겨 담아 팔팔 끓인 후, 기호에 따라 계란 한 알을 톡 깨트려 넣어 즐겨보세요.", "img3": "https://img-cf.kurly.com/shop/data/goodsview/20200220/gv20000082096_1.jpg", "option_name_list": [], "option_price_list": []},
{"img1": "https://img-cf.kurly.com/shop/data/goods/1581579647230y0.jpg", "name": "[소중한식사] 깊은맛 소고기미역국", "summary": "간편하게 즐기는 한국인의 소울푸드", "price": "6,000원", "discount_rate": 0, "unit": "1팩", "amount": "600g", "package": "냉장/종이포장", "made_in": "", "img2": "https://img-cf.kurly.com/shop/data/goodsview/20200213/gv00000081278_1.jpg", "description": "한국인의 밥상에 가장 자주 올라오는 메뉴를 꼽으라면 역시 미역국이 빠질 수 없겠죠. 매끄럽게 넘어가는 미역국과 함께라면 밥 한 공기도 금방인데요. 판교에 위치한 반찬 가게, 소중한 식사에서 정성껏 끓여 정갈하게 담아낸 소고기미역국을 만나보세요. 소고기와 물에 불린 미역을 참기름에 달달 볶은 후, 마늘과 국간장으로 감칠맛을 더해 푹 끓여냈답니다. 소고기에서 우러난 육수 덕분에 깊고도 고소한 국물 맛이 일품이죠. 간편하게 몇 분만 조리해 식탁 위에 건강한 미역국 한 그릇을 올려보세요.", "img3": "https://img-cf.kurly.com/shop/data/goodsview/20200220/gv30000082097_1.jpg", "option_name_list": [], "option_price_list": []},
{"img1": "https://img-cf.kurly.com/shop/data/goods/1581573669289y0.jpg", "name": "[소중한식사] 구수한 근대된장국", "summary": "부드러운 식감과 진한 국물맛", "price": "6,000원", "discount_rate": 0, "unit": "1팩", "amount": "600g", "package": "냉장/종이포장", "made_in": "", "img2": "https://img-cf.kurly.com/shop/data/goodsview/20200213/gv00000081249_1.jpg", "description": "국 한 그릇에도 정성을 다하는 '소중한식사'의 구수한 근대된장국을 소개할게요. 국산 콩으로 담근 된장을 진하게 풀고, 연한 근대잎을 넣어 보글보글 끓였답니다. 근대가 억세지 않아 국물과 부드럽게 훌훌 넘어가고, 신선한 바지락과 보리새우를 넣어 달큰하고 개운한 맛이 살아있지요. 기본에 충실하고자 정성을 다했기에, 육수와 된장에서 우러나오는 본연의 깊은 맛을 느낄 수 있어요. 근대된장국으로 따뜻하고 정감가는 한 끼를 간편하게 즐겨보세요.", "img3": "https://img-cf.kurly.com/shop/data/goodsview/20200220/gv10000082099_1.jpg", "option_name_list": [], "option_price_list": []}