{"img1": "https://img-cf.kurly.com/shop/data/goods/1582609385135y0.jpg", "name": "[농협풍산김치] 보쌈무김치 1kg", "summary": "김치 속 매콤한 별미", "price": "13,000원", "discount_rate": 0, "unit": "1봉", "amount": "1kg", "package": "냉장/종이포장", "made_in": "", "img2": "https://img-cf.kurly.com/shop/data/goodsview/20200225/gv20000082570_1.jpg", "description": "매콤한 양념과 오독한 식감이 매력적인 보쌈무김치는 입맛을 제대로 돋워주는 반찬이지요. 컬리는 국내산 재료만을 사용해 만든 농협풍산김치 보쌈무김치를 가지고 왔어요. 꼬들하게 절인 무를 직접 갖은 양념으로 알맞게 버무린 상품인데요. 국산 새우와 천일염으로 담근 젓갈을 사용해, 깔끔하고 개운한 감칠맛을 자랑한답니다. 구수한 보쌈이나 국밥의 반찬으로 활용해 보세요. 보쌈무김치의 칼칼함이 요리의 맛을 한층 더 끌어올려 줄 거예요.", "img3": "https://img-cf.kurly.com/shop/data/goodsview/20200225/gv40000082579_1.jpg", "option_name_list": [], "option_price_list": []},
{"img1": "https://img-cf.kurly.com/shop/data/goods/1582612540639y0.jpg", "name": "[농협풍산김치] 깻잎김치 500g", "summary": "개운함이 일품인 이색 김치", "price": "8,900원", "discount_rate": 0, "unit": "1봉", "amount": "500g", "package": "냉장/종이포장", "made_in": "", "img2": "https://img-cf.kurly.com/shop/data/goodsview/20200225/gv00000082618_1.jpg", "description": "입맛을 돋워 줄 개운한 반찬을 찾고 있다면, 농협풍산김치의 깻잎김치를 만나보세요. 깨끗하게 세척한 국산 깻잎을 매콤한 양념에 담가 만든 상품인데요. 직접 만든 멸치젓으로 맛을 내어 깔끔한 감칠맛을 자랑한답니다. 별다른 반찬이 생각나지 않을 때 깻잎김치를 조금 덜어 반찬으로 준비해 보세요. 매콤한 양념과 깻잎의 쌉싸름함이 어우러져, 밥 한 공기를 금세 비우게 될 거예요. 국내산 재료만을 사용해 만든 김치라 안심하고 먹을 수 있어 더욱 만족스럽지요.", "img3": "https://img-cf.kurly.com/shop/data/goodsview/20200225/gv00000082626_1.jpg", "option_name_list": [], "option_price_list": []},
{"img1": "https://img-cf.kurly.com/shop/data/goods/1582603233895y0.jpg", "name": "[농협풍산김치] 총각김치 1kg", "summary": "아작한 식감이 일품인 김치", "price": "9,900원", "discount_rate": 0, "unit": "1봉", "amount": "1kg", "package": "냉장/종이포장", "made_in": "", "img2": "https://img-cf.kurly.com/shop/data/goodsview/20200225/gv40000082509_1.jpg", "description": "'김치' 하면 떠올리는 이미지도 제각각일 거예요. 겹겹이 양념이 발린 배추김치뿐만 아니라 아삭하고 시원한 맛으로 입맛을 돋아주는 총각김치도 인기가 많거든요. 컬리는 총각무부터 소금까지 하나하나 국내산 재료만을 엄선해 만든 농협풍산김치 총각김치를 준비했어요. 줄기부터 무까지 먹기 좋은 크기로 잘라 함께 담아 보내드리는 상품이에요. 김치의 맛과 식감을 유지하기 위해 식품첨가물 대신 상황버섯 추출물을 선택해 더욱 믿고 드실 수 있답니다. 따뜻한 밥이나 면요리에 곁들이거나 느끼함을 덜어줄 김치가 필요할 때 꺼내어 즐겨보세요.", "img3": "https://img-cf.kurly.com/shop/data/goodsview/20200225/gv40000082513_1.jpg", "option_name_list": [], "option_price_list": []},
{"img1": "https://img-cf.kurly.com/shop/data/goods/1582600575790y0.jpg", "name": "[농협풍산김치] 포기김치 1kg", "summary": "부담없이 먹는 매일 김치", "price": "8,500원", "discount_rate": 0, "unit": "1봉", "amount": "1kg", "package": "냉장/종이포장", "made_in": "", "img2": "https://img-cf.kurly.com/shop/data/goodsview/20200225/gv10000082501_1.jpg", "description": "김치는 한국인의 밥상 하면 먼저 떠오르는 반찬 중 하나인데요. 김장의 과정이 보통 어려운 게 아니다 보니 가정에서 김치를 보기 어려워진 것도 사실이에요. 컬리는 직접 만든 김치처럼 믿음이 가는 김치에 대해 고민했어요. 그리고 국내산 재료만을 사용해 만든 농협풍산김치 포기배추김치를 선보입니다. 식품첨가물 대신 상황버섯 추출물을 이용해 김치의 맛과 식감을 유지했고요. 멸치젓 또한 직접 담가 남다른 감칠맛을 자랑해요. 2012년 농림축산식품부 김치품평회에서 대상을 받았을 정도니 맛에 대해선 두말할 것도 없지요. 쭉쭉 찢어 면요리에 곁들여 먹거나, 원하는 만큼 숙성해 밥반찬으로 즐겨보세요.", "img3": "https://img-cf.kurly.com/shop/data/goodsview/20200225/gv40000082508_1.jpg", "option_name_list": [], "option_price_list": []},
{"img1": "https://img-cf.kurly.com/shop/data/goods/158260487976y0.jpg", "name": "[농협풍산김치] 맛김치 800g", "summary": "먹기 좋게 썬 간편 김치", "price": "7,500원", "discount_rate": 0, "unit": "1팩", "amount": "800g", "package": "냉장/종이포장", "made_in": "", "img2": "https://img-cf.kurly.com/shop/data/goodsview/20200225/gv20000082514_1.jpg", "description": "한입 크기로 자른 배추를 갖가지 양념에 잘 버무려 만든 김치를 맛김치라고 하죠. 잘린 배추 사이사이에 양념이 속속들이 스며 있어 맛이 균일하게 잘 배어 있고, 자를 필요가 없어 더욱 간편한데요. 맛김치를 유독 즐겨 드시는 분이라면 지금 소개하는 농협풍산김치의 맛김치를 맛보세요. 주재료부터 양념 재료 모두 계약농가에서 수급된 것들로만 꽉 채웠어요. 절인 배추를 총총 썬 뒤 직접 만든 멸치액젓과 새우젓, 갖은 양념 등으로 제대로 버무려 완성했어요. 식품첨가물 대신 상황버섯 추출물을 넣어 그 맛을 대신했으니 안심하고 드셔도 좋아요. 받자마자 바로 꺼내어 드셔도 좋지만, 취향껏 숙성하여 찌개나 볶음밥 등에 활용해보는 것도 추천할게요. ", "img3": "https://img-cf.kurly.com/shop/data/goodsview/20200225/gv40000082518_1.jpg", "option_name_list": [], "option_price_list": []},
{"img1": "https://img-cf.kurly.com/shop/data/goods/1581914878110y0.jpg", "name": "[권영원 소담정찬] 간장깻잎 장아찌 300g", "summary": "깻잎 고유의 향미를 간직한", "price": "10,000원", "discount_rate": 0, "unit": "1통", "amount": "300g", "package": "냉장/종이포장", "made_in": "별도 표기", "img2": "https://img-cf.kurly.com/shop/data/goodsview/20200217/gv30000081524_1.jpg", "description": "강원도 향토 음식의 대가인 권영원 님의 손길이 닿은 요리로 장아찌를 빼놓을 수 없어요. 우리 땅에서 난 원재료 위주로 사용하는 것부터 각별한데요. 재료 본연의 신선함을 잃지 않으면서도, 제대로 담근 숙성 음식만의 깔끔한 감칠맛이 깊숙이 배어 있기에 자꾸만 입맛을 끌어당깁니다. 그중 간장깻잎 장아찌는 특히나 더 별미로 손꼽힙니다. 간장 소스에 절였지만 잎이 잘 무르지 않고 깻잎 고유의 향미가 간직되어 있기 때문이지요. 양념장에 황기간장, 물, 과일액기스 외 첨가물을 넣지 않았기에 깔끔한 풍미 또한 느껴볼 수 있을 거예요. ", "img3": "https://img-cf.kurly.com/shop/data/goodsview/20200217/gv10000081527_1.jpg", "option_name_list": [], "option_price_list": []},
{"img1": "https://img-cf.kurly.com/shop/data/goods/1581914702828y0.jpg", "name": "[권영원 소담정찬] 양념깻잎 장아찌 300g", "summary": "매콤한 양념이 고루 밴", "price": "11,000원", "discount_rate": 0, "unit": "1통", "amount": "300g", "package": "냉장/종이포장", "made_in": "별도 표기", "img2": "https://img-cf.kurly.com/shop/data/goodsview/20200217/gv30000081520_1.jpg", "description": "강원도 향토 음식의 대가인 권영원 님의 손길이 닿은 요리로 장아찌를 빼놓을 수 없어요. 우리 땅에서 난 원재료 위주로 사용하는 것부터 각별한데요. 재료 본연의 신선함을 잃지 않으면서도, 제대로 담근 숙성 음식만의 깔끔한 감칠맛이 깊숙이 배어 있기에 자꾸만 입맛을 끌어당깁니다. 그중 양념깻잎 장아찌는 깻잎 특유의 푸릇한 느낌이 살아 있기로 입소문이 나있어요. 황기간장, 고춧가루, 물, 과일액기스만을 재료로 사용하여 양념장을 만들고, 깻잎에 양념이 고루 배어들도록 장아찌를 담그죠. 입안이 텁텁해질 틈이 없기에 데일리 반찬으로 자주 손이 가게될 거예요. ", "img3": "https://img-cf.kurly.com/shop/data/goodsview/20200217/gv20000081523_1.jpg", "option_name_list": [], "option_price_list": []},
{"img1": "https://img-cf.kurly.com/shop/data/goods/1581921509772y0.jpg", "name": "[권영원 소담정찬] 명이나물 장아찌 300g", "summary": "청량한 마늘 향이 폴폴", "price": "14,000원", "discount_rate": 0, "unit": "1통", "amount": "300g", "package": "냉장/종이포장", "made_in": "별도 표기", "img2": "https://img-cf.kurly.com/shop/data/goodsview/20200217/gv10000081565_1.jpg", "description": "강원도 향토 음식의 대가인 권영원 님의 손길이 닿은 요리로 장아찌를 빼놓을 수 없어요. 우리 땅에서 난 원재료 위주로 사용하는 것부터 각별한데요. 재료 본연의 신선함을 잃지 않으면서도, 제대로 담근 숙성 음식만의 깔끔한 감칠맛이 깊숙이 배어 있기에 입맛을 끌어당기기에 충분하죠. 그중 권영원 소담정찬의 대표 장아찌, 명이나물 장아찌를 소개할게요. 명이나물의 이파리와 줄기, 꽃대까지 모두 버리지 않고 사용했어요. 잎이 연한 명이나물 식감과 알싸한 마늘 향이 은은히 전해지는 가운데 간장소스가 입맛을 돋워줄 거예요. ", "img3": "https://img-cf.kurly.com/shop/data/goodsview/20200217/gv20000081567_1.jpg", "option_name_list": [], "option_price_list": []},
{"img1": "https://img-cf.kurly.com/shop/data/goods/1581921616745y0.jpg", "name": "[권영원 소담정찬] 무청 장아찌 600g", "summary": "무와 무청이 어우러진 장아찌", "price": "9,500원", "discount_rate": 0, "unit": "1통", "amount": "600g", "package": "냉장/종이포장", "made_in": "별도 표기", "img2": "https://img-cf.kurly.com/shop/data/goodsview/20200217/gv30000081569_1.jpg", "description": "강원도 향토 음식의 대가인 권영원 님의 손길이 닿은 요리로 장아찌를 빼놓을 수 없어요. 우리 땅에서 난 원재료 위주로 사용하는 것부터 각별한데요. 재료 본연의 신선함을 잃지 않으면서도, 제대로 담근 숙성 음식만의 깔끔한 감칠맛이 깊숙이 배어 있기에 입맛을 끌어당기기에 충분하죠. 지금 소개하는 무청 장아찌는 무와 무청이 함께 어우러진 장아찌입니다. 권영원 소담정찬만의 특제 간장소스에 담가 푹 숙성하였지요. 무 특유의 개운함과 뒷맛이 깔끔한 간장소스가 잘 어우러져 어떤 요리와도 궁합이 좋을 거예요. ", "img3": "https://img-cf.kurly.com/shop/data/goodsview/20200217/gv30000081571_1.jpg", "option_name_list": [], "option_price_list": []},
{"img1": "https://img-cf.kurly.com/shop/data/goods/1581921755745y0.jpg", "name": "[권영원 소담정찬] 고추 장아찌 400g", "summary": "간장소스가 어우러진 아삭 고추", "price": "10,000원", "discount_rate": 0, "unit": "1통", "amount": "400g", "package": "냉장/종이포장", "made_in": "별도 표기", "img2": "https://img-cf.kurly.com/shop/data/goodsview/20200217/gv00000081574_1.jpg", "description": "강원도 향토 음식의 대가인 권영원 님의 손길이 닿은 요리로 장아찌를 빼놓을 수 없어요. 우리 땅에서 난 원재료 위주로 사용하는 것부터 각별한데요. 재료 본연의 신선함을 잃지 않으면서도, 제대로 담근 숙성 음식만의 깔끔한 감칠맛이 깊숙이 배어 있기에 입맛을 끌어당기기에 충분하죠. 그중 씹는 즐거움과 입안을 개운하게 적셔줄 고추 장아찌를 컬리에서 만나보세요. 갓 딴 고추를 간장 소스에 담가 푹 숙성하여 담아냈답니다. 육류요리의 곁들이는 물론 입맛을 돋워줄 별미 반찬으로 제격일 거예요. ", "img3": "https://img-cf.kurly.com/shop/data/goodsview/20200217/gv00000081576_1.jpg", "option_name_list": [], "option_price_list": []},
{"img1": "https://img-cf.kurly.com/shop/data/goods/1581299209691y0.jpg", "name": "[종가집] 꼬들단무지 220g", "summary": "야들하게 즐기는 간편 단무지", "price": "2,380원", "discount_rate": 0, "unit": "1팩", "amount": "220g", "package": "냉장/종이포장", "made_in": "", "img2": "https://img-cf.kurly.com/shop/data/goodsview/20200210/gv10000080827_1.jpg", "description": "새콤달콤한 단무지는 언제 먹어도 맛있는 반찬이지요. 식초와 소금 등으로 알맞게 절인 종가집의 꼬들단무지를 소개합니다. 국산 무로 만든 단무지를 한 입에 맞는 크기로 잘라, 부담 없이 먹기 좋은 소용량으로 포장했는데요. 야들한 식감이 좋아 그대로 즐겨도 맛있지만, 참기름이나 고추 양념을 곁들여 감칠맛 나는 간단 반찬을 만들어 보세요.", "img3": "https://img-cf.kurly.com/shop/data/goodsview/20200210/gv30000080831_1.jpg", "option_name_list": [], "option_price_list": []},
{"img1": "https://img-cf.kurly.com/shop/data/goods/1578032623526y0.jpg", "name": "[마켓베라즈] 와사마요 생연어장 200g(냉장)", "summary": "고소한 연어를 감싸는 알싸함", "price": "9,900원", "discount_rate": 0, "unit": "1통", "amount": "200g", "package": "냉장/종이포장", "made_in": "", "img2": "https://img-cf.kurly.com/shop/data/goodsview/20200103/gv30000076472_1.jpg", "description": "생연어는 마요네즈 베이스의 소스와 특히 잘 어울리죠. 컬리는 마요네즈와 와사비를 적절하게 배합한 와사비마요 소스에 노르웨이산 생연어를 재워 만든 마켓베라즈의 연어장을 선보일게요. 연어는 깨끗한 바다 환경을 유지하면서도 지속 가능한 양식어업을 추구하는 수산물 생산 업체에 주어지는 ASC 인증도 받았어요. 알싸한 고추냉이가 연어의 고소함을 한껏 끌어올리고, 연어살도 도톰하여 맛과 식감이 모두 만족스러울 거예요. 바삭하게 구운 바게트나 베이글, 샐러드 위에 그대로 얹어서 즐겨 보세요. 물론, 윤기 도는 흰 쌀밥에 반찬으로 함께해도 좋아요. ", "img3": "https://img-cf.kurly.com/shop/data/goodsview/20200107/gv30000076852_1.jpg", "option_name_list": [], "option_price_list": []},
{"img1": "https://img-cf.kurly.com/shop/data/goods/1578036841644y0.jpg", "name": "[마켓베라즈] 양념 생연어장 200g(냉장)", "summary": "매콤한 양념을 입은 도톰한 연어", "price": "9,900원", "discount_rate": 0, "unit": "1통", "amount": "200g", "package": "냉장/종이포장", "made_in": "", "img2": "https://img-cf.kurly.com/shop/data/goodsview/20200103/gv30000076522_1.jpg", "description": "생연어의 부드러운 매력을 한껏 살린 연어장을 즐기신다면 주목해 주세요. 컬리는 노르웨이산 생연어를 특색있는 양념에 재워 만든 마켓베라즈의 양념 생연어장을 선보일게요. 연어는 깨끗한 바다 환경을 유지하면서도 지속 가능한 양식어업을 추구하는 수산물 생산 업체에 주어지는 ASC 인증도 받았어요. 감칠맛 나는 매콤한 양념이 적당히 배어든 연어살은 두께도 도톰하여 맛과 식감에서 모두 만족스러움을 선사하죠. 윤기 도는 흰 쌀밥에 연어 한점을 올려 맛보고 나면 다른 반찬이 필요 없을 거예요.", "img3": "https://img-cf.kurly.com/shop/data/goodsview/20200103/gv10000076525_1.jpg", "option_name_list": [], "option_price_list": []},
{"img1": "https://img-cf.kurly.com/shop/data/goods/1577940838152y0.jpg", "name": "[신사동백반] 석박지", "summary": "개운하고 청량한 무석박지", "price": "7,200원", "discount_rate": 0, "unit": "1통", "amount": "650g", "package": "냉장/종이포장", "made_in": "", "img2": "https://img-cf.kurly.com/shop/data/goodsview/20200102/gv20000076218_1.jpg", "description": "배추로 담근 김치가 맵싸하고 깊은 감칠맛을 낸다면 석박지는 시원하고 달큰한 맛으로 즐길 수 있는 김치예요. 신사동 백반의 석박지는 엄선한 국내산 무를 먹기 좋은 크기로 나박썰기하여 고춧가루와 마늘, 새우젓, 멸치젓 등과 함께 버무려 만들었어요. 개운한 감칠맛은 국물 요리와 단짝처럼 어우러지고, 기름진 음식도 석박지만 곁들여주면 느끼하지 않게 즐길 수 있지요. 넉넉히 먹을 수 있으면서도 오래 두어 물러지지 않을 만큼만 담았으니, 아삭한 무김치를 부담 없이 즐기고 싶다면 신사동백반의 석박지를 선택해보세요.", "img3": "https://img-cf.kurly.com/shop/data/goodsview/20200102/gv00000076221_1.jpg", "option_name_list": [], "option_price_list": []},
{"img1": "https://img-cf.kurly.com/shop/data/goods/1577941161798y0.jpg", "name": "[신사동백반] 백김치", "summary": "맑은 국물이 자아내는 깊고 개운한 맛", "price": "6,500원", "discount_rate": 0, "unit": "1통", "amount": "650g", "package": "냉장/종이포장", "made_in": "", "img2": "https://img-cf.kurly.com/shop/data/goodsview/20200102/gv40000076238_1.jpg", "description": "한국인의 밥상 위에는 매일 매콤짭짤하게 담근 빨간 김치가 올라오지만, 고춧가루 없이 맑고 정갈하게 담근 백김치야말로 어느 한식과도 잘 어우러지는 밑반찬이지요. 얇게 채썬 무와 마늘, 생강, 양파 등을 배추 사이사이에 알차게 채워 담근 신사동백반의 백김치를 소개할게요. 감칠맛이 깊게 우러난 국물 한 숟갈과 아삭아삭 씹히는 노란 배춧잎을 한 조각 음미해보면, 이보다 더 시원할 수가 없어요. 백김치와 깔끔한 조합을 이루는 보쌈 고기나 누룽지 백숙에 곁들여 새콤하고 청량한 풍미를 즐겨보세요.", "img3": "https://img-cf.kurly.com/shop/data/goodsview/20200102/gv30000076241_1.jpg", "option_name_list": [], "option_price_list": []},
{"img1": "https://img-cf.kurly.com/shop/data/goods/1577940564586y0.jpg", "name": "[신사동백반] 갓김치", "summary": "씹을 때마다 퍼지는 톡 쏘는 알싸함", "price": "8,500원", "discount_rate": 0, "unit": "1통", "amount": "650g", "package": "냉장/종이포장", "made_in": "", "img2": "https://img-cf.kurly.com/shop/data/goodsview/20200102/gv40000076207_1.jpg", "description": "전라도 지방의 김치는 다채로운 재료를 아낌없이 넣어 담그기에 맛과 풍미가 무척이나 풍성한데요. 갓김치는 전라도 음식 중에서도 빼놓을 수 없는 별미에요. 갓 특유의 톡 쏘는 알싸함을 즐길 수 있는 신사동 백반의 갓김치를 만나보세요. 향이 좋은 국내산 갓을 깨끗하게 손질해 고춧가루, 마늘, 멸치젓 등으로 만든 양념으로 꼼꼼히 버무렸어요. 사각사각 시원하게 씹히는 줄기와 야들야들한 이파리의 서로 다른 식감 또한 일품이지요. 갓김치는 익힐수록 감칠맛이 더욱 깊어지니, 원하는 만큼 삭힌 후 송송 썰어 비빔밥으로 만들어 먹으면 식욕이 한껏 살아날 거예요.", "img3": "https://img-cf.kurly.com/shop/data/goodsview/20200102/gv20000076212_1.jpg", "option_name_list": [], "option_price_list": []}