{"img1": "https://img-cf.kurly.com/shop/data/goods/1583218418267y0.jpg", "name": "[또또맘] 탱글떡묵바 200g", "summary": "쌀가루로 반죽한 쫀득한 어묵", "price": "5,500원", "discount_rate": 0, "unit": "1팩", "amount": "40g x 5개입", "package": "냉동/종이포장", "made_in": "", "img2": "https://img-cf.kurly.com/shop/data/goodsview/20200303/gv10000083787_1.jpg", "description": "식사 대용으로 즐길 수 있는 귀여운 어묵바를 소개할게요. 또또맘의 탱글떡묵바는 짭짤한 연육에 밀가루 대신 쌀가루를 섞어 만든 상품인데요. 국산 쌀로 만든 가래떡이 쏙 들어가 있어, 입안 가득 쫄깃한 식감까지 즐길 수 있답니다. 밥투정하는 아이를 위해 또또맘의 탱글떡묵바를 준비해 보세요. 탱글탱글 씹는 맛이 좋아 온 가족을 위한 간편 간식으로도 제격이랍니다.", "img3": "https://img-cf.kurly.com/shop/data/goodsview/20200303/gv20000083800_1.jpg", "option_name_list": [], "option_price_list": []},
{"img1": "https://img-cf.kurly.com/shop/data/goods/1582770668790y0.jpg", "name": "[기븐] 모둠어묵", "summary": "7가지 어묵으로 즐기는 어묵탕", "price": "7,900원", "discount_rate": 0, "unit": "1팩", "amount": "433g", "package": "냉동/종이포장", "made_in": "", "img2": "https://img-cf.kurly.com/shop/data/goodsview/20200227/gv20000083034_1.jpg", "description": "뜨끈한 어묵탕은 홈파티 음식으로도 손색이 없죠. 재료와 모양, 크기가 모두 다른 다양한 어묵을 고루 즐길 수 있는 모둠 어묵탕 밀키트를 소개할게요. 기븐이 태국에 위치한 제조시설에서 만든 7가지 어묵과 국물용 액상 소스가 들어있어요. 냄비에 물만 더해 보글보글 끓이면, 서로 다른 매력을 뽐내는 쫄깃한 어묵과 깔끔하고 달큰한 국물을 즐길 수 있죠. 가족이 모였을 때나 친구를 초대했을 때, 채소와 우동 사리 등 다양한 재료들을 추가해서 더욱더 푸짐하게 즐겨 보세요. ", "img3": "https://img-cf.kurly.com/shop/data/goodsview/20200227/gv00000083044_1.jpg", "option_name_list": [], "option_price_list": []},
{"img1": "https://img-cf.kurly.com/shop/data/goods/1582175649229y0.jpg", "name": "[더플랜] 목련 어묵탕", "summary": "다채로운 어묵들이 한가득", "price": "6,900원", "discount_rate": 0, "unit": "1팩", "amount": "358g", "package": "냉동/종이포장", "made_in": "", "img2": "https://img-cf.kurly.com/shop/data/goodsview/20200220/gv20000082103_1.jpg", "description": "탱탱하고 쫀득쫀득한 식감의 다양한 어묵들을 고루 즐길 수 있는 어묵탕 밀키트 제품을 소개할게요. 모양과 크기가 서로 다른 어묵들이 함께 담겨있어, 어묵탕 한 그릇이 참 다채롭게 느껴진답니다. 분말 스프만으로 손쉽게 맛을 낸 국물은, 맑지만 깊고 달큰한 풍미를 자랑하지요. 국물 한 입과 어묵 한 조각이 속을 따끈하게 데워주는 느낌이에요. 냄비에 물만 더해 보글보글 끓이면, 집뿐만 아니라 야외에서도 간편하게 어묵탕을 즐길 수 있답니다. 취향껏 다양한 채소와 사리를 추가하여, 푸짐한 일품요리 또는 근사한 술상으로 활용해 보세요.", "img3": "https://img-cf.kurly.com/shop/data/goodsview/20200224/gv20000082333_1.jpg", "option_name_list": [], "option_price_list": []},
{"img1": "https://img-cf.kurly.com/shop/data/goods/1578647136454y0.jpg", "name": "[미자언니네] 녹두전 반죽 (냉동)", "summary": "집에서 간편히 부치는 녹두전", "price": "9,500원", "discount_rate": 0, "unit": "1팩", "amount": "350g", "package": "냉동/종이포장", "made_in": "", "img2": "https://img-cf.kurly.com/shop/data/goodsview/20200113/gv20000077580_1.jpg", "description": "녹두를 불리고 가는 번거로움이 없는 간편한 전 반죽을 소개합니다. 미자언니네 녹두전 반죽은 곱게 간 녹두에 김치와 돼지고기를 넣어 바로 부쳐먹기 좋게 만든 반죽이에요. 고소한 녹두의 풍미와 김치의 매콤함 때문에 자꾸만 먹고 싶어지죠. 해동 후 원하는 크기와 두께로 자유롭게 부쳐먹을 수 있답니다. 막걸리와 환상의 궁합을 자랑하는 녹두전을 이제 집에서도 쉽게 만들어 보세요.", "img3": "https://img-cf.kurly.com/shop/data/goodsview/20200113/gv30000077611_1.jpg", "option_name_list": [], "option_price_list": []},
{"img1": "https://img-cf.kurly.com/shop/data/goods/1575451401157y0.jpg", "name": "[김구원선생] 무농약콩 연두부 (간장요구르트 소스) 125g", "summary": "간편하게 먹는 무농약콩 연두부", "price": "1,550원", "discount_rate": 0, "unit": "1팩", "amount": "133g(소스포함)", "package": "냉장/종이포장", "made_in": "별도 표기", "img2": "https://img-cf.kurly.com/shop/data/goodsview/20191204/gv30000071235_1.jpg", "description": "연두부는 속을 편안하게 해주면서도, 꽤 포만감을 주는 식품이에요.  80년 전통을 이어온 두부 명가, 김구원선생은 연두부를 간편하게 섭취할 수 있는 제품을 선보여요. 무농약 콩으로 건강히 빚어낸 연두부와 새큼한 간장 요구르트 소스가 함께 구성되어 있지요. 포장지를 뜯은 뒤 소스만 부어 한 스푼씩 떠 먹을 수 있어 섭취가 무척 손쉬워요. 바쁜 아침 식사 대용으로 부담 없이 먹을 수 있는 제품을 찾고 있다면 김구원선생의 무농약콩 연두부를 추천할게요.", "img3": "https://img-cf.kurly.com/shop/data/goodsview/20191204/gv40000071240_1.jpg", "option_name_list": [], "option_price_list": []},
{"img1": "https://img-cf.kurly.com/shop/data/goods/1574849196479y0.jpg", "name": "[잔다리마을] 잔다리 전두부 청서리태", "summary": "[MD추천] 연둣빛 이 은은하게 감도는 푸딩스타일의 두부", "price": "3,200원", "discount_rate": "20%", "unit": "1개", "amount": "310g", "package": "냉장/종이포장", "made_in": "", "img2": "https://img-cf.kurly.com/shop/data/goodsview/20191127/gv30000070041_1.jpg", "description": "보통 ‘두부’ 하면 생각나는 뽀얀 색과 달리, 잔다리마을의 잔다리 전두부 청서리태는 은은한 연둣빛을 띄어요. 껍질과 속살이 모두 초록색인 국산 청태로 만들었기 때문이죠. 비타민C가 풍부한 청태를 껍질만 벗겨낸 뒤 통째로 갈아 끓여냈답니다. 이 과정에서 비지를 걸러내지 않아, 영양 손실은 최소화하면서도 콩 본연의 달고 고소한 맛을 온전히 느낄 수 있어요. 부침이나 찌개용으로 사용해도 좋지만, 샐러드 재료로도 제격이예요. 탄력 있는 식감과 연둣빛 색감이 샐러드 채소와 잘 어우러져 눈도 입도 즐거울거예요. 맛과 영양을 모두 잡은 잔다리 전두부 청서리태로 색다른 두부요리를 완성해보세요.", "img3": "https://img-cf.kurly.com/shop/data/goodsview/20191128/gv30000070047_1.jpg", "option_name_list": [], "option_price_list": []},
{"img1": "https://img-cf.kurly.com/shop/data/goods/157484871380y0.jpg", "name": "[잔다리마을] 잔다리 전두부", "summary": "[MD추천] 푸딩같이 탱글탱글한 식감", "price": "3,120원", "discount_rate": "20%", "unit": "1개", "amount": "310g", "package": "냉장/종이포장", "made_in": "", "img2": "https://img-cf.kurly.com/shop/data/goodsview/20191127/gv30000070032_1.jpg", "description": "두부조림, 된장찌개 등 두부는 한식의 기본 재료 중 하나이지만, 별생각 없이 아무 두부나 선택하곤 하죠. 그렇지만 늘 먹던 메뉴라도 어떤 두부를 사용하느냐에 따라 맛이 달라질 수 있어요. 컬리가 소개하는 잔다리마을의 잔다리 전두부는 색다른 생산 과정으로 맛의 차별화를 이끌어냈어요. 콩을 삶거나 물에 불리지 않고 최소한의 껍질만 벗겨낸 뒤 통째로 갈아 끓여냈답니다. 이 과정에서 비지를 여과하지 않아, 영양 손실은 최소화하면서도 콩 본연의 고소함과 담백함을 오롯이 느낄 수 있어요. 탄력 있는 식감 덕분에 생식으로 먹기에도 부담이 없지요. 잔다리 전두부로 고소하고 포만감 높은 한 끼를 완성해보세요.", "img3": "https://img-cf.kurly.com/shop/data/goodsview/20191127/gv00000070036_1.jpg", "option_name_list": [], "option_price_list": []},
{"img1": "https://img-cf.kurly.com/shop/data/goods/1570689225491y0.jpg", "name": "[맑은물에] 국산 편리한 2컵 두부", "summary": "남김 없이 사용하는 국산 두부", "price": "2,600원", "discount_rate": 0, "unit": "1팩", "amount": "300g", "package": "냉장/종이포장", "made_in": "", "img2": "https://img-cf.kurly.com/shop/data/goodsview/20191010/gv20000064084_1.jpg", "description": "냉장고에 늘 자리잡고 있는 두부를 보면 마음 한 켠이 든든해지죠. 영양은 물론 활용도까지 높은 두부이지만, 큼지막한 양을 한번에 사용하기에는 버거울 때가 있어요. 컬리가 준비한 국산 편리한 2컵 두부는 이런 불편을 덜어드릴 만한 제품이에요. 국내산 대두로 만든 두부를 알맞은 크기로 썰어 두 칸에 나눠 담았답니다. 개봉 후 남은 두부가 공기 중에서 변질 될 우려가 없고, 사용 후에는 하나씩 톡 뜯어 버릴 수 있으니 무척 편리하지요. 소포제와 유화제 없이 만들어 더욱 고소하고 담백한 맛을 자랑하니, 여러 요리에 깔끔하고 편리하게 더해보세요.", "img3": "https://img-cf.kurly.com/shop/data/goodsview/20191010/gv00000064104_1.jpg", "option_name_list": [], "option_price_list": []},
{"img1": "https://img-cf.kurly.com/shop/data/goods/1568095401801y0.jpg", "name": "[맑은물에] 국산 촌두부", "summary": "대용량 두부로 넉넉하게", "price": "2,700원", "discount_rate": 0, "unit": "1팩", "amount": "550g", "package": "냉장/종이포장", "made_in": "", "img2": "https://img-cf.kurly.com/shop/data/goodsview/20190910/gv40000061446_1.jpg", "description": "두부는 참 유용하게 쓰이는 식재료예요. 용도를 정하지 않고 사더라도 남김없이 먹게 되니까요. 하지만 누구나 한 번쯤 두부 코너 앞을 서성이며 '한 팩은 적고, 두 팩 사기엔 많지 않을까?' 고민하신 적이 있을 텐데요. 컬리는 고민 덜어줄 550g 대용량 두부, 맑은물에 국산 촌두부를 준비했어요. 물론 크기만 크다고 선보이는 상품은 아니에요. 국산 대두만을 사용해 만들었을뿐더러, 소포제와 유화제가 들어가지 않은 건강한 두부이기에 믿고 추천해 드리는 것이랍니다. 이제 부족함 없이 넉넉하게 두부의 고소함을 즐겨보세요.", "img3": "https://img-cf.kurly.com/shop/data/goodsview/20190910/gv30000061680_1.jpg", "option_name_list": [], "option_price_list": []},
{"img1": "https://img-cf.kurly.com/shop/data/goods/1566869895204y0.jpg", "name": "[김구원선생] 무농약콩 두부 300g", "summary": "무농약 콩으로 정성스럽게 빚은 두부(1팩/300g)", "price": "3,300원", "discount_rate": 0, "unit": "1팩", "amount": "300g", "package": "냉장/종이포장", "made_in": "", "img2": "https://img-cf.kurly.com/shop/data/goodsview/20190827/gv00000060264_1.jpg", "description": "눈앞에 놓인 수많은 두부 중 아이도 어른도 안심하고 즐길 수 있는 제품을 찾는다면 지금 소개하는 두부에 집중해주세요. 80년 전통의 두부 명가, 김구원선생이 국내에서 무농약으로 깨끗하게 재배한 콩을 엄선하여 두부를 만들었습니다. 콩을 충분히 불린 다음 곱게 갈아 뭉근히 끓인 콩물을 그대로 굳혀 두부를 완성했어요. 전통 방식 그대로 김구원선생의 비법을 담아냈기에 두부의 구수한 풍미를 오롯이 느낄 수 있지요. 부침, 찌개, 탕수 등 어떤 요리에 활용해도 좋으니 영양이 꽉 찬 밥상을 차려보세요. ", "img3": "https://img-cf.kurly.com/shop/data/goodsview/20191015/gv10000064622_1.jpg", "option_name_list": [], "option_price_list": []},
{"img1": "https://img-cf.kurly.com/shop/data/goods/1566801496884y0.jpg", "name": "[미자언니네] 전 6종", "summary": "명절 준비의 수고로움을 덜어줄 기획 상품", "price": "7,800원", "discount_rate": 0, "unit": "1팩", "amount": "200g", "package": "냉동/종이포장", "made_in": "", "img2": "https://img-cf.kurly.com/shop/data/goodsview/20190826/gv20000060178_1.jpg", "description": "전을 부쳐본 분들은 시판 동그랑땡에 달걀물만 묻혀서 지지는 일도 만만치 않다는 걸 알 거예요. 완자 반죽부터 직접 만드는 경우라면 더 말할 것도 없지요. 컬리는 전을 차려내는 수고를 조금이나마 덜어드리고자 선미자 요리연구가의 전 6종을 준비했어요. 기계 대신 손으로 직접 반죽하고 하나하나 노릇하게 부쳐냈답니다. 어떤 상에 올려도 맛있게 즐기기 좋은 기본 전으로만 모았으니 취향에 따라 선택해 보세요. ", "img3": "https://img-cf.kurly.com/shop/data/goodsview/20190919/gv10000062270_1.jpg", "option_name_list": ["[미자언니네] 고기완자전", "[미자언니네] 동태전", "[미자언니네] 고기소 깻잎전", "[미자언니네] 고기소 고추전", "[미자언니네] 꼬지전", "[미자언니네] 새우전"], "option_price_list": ["7,800원", "8,500원", "9,300원", "9,000원", "8,500원", "9,500원"]},
{"img1": "https://img-cf.kurly.com/shop/data/goods/1565677702399y0.jpg", "name": "[전통부산어묵 by.고래사] 상천어묵 300g", "summary": "활용도 높은 사각어묵", "price": "2,900원", "discount_rate": 0, "unit": "1봉", "amount": "300g", "package": "냉동/종이포장", "made_in": "", "img2": "https://img-cf.kurly.com/shop/data/goodsview/20190813/gv40000059162_1.jpg", "description": "어묵은 어떤 재료와 어우러져도 조화로운 요리가 완성되는 식재료예요. 특히 반듯하게 잘린 사각 어묵은 가장 활용도 높게 사용되지요. 이번에 컬리가 준비한 상천어묵은 2대째 전통을 이어오고 있는 어묵 브랜드, 고래사의 전통부산어묵이에요. 착향료 없이 국내산 어육살 고유의 담백함을 잘 담아내고 있답니다. 넉넉하게 300g 담았으니 잡채, 덮밥, 전 등 다양한 반찬에 이용해 보세요. 꼬치에 구불구불 끼워 탕으로 즐기시거나, 떡볶이 재료로 사용하셔도 좋아요.", "img3": "https://img-cf.kurly.com/shop/data/goodsview/20190813/gv00000059165_1.jpg", "option_name_list": [], "option_price_list": []},
{"img1": "https://img-cf.kurly.com/shop/data/goods/1564549389915y0.jpg", "name": "[고래사] 스페셜 어묵 4종", "summary": "쫄깃한 어육의 속을 꽉 채운", "price": "2,000원", "discount_rate": 0, "unit": "1팩", "amount": "옵션별 상이 / 상품 하단 안내 확인 ", "package": "냉장/종이포장", "made_in": "", "img2": "https://img-cf.kurly.com/shop/data/goodsview/20190731/gv20000058040_1.jpg", "description": "휴게소나 길을 걷다 보면 맛과 비주얼로 발걸음을 멈추게 하는 국민 간식이 하나 있죠. 어묵으로 만든 간식, 이른바 '어묵 말이'인데요. 50년 전통의 부산 어묵 브랜드 고래사가 출출할 때마다 하나씩 꺼내 먹기 좋은 어묵 말이를 컬리에서 선보입니다. 보존료와 밀가루를 일절 넣지 않아 더욱 안전하게 즐길 수 있지요. 어육과 갖가지 채소를 잘게 다져 만든 반죽에 소시지, 치즈, 떡, 새우 등의 굵직한 부재료를 속에 통으로 넣고 돌돌 말아 튀겨냈어요. 포장지만 벗겨낸 뒤 전자레인지에 살짝 데워 먹으면 그만이랍니다. 4종으로 준비한 고래사의 스페셜 어묵을 먹기 좋은 크기로 잘라 취향껏 소스를 곁들여 간식으로, 또 술안주로 즐겨보세요. ", "img3": "https://img-cf.kurly.com/shop/data/goodsview/20190731/gv00000058051_1.jpg", "option_name_list": ["[고래사] 소시지말이 어묵", "[고래사] 떡말이 어묵", "[고래사] 치즈빵빵 어묵", "[고래사] 통새우말이 어묵"], "option_price_list": ["2,500원", "2,000원", "2,500원", "3,500원"]},
{"img1": "https://img-cf.kurly.com/shop/data/goods/1564539633851y0.jpg", "name": "[고래사] 사각어묵 4종", "summary": "탱글탱글함이 남다른 어묵", "price": "3,000원", "discount_rate": 0, "unit": "1팩", "amount": "130g", "package": "냉장/종이포장", "made_in": "", "img2": "https://img-cf.kurly.com/shop/data/goodsview/20190731/gv10000057983_1.jpg", "description": "잘 만든 어묵 하나만 있어도 요리의 가짓 수가 늘어나기 마련이에요. 볶음, 탕, 떡볶이 등 어떤 요리에 넣어도 잘 어우러지는 만능 식재료이기 때문이지요. 50년 전통의 부산 어묵 브랜드 고래사는 활용도가 좋은 4가지 맛의 어묵을 컬리에서 선보여요. 고운 생선 살을 으깬 뒤 갖은 채소와 부재료를 곱게 다져 완성한 반죽을 네모나게 모양을 잡아 튀겨냈어요. 보존료와 밀가루를 일절 넣지 않아 안전하게 즐길 수 있는 어묵입니다. 먹기 좋은 형태로 썬 다음 그대로 조리하여 즐기면 그만이에요. 채소, 파프리카, 땡초, 문어 맛으로 준비했으니 취향대로 골라 가세요. ", "img3": "https://img-cf.kurly.com/shop/data/goodsview/20190731/gv40000058002_1.jpg", "option_name_list": [" [고래사] 도톰야채 사각어묵", "[고래사] 파프리카 사각어묵", "[고래사] 땡초 사각어묵", "[고래사] 문어 사각어묵"], "option_price_list": ["3,000원", "3,000원", "3,000원", "3,000원"]},
{"img1": "https://img-cf.kurly.com/shop/data/goods/156454118311y0.jpg", "name": "[고래사] 어묵말이 4종", "summary": "하나씩 꺼내 즐기는 별미 간식", "price": "3,000원", "discount_rate": 0, "unit": "1팩", "amount": "130g (2개입) ", "package": "냉장/종이포장", "made_in": "", "img2": "https://img-cf.kurly.com/shop/data/goodsview/20190731/gv40000057992_1.jpg", "description": "휴게소나 길을 걷다 보면 맛과 비주얼로 발걸음을 멈추게 하는 국민 간식이 하나 있죠. 어묵으로 만든 간식, 이른바 '어묵 말이'인데요. 50년 전통의 부산 어묵 브랜드 고래사가 출출할 때마다 하나씩 꺼내 먹기 좋은 어묵 말이를 컬리에서 선보입니다. 어육과 갖가지 채소를 곱게 다져 완성한 반죽을 먹음직스럽게 튀긴 제품이에요. 보존료와 밀가루를 일절 넣지 않아 더욱 안전하게 즐길 수 있지요. 포장지만 벗겨낸 뒤 전자레인지에 살짝 데워 먹거나 먹기 좋은 크기로 잘라 볶음이나 탕에 활용하기에도 제격이에요. 잡채말이, 땡초말이, 문어말이, 야채말이의 구성으로 준비했으니 취향대로 골라 가세요. ", "img3": "https://img-cf.kurly.com/shop/data/goodsview/20190731/gv30000058004_1.jpg", "option_name_list": ["[고래사] 잡채말이 어묵", "[고래사] 땡초말이", "[고래사] 문어말이", "[고래사] 야채말이"], "option_price_list": ["4,000원", "3,000원", "3,000원", "3,000원"]},
{"img1": "https://img-cf.kurly.com/shop/data/goods/1559878859601y0.jpg", "name": "[김구원 선생] 순두부 2종", "summary": "전통 방식으로 정성스럽게 만든 뭉글뭉글 순두부(1팩/400g)", "price": "1,700원", "discount_rate": 0, "unit": "1팩", "amount": "400g", "package": "냉장/종이포장", "made_in": "", "img2": "https://img-cf.kurly.com/shop/data/goodsview/20190607/gv00000052457_1.jpg", "description": "매끈매끈, 보드라운 식감을 자아내는 순두부는 우리 식탁에 자주 오르는 식재료예요. 순두부찌개는 말할 것도 없고, 숭덩 썬 순두부 위에 양념만 살포시 얹어 반찬으로 즐기기에도 제격이기 때문이지요. 80년 전통을 이어온 두부 명가, 김구원선생이 이번에는 콩의 고소한 맛이 깊게 녹아든 순두부 2종을 합리적인 가격으로 선보여요. 경기도 파주와 연천의 농가와 계약 재배한 콩을 부드럽게 갈아낸 뒤 간수를 넣고 보글보글 끓이고, 굳혀 완성한 순두부랍니다. 컬리는 순두부를 농림수산식품부의 인증을 받은 '전통 순두부'와 순두부에 브라질너트를 더해 건강함을 살린 '브라질너트 순두부' 2종으로 준비했으니 골라가세요. ", "img3": "https://img-cf.kurly.com/shop/data/goodsview/20190607/gv30000052462_1.jpg", "option_name_list": ["[김구원선생] 전통 순두부 400g", "[김구원 선생] 브라질너트 순두부 400g"], "option_price_list": ["1,700원", "2,200원"]}