{"img1": "https://img-cf.kurly.com/shop/data/goods/1582860898576y0.jpg", "name": "[My little recipe] 안동에서 올라온 전통찜닭 대용량 (3~4인용)", "summary": "온가족이 함께 즐기는 안동 찜닭", "price": "21,150원", "discount_rate": "10%", "unit": "1팩", "amount": "2600g", "package": "냉장/종이포장", "made_in": "", "img2": "https://img-cf.kurly.com/shop/data/goodsview/20200228/gv10000083277_1.jpg", "description": "든든함과 편리함을 고루 갖춘 My little recipe 찜닭 밀키트를 만나보세요. 안동 지역의 대표 음식으로 이름난 찜닭을 번거로운 준비 과정 없이, 집에서도 간편히 조리할 수 있도록 필요한 재료들을 고루 담았습니다. 항생제를 쓰지 않고 건강하게 키운 국내산 닭고기와, 다양한 국내산 채소들을 개별 포장했기에 찜닭을 더욱 안심하고 즐길 수 있지요. 달콤 짭조름한 간장 베이스에, 쫄깃한 식감의 중화풍 납작당면까지 들어있어 아이들을 위한 일품요리로도 손색이 없답니다. 야심차게 준비한 찜닭 밀키트로 맛있는 안동 찜닭을 손쉽게 만들어 보세요.", "img3": "https://img-cf.kurly.com/shop/data/goodsview/20200228/gv30000083281_1.jpg", "option_name_list": [], "option_price_list": []},
{"img1": "https://img-cf.kurly.com/shop/data/goods/1582873290452y0.jpg", "name": "[MY little recipe] 안동에서 올라온 매콤치즈찜닭 대용량 (3~4인용)", "summary": "넉넉하게 즐기는 매콤한 일품요리", "price": "22,100원", "discount_rate": "15%", "unit": "1팩", "amount": "2860g", "package": "냉장/종이포장", "made_in": "", "img2": "https://img-cf.kurly.com/shop/data/goodsview/20200228/gv00000083369_1.jpg", "description": "든든함과 편리함을 고루 갖춘 My little recipe 찜닭 밀키트를 만나보세요. 매콤한 양념이 쏙쏙 밴 찜닭 위에 모짜렐라 치즈를 가득 얹은 매콤 치즈 찜닭입니다. 무항생제로 건강하게 키운 닭고기와, 다양한 국내산 채소들을 사용해 더욱 안심하고 즐길 수 있어요. 필요한 모든 재료들을 위생적으로 개별 포장하여 담았기에, 언제 어디서나 간편하게 양념 찜닭을 조리할 수 있답니다. 찜닭이 품고 있는 신선한 냉장 닭의 육질과, 중화풍 납작당면의 쫄깃함, 매콤한 양념과 어우러지는 부드러운 치즈의 풍미를 경험해 보세요.", "img3": "https://img-cf.kurly.com/shop/data/goodsview/20200228/gv40000083372_1.jpg", "option_name_list": [], "option_price_list": []},
{"img1": "https://img-cf.kurly.com/shop/data/goods/1582860526731y0.jpg", "name": "[My little recipe] 안동에서 올라온 전통찜닭 (2인용)", "summary": "집에서 간편하게 즐기는 안동 찜닭", "price": "15,120원", "discount_rate": "10%", "unit": "1팩", "amount": "1300g", "package": "냉장/종이포장", "made_in": "", "img2": "https://img-cf.kurly.com/shop/data/goodsview/20200228/gv10000083272_1.jpg", "description": "든든함과 편리함을 고루 갖춘 My little recipe 찜닭 밀키트를 만나보세요. 안동 지역의 대표 음식으로 이름난 찜닭을 번거로운 준비 과정 없이, 집에서도 간편히 조리할 수 있도록 필요한 재료들을 고루 담았습니다. 항생제를 쓰지 않고 건강하게 키운 국내산 닭고기와, 다양한 국내산 채소들을 개별 포장했기에 찜닭을 더욱 안심하고 즐길 수 있지요. 달콤 짭조름한 간장 베이스에, 쫄깃한 식감의 중화풍 납작당면까지 들어있어 아이들을 위한 일품요리로도 손색이 없답니다. 야심차게 준비한 찜닭 밀키트로 맛있는 안동 찜닭을 손쉽게 만들어 보세요.", "img3": "https://img-cf.kurly.com/shop/data/goodsview/20200228/gv00000083276_1.jpg", "option_name_list": [], "option_price_list": []},
{"img1": "https://img-cf.kurly.com/shop/data/goods/158287056277y0.jpg", "name": "[My little recipe] 안동에서 올라온 매콤치즈찜닭 (2인용)", "summary": "직접 손쉽게 만드는 매콤한 찜닭", "price": "16,110원", "discount_rate": "10%", "unit": "1팩", "amount": "1430g", "package": "냉장/종이포장", "made_in": "", "img2": "https://img-cf.kurly.com/shop/data/goodsview/20200228/gv00000083350_1.jpg", "description": "든든함과 편리함을 고루 갖춘 My little recipe 찜닭 밀키트를 만나보세요. 매콤한 양념이 쏙쏙 밴 찜닭 위에 모짜렐라 치즈를 가득 얹은 매콤 치즈 찜닭입니다. 무항생제로 건강하게 키운 닭고기와, 다양한 국내산 채소들을 사용해 더욱 안심하고 즐길 수 있어요. 필요한 모든 재료들을 위생적으로 개별 포장하여 담았기에, 언제 어디서나 간편하게 양념 찜닭을 조리할 수 있답니다. 찜닭이 품고 있는 신선한 냉장 닭의 육질과, 중화풍 납작당면의 쫄깃함, 매콤한 양념과 어우러지는 부드러운 치즈의 풍미를 경험해 보세요.", "img3": "https://img-cf.kurly.com/shop/data/goodsview/20200228/gv00000083379_1.jpg", "option_name_list": [], "option_price_list": []},
{"img1": "https://img-cf.kurly.com/shop/data/goods/1575619735733y0.jpg", "name": "[Kurly's] 멕시칸 화이타", "summary": "또띠아 위 피어나는 이국의 풍미", "price": "19,800원", "discount_rate": 0, "unit": "1팩", "amount": "1.1kg", "package": "냉장/종이포장", "made_in": "", "img2": "https://img-cf.kurly.com/shop/data/goodsview/20191206/gv40000071735_1.jpg", "description": "테이블의 분위기를 바꿔줄 색다른 메뉴를 찾는다면, 멕시칸 화이타가 좋은 선택이 되어줄 거예요. 컬리는 집에서도 손쉽게 완성할 수 있는 멕시칸 화이타 밀키트를 준비했어요. 고소한 밀 또띠아부터 양념이 깊게 밴 돼지고기 토핑, 그리고 이국의 맛을 더해줄 특제 살사 소스까지 한 번에 담아냈습니다. 모든 재료는 먹기 좋은 크기로 썬 뒤 알맞게 익힌 상태로 보내 드리는데요. 갖은 재료를 살짝 데워주기만 하면 금세 한 상이 차려질 거예요. 한 손에 또띠아를 들고, 원하는 재료를 수북히 얹어 즐겨보세요. 여럿이 둘러 나누기에도 꼭 알맞은 메뉴랍니다.", "img3": "https://img-cf.kurly.com/shop/data/goodsview/20200203/gv40000080085_1.jpg", "option_name_list": [], "option_price_list": []},
{"img1": "https://img-cf.kurly.com/shop/data/goods/1577772102408y0.jpg", "name": "[미트클레버] 명이나물 보쌈", "summary": "간편하게 즐기는 보들보들 보쌈", "price": "12,900원", "discount_rate": 0, "unit": "1팩", "amount": "보쌈(250g) + 명이나물(70g)", "package": "냉동/종이포장", "made_in": "", "img2": "https://img-cf.kurly.com/shop/data/goodsview/20191231/gv30000076062_1.jpg", "description": "명이나물 장아찌는 개운한 맛으로 입안을 깔끔하게 정리해주고 섬유질이 풍부해 특히 고기 요리와의 궁합이 좋죠. 컬리는 식탁을 빛내 줄 특별한 메뉴로 미트클레버의 명이나물 보쌈을 준비했어요. 대파, 양파, 마늘, 생강, 팔각 등 갖은 재료를 넣고 푹 삶아낸 돼지보쌈은 먹기 좋은 크기로 얇게 썰었어요. 여기에 맛이 부드럽고 향도 좋기로 소문난 울릉도산 명이나물로 담근 장아찌도 함께 담았죠. 그릇에 정갈하게 담아낸 다음, 명이나물에 보쌈 한 점을 돌돌 말아 입에 쏙 넣어 보세요. 보들보들하고 고소한 보쌈과 상큼한 명이나물이 어우러져 계속 집어먹게 될 거예요.", "img3": "https://img-cf.kurly.com/shop/data/goodsview/20191231/gv10000076067_1.jpg", "option_name_list": [], "option_price_list": []},
{"img1": "https://img-cf.kurly.com/shop/data/goods/1576816537428y0.jpg", "name": "[외할머니댁] 김치삼겹찜", "summary": "푸짐한 삼겹살이 올라간", "price": "10,800원", "discount_rate": "10%", "unit": "1팩", "amount": "700g", "package": "냉동/종이포장", "made_in": "", "img2": "https://img-cf.kurly.com/shop/data/goodsview/20191220/gv10000074254_1.jpg", "description": "김치와 삼겹살의 만남만큼 군침 돌게 하는 조합이 또 있을까요. 컬리는 푸짐한 건더기로 든든한 외할머니댁의 김치삼겹찜을 가져왔어요. 묵은지는 국내산 배추로 만들고 1년 이상 묵혀 새콤한 감칠맛을 뽐내고, 두툼한 삼겹살은 먹기 좋게 슬라이스 되어있어 누구나 좋아할 만한 김치찜이죠. 바쁜 날 간편하게 데워서 뜨끈한 밥과 함께 식탁에 차리기만 하면 다른 반찬이 필요 없을 거예요. ", "img3": "https://img-cf.kurly.com/shop/data/goodsview/20191220/gv20000074256_1.jpg", "option_name_list": [], "option_price_list": []},
{"img1": "https://img-cf.kurly.com/shop/data/goods/1576810806869y0.jpg", "name": "[느린마을] 육전", "summary": "달걀물 입은 부드러운 홍두깨살", "price": "7,500원", "discount_rate": 0, "unit": "1개", "amount": "", "package": "냉동/종이포장", "made_in": "", "img2": "https://img-cf.kurly.com/shop/data/goodsview/20191220/gv10000074181_1.jpg", "description": "집에서 전을 만들려고 하면 반죽의 농도를 맞추랴, 부재료를 준비하랴 은근히 손이 많이 가죠. 전 중에서도 육전은 명절에나 등장하는 음식인데요. 느린마을의 전 시리즈만 있으면 육전조차 수고로움 없이 먹을 수 있어요. 느린마을은 호주산 홍두깨살에 고운 달걀물을 입혀 한 장씩 곱게 구워 담았답니다. 전자레인지로도 바로 조리가 가능해 더없이 먹기 간편해요. 풍성한 술 안주로, 손님맞이 고급 음식으로 두루두루 활용해 보세요. ", "img3": "https://img-cf.kurly.com/shop/data/goodsview/20191220/gv10000074248_1.jpg", "option_name_list": [], "option_price_list": []},
{"img1": "https://img-cf.kurly.com/shop/data/goods/1576810203876y0.jpg", "name": "[느린마을] 김치전", "summary": "잘 익은 김치로 빚은 앙증맞은 전", "price": "6,500원", "discount_rate": 0, "unit": "1개", "amount": "", "package": "냉동/종이포장", "made_in": "", "img2": "https://img-cf.kurly.com/shop/data/goodsview/20191220/gv20000074184_1.jpg", "description": "집에서 전을 만들려고 하면 반죽의 농도를 맞추랴, 부재료를 준비하랴 은근히 손이 많이 가죠. 만만하게 여기기 쉬운 김치전도 맛있게 만들려면 쉽지 않은데요. 느린마을의 전 시리즈만 있으면 입에 착 감기는 김치전을 간편하게 즐길 수 있어요. 잘 숙성한 김치에 자그마한 오징어, 새우살 등을 넣고 반죽해 먹기 딱 좋은 크기로 노릇노릇 부쳐 냈답니다. 냉동실에 넣어 두었다가 김치전이 생각나는 날 한 두 장씩 꺼내 드셔 보세요. ", "img3": "https://img-cf.kurly.com/shop/data/goodsview/20191220/gv00000074246_1.jpg", "option_name_list": [], "option_price_list": []},
{"img1": "https://img-cf.kurly.com/shop/data/goods/1576809906937y0.jpg", "name": "[느린마을] 녹두전", "summary": "고사리와 고기를 품은 고소한 녹두", "price": "6,900원", "discount_rate": 0, "unit": "1개", "amount": "", "package": "냉동/종이포장", "made_in": "", "img2": "https://img-cf.kurly.com/shop/data/goodsview/20191220/gv40000074187_1.jpg", "description": "집에서 전을 만들려고 하면 반죽의 농도를 맞추랴, 부재료를 준비하랴 은근히 손이 많이 가죠. 특히 녹두전은 김치전이나 파전과 비교했을 때 조리 난이도가 높은 편인데요. 느린마을의 전 시리즈만 있으면 집에서도 맛있는 녹두전을 간편하게 즐길 수 있어요. 녹두, 밀가루, 전분 등에 고사리, 돼지고기, 배추, 숙주 등을 넣고 반죽한 뒤 먹기 알맞은 크기로 부쳐 내었죠. 따뜻하게 데운 뒤 기호에 따라 간장, 양파절임 등을 곁들여 즐겨 보세요. ", "img3": "https://img-cf.kurly.com/shop/data/goodsview/20191220/gv00000074240_1.jpg", "option_name_list": [], "option_price_list": []},
{"img1": "https://img-cf.kurly.com/shop/data/goods/1576809402205y0.jpg", "name": "[느린마을] 해물파전", "summary": "데우기만 하면 되는 초간단 파전", "price": "6,900원", "discount_rate": 0, "unit": "1개", "amount": "", "package": "냉동/종이포장", "made_in": "", "img2": "https://img-cf.kurly.com/shop/data/goodsview/20191220/gv40000074190_1.jpg", "description": "집에서 전을 만들려고 하면 반죽의 농도를 맞추랴, 부재료를 준비하랴 은근히 손이 많이 가죠. 느린마을의 전 시리즈만 있으면 식감 재미난 해물파전을 간편하게 즐길 수 있어요. 쪽파, 밀가루, 전분에 오징어와 새우살 등을 넣고 정성스레 반죽하여 먹기 딱 좋은 크기로 부쳐 냈답니다. 맛이 강하지 않은 쪽파를 사용했기 때문에 파를 별로 좋아하지 않는 분들도 가볍게 드시기 좋아요. 용기 그대로 넣고 전자레인지로도 조리가 가능하니 더없이 간편할 거예요.", "img3": "https://img-cf.kurly.com/shop/data/goodsview/20191220/gv00000074233_1.jpg", "option_name_list": [], "option_price_list": []},
{"img1": "https://img-cf.kurly.com/shop/data/goods/1576124132231y0.jpg", "name": "[모노키친] 간장 찜닭", "summary": "간편하게 즐기는 특별한 닭요리", "price": "8,900원", "discount_rate": 0, "unit": "1팩", "amount": "810g", "package": "냉동/종이포장", "made_in": "", "img2": "https://img-cf.kurly.com/shop/data/goodsview/20191212/gv00000072491_1.jpg", "description": "짭조름한 간장 양념이 살코기 사이사이에 깃든 간장찜닭은 모두의 환영을 받는 메뉴이지요. 이제 집에서도 손쉽게 전문점 못지않은 간장찜닭을 만나보세요. 모노키친이 번거로움을 쏙 뺀 간편식 간장찜닭을 선보입니다. 쫄깃한 국내산 닭에 감자와 대파, 당근, 양배추 등 채소까지 모두 함께 들었어요. 따끈한 밥에 양념이 잘 밴 감자를 얹어서 으깨어 먹다가 마지막에 국물에 밥을 비벼서 즐겨보세요. 절로 만족스러운 미소가 지어질지도 몰라요. 청양고추가 들어간 안동찜닭처럼 매운맛은 아니니 취향에 따라 고추를 추가하여 입맛에 맞게 즐겨 보세요.", "img3": "https://img-cf.kurly.com/shop/data/goodsview/20191212/gv30000072496_1.jpg", "option_name_list": [], "option_price_list": []},
{"img1": "https://img-cf.kurly.com/shop/data/goods/1575620618145y0.jpg", "name": "[Kurly's] 한우불고기", "summary": "부드럽게 즐기는 소목심의 진한 육향", "price": "15,000원", "discount_rate": 0, "unit": "1팩", "amount": "430g", "package": "냉장/종이포장", "made_in": "", "img2": "https://img-cf.kurly.com/shop/data/goodsview/20191206/gv30000071760_1.jpg", "description": "수많은 반찬 중에서도 늘 환영받는 메뉴를 고르라면 불고기가 빠지지 않을 거예요. 달콤 짭조름한 풍미에 부드러운 식감은 언제나 즐거운데요. 컬리스 홈 다이닝과 마마리가 선보이는 불고기는 고소한 육향을 뽐내는 한우의 목심으로 빚어냈기에 더욱 특별한 메뉴랍니다. 마마리의 노하우가 담긴 간장 양념이 소고기 구석구석에 배어들었는데요. 곱게 저민 표고버섯과 영양부추를 고명으로 얹고, 부드럽게 불린 당면까지 풍성하게 꾸려냈답니다. 다른 재료를 더할 필요 없이 팬에서 휘리릭 익혀 드세요. 육수를 넣고 자박하게 끓여 주면 색다른 전골 요리로 즐길 수 있을 거예요.", "img3": "https://img-cf.kurly.com/shop/data/goodsview/20191231/gv00000076054_1.jpg", "option_name_list": [], "option_price_list": []},
{"img1": "https://img-cf.kurly.com/shop/data/goods/1576033023959y0.jpg", "name": "[LOTS OF LOVE] 이태리식 토마토갈비찜", "summary": "토마토의 감칠맛이 듬뿍 밴 갈비찜", "price": "26,900원", "discount_rate": 0, "unit": "1팩", "amount": "800G", "package": "냉동/종이포장", "made_in": "소등갈비(호주산)", "img2": "https://img-cf.kurly.com/shop/data/goodsview/20191211/gv20000071682_1.jpg", "description": "보통 갈비찜이라고 하면 고춧가루와 간장으로 양념을 발라 매콤 짭짤하게 만든 것이나 설탕과 간장으로 달큰하게 조린 걸 상상할 거예요. 하지만 이번에 컬리가 준비한 갈비찜은 조금 더 특별해요. 진한 감칠맛의 토마토소스를 입혀 마치 이탈리아 레스토랑에서 먹는 듯한 느낌을 주는 요리랍니다. 한식처럼 당면이나 두꺼운 감자를 넣는 대신 새송이버섯과 연근으로 색다르면서도 다채로운 식감을 준 것도 매력적이에요. 혀를 아릿하게 만드는 향신료가 없으니 레드 와인에 곁들일 메인 요리로도 알맞을 거예요. ", "img3": "https://img-cf.kurly.com/shop/data/goodsview/20191206/gv10000071688_1.jpg", "option_name_list": [], "option_price_list": []},
{"img1": "https://img-cf.kurly.com/shop/data/goods/1575601679628y0.jpg", "name": "[위드진해] 한우 대창", "summary": "쫄깃한 식감, 고소한 풍미", "price": "26,000원", "discount_rate": 0, "unit": "1팩", "amount": "310g", "package": "냉동/종이포장", "made_in": "", "img2": "https://img-cf.kurly.com/shop/data/goodsview/20191206/gv40000071402_1.jpg", "description": "대창은 입안 가득 고소함을 만끽할 수 있는 소의 특수 부위입니다. 앞뒤로 노릇하게 구워주면 이만한 별미도 없지요. 컬리는 손질 없이 간편하게 맛볼 수 있는 위드진해 한우 대창을 준비했어요. 깔끔하게 손질한 후, 천일염과 된장으로 간을 더한 상품이에요. 가볍게 초벌해 기름기를 쫙 빼고, 쫀득쫀득한 대창 고유의 식감을 살렸답니다. 비린맛을 잡기 위해 세척에 보다 세심한 정성을 기울여 더욱 믿고 선택하실 수 있어요. 대창 구이에 딱 어울리는 특제 간장소스까지 함께 포장해 보내드리니, 해동 후 에어프라이어나 팬으로 구워 근사한 한 상을 즐겨보세요.", "img3": "https://img-cf.kurly.com/shop/data/goodsview/20191205/gv40000071406_1.jpg", "option_name_list": [], "option_price_list": []},
{"img1": "https://img-cf.kurly.com/shop/data/goods/1575004951739y0.jpg", "name": "[오키친] 제주흑돼지 한판", "summary": "간편하게 즐기는 제주 흑돼지 불고기", "price": "5,000원", "discount_rate": 0, "unit": "1팩", "amount": "200g", "package": "냉동/종이포장", "made_in": "", "img2": "https://img-cf.kurly.com/shop/data/goodsview/20191129/gv30000070306_1.jpg", "description": "돼지고기를 먹으러 갈 때면 꼭 제주흑돼지 전문 식당을 찾는 분들이 계실 거예요. 컬리는 어디서든 간편하게 즐길 수 있는 '제주흑돼지 한판'을 소개할게요. 해동할 필요 없이 바로 프라이팬에 볶아주면 5분 만에 완성되는 상품이에요. 청정 제주에서 자란 흑돼지의 뒷다릿살은 육질이 탄탄하고 지방이 적어 볶음 요리에 제격인데요. 이 부위를 1.3mm 두께로 썰어 과일 퓨레로 만든 특제 소스에 숙성했어요. 달짝지근한 향과 야들야들한 식감의 조화가 입맛을 끌어당긴답니다. 좋아하는 채소를 고루 넣어 풍성한 요리를 완성해보세요.", "img3": "https://img-cf.kurly.com/shop/data/goodsview/20191129/gv10000070310_1.jpg", "option_name_list": [], "option_price_list": []}