{"img1": "https://img-cf.kurly.com/shop/data/goods/1585204128453y0.jpg", "name": "[SAMSAM HEAYO] 미나리 오징어전 365g(냉장)", "summary": "식탁이 풍성해지는 간편메뉴", "price": "13,300원", "discount_rate": 0, "unit": "1팩", "amount": "365g", "package": "냉장/종이포장", "made_in": "", "img2": "https://img-cf.kurly.com/shop/data/goodsview/20200326/gv40000087455_1.jpg", "description": "준비 과정이 꽤 번거로운 메뉴로 '전'을 꼽을 수 있어요. 특히 식감과 맛을 생각한다면, 더더욱 많은 재료가 필요하니까요. 컬리는 이런 부담을 덜어드리고자 부침개 간편 키트를 준비했어요. 말끔히 손질된 쫄깃한 오징어와 국내산 미나리, 양파, 홍고추를 먹기 좋게 각각 담았답니다. 동봉된 부침개 파우더에 물을 넣고, 이미 손질된 재료들을 함께 섞어 부쳐내기만 하면 돼요. 고소하게 씹히는 오징어와, 미나리의 향긋함을 가득 품은 바삭한 부침개가 손쉽게 완성될 거예요.", "img3": "https://img-cf.kurly.com/shop/data/goodsview/20200326/gv00000087462_1.jpg", "option_name_list": [], "option_price_list": []},
{"img1": "https://img-cf.kurly.com/shop/data/goods/1585124447755y0.jpg", "name": "[SAMSAM HEAYO] 미나리 새우전 425g(냉장)", "summary": "생기가 느껴지는 다채로운 식감", "price": "13,700원", "discount_rate": 0, "unit": "1팩", "amount": "425g", "package": "냉장/종이포장", "made_in": "", "img2": "https://img-cf.kurly.com/shop/data/goodsview/20200325/gv00000087220_1.jpg", "description": "준비 과정이 꽤 번거로운 메뉴로 '전'을 꼽을 수 있어요. 특히 식감과 맛을 생각한다면, 더더욱 많은 재료가 필요하니까요. 컬리는 이런 부담을 덜어드리고자 부침개 간편 키트를 준비했어요. 말끔히 손질된 통통한 새우살과 국내산 미나리, 양파, 홍고추를 먹기 좋게 각각 담았답니다. 동봉된 부침개 파우더에 물을 넣고, 이미 손질된 재료들을 함께 섞어 부쳐내기만 하면 돼요. 톡톡 터지는 고소한 새우살과, 미나리의 향긋함을 가득 품은 바삭한 부침개가 손쉽게 완성될 거예요.", "img3": "https://img-cf.kurly.com/shop/data/goodsview/20200325/gv40000087230_1.jpg", "option_name_list": [], "option_price_list": []},
{"img1": "https://img-cf.kurly.com/shop/data/goods/1585120437283y0.jpg", "name": "[SAMSAM HEAYO] 미나리 문어 초무침 234.5g(냉장)", "summary": "미나리와 문어의 매콤새콤한 만남", "price": "12,500원", "discount_rate": 0, "unit": "1팩", "amount": "234.5g", "package": "냉장/종이포장", "made_in": "", "img2": "https://img-cf.kurly.com/shop/data/goodsview/20200325/gv00000087190_1.jpg", "description": "갖가지 채소들을 매콤새콤한 양념에 버무려 먹는 초무침은 사라진 입맛을 되살려주는 별미이지요. 식탁을 향긋하게 만드는 미나리와, 신선한 문어를 품은 특별한 초무침을 소개합니다. 통통하고 쫄깃한 자숙 문어와 국내산 미나리, 양파, 청양고추를 깨끗이 손질해 각각 담아 보내드려요. 재료 준비, 가열 조리할 필요 없이 그저 동봉된 양념장과 섞어 맛있게 무쳐보세요. 아삭거리는 식감과 매콤새콤한 맛을 뽐내는 싱그러운 한 접시가 완성될 거예요. ", "img3": "https://img-cf.kurly.com/shop/data/goodsview/20200325/gv00000087261_1.jpg", "option_name_list": [], "option_price_list": []},
{"img1": "https://img-cf.kurly.com/shop/data/goods/1585127533608y0.jpg", "name": "[SAMSAM HEAYO] 미나리 오징어 초무침 209.5g(냉장)", "summary": "입맛을 돋우는 싱그러움", "price": "11,500원", "discount_rate": 0, "unit": "1팩", "amount": "209.5g", "package": "냉장/종이포장", "made_in": "", "img2": "https://img-cf.kurly.com/shop/data/goodsview/20200325/gv30000087250_1.jpg", "description": "갖가지 채소들을 매콤새콤한 양념에 버무려 먹는 초무침은 사라진 입맛을 되살려주는 별미이지요. 식탁을 향긋하게 만드는 미나리와, 신선한 오징어를 품은 특별한 초무침을 소개합니다. 통통하고 부드러운 자숙 오징어와 국내산 미나리, 양파, 청양고추를 깨끗이 손질해 각각 담아 보내드려요. 재료 준비, 가열 조리할 필요 없이 그저 동봉된 양념장과 섞어 맛있게 무쳐보세요. 아삭거리는 식감과 매콤새콤한 맛을 뽐내는 싱그러운 한 접시가 완성될 거예요. ", "img3": "https://img-cf.kurly.com/shop/data/goodsview/20200325/gv10000087256_1.jpg", "option_name_list": [], "option_price_list": []},
{"img1": "https://img-cf.kurly.com/shop/data/goods/1584932123141y0.jpg", "name": "[비비고] 우리아이 한입 백김치", "summary": "아이를 위한 김치! 국내산 원재료와 특허받은 김치유산균", "price": "3,180원", "discount_rate": 0, "unit": "1봉", "amount": "270g", "package": "냉장/종이포장", "made_in": "", "img2": "https://img-cf.kurly.com/shop/data/goodsview/20200323/gv40000086171_1.jpg", "description": null, "img3": "https://img-cf.kurly.com/shop/data/goodsview/20200323/gv30000086599_1.jpg", "option_name_list": [], "option_price_list": []},
{"img1": "https://img-cf.kurly.com/shop/data/goods/1584931998755y0.jpg", "name": "[비비고] 우리아이 한입 썰은김치", "summary": "아이를 위한 김치! 특허받은 CJ 발효 유산균", "price": "3,180원", "discount_rate": 0, "unit": "1봉", "amount": "270g", "package": "냉장/종이포장", "made_in": "", "img2": "https://img-cf.kurly.com/shop/data/goodsview/20200323/gv40000086173_1.jpg", "description": null, "img3": "https://img-cf.kurly.com/shop/data/goodsview/20200323/gv40000086596_1.jpg", "option_name_list": [], "option_price_list": []},
{"img1": "https://img-cf.kurly.com/shop/data/goods/158467253046y0.jpg", "name": "[비비고] 오징어채 볶음", "summary": "국내산 해찬들 고추장으로 촉촉하게 볶아낸", "price": "2,980원", "discount_rate": 0, "unit": "1봉", "amount": "55g", "package": "냉장/종이포장", "made_in": "", "img2": "https://img-cf.kurly.com/shop/data/goodsview/20200320/gv00000086167_1.jpg", "description": null, "img3": "https://img-cf.kurly.com/shop/data/goodsview/20200320/gv40000086375_1.jpg", "option_name_list": [], "option_price_list": []},
{"img1": "https://img-cf.kurly.com/shop/data/goods/1584669841481y0.jpg", "name": "[비비고] 견과류 멸치볶음", "summary": "집반찬! 통견과류와 고소한 멸치볶음", "price": "2,980원", "discount_rate": 0, "unit": "1봉", "amount": "60g", "package": "냉장/종이포장", "made_in": "", "img2": "https://img-cf.kurly.com/shop/data/goodsview/20200320/gv20000086169_1.jpg", "description": null, "img3": "https://img-cf.kurly.com/shop/data/goodsview/20200320/gv10000086355_1.jpg", "option_name_list": [], "option_price_list": []},
{"img1": "https://img-cf.kurly.com/shop/data/goods/1584671000396y0.jpg", "name": "[비비고] 무말랭이 무침", "summary": "오독오독한 식감이 살아있는 밑반찬", "price": "2,980원", "discount_rate": 0, "unit": "1봉", "amount": "110g", "package": "냉장/종이포장", "made_in": "", "img2": "https://img-cf.kurly.com/shop/data/goodsview/20200320/gv40000086165_1.jpg", "description": null, "img3": "https://img-cf.kurly.com/shop/data/goodsview/20200320/gv20000086369_1.jpg", "option_name_list": [], "option_price_list": []},
{"img1": "https://img-cf.kurly.com/shop/data/goods/158467191343y0.jpg", "name": "[비비고] 소고기 장조림", "summary": "간편하게 즐기는 담백한 장조림", "price": "2,980원", "discount_rate": 0, "unit": "1봉", "amount": "125g", "package": "냉장/종이포장", "made_in": "", "img2": "https://img-cf.kurly.com/shop/data/goodsview/20200320/gv10000086163_1.jpg", "description": null, "img3": "https://img-cf.kurly.com/shop/data/goodsview/20200320/gv30000086371_1.jpg", "option_name_list": [], "option_price_list": []},
{"img1": "https://img-cf.kurly.com/shop/data/goods/1584078842534y0.jpg", "name": "[신사동백반] 양념깻잎장아찌", "summary": "자꾸 생각나는 매콤달콤한 감칠맛", "price": "4,600원", "discount_rate": 0, "unit": "1팩", "amount": "130g", "package": "냉장/종이포장", "made_in": "", "img2": "https://img-cf.kurly.com/shop/data/goodsview/20200313/gv40000085432_1.jpg", "description": "깻잎은 개운한 향미가 남달라 다양한 음식에 사용되는 단골 식재료죠. 신사동백반은 국산 깻잎을 고추 양념에 절여 장아찌를 만들었는데요. 야들한 잎에 매콤한 양념이 알맞게 배어 있어, 따뜻한 밥 한 숟갈에 슥 올려 먹으면 밥도둑이 따로 없어요. 부담스럽지 않은 소포장 상품이라 1인 가구도 간편하게 즐길 수 있답니다. 신사동백반의 양념깻잎장아찌로 오늘의 반찬 걱정을 덜어보세요.", "img3": "https://img-cf.kurly.com/shop/data/goodsview/20200313/gv10000085434_1.jpg", "option_name_list": [], "option_price_list": []},
{"img1": "https://img-cf.kurly.com/shop/data/goods/1584078947336y0.jpg", "name": "[신사동백반] 된장고추장아찌", "summary": "고추와 된장의 구수한 만남", "price": "2,890원", "discount_rate": "15%", "unit": "1팩", "amount": "100g", "package": "냉장/종이포장", "made_in": "", "img2": "https://img-cf.kurly.com/shop/data/goodsview/20200313/gv00000085436_1.jpg", "description": "입맛 제대로 돋워줄 반찬을 찾고 있다면, 신사동백반이 만든 된장고추장아찌를 선택해 보세요. 소금에 절인 고추를 깨끗이 헹궈 짠맛을 던 뒤, 된장 양념에 조물조물 무쳐 만든 반찬인데요. 매콤하면서도 구수한 맛이 조화로워 밥과 함께 먹으면 다른 반찬이 필요 없을 정도랍니다. 절인 고추 특유의 야들한 식감이 살아있어 더욱 맛있게 즐길 수 있을 거예요.", "img3": "https://img-cf.kurly.com/shop/data/goodsview/20200313/gv00000085438_1.jpg", "option_name_list": [], "option_price_list": []},
{"img1": "https://img-cf.kurly.com/shop/data/goods/1584076055321y0.jpg", "name": "[탐나는밥상] 돼지고기 사태무찜", "summary": "쫄깃한 사태와 달큰한 무의 만남", "price": "8,820원", "discount_rate": "10%", "unit": "1팩", "amount": "400g", "package": "냉장/종이포장", "made_in": "", "img2": "https://img-cf.kurly.com/shop/data/goodsview/20200313/gv00000085419_1.jpg", "description": "결결이 달큰하고 짭조름한 양념이 쏙쏙 배어있는 돼지고기 사태무찜을 간편하게 만나보세요. 사태는 기름기가 거의 없어 담백한 맛과 쫄깃쫄깃한 식감을 즐기기 좋은 부위인데요. 사태 순살 부위와 함께 무와 버섯, 당근 등 재료들을 숭덩숭덩 큼직하게 썰어 담아냈어요. 덕분에 보기에 무척 먹음직스러울 뿐 아니라 재료들끼리 부딪히며 부서지지 않아 한 젓가락씩 깔끔하게 집기 좋아요. 특히 탐나는 밥상의 돼지고기 사태무찜에는 꽈리고추가 더해져 있어 칼칼한 감칠맛이 일품이랍니다. 먹고 남은 조림 양념장에 흰 밥을 쓱쓱 비벼 마지막까지 남김없이 즐겨보세요.", "img3": "https://img-cf.kurly.com/shop/data/goodsview/20200313/gv10000085423_1.jpg", "option_name_list": [], "option_price_list": []},
{"img1": "https://img-cf.kurly.com/shop/data/goods/1583981368665y0.jpg", "name": "[진실된손맛] 매생이 계란말이", "summary": "바다향이 물씬 나는 계란말이", "price": "5,040원", "discount_rate": "10%", "unit": "1팩", "amount": "250g", "package": "냉장/종이포장", "made_in": "", "img2": "https://img-cf.kurly.com/shop/data/goodsview/20200312/gv00000085271_1.jpg", "description": "매생이는 철분과 칼슘 등 영양소를 듬뿍 함유해 바다의 채소라고도 불려요. 다양한 요리에 활용될 수 있지만 손질하는 데에 손이 많이 가죠. 진실된손맛의 매생이 계란말이로 간편하게 영양 가득한 한 끼를 차려보세요. 씹을 때마다 바다 향이 가득 퍼지는 매생이와 부드러운 계란의 조화로 눈도 입도 즐거울 거예요. 자르지 않고 긴 계란말이 그대로 보내드리니 취향에 따라 김밥의 속 재료나 도시락 반찬으로 활용할 수 있답니다.", "img3": "https://img-cf.kurly.com/shop/data/goodsview/20200312/gv20000085275_1.jpg", "option_name_list": [], "option_price_list": []},
{"img1": "https://img-cf.kurly.com/shop/data/goods/1583979689630y0.jpg", "name": "[진실된손맛] 야채 계란말이", "summary": "누구나 좋아하는 영양만점 반찬", "price": "4,900원", "discount_rate": 0, "unit": "1팩", "amount": "250g", "package": "냉장/종이포장", "made_in": "", "img2": "https://img-cf.kurly.com/shop/data/goodsview/20200312/gv40000085229_1.jpg", "description": "야채는 아작아작 씹히고 계란은 부드러워 온 가족이 좋아하는 반찬, 야채 계란말이. 계란말이 만들기는 간단해 보이지만 우리 머릿속에 있는 예쁘고 통통한 모양으로 완성하는 건 쉬운 일이 아니죠. 진실된 손맛은 신선한 국내산 계란과 야채를 사용해 언제 식탁에 올리기 근사한 야채 계란말이를 만들었어요. 자르지 않고 긴 계란말이 그대로 보내드리니 취향에 따라 김밥의 속 재료나 도시락의 반찬으로도 간편하게 활용해보세요.", "img3": "https://img-cf.kurly.com/shop/data/goodsview/20200312/gv10000085233_1.jpg", "option_name_list": [], "option_price_list": []},
{"img1": "https://img-cf.kurly.com/shop/data/goods/1579242890270y0.jpg", "name": "[신사동백반] 쌀게조림", "summary": "오독오독 씹히는 고소한 쌀게", "price": "3,600원", "discount_rate": 0, "unit": "1팩", "amount": "100g", "package": "냉장/종이포장", "made_in": "", "img2": "https://img-cf.kurly.com/shop/data/goodsview/20200117/gv10000078515_1.jpg", "description": "큼지막한 양념게장만 밥도둑이라는 법은 없죠. 귀여운 쌀게를 매콤달콤한 양념에 조린 새로운 밥도둑을 준비했어요. 오독오독 씹히는 식감과, 껍질까지 깊게 밴 매콤달달한 양념이 입맛을 돋워요. 크기는 앙증맞지만, 자연스레 손이 가는 쌀게조림의 존재감을 직접 느껴보세요. ", "img3": "https://img-cf.kurly.com/shop/data/goodsview/20200117/gv40000078518_1.jpg", "option_name_list": [], "option_price_list": []}