{"img1": "https://img-cf.kurly.com/shop/data/goods/1583815961139y0.jpg", "name": "[존쿡 델리미트] 고소한 비엔나 소시지 255g", "summary": "들기름을 넣어 고소한 비엔나 소시지(255g/봉)", "price": "3,880원", "discount_rate": 0, "unit": "1봉", "amount": "255g", "package": "냉장/종이포장", "made_in": "상품별 별도표기", "img2": "https://img-cf.kurly.com/shop/data/goodsview/20200310/gv30000084815_1.jpg", "description": "짭짤 고소한 비엔나 소시지는 언제나 사랑받는 간단한 반찬이죠. 존쿡 델리미트의 고소한 비엔나 소시지는 들기름이 들어가 한층 더 고소한 풍미를 느낄 수 있어요. 보통 비엔나 소시지보다 통통한 두께로 탱글탱글한 식감이 일품이에요. 92% 이상 함유된 돼지고기와 들기름이 육즙과 만나 풍성한 맛을 만들어냅니다. 간편하게 조리해 다양한 요리의 재료로도 활용할 수 있을 거예요. ", "img3": "https://img-cf.kurly.com/shop/data/goodsview/20200310/gv20000084819_1.jpg", "option_name_list": [], "option_price_list": []},
{"img1": "https://img-cf.kurly.com/shop/data/goods/1582686285282y0.jpg", "name": "[오스카마이어] 스모크 소시지", "summary": "훈연향이 배어든 진한 소시지", "price": "6,980원", "discount_rate": 0, "unit": "1팩", "amount": "397g (6개입)", "package": "냉장/종이포장", "made_in": "", "img2": "https://img-cf.kurly.com/shop/data/goodsview/20200226/gv20000082778_1.jpg", "description": null, "img3": "https://img-cf.kurly.com/shop/data/goodsview/20200226/gv00000082781_1.jpg", "option_name_list": [], "option_price_list": []},
{"img1": "https://img-cf.kurly.com/shop/data/goods/1582684900904y0.jpg", "name": "[오스카마이어] 프랑크 소시지", "summary": "진한 육향이 살아있는 소시지", "price": "6,980원", "discount_rate": 0, "unit": "1팩", "amount": "397g (6개입)", "package": "냉장/종이포장", "made_in": "", "img2": "https://img-cf.kurly.com/shop/data/goodsview/20200226/gv30000082772_1.jpg", "description": null, "img3": "https://img-cf.kurly.com/shop/data/goodsview/20200226/gv00000082775_1.jpg", "option_name_list": [], "option_price_list": []},
{"img1": "https://img-cf.kurly.com/shop/data/goods/1582610801297y0.jpg", "name": "[하이포크] 새우젓으로 맛을 낸 햄200g", "summary": "광천 토굴 새우젓의 감칠맛이 살아있는", "price": "2,750원", "discount_rate": 0, "unit": "1캔", "amount": "200g", "package": "상온/종이포장", "made_in": "", "img2": "https://img-cf.kurly.com/shop/data/goodsview/20200225/gv20000082600_1.jpg", "description": "찬장에 캔햄 하나만 있어도 반찬 떨어질 날 걱정이 사라지죠. 갓 지은 하얀 밥 위에 노릇노릇하게 구운 햄을 딱 한 조각만 얹어 먹어도 만족스러운데요. 가공육이라는 점과 지나친 짠맛이 마음에 걸렸을 거예요. 하이포크가 선보이는 '새우젓으로 맛을 낸 햄'이라면 이 두 가지 걱정을 모두 내려놓을 수 있어요. 100% 국내산 돼지고기 뒷다릿살로 만들어 안심하고 즐길 수 있는 데다, 소금의 쨍한 짠맛 대신 광천의 천연 토굴에서 수개월 숙성된 새우젓이 자아내는 깔끔한 감칠맛이 흠뻑 배어있거든요. 찌개나 볶음밥 등 다양한 요리에 넣어 풍성한 감칠맛을 즐겨보세요.", "img3": "https://img-cf.kurly.com/shop/data/goodsview/20200225/gv20000082604_1.jpg", "option_name_list": [], "option_price_list": []},
{"img1": "https://img-cf.kurly.com/shop/data/goods/1573635568694y0.jpg", "name": "[존쿡 델리미트] 롱 스모크 소시지", "summary": "28cm의 길쭉한 소시지", "price": "6,690원", "discount_rate": 0, "unit": "1팩", "amount": "390g/6개입", "package": "냉장/종이포장", "made_in": "제품 별도 표기", "img2": "https://img-cf.kurly.com/shop/data/goodsview/20191113/gv40000068148_1.jpg", "description": "얇고 긴 모양을 하고 있어 다양하게 활용하기 좋은 롱 스모크 소시지를 만나보세요. 콜라겐 케이싱 속에 시즈닝을 한 돼지고기를 듬뿍 넣어 만들었어요. 존쿡 델리미트의 제품답게 뽀득뽀득한 식감과 풍성한 감칠맛이 식욕을 돋우지요. 통째로 구웠을 때는 김밥, 계란말이, 바게트 버거의 속 재료로, 세로로 얇게 썰어 구우면 큰 접시의 가장자리 부분에 플레이팅하기 적당하답니다. 야외 바베큐를 즐길 때는 말굽 모양으로 구부려 굽거나, 반으로 잘라 꼬치에 끼워 구워도 좋을 거예요.", "img3": "https://img-cf.kurly.com/shop/data/goodsview/20191113/gv10000068153_1.jpg", "option_name_list": [], "option_price_list": []},
{"img1": "https://img-cf.kurly.com/shop/data/goods/1575877268525y0.jpg", "name": "[더건강한] 오리지널 부어스트", "summary": "독일 전통방식으로 만든 소시지", "price": "7,950원", "discount_rate": 0, "unit": "1묶음", "amount": "520g", "package": "냉장/종이포장", "made_in": "", "img2": "https://img-cf.kurly.com/shop/data/goodsview/20191209/gv10000071962_1.jpg", "description": "고기를 한가득 채워 넣은 두툼한 두께, 야무지게 묶은 매무새. 자연스러운 모양이 돋보이는 이 소시지는 독일 전통 방식으로 만든 '오리지널 부어스트'입니다. 돼지고기의 소장을 이용하는 천연 돈장(Natural casing)으로 만들어 뽀드득 씹히며 톡 터지는 맛이 제대로인 제품이지요. 95% 이상을 국산 돼지고기로 꽉 채워 넣었기에 고유의 텍스쳐와 그 사이사이 배어있는 풍부한 육즙을 그대로 느낄 수 있어요. 소시지를 가공할 때 일반적으로 들어가는 보존료나 전분 등을 넣지 않아 조금은 더 마음 놓고 즐길 수 있을 거예요.", "img3": "https://img-cf.kurly.com/shop/data/goodsview/20191209/gv30000071964_1.jpg", "option_name_list": [], "option_price_list": []},
{"img1": "https://img-cf.kurly.com/shop/data/goods/1575002812552y0.jpg", "name": "[동원참치] 라이트 스탠다드 85g 8캔", "summary": "합리적으로 만나는 국내 대표 참치! -캔당 1350원-", "price": "10,800원", "discount_rate": 0, "unit": "1묶음", "amount": "85g/8캔", "package": "상온/종이포장", "made_in": "", "img2": "https://img-cf.kurly.com/shop/data/goodsview/20191129/gv20000070252_1.jpg", "description": "부엌 찬장에 '동원참치 라이트 스탠다드'를 구비해두면 마음이 한결 든든할 거예요. 샐러드, 카레, 볶음밥, 김치찌개 등 어느 요리에나 무궁무진하게 활용할 수 있으니까요. 컬리는 1인분 요리에도 남김없이 털어 넣기 좋은 85g 단량의 캔을 준비했어요. 선상에서 바로 급속으로 냉동해 육질이 살아있는 가다랑어가 담겼지요. 넉넉하게 쓸 수 있으면서도 부담스럽지 않은 개수, 딱 8캔을 담아 보내드릴게요. 이런저런 요리에 곁들이면 감초 같은 역할을 톡톡히 해낼 거예요.", "img3": "https://img-cf.kurly.com/shop/data/goodsview/20191129/gv20000070295_1.jpg", "option_name_list": [], "option_price_list": []},
{"img1": "https://img-cf.kurly.com/shop/data/goods/1572916766699y0.jpg", "name": "[친한] 닭가슴살 소시지 3종", "summary": "담백하게 즐기는 쫄깃한", "price": "4,300원", "discount_rate": 0, "unit": "1팩", "amount": "200g", "package": "냉장/종이포장", "made_in": "", "img2": "https://img-cf.kurly.com/shop/data/goodsview/20191023/gv20000065653_1.jpg", "description": "단백질이 풍부한 닭가슴살을 듬뿍 넣은 소시지를 소개할게요. 혹여 일반 닭가슴살처럼 질기고 퍽퍽하지는 않을까 걱정하신다면, 그럴 필요가 전혀 없다고 말씀드리고 싶어요. 국내산 냉장 닭가슴살을 세심하게 분쇄해서 고기의 질감은 살리되 질기지 않고 쫄깃한 식감으로 만들었습니다. 얼리지 않은 고기를 사용한 소시지답게 육즙도 풍부해, 본연의 감칠맛도 잃지 않았죠. 건강하고 담백하게 즐기실 수 있도록 국내산 마늘, 생강, 소금으로 가볍게 조미한 뒤 훈연했고요. 향미증진제나 발색제 없이 만들어 더욱 안심하고 즐길 수 있을 거예요.", "img3": "https://img-cf.kurly.com/shop/data/goodsview/20191023/gv00000065661_1.jpg", "option_name_list": ["[친한] 닭가슴살 소시지", " [친한] 매콤 닭가슴살 소시지", "[친한] 치즈 닭가슴살 소시지"], "option_price_list": ["4,300원", "4,800원", "5,800원"]},
{"img1": "https://img-cf.kurly.com/shop/data/goods/1572916965257y0.jpg", "name": "[친한] 포크 소시지 3종", "summary": "육즙 가득한 한국식 소시지", "price": "4,300원", "discount_rate": 0, "unit": "1팩", "amount": "200g", "package": "냉장/종이포장", "made_in": "", "img2": "https://img-cf.kurly.com/shop/data/goodsview/20191021/gv00000065361_1.jpg", "description": "짭조름한 감칠맛과 뽀득한 식감의 소시지는 단출한 식탁도 금세 풍성하게 만들어주는 마법 같은 식재료예요. 즐겨 먹고 싶지만 강한 짠맛과 식품첨가물 등이 걱정스러웠다면 지금 소개하는 소시지를 눈여겨 봐주세요. 국내산 마늘, 생강, 소금으로 가볍게 조미해 외국 소시지에 비해 자극적인 맛이나 향이 덜한 소시지예요. 하지만 그 풍미까지 덜한 것은 아니랍니다. 얼리지 않은 국내산 냉장 돼지고기를 듬뿍 넣어 육즙이 풍부하고 씹을수록 고기 본연의 감칠맛이 진하게 느껴져요. 향미증진제나 발색제 없이 만들어 더욱 안심하고 즐길 수 있을 거예요.", "img3": "https://img-cf.kurly.com/shop/data/goodsview/20191021/gv40000065370_1.jpg", "option_name_list": ["[친한] 포크 소시지", "[친한] 매콤 포크 소시지", "[친한] 치즈 포크 소시지"], "option_price_list": ["4,300원", "4,800원", "5,800원"]},
{"img1": "https://img-cf.kurly.com/shop/data/goods/1572422321667y0.jpg", "name": "[존쿡 델리미트] 세인트루이스 립 텍사스 스타일 800g (소스포함) (냉동)", "summary": "살코기 두툼한 스페어 립과 바베큐 소스의 황홀한 조화(1상자/400gx2팩)", "price": "22,865원", "discount_rate": "15%", "unit": "1상자", "amount": "800g(400g x 2팩)", "package": "냉동/종이포장", "made_in": "", "img2": "https://img-cf.kurly.com/shop/data/goodsview/20191030/gv40000066453_1.jpg", "description": "립은 갈빗대에 주위에 붙어있는 살을 떼어먹는 재미가 쏠쏠해요. 녹진한 바베큐 소스까지 더해지면 그 맛이 배가 되지요. 컬리는 요리 초보자 분들도 집에서 간편하게 조리해 드실 수 있는 존쿡 델리미트의 세인트루이스 립을 준비했습니다. 세인트 루이스 립은 삼겹 주위에 붙어있는 갈비 뼈대인 스페어 립의 끝부분을 커팅하여 균일하게 만든 것을 말하는데요. 비교적 뼈가 적고 살코기가 풍성하게 붙어있어요. 참나무로 훈연한 후 텍사스 스타일 그대로 토마토를 사용한 존쿡 델리미트의 특제 바베큐 소스와 함께 400g씩 소포장했답니다. 해동 후 뜯어 바로 조리 가능하니 이보다 더 손쉽게 립을 맛보기도 쉽지 않을 거예요. 평범한 식탁에 근사하게 꾸려줄 특별한 요리를 만나보세요.", "img3": "https://img-cf.kurly.com/shop/data/goodsview/20191030/gv00000066467_1.jpg", "option_name_list": [], "option_price_list": []},
{"img1": "https://img-cf.kurly.com/shop/data/goods/1572422321667y0.jpg", "name": "[존쿡 델리미트] 세인트루이스 립 텍사스 스타일 800g (소스포함) (냉동)", "summary": "살코기 두툼한 스페어 립과 바베큐 소스의 황홀한 조화(1상자/400gx2팩)", "price": "22,865원", "discount_rate": "15%", "unit": "1상자", "amount": "800g(400g x 2팩)", "package": "냉동/종이포장", "made_in": "", "img2": "https://img-cf.kurly.com/shop/data/goodsview/20191030/gv40000066453_1.jpg", "description": "립은 갈빗대에 주위에 붙어있는 살을 떼어먹는 재미가 쏠쏠해요. 녹진한 바베큐 소스까지 더해지면 그 맛이 배가 되지요. 컬리는 요리 초보자 분들도 집에서 간편하게 조리해 드실 수 있는 존쿡 델리미트의 세인트루이스 립을 준비했습니다. 세인트 루이스 립은 삼겹 주위에 붙어있는 갈비 뼈대인 스페어 립의 끝부분을 커팅하여 균일하게 만든 것을 말하는데요. 비교적 뼈가 적고 살코기가 풍성하게 붙어있어요. 참나무로 훈연한 후 텍사스 스타일 그대로 토마토를 사용한 존쿡 델리미트의 특제 바베큐 소스와 함께 400g씩 소포장했답니다. 해동 후 뜯어 바로 조리 가능하니 이보다 더 손쉽게 립을 맛보기도 쉽지 않을 거예요. 평범한 식탁에 근사하게 꾸려줄 특별한 요리를 만나보세요.", "img3": "https://img-cf.kurly.com/shop/data/goodsview/20191030/gv00000066467_1.jpg", "option_name_list": [], "option_price_list": []},
{"img1": "https://img-cf.kurly.com/shop/data/goods/1572422148472y0.jpg", "name": "[존쿡 델리미트] 세인트루이스 립 드라이럽 스타일 500g (냉동)", "summary": "진짜 바베큐의 맛, 두툼한 살과 함께 올라가는 행복감(1상자/500g)", "price": "21,510원", "discount_rate": "10%", "unit": "1박스", "amount": "500g", "package": "냉동/종이포장", "made_in": "", "img2": "https://img-cf.kurly.com/shop/data/goodsview/20191030/gv30000066459_1.jpg", "description": "바베큐 립은 평범한 식탁에 특별함을 부여하는 메뉴 중 하나인데요. 컬리는 요리 초보자 분들도 집에서 간편하게 조리해 드실 수 있는 존쿡 델리미트의 세인트루이스 립을 준비했습니다. 세인트 루이스 립은 삼겹 주위에 붙어있는 갈비 뼈대인 스페어 립의 끝부분을 커팅하여 균일하게 만든 것을 말하는데요. 비교적 뼈가 적고 살코기가 풍성하게 붙어있어요. 존쿡 델리미트는 스페어 립을 엄선된 재료로 시즈닝 한 후 고기의 단맛을 끌어올리기 위해 3시간 동안 사과나무를 이용해 훈연했어요. 모든 작업이 육가공 전문 마이스터의 수작업으로 이루어지기에, 집에서도 레스토랑 못지않은 고기 본연의 풍미를 진하게 느낄 수 있답니다. 보다 담백하게 드라이럽 스타일 립 요리를 즐겨보세요. ", "img3": "https://img-cf.kurly.com/shop/data/goodsview/20191030/gv00000066464_1.jpg", "option_name_list": [], "option_price_list": []},
{"img1": "https://img-cf.kurly.com/shop/data/goods/1566895163104y0.jpg", "name": "[존쿡 델리미트] 스모크 소시지 70g", "summary": "간식으로 안주로 안성맞춤 소시지(1개/70g)", "price": "1,450원", "discount_rate": 0, "unit": "1개", "amount": "70g", "package": "냉장/종이포장", "made_in": "", "img2": "https://img-cf.kurly.com/shop/data/goodsview/20190827/gv10000060413_1.jpg", "description": "한 입 베어 무는 순간 탱글탱글한 육즙 사이로 짭조름한 풍미가 퍼지는 맛! 존쿡 델리미트의 스모크 소시지는 허기진 배를 달래주기도 하고, 육즙 풍성한 간식이 당길 때 아주 요긴해요. 보기만 해도 반지르르한 윤기가 흐르는 소시지가 꼬치에 끼워져 있어 포장을 뜯어 데우기만 하면 간편하게 먹을 수 있는 제품이에요. 돼지고기를 굵게 갈아 소시지로 만들어 씹는 식감이 살아 있고 참나무로 훈연해 불향이 은은하게 난답니다. 진공 포장해 맛과 식감을 그대로 유지하고 있는 것은 물론 보관도 편리해요. 조금 더 먹음직스럽게 즐기고 싶다면 칼집을 내어 팬에 구워 원하는 소스를 뿌려 즐겨보세요. ", "img3": "https://img-cf.kurly.com/shop/data/goodsview/20190827/gv20000060417_1.jpg", "option_name_list": [], "option_price_list": []},
{"img1": "https://img-cf.kurly.com/shop/data/goods/1565677823980y0.jpg", "name": "[전통부산어묵 by.고래사] 특상천 어묵", "summary": "국내산 어육살로 만든", "price": "5,000원", "discount_rate": 0, "unit": "1봉", "amount": "600g", "package": "냉장/종이포장", "made_in": "", "img2": "https://img-cf.kurly.com/shop/data/goodsview/20190813/gv30000059166_1.jpg", "description": "볶음, 잡채, 국 등 어떤 요리에도 활용 가능한 네모 반듯 특상천 어묵을 준비했어요. 50년 전통을 자랑하는 부산 어묵 브랜드, 고래사의 전통부산어묵이에요. 어육의 맛과 향을 내는 착향료 대신,부드러운 어육살을 사용해 옛날부터 전해져 내려오는 부산어묵의 맛을 잘 담고 있지요. 어묵 한 장의 무게만 약 75g. 상천 어묵에 비해 도톰하기에, 일반 어묵보다 조금 두께감 있는 사각어묵을 찾고 계신 분들에게 안성맞춤인 상품이에요. 8장 넉넉하게 담았으니 다양한 요리에 활용해보세요. 야채를 송송 썰어 넣은 계란물을 입혀 전으로 즐기셔도 좋아요.", "img3": "https://img-cf.kurly.com/shop/data/goodsview/20190813/gv10000059169_1.jpg", "option_name_list": [], "option_price_list": []},
{"img1": "https://img-cf.kurly.com/shop/data/goods/156567816148y0.jpg", "name": "[전통부산어묵 by.고래사] 국탕 종합 어묵", "summary": "7가지 어묵 골고루 담은", "price": "4,750원", "discount_rate": "5%", "unit": "1봉", "amount": "450g", "package": "냉장/종이포장", "made_in": "", "img2": "https://img-cf.kurly.com/shop/data/goodsview/20190813/gv10000059174_1.jpg", "description": "어묵탕은 중독적인 감칠맛으로 계절에 상관없이 인기 있는 메뉴예요. 간식과 반찬은 물론 술안주로도 안성맞춤이지요. 컬리는 50년 전통을 자랑하는 부산 어묵 브랜드, 고래사의 전통부산어묵을 선보입니다. 담백한 맛부터 매콤한 맛까지, 탕에 어울리는 7가지 어묵을 골고루 알차게 구성한 국탕 종합 어묵이에요. 어묵 자체에서 고소함이 우러나기에 별다른 육수 없이 무와 파만 송송 썰어줘도 근사한 국물요리가 완성된답니다. 원하는 재료를 더해 나만의 어묵탕을 완성해보세요.", "img3": "https://img-cf.kurly.com/shop/data/goodsview/20190813/gv30000059177_1.jpg", "option_name_list": [], "option_price_list": []},
{"img1": "https://img-cf.kurly.com/shop/data/goods/1565679065392y0.jpg", "name": "[전통부산어묵 by.고래사] 모둠 어묵", "summary": "맛과 멋을 더해주는 반찬용 어묵", "price": "4,750원", "discount_rate": "5%", "unit": "1봉", "amount": "450g", "package": "냉장/종이포장", "made_in": "", "img2": "https://img-cf.kurly.com/shop/data/goodsview/20190813/gv10000059214_1.jpg", "description": "어육의 함량이 높은 어묵은 생선 고유의 고소하면서도 담백한 풍미를 가득 보존하고 있죠. 컬리가 지금 소개하는 어묵 역시 생선살을 듬뿍 넣어 어묵 본연의 맛에 충실한 모둠 어묵입니다. 밀가루와 보존료, 착색료, 착향료를 일절 사용하지 않고 만든 이 제품은 50년 전통의 부산 어묵 브랜드, 고래사가 만든 전통부산어묵이에요. 하얀 빛을 띠는 백설기 어묵과 명태살과 당근, 감자 전분 등의 재료로 만든 사각 어묵으로 구성됐지요. 한입에 먹기 좋은 크기로 잘라 반찬용으로 제격이랍니다. 맛과 멋을 더하는 모둠 어묵을 재료로 사용하여 볶음이나 조림 등의 요리를 한 뒤 접시에 담아내면 제법 근사한 반찬이 완성될 거예요. ", "img3": "https://img-cf.kurly.com/shop/data/goodsview/20190813/gv40000059217_1.jpg", "option_name_list": [], "option_price_list": []}