{"img1": "https://img-cf.kurly.com/shop/data/goods/1585646369419y0.jpg", "name": "[아라움] 오징어 흰다리 150g", "summary": "꼬독꼬독 씹히는 즐거움", "price": "12,900원", "discount_rate": 0, "unit": "1팩", "amount": "150g", "package": "상온/종이포장", "made_in": "국산", "img2": "https://img-cf.kurly.com/shop/data/goodsview/20200331/gv40000088263_1.jpg", "description": "쫄깃하게 말려 감칠맛이 한층 깊어진 건어포는 편하게 즐길 수 있으면서 자꾸만 손이 가는 별미 간식이지요. 다양한 생김새만큼이나 맛과 즐기는 법까지 각양각색인 아라움의 건어포를 소개할게요. 지금 만나볼 제품은 껍질을 제거한 국내산 오징어 흰다리입니다. 완전히 마르지 않은 촉촉한 상태로, 부드러우면서도 오징어 다리 특유의 꼬독꼬독한 식감은 살아 있지요. 튀김옷을 입혀 튀기거나 양념과 함께 볶아 내면 맛깔나는 반찬이 완성될 거예요.", "img3": "https://img-cf.kurly.com/shop/data/goodsview/20200331/gv10000088269_1.jpg", "option_name_list": [], "option_price_list": []},
{"img1": "https://img-cf.kurly.com/shop/data/goods/1585629870847y0.jpg", "name": "[아라움] 오징어 몸통 120g", "summary": "부드럽게 씹히는", "price": "12,900원", "discount_rate": 0, "unit": "1팩", "amount": "120g", "package": "상온/종이포장", "made_in": "국산", "img2": "https://img-cf.kurly.com/shop/data/goodsview/20200331/gv00000088143_1.jpg", "description": "쫄깃하게 말려 감칠맛이 한층 깊어진 건어포는 편하게 즐길 수 있으면서 자꾸만 손이 가는 별미 간식이지요. 다양한 생김새만큼이나 맛과 즐기는 법까지 각양각색인 아라움의 건어포를 소개할게요. 지금 만나볼 제품은 껍질을 제거한 국내산 오징어 몸통입니다. 완전히 마르지 않은 촉촉한 상태로, 질기지 않아 씹기에 부담이 없어요. 튀김옷을 입혀 기름에 튀기거나 칼집을 내 버터를 발라 구워도 별미이니, 다양한 요리에 활용해 보세요. ", "img3": "https://img-cf.kurly.com/shop/data/goodsview/20200331/gv00000088251_1.jpg", "option_name_list": [], "option_price_list": []},
{"img1": "https://img-cf.kurly.com/shop/data/goods/158562250259y0.jpg", "name": "[아라움] 바베큐 오징어 100g", "summary": "결대로 찢어지는 페스츄리 오징어", "price": "9,900원", "discount_rate": 0, "unit": "1팩", "amount": "25g X 4개입", "package": "상온/종이포장", "made_in": "중국산", "img2": "https://img-cf.kurly.com/shop/data/goodsview/20200331/gv30000088098_1.jpg", "description": "쫄깃하게 말려 감칠맛이 한층 깊어진 건어포는 편하게 즐길 수 있으면서 자꾸만 손이 가는 별미 간식이지요. 다양한 생김새만큼이나 맛과 즐기는 법까지 각양각색인 아라움의 건어포를 소개할게요. 지금 만나볼 제품은 짭조름한 매력이 입맛을 당기는 바베큐 오징어입니다. 오징어살이 마치 페스츄리처럼 결대로 찢어져 식감이 질기지 않고 부드러워요. 프라이팬에 살짝 구워 주기만 해도 심심한 입을 달래기에 충분할 거예요. ", "img3": "https://img-cf.kurly.com/shop/data/goodsview/20200331/gv20000088100_1.jpg", "option_name_list": [], "option_price_list": []},
{"img1": "https://img-cf.kurly.com/shop/data/goods/1585621515128y0.jpg", "name": "[아라움] 구운 참오징어 100g", "summary": "간편하게 즐기는 마른 오징어", "price": "9,900원", "discount_rate": 0, "unit": "1팩", "amount": "25g X 4개입", "package": "상온/종이포장", "made_in": "외국산: 칠레산, 중국산, 페루산 등", "img2": "https://img-cf.kurly.com/shop/data/goodsview/20200331/gv30000088092_1.jpg", "description": "쫄깃하게 말려 감칠맛이 한층 깊어진 건어포는 편하게 즐길 수 있으면서 자꾸만 손이 가는 별미 간식이지요. 다양한 생김새만큼이나 맛과 즐기는 법까지 각양각색인 아라움의 건어포를 소개할게요. 지금 만나볼 제품은 씹을수록 고소함이 느껴지는 구운 참오징어입니다. 찢거나 자를 필요가 없어 입이 심심할 때 간편하게 집어 먹기 좋아요. 프라이팬에 살짝만 구워 마요네즈나 케첩 등의 소스를 곁들이면 마른안주로 활용하기에도 제격이랍니다.", "img3": "https://img-cf.kurly.com/shop/data/goodsview/20200331/gv40000088096_1.jpg", "option_name_list": [], "option_price_list": []},
{"img1": "https://img-cf.kurly.com/shop/data/goods/1585790889963y0.jpg", "name": "[아라움] 부드러운명태알포 120g", "summary": "부드러운 명태의 고소한 맛", "price": "9,900원", "discount_rate": 0, "unit": "1팩", "amount": "120g / 30g X 4봉입", "package": "상온/종이포장", "made_in": "베트남산", "img2": "https://img-cf.kurly.com/shop/data/goodsview/20200331/gv40000088311_1.jpg", "description": "쫄깃하게 말려 감칠맛이 한층 깊어진 건어포는 편하게 즐길 수 있으면서 자꾸만 손이 가는 별미 간식이지요. 다양한 생김새만큼이나 맛과 즐기는 법까지 각양각색인 아라움의 건어포를 소개할게요. 지금 만나볼 제품은 부드러운 명태알포예요. 껍데기를 깔끔하게 제거한 명태살을 노릇하게 구워냈는데요. 구운 명태살에 전체적으로 골을 내 좀 더 부드러운 식감으로 즐길 수 있게 했답니다. 바삭하면서도 고소한 마른안주로 즐기시거나, 잘게 자른 후 양념을 더해 밥반찬으로 활용해보세요.", "img3": "https://img-cf.kurly.com/shop/data/goodsview/20200331/gv20000088315_1.jpg", "option_name_list": [], "option_price_list": []},
{"img1": "https://img-cf.kurly.com/shop/data/goods/1585647950475y0.jpg", "name": "[아라움] 다시마 쥐포 150g", "summary": "다시마의 감칠맛을 입은 쥐포", "price": "7,900원", "discount_rate": 0, "unit": "1팩", "amount": "150g / 30g X 5봉입", "package": "상온/종이포장", "made_in": "베트남산", "img2": "https://img-cf.kurly.com/shop/data/goodsview/20200331/gv20000088282_1.jpg", "description": "쫄깃하게 말려 감칠맛이 한층 깊어진 건어포는 편하게 즐길 수 있으면서 자꾸만 손이 가는 별미 간식이지요. 다양한 생김새만큼이나 맛과 즐기는 법까지 각양각색인 아라움의 건어포를 소개할게요. 지금 만나볼 제품은 다시마 쥐포예요. 쥐포의 조미에 주로 사용되는 L-글루탐산나트륨 대신 다시마 분말로 맛을 끌어올렸답니다. 쥐치살 특유의 달큰한 맛과 함께 다시마가 자아내는 바다향을 즐길 수 있죠. 두께가 얇은 편이라 이가 약한 분이나 어른들이 먹기에도 편할 거예요.", "img3": "https://img-cf.kurly.com/shop/data/goodsview/20200331/gv40000088286_1.jpg", "option_name_list": [], "option_price_list": []},
{"img1": "https://img-cf.kurly.com/shop/data/goods/1585639184219y0.jpg", "name": "[아라움] 도톰한쥐포 230g", "summary": "쫀득한 식감이 배가 된", "price": "9,900원", "discount_rate": 0, "unit": "1봉", "amount": "230g", "package": "상온/종이포장", "made_in": "베트남산", "img2": "https://img-cf.kurly.com/shop/data/goodsview/20200331/gv20000088197_1.jpg", "description": "쫄깃하게 말려 감칠맛이 한층 깊어진 건어포는 편하게 즐길 수 있으면서 자꾸만 손이 가는 별미 간식이지요. 다양한 생김새만큼이나 맛과 즐기는 법까지 각양각색인 아라움의 건어포를 소개할게요. 지금 만나볼 제품은 도톰한 쥐포예요. 도톰한 쥐포는 말랑말랑하게 구워 드시면 더욱 좋은데요. 열기가 식고 나서도 금방 딱딱해지지 않고 오래도록 식감을 유지한답니다. 통통해진 두께만큼 쥐포 특유의 식감과 달큰한 육즙이 주는 즐거움도 클 거예요.", "img3": "https://img-cf.kurly.com/shop/data/goodsview/20200331/gv20000088234_1.jpg", "option_name_list": [], "option_price_list": []},
{"img1": "https://img-cf.kurly.com/shop/data/goods/1585641163545y0.jpg", "name": "[아라움] 국산 쥐포 230g", "summary": "달큰한 맛과 쫄깃한 식감", "price": "25,000원", "discount_rate": 0, "unit": "1봉", "amount": "230g", "package": "상온/종이포장", "made_in": "국산", "img2": "https://img-cf.kurly.com/shop/data/goodsview/20200331/gv10000088243_1.jpg", "description": "쫄깃하게 말려 감칠맛이 한층 깊어진 건어포는 편하게 즐길 수 있으면서 자꾸만 손이 가는 별미 간식이지요. 다양한 생김새만큼이나 맛과 즐기는 법까지 각양각색인 아라움의 건어포를 소개할게요. 지금 만나볼 제품은 건어포의 대명사, 쥐포예요. 별다른 수식이 필요 없을 만큼 누구나 좋아하는 바로 그 달짝지근한 맛입니다. 그냥 먹어도 맛있고, 살짝 데우거나 불에 익혀 먹으면 안주로도 그만이죠. 국내산 쥐치살을 선별한 후 깨끗한 공정을 통해 제조했으니 좀 더 안심하고 즐겨보세요.", "img3": "https://img-cf.kurly.com/shop/data/goodsview/20200331/gv10000088247_1.jpg", "option_name_list": [], "option_price_list": []},
{"img1": "https://img-cf.kurly.com/shop/data/goods/1585642854976y0.jpg", "name": "[씨투게더] 땅콩버터 오징어", "summary": "진미채와 땅콩버터의 고소한 만남", "price": "7,900원", "discount_rate": 0, "unit": "1봉", "amount": "150g", "package": "냉장/종이포장", "made_in": "", "img2": "https://img-cf.kurly.com/shop/data/goodsview/20200331/gv30000088249_1.jpg", "description": "달큰한 진미채는 버터에 볶으면 그 맛이 더욱 살아나는데요. 씨투게더는 기존의 백진미 오징어에 고소한 땅콩버터를 입혀 색다른 풍미를 더했어요. 씹을수록 버터의 향과 적절한 단맛이 기분좋게 느껴져요. 질기지 않고 부드러워 가족이 함께 먹기도 좋답니다. 지퍼백 포장으로 보관이 편리하니, 한 봉씩 구비해두고 입이 심심할 때마다 즐겨보세요. 조금씩 꺼내 먹다보면 어느새 빈 봉지를 보게 되실 거예요.", "img3": "https://img-cf.kurly.com/shop/data/goodsview/20200331/gv00000088254_1.jpg", "option_name_list": [], "option_price_list": []},
{"img1": "https://img-cf.kurly.com/shop/data/goods/1583131289685y0.jpg", "name": "[우주] 훈연디포리 300g(냉동)", "summary": "깊고 시원한 국물맛을 위한", "price": "13,950원", "discount_rate": "10%", "unit": "1팩", "amount": "150g X 2봉", "package": "냉동/종이포장", "made_in": "국산", "img2": "https://img-cf.kurly.com/shop/data/goodsview/20200302/gv30000083504_1.jpg", "description": "육수용 생선으로 널리 알려진 디포리(밴댕이)는 칼슘과 철분이 풍부한 자그마한 생선이에요. 디포리 그 자체만으로 육수를 우려도 개운함이 일품이지만, 좀 더 색다르게 즐길 수 있는 훈연디포리를 준비했어요. 여수 청정 바다에서 잡아올린 디포리를 참나무로 섬세하게 훈연하여 풍미를 더했답니다. 디포리에 깊숙히 배인 묘한 참나무향과 감칠맛 덕분에 평범했던 음식 맛도 단번에 달라지지요. 훈연디포리로 진하게 육수를 우리거나, 팬에 살짝 볶아 다양한 요리 위에 곁들여 보세요. 디포리의 쫀득한 식감과 깊은 풍미를 경험할 수 있답니다.", "img3": "https://img-cf.kurly.com/shop/data/goodsview/20200302/gv40000083510_1.jpg", "option_name_list": [], "option_price_list": []},
{"img1": "https://img-cf.kurly.com/shop/data/goods/1583132202398y0.jpg", "name": "[우주] 훈연멸치 300g(냉동)", "summary": "참나무로 훈연하여 풍미를 더한", "price": "11,920원", "discount_rate": "20%", "unit": "1팩", "amount": "150g X 2봉", "package": "냉동/종이포장", "made_in": "국산", "img2": "https://img-cf.kurly.com/shop/data/goodsview/20200302/gv30000083517_1.jpg", "description": "참나무향과 감칠맛이 깊숙히 배어 묘한 매력을 내뿜는 훈연멸치를 소개합니다. 푸른 바다가 넘실거리는 전라남도 여수에서 잡은 깨끗한 멸치만을 엄선했어요. 신선한 멸치를 참나무로 섬세하게 훈연하여 더욱 풍미를 끌어올렸지요. 멸치 고유의 쌉쌀함과 짭조름함에 기분 좋은 나무향이 더해져 입맛을 돋워줍니다. 깊고 진한 육수를 우릴 때 사용하거나, 쫀득한 속살만을 발라내 다양한 요리의 토핑으로 활용해도 좋아요. 멸치의 색다른 변신 덕분에 오늘의 식탁이 풍성히 채워질 거예요.", "img3": "https://img-cf.kurly.com/shop/data/goodsview/20200302/gv30000083524_1.jpg", "option_name_list": [], "option_price_list": []},
{"img1": "https://img-cf.kurly.com/shop/data/goods/1581295239848y0.jpg", "name": "[주전부리연구소] 어린 시절 쥐치포 200g", "summary": "심심풀이 간식으로 제격", "price": "8,900원", "discount_rate": 0, "unit": "1봉", "amount": "200g", "package": "상온/종이포장", "made_in": "베트남", "img2": "https://img-cf.kurly.com/shop/data/goodsview/20200210/gv20000080805_1.jpg", "description": "누군가와 마주 앉아 이야기를 나눌 때, 집에서 느긋하게 영화 한 편을 즐길 때, 늦은 밤 잠이 오지 않을 때 우리는 간단한 주전부리를 찾아요. 주전부리연구소는 이렇게 입이 심심한 순간에 꺼내 먹기에 딱 좋은 군것질거리를 만드는 브랜드랍니다. 지금 소개하는 쥐치포는 누구나 좋아할 법한 달착지근한 감칠맛과 쫀득한 식감을 가지고 있어요. 가장 익숙하게 보는 크기와 모양으로, 그대로 먹어도 좋지만 살짝 데우면 더욱 맛있게 즐길 수 있답니다. ", "img3": "https://img-cf.kurly.com/shop/data/goodsview/20200210/gv40000080808_1.jpg", "option_name_list": [], "option_price_list": []},
{"img1": "https://img-cf.kurly.com/shop/data/goods/1581295040397y0.jpg", "name": "[주전부리연구소] 한입 쏙 꼬마쥐포 200g", "summary": "달달한 감칠맛과 쫀득한 식감", "price": "9,900원", "discount_rate": 0, "unit": "1봉", "amount": "200g", "package": "상온/종이포장", "made_in": "베트남", "img2": "https://img-cf.kurly.com/shop/data/goodsview/20200210/gv00000080801_1.jpg", "description": "누군가와 마주 앉아 이야기를 나눌 때, 집에서 느긋하게 영화 한 편을 즐길 때, 늦은 밤 잠이 오지 않을 때 우리는 간단한 주전부리를 찾아요. 주전부리연구소는 이렇게 입이 심심한 순간에 꺼내 먹기에 딱 좋은 군것질거리를 만드는 브랜드랍니다. 지금 소개하는 꼬마쥐포는 누구나 좋아할 법한 달착지근한 감칠맛과 쫀득한 식감을 가지고 있어요. 이름대로 한입에 쏙 들어가는 크기니 자를 필요가 없어 간편하기도 하죠. 그대로 먹어도 좋지만 살짝 데우면 더욱 맛있게 즐길 수 있답니다. ", "img3": "https://img-cf.kurly.com/shop/data/goodsview/20200210/gv10000080804_1.jpg", "option_name_list": [], "option_price_list": []},
{"img1": "https://img-cf.kurly.com/shop/data/goods/1581295696922y0.jpg", "name": "[주전부리연구소] 국산 아구포 120g", "summary": "도톰한 살의 쫀득한 식감", "price": "11,000원", "discount_rate": 0, "unit": "1봉", "amount": "120g", "package": "상온/종이포장", "made_in": "국산", "img2": "https://img-cf.kurly.com/shop/data/goodsview/20200210/gv00000080814_1.jpg", "description": "누군가와 마주 앉아 이야기를 나눌 때, 집에서 느긋하게 영화 한 편을 즐길 때, 늦은 밤 잠이 오지 않을 때 우리는 간단한 주전부리를 찾아요. 주전부리연구소는 이렇게 입이 심심한 순간에 꺼내 먹기에 딱 좋은 군것질거리를 만드는 브랜드랍니다. 지금 소개하는 아구포는 누구나 좋아할 법한 달착지근한 감칠맛과 쫀득한 식감을 가지고 있어요. 쥐포에 비해 살이 조금 더 도톰하고 고소한 맛을 내기에 이것만 찾아 먹는 분도 있을 정도죠. 어육을 분쇄하지 않고 원물 그대로 사용했으니 더욱 마음에 들 거예요.", "img3": "https://img-cf.kurly.com/shop/data/goodsview/20200210/gv40000080817_1.jpg", "option_name_list": [], "option_price_list": []},
{"img1": "https://img-cf.kurly.com/shop/data/goods/1581295427195y0.jpg", "name": "[주전부리연구소] 국산 장어포 120g", "summary": "씹을 수록 고소한 장어포", "price": "11,000원", "discount_rate": 0, "unit": "1봉", "amount": "120g", "package": "상온/종이포장", "made_in": "국산", "img2": "https://img-cf.kurly.com/shop/data/goodsview/20200210/gv20000080809_1.jpg", "description": "누군가와 마주 앉아 이야기를 나눌 때, 집에서 느긋하게 영화 한 편을 즐길 때, 늦은 밤 잠이 오지 않을 때 우리는 간단한 주전부리를 찾아요. 주전부리연구소는 이렇게 입이 심심한 순간에 꺼내 먹기에 딱 좋은 군것질거리를 만드는 브랜드랍니다. 지금 소개하는 장어포는 누구나 좋아할 법한 달착지근한 감칠맛을 가지고 있어요. 통통한 장어를 포로 뜬 뒤 원물 그대로 조미, 건조했기에 두께도 제법 도톰하죠. 전자레인지에 데워도 되지만 직화로 살짝 구웠을 때 본연의 고소함을 가장 진하게 느낄 수 있을 거예요. ", "img3": "https://img-cf.kurly.com/shop/data/goodsview/20200210/gv40000080813_1.jpg", "option_name_list": [], "option_price_list": []},
{"img1": "https://img-cf.kurly.com/shop/data/goods/1580177901785y0.jpg", "name": "[더조은] 반건조오징어220g(2미)(냉동)", "summary": "자꾸만 손이 가는 쫄깃한 오징어", "price": "9,900원", "discount_rate": 0, "unit": "1팩", "amount": "220g / 2미", "package": "냉동/종이포장", "made_in": "국산", "img2": "https://img-cf.kurly.com/shop/data/goodsview/20200128/gv20000079275_1.jpg", "description": "반건조오징어는 씹을수록 배어 나오는 고소함과 짭조름한 맛이 매력적이에요. 컬리는 수확 후 덕장에서 해풍 건조해 쫄깃함이 느껴지는 더조은 반건조오징어를 준비했어요. 바싹 말리지 않아 어느 정도 수분이 남아 있는 반건조오징어를 통으로 두 마리 넣었답니다. 덕분에 다리와 몸통 모두 맛볼 수 있죠. 팬에 버터를 녹인 다음 구워 먹어도 좋고, 물에 불리면 부침개의 재료로도 활용 가능해요. 진공 포장하여 신선함까지 유지한 반건조오징어를 취향껏 요리해 즐겨보세요.", "img3": "https://img-cf.kurly.com/shop/data/goodsview/20200128/gv20000079283_1.jpg", "option_name_list": [], "option_price_list": []}