{"img1": "https://img-cf.kurly.com/shop/data/goods/1585554832482y0.jpg", "name": "[기장물산] 기장산 뿌리다시마", "summary": "두께가 남다른 다시마 뿌리", "price": "6,900원", "discount_rate": 0, "unit": "1봉", "amount": "120g", "package": "상온/종이포장", "made_in": "국산", "img2": "https://img-cf.kurly.com/shop/data/goodsview/20200330/gv00000087997_1.jpg", "description": "기장은 해수가 차고 물살이 거세기로 유명한 곳인데요. 거친 환경을 견디고 자란 덕분에, 기장산 다시마는 밀도 있는 조직감과 탄력을 자랑하지요. 기장물산은 그중에서도 가장 두꺼운 다시마의 뿌리 부분만을 담아 선보입니다. 도톰한 두께만큼이나 풍부한 진액을 품고 있어, 적은 양으로도 깊은 맛을 낼 수 있어요. 은은한 짭조름함이 매력적이라 국물을 우려도 맛있고, 다시마 밥을 만들어도 좋을 거예요.", "img3": "https://img-cf.kurly.com/shop/data/goodsview/20200330/gv20000088030_1.jpg", "option_name_list": [], "option_price_list": []},
{"img1": "https://img-cf.kurly.com/shop/data/goods/1585556279881y0.jpg", "name": "[씨투게더] 신지도 자른 다시마", "summary": "손쉽게 사용하는 자른 다시마", "price": "6,900원", "discount_rate": 0, "unit": "1봉", "amount": "200g", "package": "상온/종이포장", "made_in": "국산", "img2": "https://img-cf.kurly.com/shop/data/goodsview/20200330/gv20000088036_1.jpg", "description": "육수에 다시마 하나만 더 넣어줘도 맛의 깊이가 달라지지요. 감칠맛 좋은 국물 요리를 위한 필수 재료로 씨투게더의 자른 다시마를 추천드려요. 씨투게더는 풍부한 일조량과 청정 해역을 자랑하는 완도군 신지도에서 채취한 다시마를 선택했는데요. 간편하게 사용할 수 있도록, 다시마를 작은 크기로 잘라 깨끗하게 건조해 팩으로 포장했답니다. 200g 소용량으로 담은 상품이니, 남길 걱정 없이 편리하게 활용해 보세요.", "img3": "https://img-cf.kurly.com/shop/data/goodsview/20200330/gv00000088045_1.jpg", "option_name_list": [], "option_price_list": []},
{"img1": "https://img-cf.kurly.com/shop/data/goods/1585553692935y0.jpg", "name": "[기장물산] 유기인증 자른미역", "summary": "간편하게 사용하는 유기농 미역", "price": "1,600원", "discount_rate": 0, "unit": "1봉", "amount": "25g", "package": "상온/종이포장", "made_in": "국산", "img2": "https://img-cf.kurly.com/shop/data/goodsview/20200330/gv40000087976_1.jpg", "description": "간단 반찬부터 국 요리까지, 미역은 주방에 구비해 두면 참 좋은 식재료예요. 간편하게 활용할 수 있는 미역을 찾고 있다면 기장물산의 유기인증 자른미역을 추천드려요. 깨끗하게 세척한 미역을 요리하기 알맞은 크기로 손질해 건조한 상품인데요. 촉진제나 항생제를 사용하지 않고 유기농으로 길러낸 미역이라, 안심하고 먹을 수 있어 더욱 만족스럽답니다. 25g씩 소용량으로 포장했으니 다양한 요리에 부담 없이 활용해 보세요.", "img3": "https://img-cf.kurly.com/shop/data/goodsview/20200330/gv10000087993_1.jpg", "option_name_list": [], "option_price_list": []},
{"img1": "https://img-cf.kurly.com/shop/data/goods/1582610631863y0.jpg", "name": "[선물세트] 만전김 미니언즈 김세트", "summary": "알차게 담은 재치 만점 김 선물세트", "price": "28,800원", "discount_rate": 0, "unit": "1박스", "amount": "컨텐츠 하단 참고", "package": "상온/종이포장", "made_in": "", "img2": "https://img-cf.kurly.com/shop/data/goodsview/20200225/gv00000082584_1.jpg", "description": "평범한 선물 대신, 센스와 재미를 가득 담은 김세트를 만나보세요. 40년 역사를 가진 김 전문 브랜드 '만전김'이 미니언즈와 손을 잡고 선보이는 선물세트랍니다. 고소한 풍미가 가득한 오리지널맛김부터 휴대하기 좋은 트래블팩, 간식으로 좋은 김스낵까지 다채롭게 꾸려 넣었어요. 귀여운 미니언즈 캐릭터가 그려진 커다란 박스에 가득 담아 보내드리니 마음을 전하는 선물로도 손색이 없습니다. 남녀노소 좋아하는 김세트로 맛은 물론, 즐거움까지 전해보세요.  ", "img3": "https://img-cf.kurly.com/shop/data/goodsview/20200225/gv00000082594_1.jpg", "option_name_list": [], "option_price_list": []},
{"img1": "https://img-cf.kurly.com/shop/data/goods/1582679924308y0.jpg", "name": "[만전김] 두번 구워 더욱 바삭한 삼각김밥용 김 2종", "summary": "내 손으로 깔끔하게 만드는 삼각김밥", "price": "3,870원", "discount_rate": "10%", "unit": "1봉", "amount": "옵션별 상이", "package": "상온/종이포장", "made_in": "국내산", "img2": "https://img-cf.kurly.com/shop/data/goodsview/20200225/gv00000082536_1.jpg", "description": "맛깔나는 도시락을 손쉽게 완성하고 싶다면 주목해 주세요.  40년 역사의 고급 김 전문가인 만전김이 미니언즈와 만나 포장도, 맛도 흠잡을 곳이 없는 삼각김밥용 김을 선보입니다. 알맞게 썬 김은 물론, 모양을 잡아줄 틀과 깜찍한 미니언즈 스티커까지 동봉되는데요. 주인공인 김은 두 번 구운 후, 하나씩 비닐에 포장되어 한결 위생적이에요. 고소하게 간을 한 밥과 속재료만 준비하면 맛있는 삼각김밥이 뚝딱 완성입니다. 김을 모두 사용한 후 구매할 수 있는 리필용 김까지 준비했으니, 넉넉하게 즐겨보세요.", "img3": "https://img-cf.kurly.com/shop/data/goodsview/20200225/gv20000082578_1.jpg", "option_name_list": ["[만전김] 두번 구워 더욱 바삭한 삼각김밥용김 20매입", "[만전김] 삼각김밥용 김 리필용 40매입"], "option_price_list": ["4,300원", "7,500원"]},
{"img1": "https://img-cf.kurly.com/shop/data/goods/1581052979648y0.jpg", "name": "[만전김] 갓구운 곱창돌김 전장 2종", "summary": "풍부한 식감과 맛의 조화", "price": "2,100원", "discount_rate": 0, "unit": "1봉/5봉", "amount": "1봉 (25g), 5봉(25g x 5봉입)", "package": "상온/종이포장", "made_in": "", "img2": "https://img-cf.kurly.com/shop/data/goodsview/20200207/gv20000080700_1.jpg", "description": "곱창김은 꼬불꼬불한 생김새가 곱창과 닮았다 하여 붙여진 이름인데요. 컬리는 다양한 프리미엄 김을 다루는 김 전문 브랜드, 만전김의 '갓구운 곱창돌김'을 온 가족이 넉넉하게 즐길 수 있는 전장 형태로 준비했어요. 엄선된 국산 돌김을 두 번 구워 완성한 제품이죠. 처음에는 바삭하게 씹히다 점차 오독오독 쫄깃한 식감으로 변하며, 은근한 단맛이 배어 나오는 매력이 있답니다. 한 번 드셔본 분이라면 그 독특한 풍미를 잊을 수 없는 곱창돌김을 1봉과 5봉 두 종류로 선보이니, 필요에 따라 선택해보세요.", "img3": "https://img-cf.kurly.com/shop/data/goodsview/20200207/gv10000080710_1.jpg", "option_name_list": ["[만전김] 갓구운 곱창돌김 전장 1봉", "[만전김] 갓구운 곱창돌김 전장 5봉"], "option_price_list": ["2,100원", "9,500원"]},
{"img1": "https://img-cf.kurly.com/shop/data/goods/1581055464778y0.jpg", "name": "[만전김] 갓구운 파래김 전장 2종", "summary": "쌉싸래하게 녹아드는 파래 풍미", "price": "1,500원", "discount_rate": 0, "unit": "1봉/5봉", "amount": "1봉 (20g), 5봉(20g x 5봉입)", "package": "상온/종이포장", "made_in": "", "img2": "https://img-cf.kurly.com/shop/data/goodsview/20200207/gv20000080730_1.jpg", "description": "40년의 역사를 자랑하는 김 전문 브랜드, 만전김의 '갓구운 파래김'을 소개합니다. 파래와 김을 원초 상태에서 초벌구이한 다음 옥배유, 참기름, 들기름을 발라 고온에서 한 번 더 구워 바삭한 식감을 제대로 살려낸 제품이에요. 씹으면 씹을수록 파래 본연의 쌉싸래한 맛이 은근하게 감도는 매력이 있죠. 온 가족이 넉넉하게 즐길 수 있는 전장 형태의 파래김을 1봉과 5봉 두 종류로 준비했으니, 필요에 따라 선택해보세요.", "img3": "https://img-cf.kurly.com/shop/data/goodsview/20200207/gv00000080734_1.jpg", "option_name_list": ["[만전김] 갓구운 파래김 전장 1봉", "[만전김] 갓구운 파래김 전장 5봉"], "option_price_list": ["1,500원", "6,500원"]},
{"img1": "https://img-cf.kurly.com/shop/data/goods/1581055624501y0.jpg", "name": "[만전김] 갓구운 재래김 전장 2종", "summary": "바삭하고 담백하게 즐기는 밥도둑", "price": "1,500원", "discount_rate": 0, "unit": "1봉, 5봉", "amount": "1봉(18g), 5봉(18g x 5봉입)", "package": "상온/종이포장", "made_in": "", "img2": "https://img-cf.kurly.com/shop/data/goodsview/20200207/gv40000080737_1.jpg", "description": "40년의 역사를 자랑하는 김 전문 브랜드, 만전김의 '갓구운 재래김'을 소개합니다. 국산 김을 원초 상태에서 초벌구이한 다음 옥배유, 참기름을 발라 고온에서 한 번 더 구워 바삭한 식감을 제대로 살려낸 제품이에요. 지나치게 짜지 않을 정도로만 간을 해 김 본연의 담백한 맛을 오롯이 느낄 수 있지요. 덕분에 다른 반찬과 함께 곁들이기에도 부담스럽지 않답니다. 온 가족이 넉넉하게 즐길 수 있는 전장 형태의 재래김을 1봉과 5봉 두 종류로 준비했으니, 필요에 따라 선택해보세요.", "img3": "https://img-cf.kurly.com/shop/data/goodsview/20200207/gv10000080743_1.jpg", "option_name_list": ["[만전김] 갓구운 재래김 전장 1봉", "[만전김] 갓구운 재래김 전장 5봉"], "option_price_list": ["1,500원", "6,500원"]},
{"img1": "https://img-cf.kurly.com/shop/data/goods/1579502866909y0.jpg", "name": "[광천김] 유기농김(도시락김) 3개입", "summary": "자극적이지 않은 김 본연의 담백함", "price": "1,490원", "discount_rate": 0, "unit": "1봉", "amount": "4gX3봉입", "package": "상온/종이포장", "made_in": "", "img2": "https://img-cf.kurly.com/shop/data/goodsview/20200120/gv20000078711_1.jpg", "description": "김 하나만 있으면 밥 한 그릇 비우는 건 일도 아니죠. 광천김의 ‘유기농김’은 지나치게 짜지 않아 김 본연의 담백한 맛이 돋보이는 제품이랍니다. 유기농 카놀라유에 두 번 구워내 바삭바삭하지만, 손에 기름이 많이 묻어나지는 않아 깔끔한 식사가 가능해요. 그뿐 아니라 정성껏 기른 유기농 원초로 만들었기에 안심하고 먹을 수 있고요. 한 끼에 적당한 양만큼 소분 포장한 김 세 봉을 하나로 묶어냈으니 언제 어디서든 간편하게 즐겨보세요.", "img3": "https://img-cf.kurly.com/shop/data/goodsview/20200120/gv00000078713_1.jpg", "option_name_list": [], "option_price_list": []},
{"img1": "https://img-cf.kurly.com/shop/data/goods/1578622351414y0.jpg", "name": "[한성]토굴숙성 광천새우젓 250g(냉장)", "summary": "토굴 숙성으로 깊은 감칠맛", "price": "8,900원", "discount_rate": 0, "unit": "1병", "amount": "250g", "package": "냉장/종이포장", "made_in": "", "img2": "https://img-cf.kurly.com/shop/data/goodsview/20200110/gv40000077399_1.jpg", "description": "충남 홍성군 광천읍은 매년 10월이면 새우젓 축제가 열릴 정도로 이름난 새우젓 산지랍니다. 폐광을 활용하여 새우젓을 담그던 독특한 저장법이 토굴 새우젓을 탄생시켰다고 해요. 약 14℃의 일정한 온도가 유지되는 토굴에서 만든 새우젓은 맛과 향이 뛰어나죠. 한성젓갈의 새우젓은 국내산 새우와 천일염을 사용하여 광천읍의 토굴에서 3개월간 발효와 숙성과정을 거쳐 완성하여 맛이 깊으면서도 깔끔해요. 수육이나 족발에 살짝 찍어 먹는 환상조합은 물론, 김치를 담글 때나 요리에서 소금 대신 간을 맞출 때 사용하여 깊은 맛을 내 보세요.", "img3": "https://img-cf.kurly.com/shop/data/goodsview/20200110/gv20000077436_1.jpg", "option_name_list": [], "option_price_list": []},
{"img1": "https://img-cf.kurly.com/shop/data/goods/1578376593417y0.jpg", "name": "[삼삼물산] 녹차로 씻어낸 매생이 120g(냉장)", "summary": "입맛을 자극하는 짙은 초록빛", "price": "2,000원", "discount_rate": 0, "unit": "1봉", "amount": "120g", "package": "냉장/종이포장", "made_in": "", "img2": "https://img-cf.kurly.com/shop/data/goodsview/20200107/gv40000076915_1.jpg", "description": "물에 담가두면 나풀나풀 흩날리는 모습이 아름다운 매생이는 진한 초록빛을 띠는 해조류예요. '바다의 귀족'이라고 불릴 만큼 영양소가 풍부하고, 칼로리가 매우 낮은 식재료이죠. 맑고 깨끗한 해수만을 이용해, 뛰어난 품질을 자랑하는 삼삼물산의 매생이를 소개할게요. 청정 해역에서 자란 국내산 매생이를 맑게 우린 녹차물로 깨끗이 씻어 포장했는데요. 소용량이라 1-2인 가구도 부담없이 즐길 수 있답니다. 영양 가득한 매생이를 국, 전, 반찬 등 다양한 메뉴에 활용해 보세요. 부드러운 식감과 은은한 풍미에 흠뻑 빠지실 거예요.", "img3": "https://img-cf.kurly.com/shop/data/goodsview/20200107/gv40000076920_1.jpg", "option_name_list": [], "option_price_list": []},
{"img1": "https://img-cf.kurly.com/shop/data/goods/157716220725y0.jpg", "name": "[광천김] 광천 파래김 (도시락김) 16개입", "summary": "고소한 내음 가득한 국민 밥도둑", "price": "5,000원", "discount_rate": 0, "unit": "1봉", "amount": "4g*16봉입", "package": "상온/종이포장", "made_in": "", "img2": "https://img-cf.kurly.com/shop/data/goodsview/20191224/gv30000074993_1.jpg", "description": "김 하나만 있어도 밥 한 그릇 비우는 건 일도 아니죠. 컬리는 들기름 향이 고소하게 퍼지는 광천김의 '광천 파래김'을 준비했어요. 파래를 넣어 만들었기 때문에 살짝 쌉싸름한 파래의 맛과 풍미를 느낄 수 있답니다. 또 카놀라유, 들기름, 참기름에 두 번 구워내 고소한 맛을 끌어올리면서도 바삭바삭하지요. 한 끼에 적당한 양만큼 소분 포장했기에 집에서든 밖에서든 간편하게 즐길 수 있어요. 넉넉하게 16봉을 담아 드리니 부담 없이 만나보세요.", "img3": "https://img-cf.kurly.com/shop/data/goodsview/20191224/gv40000074996_1.jpg", "option_name_list": [], "option_price_list": []},
{"img1": "https://img-cf.kurly.com/shop/data/goods/1577180630741y0.jpg", "name": "[광천김] 핑크퐁 키즈김자반 40g", "summary": "아이들의 눈길을 끄는 김자반", "price": "2,590원", "discount_rate": 0, "unit": "1봉", "amount": "40g", "package": "상온/종이포장", "made_in": "", "img2": "https://img-cf.kurly.com/shop/data/goodsview/20191224/gv00000075220_1.jpg", "description": "아이에게 밥을 먹이는 일은 종종 전쟁으로 비유될 만큼 쉬운 일이 아니죠. 그럴 땐 광천김의 '핑크퐁 키즈김자반'을 꺼내 보세요. 상어 노래로 유명한 핑크퐁 캐릭터들이 그려져 있어 아이들이 먼저 반응하는 반찬이랍니다. 아이들이 먹을 음식이기에 디자인뿐만 아니라 재료에도 신경을 썼어요. 아이들의 건강까지 생각해 대부분 유기농 재료들을 사용했지요. 또 소금을 적게 넣어 자극적이지 않고요. 살짝 짭조름하면서도 달콤한 김자반으로 끊임없이 손이 가는 한 끼를 완성해보세요.", "img3": "https://img-cf.kurly.com/shop/data/goodsview/20191224/gv30000075239_1.jpg", "option_name_list": [], "option_price_list": []},
{"img1": "https://img-cf.kurly.com/shop/data/goods/1577175191236y0.jpg", "name": "[광천김] 핑크퐁 키즈김(도시락김) 9개입", "summary": "핑크퐁과 함께하는 즐거운 식사", "price": "4,590원", "discount_rate": 0, "unit": "1봉", "amount": "36g", "package": "상온/종이포장", "made_in": "", "img2": "https://img-cf.kurly.com/shop/data/goodsview/20191224/gv10000075170_1.jpg", "description": "아이에게 밥을 먹이는 일은 종종 전쟁으로 비유될 만큼 쉬운 일이 아니죠. 그럴 땐 상어 노래로 유명한 핑크퐁 캐릭터들이 그려진 광천김의 '핑크퐁 키즈김'을 꺼내 보세요. 아이들이 좋아하는 캐릭터로 식사 시간을 좀 더 즐겁게 만드는 데 도움이 될 거예요. 아이들이 먹을 음식이기에 디자인뿐만 아니라 재료에도 신경을 썼어요. 기존 광천김의 도시락 김보다 소금을 적게 사용했을 뿐만 아니라 유기농 인증을 받은 재료들로 만들어져 안심하고 먹일 수 있답니다. 8장씩 소분 포장한 김을 9봉 준비했으니 집에서든 밖에서든 간편하게 즐겨보세요.", "img3": "https://img-cf.kurly.com/shop/data/goodsview/20191224/gv40000075174_1.jpg", "option_name_list": [], "option_price_list": []},
{"img1": "https://img-cf.kurly.com/shop/data/goods/157716451819y0.jpg", "name": "[광천김] 핑크퐁 키즈김(미니도시락김) 2종", "summary": "작은 크기로 잔반 부담 없는", "price": "4,590원", "discount_rate": 0, "unit": "1상자", "amount": "옵션별 상이", "package": "상온/종이포장", "made_in": "", "img2": "https://img-cf.kurly.com/shop/data/goodsview/20191224/gv40000074992_1.jpg", "description": null, "img3": "https://img-cf.kurly.com/shop/data/goodsview/20191224/gv30000075102_1.jpg", "option_name_list": ["[광천김]핑크퐁 무조미 키즈김미니 도시락김 10개입", "[광천김]핑크퐁 조미 키즈김미니도시락김 10개입"], "option_price_list": ["4,590원", "4,590원"]},
{"img1": "https://img-cf.kurly.com/shop/data/goods/1575961086716y0.jpg", "name": "[기장물산] 해녀가 인정한 기장미역", "summary": "쫄깃한 식감으로 만나보는 실미역", "price": "8,900원", "discount_rate": 0, "unit": "1봉", "amount": "130g", "package": "상온/종이포장", "made_in": "", "img2": "https://img-cf.kurly.com/shop/data/goodsview/20191210/gv10000072180_1.jpg", "description": "바다에서 나는 영양으로 불리는 미역, 컬리는 미역 중에 으뜸인 기장미역을 준비했어요. 해수가 차기로 유명한 기장은 물살이 세고 일조량이 풍부해 질 좋은 미역이 생산되기에 최적의 조건을 갖춘 곳이지요. 높은 파도와 거친 물살에서 자란 덕분에 오돌오돌하고 쫄깃한 식감도 뛰어나요. 국에 들어갔을 때 깊은 맛을 내는 것은 물론이고요. 채취한 미역을 숙성 및 염장하여 건조한 실미역이기에, 물에 약간만 담궈두어도 금세 불어나 요리가 수월하답니다. 국, 무침은 물론 쌈으로 다채롭게 즐겨보세요.", "img3": "https://img-cf.kurly.com/shop/data/goodsview/20191210/gv00000072183_1.jpg", "option_name_list": [], "option_price_list": []}