{"img1": "https://img-cf.kurly.com/shop/data/goods/158071819294y0.jpg", "name": "[해원에스디] 바이오플락 국산 생물 새우 300g(생물)", "summary": "선순환 기술로 키운 안전한 새우", "price": "12,935원", "discount_rate": "35%", "unit": "1팩", "amount": "300g", "package": "냉장/종이포장", "made_in": "국산", "img2": "https://img-cf.kurly.com/shop/data/goodsview/20200203/gv30000080026_1.jpg", "description": "바이오플락이란, 수질정화 미생물을 먹이로 활용하는 새로운 양식 기법을 말해요. 바이오플락 기술을 적용하여 깐깐하게 양식한 국산 생물 새우를 소개할게요. 비린내가 적게 날뿐만 아니라, 식감이 탱글탱글하고 씹을수록 단맛이 올라오죠. 소가구도 부담 없이 즐길 수 있는 용량으로 준비했답니다. 선순환 양식 기술로 건강하게 키운 새우 본연의 맛을 흠뻑 느껴보세요. ", "img3": "https://img-cf.kurly.com/shop/data/goodsview/20200204/gv30000080097_1.jpg", "option_name_list": [], "option_price_list": []},
{"img1": "https://img-cf.kurly.com/shop/data/goods/1580707091358y0.jpg", "name": "[Ozen] MSC 인증 바나나 새우 800g (냉동)", "summary": "친환경적으로 잡은 호주산 새우", "price": "19,900원", "discount_rate": 0, "unit": "1봉", "amount": "800g", "package": "냉동/종이포장", "made_in": "", "img2": "https://img-cf.kurly.com/shop/data/goodsview/20200203/gv10000079965_1.jpg", "description": "MSC 인증은 바다 생태계와 자원을 보존하는 방식으로 어획된 자연산 수산물에게만 부여되는 라벨이에요. 컬리에서 MSC 인증을 받은 바나나 새우를 만나보세요. 바나나 새우라 불리는 까닭은 껍질 벗긴 바나나처럼 은은한 흰색을 지녔기 때문인데요. 특히 꼬리와 등이 재미난 이름 만큼이나 맛도 뛰어납니다. 껍질 가득 뽀얗게 차오른 살은 진한 단맛과 졸깃한 식감을 자랑하지요. 살짝 구워 먹어도 맛있지만, 살이 탱글하고 잘 무르지 않아 감바스 등의 요리에 활용해도 좋아요.", "img3": "https://img-cf.kurly.com/shop/data/goodsview/20200203/gv20000079969_1.jpg", "option_name_list": [], "option_price_list": []},
{"img1": "https://img-cf.kurly.com/shop/data/goods/1579658922340y0.jpg", "name": "[우주] 국산 새우살 200g(냉동)", "summary": "진한 단맛과 탱글한 식감", "price": "10,115원", "discount_rate": "15%", "unit": "1팩", "amount": "200g", "package": "냉동/종이포장", "made_in": "", "img2": "https://img-cf.kurly.com/shop/data/goodsview/20200122/gv00000079016_1.jpg", "description": "요리에 간단하게 식감과 감칠맛을 더하고 싶을 때 새우만큼 든든한 재료도 없죠. 볶음밥은 물론 감바스나 파스타 등 새우를 활용한 요리는 무궁무진한데요. 컬리가 준비한 우주의 새우살은 국내산 새우를 엄선했기 때문에 더 담백하고 진한 단맛을 느낄 수 있어요. 껍질을 벗겨낸 새우는 신선도를 유지하기 위해 개별 급속 냉동하였죠. 손질까지 마쳐서 바로 사용할 수 있도록 담았으니, 탱글탱글한 식감을 자랑하는 국내산 새우를 간편하게 활용해 보세요. ", "img3": "https://img-cf.kurly.com/shop/data/goodsview/20200122/gv10000079019_1.jpg", "option_name_list": [], "option_price_list": []},
{"img1": "https://img-cf.kurly.com/shop/data/goods/1579578428240y0.jpg", "name": "[해물공食] ASC인증 친환경 손질새우 2종", "summary": "바다 환경까지 생각한 간편 새우", "price": "7,380원", "discount_rate": "10%", "unit": "1팩", "amount": "품목별 상이 (하단 참조)", "package": "냉동/종이포장", "made_in": "", "img2": "https://img-cf.kurly.com/shop/data/goodsview/20200121/gv40000078907_1.jpg", "description": "수산물을 고를 때, 신선함은 물론 ASC 인증마크가 있는지도 기준으로 삼는 분들이 갈수록 늘어나고 있어요. ASC 인증은 깨끗한 바다 환경을 유지하는 생산 방식과 신뢰할 수 있는 가공 방식과 유통경로를 갖춰야만 받을 수 있는데요. 컬리에서 ASC인증을 받은 흰다리새우를 만나보세요. 머리와 껍질을 떼어내어 해동만 하면 바로 사용할 수 있는 간편한 손질 새우랍니다. 감바스, 파스타, 샐러드, 월남쌈 등 다양한 요리에 활용하여 고소한 풍미와 탱글탱글한 식감을 즐겨 보세요. ", "img3": "https://img-cf.kurly.com/shop/data/goodsview/20200121/gv20000078910_1.jpg", "option_name_list": ["[해물공食] ASC인증 친환경 손질새우 200g", "[해물공食] ASC인증 친환경 손질새우 500g"], "option_price_list": ["8,200원", "18,000원"]},
{"img1": "https://img-cf.kurly.com/shop/data/goods/1575954919937y0.jpg", "name": "[SAMSAM HEAYO] 동태가 맑탕 860g(냉장)", "summary": "맑은 국물을 내는 동태탕 재료", "price": "13,300원", "discount_rate": 0, "unit": "1팩", "amount": "860g", "package": "냉장/종이포장", "made_in": "", "img2": "https://img-cf.kurly.com/shop/data/goodsview/20191210/gv10000072094_1.jpg", "description": "맑게 끓인 동태탕에서는 시원한 감칠맛은 물론 생선 본연의 풍미를 제대로 느껴볼 수 있어요. 하지만 매콤한 국물보다 맑은 국물을 내기가 여간 까다로운 일이 아니지요. 비린맛을 잡는 동시에 맑고 개운한 맛을 내려면 동태의 손질 상태부터가 무척 중요하기 때문인데요. 컬리가 준비한 삼삼해요의 동태탕 키트로 이제 가정에서도 편히 맑은 국물의 동태탕을 맛보세요. 손질을 마친 동태와 대구 곤이, 채소와 소스, 그리고 두부까지 알차게 구성한 동태탕 간편 키트입니다. 건더기를 풍성히 담아냈기에 골라 먹는 재미 또한 쏠쏠할 거예요. 냄비와 물만 준비하여 보글보글 끓여낸 뒤 술 안주, 혹은 속을 따뜻하게 채워줄 요리로 즐겨보세요. ", "img3": "https://img-cf.kurly.com/shop/data/goodsview/20191210/gv30000072114_1.jpg", "option_name_list": [], "option_price_list": []},
{"img1": "https://img-cf.kurly.com/shop/data/goods/157562824055y0.jpg", "name": "[바븐] 던지네스 크랩 2종 1마리(생물)", "summary": "미국을 대표하는 국민 크랩", "price": "34,000원", "discount_rate": "15%", "unit": "1마리", "amount": "옵션별 상이", "package": "냉장/종이포장", "made_in": "", "img2": "https://img-cf.kurly.com/shop/data/goodsview/20191206/gv00000071804_1.jpg", "description": "여럿이 함께 모이는 연말 파티에 특별한 메뉴가 빠질 수 없어요.  등장만으로도 식탁을 빛내주는 파티 음식을 찾는다면 바븐의 던지네스 크랩을 눈여겨보세요. 1880년대 미국 워싱턴 주의 던지니스 지방에서 우연히 낚시 하다 잡힌 게로, 버터처럼 고소한 내장과 부드러운 속살이 맛있어 미국을 대표하는 국민 크랩으로 자리잡았어요. 미국 해역에서 잡은 던지네스 크랩을 살아 있는 상태로 항공 직송해 신선함이 남다를 거예요. 요리 스타일에 따라 두 가지 사이즈를 준비했으니, 그대로 쪄서 먹거나 속살만 발라내 팬에 볶아 소스와 함께 즐겨보세요.", "img3": "https://img-cf.kurly.com/shop/data/goodsview/20191206/gv10000071815_1.jpg", "option_name_list": [" [바븐] 던지네스크랩 700g", "[바븐] 던지네스크랩 1kg"], "option_price_list": ["40,000원", "55,000원"]},
{"img1": "https://img-cf.kurly.com/shop/data/goods/1575340424181y0.jpg", "name": "[SAMSAM HEAYO] 감바스 알 아히요 315g(냉장)", "summary": "간편하게 만드는 스페인 요리", "price": "14,000원", "discount_rate": 0, "unit": "1팩", "amount": "315g", "package": "냉장/종이포장", "made_in": "", "img2": "https://img-cf.kurly.com/shop/data/goodsview/20191203/gv20000070647_1.jpg", "description": "올리브 오일에 마늘과 새우를 튀겨내듯 끓이는 감바스 알 아히요는 재료만 있다면 만들기 간단하면서도 식탁의 분위기를 단숨에 바꿔주는 요리지요. 컬리는 감바스 알 아히요를 가정에서 손쉽게 드실 수 있도록 재료를 함께 구성한 키트를 준비했어요. 신선하고 맛 좋은 해산물을 선보이는 삼삼해물이 새롭게 준비한 해산물 밀키트 브랜드 '삼삼해요'가 만든 제품이에요. 엑스트라버진 올리브 오일에 재료를 넣고 끓이기만 하면 10분 내로 완성이에요. 예쁜 그릇에 담아내어 바게트를 곁들여 함께 즐겨보세요. 집에서 여는 파티나 모임에서 입맛을 돋우기에 더없이 좋은 전채요리가 될 거예요.", "img3": "https://img-cf.kurly.com/shop/data/goodsview/20191203/gv30000070653_1.jpg", "option_name_list": [], "option_price_list": []},
{"img1": "https://img-cf.kurly.com/shop/data/goods/1575262901437y0.jpg", "name": "[바븐] 캐나다 랍스타 2종 1마리 (예약일 수령, 생물)", "summary": "탐스런 속살에 깃든 달큰함", "price": "39,000원", "discount_rate": 0, "unit": "1마리", "amount": "옵션별 상이", "package": "냉장/종이포장", "made_in": "", "img2": "https://img-cf.kurly.com/shop/data/goodsview/20191202/gv10000070510_1.jpg", "description": "때론 특별한 음식을 먹는 것만으로도 잊지 못할 추억이 되기도 하죠. 소중한 사람들과의 근사한 식사를 계획 중에 있다면, 바븐 캐나다 랍스터를 추천합니다. 북대서양 심해의 청정해역에서 자란 랍스터를 살아있는 상태 그대로 항공 직송해 포장한 상품이에요. 탱탱하게 물오른 속살이 품은 진득한 바다향이 일품이랍니다. 신선한 회나 탐스럽게 익은 구이, 찜 등 다양한 방법으로 황홀한 한 끼를 즐겨보세요. 식탁 위에서 흔히 볼 수 없는 생소한 재료인 만큼 더욱 엄격한 기준으로 선별해 보내드리니 만족스럽게 즐기실 수 있을 거예요.", "img3": "https://img-cf.kurly.com/shop/data/goodsview/20191204/gv20000071126_1.jpg", "option_name_list": ["[바븐] 캐나다 랍스타 700g 4/10 수령", "[바븐] 캐나다 랍스타 700g 4/11 수령", "[바븐] 캐나다 랍스타 700g 4/5 수령", "[바븐] 캐나다 랍스타 1kg 4/10 수령", "[바븐] 캐나다 랍스타 1kg 4/11 수령", "[바븐] 캐나다 랍스타 1kg 4/5 수령"], "option_price_list": ["39,000원", "39,000원", "39,000원", "55,000원", "55,000원", "55,000원"]},
{"img1": "https://img-cf.kurly.com/shop/data/goods/1574735368564y0.jpg", "name": "[Sea to Table] 손질 빅사이즈 새우 250g (냉동)", "summary": "풍성하게 감도는 바다의 감칠맛", "price": "13,500원", "discount_rate": "10%", "unit": "1봉", "amount": "250g / 6~8마리", "package": "냉동/종이포장", "made_in": "베트남산", "img2": "https://img-cf.kurly.com/shop/data/goodsview/20191126/gv00000069640_1.jpg", "description": "새우는 붉은 윤기 뽐내며 먹는 재미에 보는 재미까지 고루 선사하는 식재료예요. 특히, 큰 사이즈의 새우는 평범함 요리에 특별함을 부여하기도 하는데요. 컬리는 남다른 크기로 요리의 격을 높여줄 Sea to table 손질 빅사이즈 새우를 준비했습니다. 블랙타이거 새우가 연상될 정도로 큰 흰다리새우만을 엄선한 상품이에요. 머리부터 다리, 껍질, 내장까지 말끔하게 제거했으니, 해동만 해주면 번거로운 손질 과정 없이도 근사한 새우 요리를 완성할 수 있답니다. 새우가 품은 본연의 달큰하고 고소한 감칠맛을 입안 가득 풍성하게 누려보세요. ", "img3": "https://img-cf.kurly.com/shop/data/goodsview/20191126/gv20000069663_1.jpg", "option_name_list": [], "option_price_list": []},
{"img1": "https://img-cf.kurly.com/shop/data/goods/1574734705443y0.jpg", "name": "[Sea to Table] 손질 자숙 왕새우 250g (냉동)", "summary": "간편하게 사용하는 자숙 왕새우", "price": "11,700원", "discount_rate": "10%", "unit": "1봉", "amount": "250g / 12~13마리", "package": "냉동/종이포장", "made_in": "베트남산", "img2": "https://img-cf.kurly.com/shop/data/goodsview/20191126/gv00000069638_1.jpg", "description": "새우는 탱글한 식감과 씹을수록 풍겨져 오는 고소함에 어떤 요리에서도 존재감 확실히 드러내는 식재료입니다. 때문에 미리미리 손질된 새우를 구비해두시는 분들도 많을 텐데요. 컬리는 말끔하게 손질한 후 한 번 삶아 냉동한 Sea to table 손질 자숙 왕새우를 준비했습니다. ‘왕새우’라는 이름이 무색하지 않도록 크기가 큰 흰다리새우만을 엄선한 상품이에요. 이미 붉게 익혔으니 해동 후 바로 드셔도 좋고요. 새우 요리에 조리 시간을 단축하기에도 딱이에요. 샐러드, 파스타, 볶음밥 등 다양하게 활용해보세요.", "img3": "https://img-cf.kurly.com/shop/data/goodsview/20191126/gv40000069653_1.jpg", "option_name_list": [], "option_price_list": []},
{"img1": "https://img-cf.kurly.com/shop/data/goods/1477920110679y0.jpg", "name": "필립스 크랩 2종", "summary": "간편하게 즐기는 100% 자연산 꽃게", "price": "14,900원", "discount_rate": 0, "unit": "1개", "amount": "227g", "package": "냉장/종이포장", "made_in": "인도네시아", "img2": "https://img-cf.kurly.com/shop/data/goodsview/20170502/gv00000002769_1.jpg", "description": "크랩은 부드럽고 촉촉한 질감으로 전 세계인들의 사랑을 듬뿍 받고 있습니다. 딱히 호불호 갈리지 않는 건강한 맛을 지닌 덕에, 활용 가능한 레시피 또한 넘쳐 나지요. 이번에 컬리는 깊은 수심에서 서식하는 100% 자연산 꽃게의 ‘진짜 게살’을 소개할까 합니다. 그물이 아닌 케이지로 잡아, 싱싱한 육질이 오랜 시간 살아 있습니다. 아무리 신선한 꽃게를 집에서 손질해도 막상 그 양은 얼마 되지 않잖아요. 들인 노력에 비해 풍성한 게살을 온전히 만끽하기란 늘 어려웠습니다. 이젠, 100여 년 전통을 지닌 게살 전문 으뜸 기업 ‘필립스 푸드’의 크랩으로 맛있는 꽃게를 더욱 간편하게 즐겨 보세요.", "img3": "https://img-cf.kurly.com/shop/data/goodsview/20170504/gv10000002783_1.jpg", "option_name_list": ["필립스 크랩 스페셜 가슴살", "필립스 크랩 크로우 다리살"], "option_price_list": ["15,900원", "14,900원"]},
{"img1": "https://img-cf.kurly.com/shop/data/goods/1571031919547y0.jpg", "name": "[PRIDE] 냉동 새우 3종(냉동)", "summary": "근사한 요리를 위한 필수재료", "price": "5,900원", "discount_rate": 0, "unit": "1봉", "amount": "옵션별 상이", "package": "냉동/종이포장", "made_in": "", "img2": "https://img-cf.kurly.com/shop/data/goodsview/20191014/gv00000064369_1.jpg", "description": "평범한 요리를 특별하게 바꿔 주는 식재료, 바로 탱글한 새우입니다. 뽀득하게 씹히는 식감이며 고소한 감칠맛이 요리의 격을 한층 높여주는데요. 컬리는 번거로운 손질 과정 없이도 간편하게 요리에 더할 수 있는 새우를 준비했어요. 엄선한 흰다리새우를 깨끗하게 손질한 후 급속 냉동한 제품입니다. 알맞게 해동만 해주면, 손질 없이도 바로 조리할 수 있어 무척 편리하지요. 머리와 껍질, 내장을 깔끔하게 손질한 것은 물론, 상황에 따라 골라 사용하실 수 있도록 총 3종으로 준비했어요. 냉동실에 넣어 두면 든든한 지원군처럼 활용할 수 있을 거예요.", "img3": "https://img-cf.kurly.com/shop/data/goodsview/20191014/gv10000064374_1.jpg", "option_name_list": ["[PRIDE] 생칵테일 새우 300g", "[PRIDE] 생새우살 200g", "[PRIDE] 칵테일 새우 200g"], "option_price_list": ["8,900원", "5,900원", "5,900원"]},
{"img1": "https://img-cf.kurly.com/shop/data/goods/1567677462293y0.jpg", "name": "도화새우", "summary": "깊은 수심에서 어획한 자연산 새우", "price": "69,000원", "discount_rate": 0, "unit": "1박스", "amount": "500g 내외 / 10~13미", "package": "냉동/종이포장", "made_in": "러시아", "img2": "https://img-cf.kurly.com/shop/data/goodsview/20190905/gv30000061368_1.jpg", "description": "수심 깊은 곳에서만 자라기에 양식이 어려워 사람이 일일이 통발을 내려 어획해야 하는 새우가 있어요. 한미정상회담 만찬에 오르며 '독도 새우'로 널리 알려진 도화새우입니다. 하지만 꼭 독도에서만 볼 수 있는 새우인 건 아닌데요. 컬리가 준비한 도화새우 역시 청정바다 오호츠크해의 수심 300~400m에서 어획했어요. 어획 후 배 위에서 선별과정을 거쳐 바로 급속 냉동했기에 신선함을 그대로 간직하고 있답니다. 회로 즐겨도 될 정도예요. 생으로 맛보는 것이 낯선 분들은 거센 코부분만 제거한 후 구이, 찜 등 다양하게 조리해 드실 수 있어요. 탱글한 속살, 녹진한 단맛, 고소한 감칠맛의 삼박자를 고루 갖춘 귀한 도화새우를 만나보세요.", "img3": "https://img-cf.kurly.com/shop/data/goodsview/20190905/gv30000061376_1.jpg", "option_name_list": [], "option_price_list": []},
{"img1": "https://img-cf.kurly.com/shop/data/goods/156021906658y0.jpg", "name": "[마켓베라즈] 생새우 2종(냉동)", "summary": "깔끔한 손질, 다양한 쓰임새", "price": "10,000원", "discount_rate": 0, "unit": "1봉", "amount": "300g", "package": "냉동/종이포장", "made_in": "", "img2": "https://img-cf.kurly.com/shop/data/goodsview/20190611/gv40000052744_1.jpg", "description": "냉장고에 새우 한 팩을 넣어두면 그렇게 마음이 든든할 수가 없어요. 반찬이 마땅치 않은 날 야채와 소스를 넣어 볶아 먹기에도 좋고, 버터에 구워 간단한 안주로도 즐길 수 있죠. 그래서 아이와 어른이 모두 좋아하는 식재료인 새우를 컬리는 좀 더 간편한 제품으로 준비했어요. 태국에서 어획한 흰다리새우를 세척한 후 쓰기 좋게 손질했습니다. 머리와 껍질만 떼어낸 칵테일 새우, 꼬리까지 모두 손질한 새우살로 2종을 준비했으니 쓰임새에 따라 골라보세요. 다른 새우살에 비해 살짝 크기가 작아 다양한 요리로 활용하기에도 좋습니다. 볶음밥, 파스타 등에도 부담 없이 사용하세요. 내장까지 모두 깔끔하게 손질해 더 맛있게 드실 수 있을 거예요. ", "img3": "https://img-cf.kurly.com/shop/data/goodsview/20191227/gv20000075644_1.jpg", "option_name_list": ["[마켓베라즈] 생새우살 300g", "[마켓베라즈] 생 칵테일 새우살 300g"], "option_price_list": ["10,000원", "10,000원"]},
{"img1": "https://img-cf.kurly.com/shop/data/goods/1560218446193y0.jpg", "name": "[마켓베라즈] 자숙새우 2종(냉동)", "summary": "해동하기만 하면 준비 끝", "price": "10,500원", "discount_rate": 0, "unit": "1봉", "amount": "옵션별 상이", "package": "냉동/종이포장", "made_in": "", "img2": "https://img-cf.kurly.com/shop/data/goodsview/20190611/gv10000052734_1.jpg", "description": "과정은 간단하지만, 결과물은 근사한 요리를 완성하고 싶을 땐 새우가 딱 안성맞춤이에요. 살짝 굽기만 해도 고소한 풍미를 즐길 수 있어 비상용 식재료로도 손색이 없는데요. 지금 소개하는 자숙 새우는 한 번 삶은 뒤 깔끔하게 손질하여 냉동한 새우입니다. 이미 조리 과정을 거쳤기에 준비할 때 걸리는 시간은 물론 요리에 걸리는 시간도 짧아요. 해동 후에는 샐러드나 월남쌈 등에 바로 활용할 수도 있죠. 머리와 껍질만 떼어낸 칵테일 새우, 꼬리까지 모두 손질한 새우살로 2종을 준비했으니 쓰임새에 따라 골라보세요. 내장까지 모두 깔끔하게 손질해 더 맛있게 드실 수 있을 거예요. ", "img3": "https://img-cf.kurly.com/shop/data/goodsview/20191227/gv20000075645_1.jpg", "option_name_list": ["[마켓베라즈] 자숙 새우살 300g", "[마켓베라즈] 자숙 칵테일 새우살 300g"], "option_price_list": ["11,000원", "10,500원"]},
{"img1": "https://img-cf.kurly.com/shop/data/goods/1559617846194y0.jpg", "name": "블랙타이거 새우 500g(냉동)", "summary": "입안을 꽉 채우는 신선함", "price": "17,500원", "discount_rate": 0, "unit": "1팩", "amount": "500g (10미)", "package": "냉동/종이포장", "made_in": "", "img2": "https://img-cf.kurly.com/shop/data/goodsview/20190604/gv00000052143_1.jpg", "description": "블랙타이거 새우는 배 부분의 무늬가 마치 호랑이처럼 보인다고 해 그 이름을 얻었어요. 크기며 맛 또한 뛰어나 유명 셰프 및 미식가들이 앞다투어 찾는 식재료로도 유명하지요. 그래서 컬리 또한 다양한 블랙타이거 새우를 선보여 왔는데요. 이번에 소개하는 블랙타이거 새우는 어획 즉시 얼음물을 부어 새우를 기절시킨 후, 바로 급속 냉동하여 신선한 맛이 남다르답니다. 해동한 새우를 살짝 굽기만 해도 탱글탱글 쫀득한 맛이 입안을 꽉 채우죠. 따로 손질하지 않은 새우이니 받으신 후 요리에 따라 꼬리, 머리, 껍질 등을 제거하여 사용하세요. ", "img3": "https://img-cf.kurly.com/shop/data/goodsview/20190604/gv00000052152_1.jpg", "option_name_list": [], "option_price_list": []}