{"img1": "https://img-cf.kurly.com/shop/data/goods/1585721615241y0.jpg", "name": "[Easy Cook] 오늘은 국산 홍어회 (날개+몸통) 100g(냉장)", "summary": "홍어의 참맛 국내산 홍어", "price": "9,900원", "discount_rate": 0, "unit": "1팩", "amount": "100g", "package": "냉장/종이포장", "made_in": "국산", "img2": "https://img-cf.kurly.com/shop/data/goodsview/20200401/gv00000088442_1.jpg", "description": "고유한 홍어 숙성법으로 이름이 난 나주 영산포, 홍어를 즐기신다면 한 번쯤은 들어봤을 법한 곳이죠. 오늘 컬리가 소개하는 국산 홍어회는 영산포 전통 방식을 바탕으로 고민, 연구한 끝에 개발된 저온 숙성 방식으로 생산되었어요. 전통의 맛을 전하기 위한 비법이 녹아든 만큼, 홍어 특유의 알싸함과 감칠맛을 더욱 진하게 느낄 수 있답니다. 오독오독 식감이 매력적인 날개와 도톰한 몸통을 한 데 담았으니 다채롭게 즐겨보세요.", "img3": "https://img-cf.kurly.com/shop/data/goodsview/20200401/gv40000088445_1.jpg", "option_name_list": [], "option_price_list": []},
{"img1": "https://img-cf.kurly.com/shop/data/goods/1585721485895y0.jpg", "name": "[Easy Cook] 오늘은 노르웨이 홍어회 (날개) 100g(냉장)", "summary": "혼자서도 부담없는 숙성 홍어회", "price": "6,900원", "discount_rate": 0, "unit": "1팩", "amount": "100g", "package": "냉장/종이포장", "made_in": "국산", "img2": "https://img-cf.kurly.com/shop/data/goodsview/20200401/gv00000088438_1.jpg", "description": "이번에 컬리가 준비한 홍어회는 노르웨이 현지에서 직접 질 좋은 홍어를 엄선해 수입한 뒤, 홍어로 유명한 나주 영산포 지역에서 숙성을 거쳤어요. 2차에 걸친 자체 저온 숙성 방식으로 삭혀내어, 그 알싸한 풍미가 남다르답니다. 게다가 1인이 먹기 좋은 양으로 소포장되어 홍어가 끌리는 날 간편히 즐길 수 있어요. 톡 쏘는 향의 홍어회를 있는 그대로 드시거나, 양념에 버무린 무침 등으로 취향껏 맛보세요.", "img3": "https://img-cf.kurly.com/shop/data/goodsview/20200401/gv00000088441_1.jpg", "option_name_list": [], "option_price_list": []},
{"img1": "https://img-cf.kurly.com/shop/data/goods/1585717832411y0.jpg", "name": "[마켓베라즈] 손질 도다리 600g(냉장)", "summary": "간편하게 요리하는 손질 도다리", "price": "12,900원", "discount_rate": 0, "unit": "1팩", "amount": "600g", "package": "냉장/종이포장", "made_in": "국산", "img2": "https://img-cf.kurly.com/shop/data/goodsview/20200401/gv00000088381_1.jpg", "description": "도다리는 보드라운 식감과 씹을수록 고소한 맛이 매력적인 생선이지요. 간단한 구이부터 짭짤한 조림까지, 어떤 방법으로 즐겨도 손색이 없는데요. 도다리를 손쉽게 요리할 수 있도록, 꼼꼼하게 손질한 도다리를 가지고 왔어요. 도다리의 비늘, 내장, 지느러미를 꼼꼼하게 제거한 뒤 깨끗하게 세척해주었고요. 먹기 좋은 크기로 잘라 600g씩 한 팩에 담아 포장한 상품이랍니다. 별다른 손질할 필요 없이 흐르는 물에 가볍게 씻어 다양한 요리에 두루 활용해 보세요.", "img3": "https://img-cf.kurly.com/shop/data/goodsview/20200401/gv00000088385_1.jpg", "option_name_list": [], "option_price_list": []},
{"img1": "https://img-cf.kurly.com/shop/data/goods/1585040612247y0.jpg", "name": "[은하수산] 도다리 세꼬시 150g", "summary": "뼈째 즐기는 도다리", "price": "10,400원", "discount_rate": "20%", "unit": "1팩", "amount": "150g", "package": "냉장/종이포장", "made_in": "", "img2": "https://img-cf.kurly.com/shop/data/goodsview/20200324/gv30000086968_1.jpg", "description": "단백질을 다량 함유하고 있는 고급 횟감 도다리는 쫄깃쫄깃한 식감과 담백한 맛이 으뜸인 생선인데요. 주로 도다리로 쑥국, 미역국을 끓여 먹지만 세꼬시로 그대로 즐겨도 그 맛이 일품이에요. 거칠지 않게 부드럽게 씹히는 뼈와 살의 찰진 맛이 고소하기가 이를 데 없지요. 싱싱한 상태의 활어를 깨끗하게 손질 후, 냉장 저온 숙성하여 감칠맛과 풍미를 더했어요. 다양한 양념장을 함께 담았으니, 취향껏 양념을 곁들여 즐겨보세요. 도다리 세꼬시가 전하는 풍부한 식감에 금세 매료될 거예요. ", "img3": "https://img-cf.kurly.com/shop/data/goodsview/20200324/gv40000086979_1.jpg", "option_name_list": [], "option_price_list": []},
{"img1": "https://img-cf.kurly.com/shop/data/goods/158503840046y0.jpg", "name": "[은하수산] 보리 숭어회 150g", "summary": "고소하면서도 녹진한 맛", "price": "9,000원", "discount_rate": "10%", "unit": "1팩", "amount": "150g", "package": "냉장/종이포장", "made_in": "국산", "img2": "https://img-cf.kurly.com/shop/data/goodsview/20200324/gv20000086934_1.jpg", "description": "보리가 싹트는 봄이 되면, 살이 실하고 육질이 쫄깃쫄깃한 숭어가 제철을 맞이합니다. 이때 잡히는 맛 좋은 숭어를 '보리 숭어'라고 부르지요. 컬리는 이맘때에만 맛볼 수 있는 부드럽고 기름진 보리 숭어회를 야심 차게 선보입니다. 싱싱한 활어를 바로 손질한 후, 냉장 저온 숙성해 감칠맛과 풍미를 더했지요. 다양한 양념장을 함께 담았으니 귀찮은 준비가 필요 없답니다. 그저 식탁에 둘러앉아, 선홍빛 숭어가 품은 녹진한 맛을 오롯이 느껴보세요.", "img3": "https://img-cf.kurly.com/shop/data/goodsview/20200324/gv10000086940_1.jpg", "option_name_list": [], "option_price_list": []},
{"img1": "https://img-cf.kurly.com/shop/data/goods/1584949059527y0.jpg", "name": "[어부네] 참가자미 2종(냉동)", "summary": "도톰한 살집이 붙은 가자미", "price": "9,900원", "discount_rate": "10%", "unit": "1팩", "amount": "옵션별 상이", "package": "냉동/종이포장", "made_in": "국산", "img2": "https://img-cf.kurly.com/shop/data/goodsview/20200323/gv40000086686_1.jpg", "description": "가자미는 중심 부분에 살이 도도록하게 붙은 것이 특징이에요. 덕분에 납작한 형태에도 불구하고 제법 도톰한 살점을 떼어먹을 수 있죠. 담백한 가자미를 간편히 조리하기 쉽게 손질한 제품을 만나보세요. 비늘과 내장, 머리를 떼어내고 -60℃에서 급랭해 본연의 맛을 지켰어요. 다른 가자미에 비해 특유의 향이 옅은 참가자미만 선별했기에 양념이 강하지 않은 요리에도 꼭 어울리지요. 도다리보다 살이 조금 더 단단하니 구이나 조림으로 즐기기에 특히 좋을 거예요. ", "img3": "https://img-cf.kurly.com/shop/data/goodsview/20200323/gv40000086691_1.jpg", "option_name_list": ["[어부네] 참가자미소 200~300", "[어부네] 참가자미대 300~400"], "option_price_list": ["11,000원", "15,900원"]},
{"img1": "https://img-cf.kurly.com/shop/data/goods/1584958915411y0.jpg", "name": "[어부네] 도다리 2종(냉동)", "summary": "도다리가 전하는 부드러운 담백함", "price": "8,550원", "discount_rate": "10%", "unit": "1팩", "amount": "옵션별 상이", "package": "냉동/종이포장", "made_in": "국산", "img2": "https://img-cf.kurly.com/shop/data/goodsview/20200323/gv20000086723_1.jpg", "description": "보드라운 살이 결결이 풀어지는 식감과 담백한 맛. 도다리가 살이 오르는 시기를 손꼽아 기다리게 만드는 이유입니다. 비늘과 내장 손질을 끝내 손쉽게 조리할 수 있는 도다리를 만나보세요. 세척을 꼼꼼히 마친 뒤 -60℃에서 급랭했기에 본연의 맛과 식감을 보존하고 있답니다. 향이 진한 쑥이나 냉이를 넣어 국을 끓이거나 가볍게 소금 간을 해서 구워보세요. 부담 없이 술술 넘어가는 맛을 제대로 느낄 수 있을 거예요. ", "img3": "https://img-cf.kurly.com/shop/data/goodsview/20200323/gv00000086737_1.jpg", "option_name_list": ["[어부네] 통 도다리 300~400g", "[어부네] 손질 도다리 400~500g"], "option_price_list": ["9,500원", "9,500원"]},
{"img1": "https://img-cf.kurly.com/shop/data/goods/1584951649915y0.jpg", "name": "[심플리웨스트코스트] 자연산 은대구 스테이크 포션", "summary": "고소함이 돋보이는 흰 살 생선", "price": "18,810원", "discount_rate": "5%", "unit": "1봉", "amount": "200g", "package": "냉동/종이포장", "made_in": "", "img2": "https://img-cf.kurly.com/shop/data/goodsview/20200323/gv40000086692_1.jpg", "description": "은대구는 버터를 녹인 듯 고소한 맛을 머금고 있어 고급 식재료로 손꼽혀요. 익히면 포슬포슬해지는 보통의 흰 살 생선과는 달리 은대구는 오래 익혀도 퍽퍽하지 않고 쫄깃한 식감을 자랑하지요. 특히 지금 소개하는 스테이크 포션은 북태평양에서 어획한 자연산 은대구로 만들었기에 더욱 맛이 좋아요. 비늘과 큰 뼈를 제거하고 필렛 형태로 토막 냈기에 별다른 손질이 필요 없는 점도 마음에 들어요. 녹인 버터를 끼얹어가며 구우면 스테이크로, 겉면에 칼집을 살짝 낸 뒤 된장을 얇게 발라 구우면 밥반찬으로 즐길 수 있을 거예요. ", "img3": "https://img-cf.kurly.com/shop/data/goodsview/20200327/gv30000087736_1.jpg", "option_name_list": [], "option_price_list": []},
{"img1": "https://img-cf.kurly.com/shop/data/goods/1584496590282y0.jpg", "name": "[법성포참맛] 더 커진 프리미엄 영광굴비 110g(냉동)", "summary": "넉넉한 살점에 배인 뽀얀 감칠맛", "price": "12,000원", "discount_rate": "20%", "unit": "1박스", "amount": "110g 내외 X 1마리", "package": "냉동/종이포장", "made_in": "국산", "img2": "https://img-cf.kurly.com/shop/data/goodsview/20200318/gv20000085944_1.jpg", "description": "영광 법성포의 바닷속에서는 지방질이 풍부하고, 살이 꽉 들어찬 참조기들이 떼를 지어 지나갑니다. 산란기에 맞춰 어획한 참조기에 법성포만의 전통 섭간을 더하면 영광굴비가 탄생하게 되지요. 법성포참맛은 그 영광굴비의 참맛을 제대로 전합니다. 2~3년간 간수를 뺀 천일염으로 맛을 돋우고, 영광 앞바다에서 불어오는 바람으로 굴비를 촉촉하고 꼬들꼬들하게 잘 말렸어요. 큼직한 크기의 조기만을 엄선해 제조했기에, 통통하게 차오른 살점과 짭조름한 풍미를 마음껏 누릴 수 있지요. 노릇하게 구운 뒤 따뜻한 밥 한 숟갈 위에 올려 생선구이 밥상을 즐겨보세요. ", "img3": "https://img-cf.kurly.com/shop/data/goodsview/20200318/gv30000085946_1.jpg", "option_name_list": [], "option_price_list": []},
{"img1": "https://img-cf.kurly.com/shop/data/goods/1584509053491y0.jpg", "name": "[마켓베라즈] 절단 코다리 450g(냉동)", "summary": "깔끔하게 손질한 쫀득한 코다리", "price": "3,800원", "discount_rate": 0, "unit": "1봉", "amount": "450g", "package": "냉동/종이포장", "made_in": "러시아산", "img2": "https://img-cf.kurly.com/shop/data/goodsview/20200318/gv10000086052_1.jpg", "description": "명태를 찬 바람에 쫀쫀하게 반건조시킨 코다리는 쫄깃하고 탱탱한 식감과 특유의 고소한 향이 일품이지요. 어떻게 즐겨도 맛있기에 반찬부터 찜과 조림, 국이나 탕 요리까지 활용도가 무척 넓은 찬 거리인데요. 컬리는 차가운 러시아 바다에서 어획한 명태를 꼼꼼하게 손질한 후 건조시킨 코다리를 먹기 좋게 절단한 제품을 선보여요. 양념장과 함께 자작하게 졸여내면 밥도둑 코다리 조림이 되고, 무를 납작하게 썰어 넣고 맑게 끓여내면 코다리 국이 완성된답니다. 번거롭게 손질할 필요 없이 흐르는 물에 살짝 씻어 요리에 간편하게 더해보세요.", "img3": "https://img-cf.kurly.com/shop/data/goodsview/20200318/gv20000086056_1.jpg", "option_name_list": [], "option_price_list": []},
{"img1": "https://img-cf.kurly.com/shop/data/goods/155410403186y0.jpg", "name": "[Sea to Table] 물회", "summary": "물회로 맛보는 광어, 도다리, 참돔", "price": "12,500원", "discount_rate": 0, "unit": "1통", "amount": "355g 내외", "package": "냉장/종이포장", "made_in": "국내산", "img2": "https://img-cf.kurly.com/shop/data/goodsview/20190401/gv10000046349_1.jpg", "description": "시간을 들여 산지에 가지 않아도, 집에서도 충분히 신선한 회를 즐길 수 있어요. 컬리는 언제 어디서나 간편하고, 맛있게 먹을 수 있는 물회를 준비했어요. 횟감으로 인기가 높은 광어와 도다리, 참돔을 비롯해 깨끗하게 손질한 채소, 달큼한 물회 소스를 한 사람이 먹기 좋은 양으로 구성했답니다. 얇게 썬 광어와 도다리, 참돔은 개별 트레이에 담아 섞일 염려가 없고, 산소를 주입해 선도를 오랫동안 유지하는 MAP 포장 방식을 적용했어요. 무채, 오이, 미나리, 쪽파 등으로 구성한 채소와 물회 소스 역시 별도로 포장되어 있지요. 원형 용기를 그릇 대신 활용할 수 있어 야외에서도 먹기 편리하답니다. 뭐니 뭐니 해도 물회는 소스가 녹아든 국물에 말아 먹는 것이 제맛이니 얼음을 넣어 시원하게 즐겨보세요. ", "img3": "https://img-cf.kurly.com/shop/data/goodsview/20190401/gv40000046377_1.jpg", "option_name_list": [], "option_price_list": []},
{"img1": "https://img-cf.kurly.com/shop/data/goods/1584059277173y0.jpg", "name": "[양포어장] 생물아귀 1마리(생물)", "summary": "뽀득한 살을 즐기는 간편한 방법", "price": "12,675원", "discount_rate": "25%", "unit": "1팩", "amount": "1000g", "package": "냉장/종이포장", "made_in": "", "img2": "https://img-cf.kurly.com/shop/data/goodsview/20200313/gv10000085392_1.jpg", "description": "오동통한 속살에 쫀득함을 품은 아귀, 이젠 원하는대로 손쉽게 요리해 보세요. 양포어장은 신선한 아귀 한 마리를 통째로 썰어 담은 생물아귀 제품을 선보입니다. 산지에서 경매를 마친 아귀를 깔끔하게 세척한 후, 요리하기 좋은 크기로 토막냈어요. 번거로운 과정은 모두 없앴을 뿐더러, 생물 특유의 신선한 풍미와 탄력 있는 식감까지 즐길 수 있죠요. 1kg의 넉넉한 양으로 보내드리니, 바로 꺼내 조리해 보세요. 아삭한 채소와 함께 즐기는 아귀찜부터 속 풀리는 매운탕까지, 다양한 별미 요리를 펼칠 수 있을 거예요.", "img3": "https://img-cf.kurly.com/shop/data/goodsview/20200313/gv10000085398_1.jpg", "option_name_list": [], "option_price_list": []}