{"img1": "https://img-cf.kurly.com/shop/data/goods/1585717479447y0.jpg", "name": "[마켓베라즈] 광어 서더리 미역국 528g(냉장)", "summary": "색다르게 즐기는 서더리 미역국", "price": "9,900원", "discount_rate": 0, "unit": "1팩", "amount": "528g", "package": "냉장/종이포장", "made_in": "", "img2": "https://img-cf.kurly.com/shop/data/goodsview/20200401/gv10000088374_1.jpg", "description": "서더리는 회를 뜨고 생선의 살을 발라낸 나머지를 말하는데요. 뼈에서 우러나오는 구수하고도 개운한 국물 맛이 좋아 주로 매운탕을 끓여 먹곤 하지요. 서더리를 좀 더 색다르게 즐길 수 있도록, 광어 서더리 미역국 밀키트를 준비했어요. 깔끔하게 손질한 광어 서더리와 미역국에 필요한 재료들을 함께 꾸려 넣은 제품이랍니다. 따로 손질할 필요 없이, 재료를 차례대로 넣어 시원한 미역국을 완성해 보세요. 뼈에 붙어 있는 쫄깃한 살을 발라 먹는 재미도 있을 거예요.", "img3": "https://img-cf.kurly.com/shop/data/goodsview/20200401/gv20000088378_1.jpg", "option_name_list": [], "option_price_list": []},
{"img1": "https://img-cf.kurly.com/shop/data/goods/1585724453658y0.jpg", "name": "[한팟] 해물탕 850g(냉장)", "summary": "넉넉하게 즐기는 간편 해물탕 키트", "price": "9,900원", "discount_rate": 0, "unit": "1팩", "amount": "850g", "package": "냉장/종이포장", "made_in": "", "img2": "https://img-cf.kurly.com/shop/data/goodsview/20200401/gv10000088464_1.jpg", "description": "가족이나 지인들과 둘러앉아 한 그릇씩 떠먹을 시원한 탕 요리를 찾는다면 한팟의 해물탕은 어떨까요. 냄비에 해산물을 한가득 담아 팔팔 끓여낸 해물탕과 함께라면 가볍게 술 한잔 곁들이기도 좋지요. 재료를 구입하고 손질하는 데 아까운 시간을 투자할 필요가 없도록 미리 손질한 재료를 담은 키트를 준비했어요. 건새우와 콩나물, 무를 담아 얼큰한 국물맛이 한층 더 시원하게 느껴지는데요. 홍합과 백합, 문어와 새우 등 해산물을 풍성하게 담아냈기에 건져 먹는 재미도 쏠쏠하답니다. 한팟의 해물탕 키트로 빠르고 간편하게 칼칼한 해물탕을 끓여내 보세요.", "img3": "https://img-cf.kurly.com/shop/data/goodsview/20200401/gv10000088470_1.jpg", "option_name_list": [], "option_price_list": []},
{"img1": "https://img-cf.kurly.com/shop/data/goods/1585724626526y0.jpg", "name": "[한팟] 속이시원한 동태탕 945g(냉장)", "summary": "푸짐하게 끓여내는 얼큰한 동태탕", "price": "9,900원", "discount_rate": 0, "unit": "1팩", "amount": "945g", "package": "냉장/종이포장", "made_in": "", "img2": "https://img-cf.kurly.com/shop/data/goodsview/20200401/gv40000088471_1.jpg", "description": "다양한 종류의 매운탕 중에서도 동태탕의 매력을 꼽으라면, 시원한 국물이 촉촉하게 스며든 명태살과 곤이의 부드러운 식감이겠지요. 여러 사람과 함께 즐길 얼큰한 탕 요리를 찾고 있다면 한팟의 속이 시원하게 풀리는 동태탕을 추천할게요. 살이 통통하게 차오른 러시아산 동태 한 마리와 겉은 탱글탱글하고 속은 보드라운 대구곤이, 백합과 건새우까지 담았어요. 국물 맛을 한층 풍부하게 끌어내 줄 콩나물과 무 등 채소도 다채롭게 구성했지요. 별다른 준비 없이 이미 손질된 재료들을 물에 살살 풀어주기만 하면 금세 바다의 깊은 풍미를 식탁 위에 올릴 수 있답니다.", "img3": "https://img-cf.kurly.com/shop/data/goodsview/20200401/gv10000088475_1.jpg", "option_name_list": [], "option_price_list": []},
{"img1": "https://img-cf.kurly.com/shop/data/goods/1585286774208y0.jpg", "name": "[인네이처] 속풀이 해장국 3종", "summary": "손쉽게 준비하는 개운한 국물 요리", "price": "4,100원", "discount_rate": 0, "unit": "1팩", "amount": "70g내외/80g내외", "package": "냉장/종이포장", "made_in": "", "img2": "https://img-cf.kurly.com/shop/data/goodsview/20200327/gv40000087659_1.jpg", "description": "지친 속을 풀어주는데 시원한 국물이 제격이지만, 필요한 재료들을 일일이 준비하는 일은 꽤 번거롭지요. 모든 재료가 한 팩에 들어있는 속풀이 해장국 3종으로 국물 요리를 손쉽게 완성해 보세요. 기본 간을 맞춰 줄 다시팩과 스프는 물론이고요. 깊은 맛을 책임질 말린 명태, 바지락 그리고 새우까지 각각 넣어 포장했답니다. 동봉된 재료들을 냄비에 넣고 한소끔 끓여, 개운한 국물을 간편하게 즐겨 보세요.", "img3": "https://img-cf.kurly.com/shop/data/goodsview/20200327/gv40000087665_1.jpg", "option_name_list": ["[인네이처] 속풀이 해장국 쫄명태살", "[인네이처] 속풀이 해장국 쫄바지락", "[인네이처] 속풀이 해장국 쫄알새우"], "option_price_list": ["4,100원", "4,100원", "4,100원"]},
{"img1": "https://img-cf.kurly.com/shop/data/goods/1585204128453y0.jpg", "name": "[SAMSAM HEAYO] 미나리 오징어전 365g(냉장)", "summary": "식탁이 풍성해지는 간편메뉴", "price": "13,300원", "discount_rate": 0, "unit": "1팩", "amount": "365g", "package": "냉장/종이포장", "made_in": "", "img2": "https://img-cf.kurly.com/shop/data/goodsview/20200326/gv40000087455_1.jpg", "description": "준비 과정이 꽤 번거로운 메뉴로 '전'을 꼽을 수 있어요. 특히 식감과 맛을 생각한다면, 더더욱 많은 재료가 필요하니까요. 컬리는 이런 부담을 덜어드리고자 부침개 간편 키트를 준비했어요. 말끔히 손질된 쫄깃한 오징어와 국내산 미나리, 양파, 홍고추를 먹기 좋게 각각 담았답니다. 동봉된 부침개 파우더에 물을 넣고, 이미 손질된 재료들을 함께 섞어 부쳐내기만 하면 돼요. 고소하게 씹히는 오징어와, 미나리의 향긋함을 가득 품은 바삭한 부침개가 손쉽게 완성될 거예요.", "img3": "https://img-cf.kurly.com/shop/data/goodsview/20200326/gv00000087462_1.jpg", "option_name_list": [], "option_price_list": []},
{"img1": "https://img-cf.kurly.com/shop/data/goods/1585207232688y0.jpg", "name": "[SAMSAM HEAYO] 냉이 바지락 된장찌개 588g(냉장)", "summary": "산과 바다의 향을 담은", "price": "13,200원", "discount_rate": 0, "unit": "1팩", "amount": "588g", "package": "냉장/종이포장", "made_in": "", "img2": "https://img-cf.kurly.com/shop/data/goodsview/20200326/gv40000087491_1.jpg", "description": "향긋한 냉이와 통통하게 살이 오른 바지락이 만났습니다. 바로, 산과 바다의 생기를 모두 품은 냉이 바지락 된장찌개예요. 가장 신선하고 간편하게 맛볼 수 있도록, 필요한 모든 재료들을 개별 포장했어요. 덕분에 따로 재료를 구매하거나 손질할 필요 없이 푸짐한 된장찌개를 조리할 수 있답니다. 깨끗한 국내산 재료들을 골라 담았기에, 더욱 맛있고 개운하게 즐길 수 있을 거예요. 편리하면서도 입맛을 사로잡는 알찬 된장찌개 밀키트를 만나보세요.", "img3": "https://img-cf.kurly.com/shop/data/goodsview/20200326/gv10000087497_1.jpg", "option_name_list": [], "option_price_list": []},
{"img1": "https://img-cf.kurly.com/shop/data/goods/1585124447755y0.jpg", "name": "[SAMSAM HEAYO] 미나리 새우전 425g(냉장)", "summary": "생기가 느껴지는 다채로운 식감", "price": "13,700원", "discount_rate": 0, "unit": "1팩", "amount": "425g", "package": "냉장/종이포장", "made_in": "", "img2": "https://img-cf.kurly.com/shop/data/goodsview/20200325/gv00000087220_1.jpg", "description": "준비 과정이 꽤 번거로운 메뉴로 '전'을 꼽을 수 있어요. 특히 식감과 맛을 생각한다면, 더더욱 많은 재료가 필요하니까요. 컬리는 이런 부담을 덜어드리고자 부침개 간편 키트를 준비했어요. 말끔히 손질된 통통한 새우살과 국내산 미나리, 양파, 홍고추를 먹기 좋게 각각 담았답니다. 동봉된 부침개 파우더에 물을 넣고, 이미 손질된 재료들을 함께 섞어 부쳐내기만 하면 돼요. 톡톡 터지는 고소한 새우살과, 미나리의 향긋함을 가득 품은 바삭한 부침개가 손쉽게 완성될 거예요.", "img3": "https://img-cf.kurly.com/shop/data/goodsview/20200325/gv40000087230_1.jpg", "option_name_list": [], "option_price_list": []},
{"img1": "https://img-cf.kurly.com/shop/data/goods/1585127533608y0.jpg", "name": "[SAMSAM HEAYO] 미나리 오징어 초무침 209.5g(냉장)", "summary": "입맛을 돋우는 싱그러움", "price": "11,500원", "discount_rate": 0, "unit": "1팩", "amount": "209.5g", "package": "냉장/종이포장", "made_in": "", "img2": "https://img-cf.kurly.com/shop/data/goodsview/20200325/gv30000087250_1.jpg", "description": "갖가지 채소들을 매콤새콤한 양념에 버무려 먹는 초무침은 사라진 입맛을 되살려주는 별미이지요. 식탁을 향긋하게 만드는 미나리와, 신선한 오징어를 품은 특별한 초무침을 소개합니다. 통통하고 부드러운 자숙 오징어와 국내산 미나리, 양파, 청양고추를 깨끗이 손질해 각각 담아 보내드려요. 재료 준비, 가열 조리할 필요 없이 그저 동봉된 양념장과 섞어 맛있게 무쳐보세요. 아삭거리는 식감과 매콤새콤한 맛을 뽐내는 싱그러운 한 접시가 완성될 거예요. ", "img3": "https://img-cf.kurly.com/shop/data/goodsview/20200325/gv10000087256_1.jpg", "option_name_list": [], "option_price_list": []},
{"img1": "https://img-cf.kurly.com/shop/data/goods/1585120437283y0.jpg", "name": "[SAMSAM HEAYO] 미나리 문어 초무침 234.5g(냉장)", "summary": "미나리와 문어의 매콤새콤한 만남", "price": "12,500원", "discount_rate": 0, "unit": "1팩", "amount": "234.5g", "package": "냉장/종이포장", "made_in": "", "img2": "https://img-cf.kurly.com/shop/data/goodsview/20200325/gv00000087190_1.jpg", "description": "갖가지 채소들을 매콤새콤한 양념에 버무려 먹는 초무침은 사라진 입맛을 되살려주는 별미이지요. 식탁을 향긋하게 만드는 미나리와, 신선한 문어를 품은 특별한 초무침을 소개합니다. 통통하고 쫄깃한 자숙 문어와 국내산 미나리, 양파, 청양고추를 깨끗이 손질해 각각 담아 보내드려요. 재료 준비, 가열 조리할 필요 없이 그저 동봉된 양념장과 섞어 맛있게 무쳐보세요. 아삭거리는 식감과 매콤새콤한 맛을 뽐내는 싱그러운 한 접시가 완성될 거예요. ", "img3": "https://img-cf.kurly.com/shop/data/goodsview/20200325/gv00000087261_1.jpg", "option_name_list": [], "option_price_list": []},
{"img1": "https://img-cf.kurly.com/shop/data/goods/1584943922213y0.jpg", "name": "[장담그는청년들] 복분자 양념게장 500g(냉동)", "summary": "특제 복분자 양념 소스의 매콤달콤함", "price": "21,000원", "discount_rate": 0, "unit": "1팩", "amount": "500g", "package": "냉동/종이포장", "made_in": "", "img2": "https://img-cf.kurly.com/shop/data/goodsview/20200323/gv10000086657_1.jpg", "description": "맛있는 양념 게장을 고를 때, 꽃게의 알과 살이 얼마나 꽉 들어찼는지 살펴보는 것만큼이나 중요한 것이 바로 '장맛'입니다. '장 담그는 청년들'은 어머니께 전수받은 전통 방식을 바탕으로, 2대에 걸쳐 개발해낸 레시피로 담근 양념 게장을 선보입니다. 양념 소스에 복분자를 더해 적당히 달콤하면서도 한층 풍성해진 향미가 일품이랍니다. 번거로운 꽃게 손질 과정까지 미리 완료하여 보내드리기에, 게 위에 소스를 부어 야무지게 버무려주기만 하면 완성이죠. 몽글몽글한 감촉의 게살과 함께 어우러지는 매콤달콤한 특제 소스의 감칠맛을 즐겨보세요.", "img3": "https://img-cf.kurly.com/shop/data/goodsview/20200323/gv20000086663_1.jpg", "option_name_list": [], "option_price_list": []},
{"img1": "https://img-cf.kurly.com/shop/data/goods/1584943646278y0.jpg", "name": "[장담그는청년들] 맑은 간장 게장 400g(냉동)", "summary": "특제 복분자 소스에 재운 간장 게장", "price": "22,000원", "discount_rate": 0, "unit": "1팩", "amount": "400g", "package": "냉동/종이포장", "made_in": "", "img2": "https://img-cf.kurly.com/shop/data/goodsview/20200323/gv00000086650_1.jpg", "description": null, "img3": "https://img-cf.kurly.com/shop/data/goodsview/20200323/gv30000086656_1.jpg", "option_name_list": [], "option_price_list": []},
{"img1": "https://img-cf.kurly.com/shop/data/goods/1584595897158y0.jpg", "name": "[삼삼물산] 양념 꼬막 무침 180g(냉장)", "summary": "감칠맛 가득한 만능 밥반찬", "price": "8,700원", "discount_rate": 0, "unit": "1통", "amount": "180g", "package": "냉장/종이포장", "made_in": "", "img2": "https://img-cf.kurly.com/shop/data/goodsview/20200319/gv10000086221_1.jpg", "description": "간간하고 감칠맛 가득한 꼬막을 한 번 맛보려면 껍질 표면의 진흙을 씻어내고, 물에 데치고, 앙다문 입을 벌려 꺼내는 일까지 여간 손이 많이 가는 게 아니에요. 삼삼물산은 오동통한 국내산 꼬막을 깔끔하게 손질한 후, 매콤한 양념에 무쳐 아낌없이 담아냈습니다. 촉촉하고 탱글탱글한 꼬막살을 입에 넣으면 안에 가득 담긴 짭조름한 육즙이 터져 나오는데요. 고추와 파 등 여러가지 야채로 맛을 낸 매콤한 양념장과 환상의 조화를 이룬답니다. 그릇에 흰 밥과 함께 양념 꼬막 무침을 담고 참기름을 슥 둘러 야무지게 비벼 먹으면 없던 입맛도 다시 살아날 거예요.", "img3": "https://img-cf.kurly.com/shop/data/goodsview/20200319/gv10000086225_1.jpg", "option_name_list": [], "option_price_list": []},
{"img1": "https://img-cf.kurly.com/shop/data/goods/1584596391510y0.jpg", "name": "[삼삼물산] 양념 해삼 무침 180g(냉장)", "summary": "매콤하게 즐기는 꼬들꼬들한 해삼 무침", "price": "13,900원", "discount_rate": 0, "unit": "1통", "amount": "180g", "package": "냉장/종이포장", "made_in": "", "img2": "https://img-cf.kurly.com/shop/data/goodsview/20200319/gv20000086239_1.jpg", "description": "해산물 전문점에 가거나 직접 요리하지 않으면 만나보기 힘든 해삼무침을 컬리에서 만나보세요. 오돌오돌 씹히는 식감이 일품인 해삼을 염장하지 않고 양념에 무친 드문 제품이에요. 젓갈의 짠 맛이 부담스러웠거나 해삼을 좀 더 신선하게 즐기고 싶은 분들께 딱 알맞겠지요. 무, 고추 등 야채와 함께 매콤새콤한 양념장에 갓 버무린 해삼은 초장에 찍어 먹는 회나 발효음식 특유의 감칠맛이 도는 젓갈과는 또 다른 매력으로 즐길 수 있는데요. 밥반찬 뿐만 아니라 술안주로도 좋고 소면을 넣어 비빔면으로 만들어 먹어도 좋을 거예요.", "img3": "https://img-cf.kurly.com/shop/data/goodsview/20200319/gv10000086243_1.jpg", "option_name_list": [], "option_price_list": []},
{"img1": "https://img-cf.kurly.com/shop/data/goods/1584509478594y0.jpg", "name": "[마켓베라즈] 생우럭 매운탕 715g(냉장)", "summary": "칼칼하고 개운한 국물", "price": "14,155원", "discount_rate": "5%", "unit": "1팩", "amount": "715g", "package": "냉장/종이포장", "made_in": "", "img2": "https://img-cf.kurly.com/shop/data/goodsview/20200318/gv30000086057_1.jpg", "description": "쫄깃하고 찰진 식감과 담백한 맛이 매력적인 우럭. 신선한 우럭은 씹을수록 단맛까지 느껴지기도 하는데요. 생우럭의 부드럽고 담백한 살을 칼칼하고도 시원한 국물과 함께 즐길 수 있는 매운탕 밀키트를 소개할게요. 깨끗하게 손질한 생우럭 두 마리를 머리부터 꼬리까지 넣고, 갖은 채소와 함께 감칠맛 가득한 양념장 소스까지 모두 챙긴 제품이랍니다. 물과 냄비만 있으면 얼큰하고 개운한 생우럭 매운탕이 뚝딱 완성된답니다. 취향에 따라 쑥갓이나 팽이버섯 등 채소를 추가해도 좋아요.", "img3": "https://img-cf.kurly.com/shop/data/goodsview/20200318/gv20000086062_1.jpg", "option_name_list": [], "option_price_list": []},
{"img1": "https://img-cf.kurly.com/shop/data/goods/1584339927730y0.jpg", "name": "[마켓베라즈] 생우럭 맑은탕 723g(냉장)", "summary": "단백하고 든든한 국물", "price": "14,900원", "discount_rate": 0, "unit": "1팩", "amount": "723g", "package": "냉장/종이포장", "made_in": "", "img2": "https://img-cf.kurly.com/shop/data/goodsview/20200316/gv30000085715_1.jpg", "description": "쫄깃하고 찰진 식감과 담백한 맛이 매력적인 우럭. 신선한 우럭은 씹을수록 단맛까지 느껴지기도 하는데요. 시원한 맛을 오롯이 즐길 수 있는 우럭 맑은탕을 간편하게 만들 수 있는 밀키트를 소개할게요. 세척하고 손질한 생우럭 두 마리를 머리부터 꼬리까지 넣고, 갖은 채소와 육수까지 모두 챙긴 제품이랍니다. 물과 냄비만 있으면 뜨끈하고 개운한 우럭 맑은탕이 뚝딱 완성된답니다. 취향에 따라 채소를 추가하거나 칼칼하게 청양고추를 올려도 좋아요. ", "img3": "https://img-cf.kurly.com/shop/data/goodsview/20200330/gv40000087810_1.jpg", "option_name_list": [], "option_price_list": []},
{"img1": "https://img-cf.kurly.com/shop/data/goods/1584339548697y0.jpg", "name": "[마켓베라즈] 참돔 매운탕 915g(냉장)", "summary": "귀한 생선을 즐기는 방법", "price": "21,900원", "discount_rate": 0, "unit": "1팩", "amount": "915g", "package": "냉장/종이포장", "made_in": "", "img2": "https://img-cf.kurly.com/shop/data/goodsview/20200316/gv30000085703_1.jpg", "description": "색채가 아름답고 그 모양새도 예뻐서 바다의 여왕이라는 별칭까지 지닌 참돔. 겨울부터 봄까지 제철을 맞는 참돔은 생김새만큼이나 맛도 좋아서 고급 요리 재료로 사랑을 받죠. 컬리는 귀한 참돔을 매운탕으로 즐길 수 있도록 밀키트를 준비했어요. 미리 손질과 세척을 거친 두툼하고 큼지막한 크기의 참돔에 채소와 매운탕 양념을 챙겨 넣었죠. 물과 냄비만 있으면 맛깔나는 참돔 매운탕이 금세 완성된답니다. 아주 특별한 탕으로 호화로운 한 끼를 완성해 보세요.", "img3": "https://img-cf.kurly.com/shop/data/goodsview/20200330/gv20000087807_1.jpg", "option_name_list": [], "option_price_list": []}