{"img1": "https://img-cf.kurly.com/shop/data/goods/1585552690344y0.jpg", "name": "[은하수산] 국산 대왕흰다리 손질새우 300g(냉동)", "summary": "요리에 간편하게 더하는 대왕 새우", "price": "13,500원", "discount_rate": "10%", "unit": "1팩", "amount": "300g(20-23마리)", "package": "냉동/종이포장", "made_in": "국산", "img2": "https://img-cf.kurly.com/shop/data/goodsview/20200330/gv40000087978_1.jpg", "description": "한눈에 보기에도 큼지막한 크기를 자랑하는 대왕흰다리 새우를 만나보세요. 대왕이라고 부르기에 부족함이 없는 크나큰 대왕 흰다리 새우를 요리에 더하면 먹음직스러운 자태가 남다를 수밖에 없답니다. 뽀얀 속살을 집어 한입 맛보면, 탱글탱글하고 말캉한 식감이 입안 가득 넘치고 바다의 감칠맛과 달큰한 맛이 듬뿍 배어 나오지요. 이번에 준비한 대왕흰다리 새우는 국산이라 더욱 믿고 즐길 수 있을 거예요. 머리부터 껍질, 내장, 다리까지 깔끔하게 손질했으니, 재료 손질에 에너지 쏟을 필요 없이 멋진 요리를 완성하는 데만 집중해보세요.", "img3": "https://img-cf.kurly.com/shop/data/goodsview/20200330/gv30000087984_1.jpg", "option_name_list": [], "option_price_list": []},
{"img1": "https://img-cf.kurly.com/shop/data/goods/158511658044y0.jpg", "name": "[윤슬] 오만둥이 180g(냉장)", "summary": "쫀득쫀득 경쾌한 식감", "price": "3,900원", "discount_rate": 0, "unit": "1팩", "amount": "180g", "package": "냉장/종이포장", "made_in": "국산", "img2": "https://img-cf.kurly.com/shop/data/goodsview/20200325/gv40000087157_1.jpg", "description": "경상도 방언으로 '오만 데에(온갖 곳에) 다 붙어 있다'고 해서 오만둥이라는 이름이 붙었다는 일설이 있을 만큼, 오만둥이는 흔한 식재료예요. 미더덕의 대체품 정도로 인식되긴 하지만 사실 꼬득꼬득 씹히는 식감만큼은 뒤지지 않는답니다. 이로 깨물면 툭 터져 나오는 짭조름한 감칠맛도 별미죠. 콩나물을 듬뿍 넣은 해물찜이나 해물 된장찌개에 넣어 하나씩 찾아 먹는 맛도 각별합니다. 하나를 통째로 씹기가 부담스럽다면 오만둥이를 잘게 썰어 비빔밥이나 무침으로 만들어보세요. ", "img3": "https://img-cf.kurly.com/shop/data/goodsview/20200325/gv30000087167_1.jpg", "option_name_list": [], "option_price_list": []},
{"img1": "https://img-cf.kurly.com/shop/data/goods/1585114133480y0.jpg", "name": "[윤슬] 벌교 앞바다 새꼬막 900g(생물)", "summary": "쫄깃한 육질과 고소한 감칠맛", "price": "9,900원", "discount_rate": 0, "unit": "1팩", "amount": "900g", "package": "냉장/종이포장", "made_in": "국산", "img2": "https://img-cf.kurly.com/shop/data/goodsview/20200325/gv10000087128_1.jpg", "description": "자글자글 골이 진 껍데기 속에 살이 가득 들어찬 새꼬막은 바지락보다 조금 더 통통하고 고소한 맛으로 인기가 높아요. 주로 국물보다는 육질 자체의 감칠맛을 느끼는 요리에 많이 사용하는 편이지요. 오늘 상에는 쫄깃쫄깃한 본연의 맛을 잃지 않은 생물 새꼬막을 올려보면 어떨까요? 바락바락 씻어낸 뒤 반탈각하여 양념을 얹어도 좋고, 알맹이만 쏙 빼서 매콤 새콤하게 무쳐도 별미랍니다. 꼬막은 깻잎이나 미나리처럼 향이 강한 채소와도 잘 어울리니 산뜻한 메뉴가 필요할 때도 제격일 거예요. ", "img3": "https://img-cf.kurly.com/shop/data/goodsview/20200325/gv40000087137_1.jpg", "option_name_list": [], "option_price_list": []},
{"img1": "https://img-cf.kurly.com/shop/data/goods/158511137862y0.jpg", "name": "[윤슬] 자연산 남해안 바지락(대) 800g(생물)", "summary": "큼직하고 통통하게 여문 속살", "price": "9,200원", "discount_rate": 0, "unit": "1팩", "amount": "800g", "package": "냉장/종이포장", "made_in": "국산", "img2": "https://img-cf.kurly.com/shop/data/goodsview/20200325/gv10000087095_1.jpg", "description": "남해안 바지락을 제대로 즐겨본 적이 있나요? 바지락 특유의 졸깃졸깃한 식감과 짭조름한 감칠맛 사이로 제법 맑은 달큰함이 배어나는 것이 특징이랍니다. 별다른 양념 없이도 맛있게 먹을 수 있는 남해안 바지락을 생물로 준비했어요. 국에 넣거나 파스타를 만들 때 모양을 내기 좋도록 탈각을 하지 않았습니다. 서해안에서 나는 바지락에 비해 큼직한 편이라 살짝 데쳐서 한 점씩 집어먹는 맛도 각별해요. 바락바락 씻어서 다양한 요리에 활용해보세요. ", "img3": "https://img-cf.kurly.com/shop/data/goodsview/20200325/gv00000087101_1.jpg", "option_name_list": [], "option_price_list": []},
{"img1": "https://img-cf.kurly.com/shop/data/goods/1585104181769y0.jpg", "name": "[윤슬] 대구곤이 250g(냉장)", "summary": "말랑말랑 쫄깃한", "price": "4,600원", "discount_rate": 0, "unit": "1팩", "amount": "250g", "package": "냉장/종이포장", "made_in": "미국산", "img2": "https://img-cf.kurly.com/shop/data/goodsview/20200325/gv10000081049_1.jpg", "description": "곤이는 대구의 여러 부위 중에서도 별미로 손꼽히고 있어요. 처음엔 구불구불한 모양이 조금 생소할 수 있지만, 한번 맛을 보고 나면 고소한 맛과 더불어 말랑하면서도 쫄깃한 식감이 주는 매력에 빠지게 되지요. 맑은탕으로 끓이면 국물에 담백한 맛을 더하고, 얼큰 칼칼한 매운탕으로 끓여 내면 시원한 맛을 더해 주는 기특한 재료랍니다. 흐르는 물에 가볍게 씻어 조리하면, 신선한 곤이 본연의 맛을 느낄 수 있을 거예요.", "img3": "https://img-cf.kurly.com/shop/data/goodsview/20200325/gv20000087091_1.jpg", "option_name_list": [], "option_price_list": []},
{"img1": "https://img-cf.kurly.com/shop/data/goods/1585102688906y0.jpg", "name": "[윤슬] 명태알 250g(냉장)", "summary": "톡 터지는 부드러움", "price": "6,300원", "discount_rate": 0, "unit": "1팩", "amount": "250g", "package": "냉장/종이포장", "made_in": "미국산", "img2": "https://img-cf.kurly.com/shop/data/goodsview/20200325/gv10000087065_1.jpg", "description": "간편하게 즐길 수 있는 신선한 명태알을 만나 보세요. 간이 되어 있지 않은 제품으로 취향에 맞게 조리해 드실 수 있답니다. 잘 익혀 낸 명태알을 한입 베어 물면 겉껍질이 톡 터지면서 부드럽고 고소한 맛이 입안에 퍼질 거예요. 껍질을 제거하여 밀가루와 달걀을 함께 풀어 전으로 부치거나 파스타에 넣어 활용해도 별미이니, 다양한 요리에 활용해 보세요. ", "img3": "https://img-cf.kurly.com/shop/data/goodsview/20200325/gv00000087067_1.jpg", "option_name_list": [], "option_price_list": []},
{"img1": "https://img-cf.kurly.com/shop/data/goods/1585102820891y0.jpg", "name": "[윤슬] 논우렁살 180g(냉장)", "summary": "꼬들꼬들 쫄깃한", "price": "5,600원", "discount_rate": 0, "unit": "1팩", "amount": "180g", "package": "냉장/종이포장", "made_in": "국산", "img2": "https://img-cf.kurly.com/shop/data/goodsview/20200325/gv00000087070_1.jpg", "description": "우렁이는 된장과 궁합이 좋은 재료로 손꼽혀요. 무쳐서 면 요리와 함께 즐기거나 삶아서 그대로 초고추장에 찍어 먹어도 잘 어울리지요. 어디에나 활용하기 좋지만, 매번 우렁이를 손질하는 일은 부담스럽게 느껴지곤 해요. 윤슬의 논우렁살은 껍데기를 미리 벗기고 속살만을 모아 포장했어요. 언제든지 가볍게 씻어 조리해 주기만 하면 신선하고 쫄깃한 우렁이를 손쉽게 즐길 수 있답니다.", "img3": "https://img-cf.kurly.com/shop/data/goodsview/20200325/gv20000087072_1.jpg", "option_name_list": [], "option_price_list": []},
{"img1": "https://img-cf.kurly.com/shop/data/goods/1585103923731y0.jpg", "name": "[윤슬] 새우살 180g(냉장)", "summary": "아담한 크기의 손질 새우살", "price": "5,800원", "discount_rate": 0, "unit": "1팩", "amount": "180g", "package": "냉장/종이포장", "made_in": "중국산", "img2": "https://img-cf.kurly.com/shop/data/goodsview/20200325/gv00000087076_1.jpg", "description": "요리에 탱글한 씹는 맛과 감칠맛을 더하고 싶을 때, 새우만한 식재료가 없죠. 컬리는 간편하게 사용할 수 있는 손질 새우살을 준비했어요. 윤슬의 새우살은 위생적인 시설에서 생산되어 더욱 안심하고 드실 수 있어요. 손질할 필요없이 흐르는 물에 씻어서 바로 활용해보세요. 크기는 작지만 국이나 볶음밥에 한 주먹씩 넣어주면 제 몫을 톡톡히 해낼 거예요. ", "img3": "https://img-cf.kurly.com/shop/data/goodsview/20200325/gv20000087078_1.jpg", "option_name_list": [], "option_price_list": []},
{"img1": "https://img-cf.kurly.com/shop/data/goods/1585104035430y0.jpg", "name": "[윤슬] 꼬리새우살 180g(냉장)", "summary": "손질없이 즐기는 흰다리새우살", "price": "6,500원", "discount_rate": 0, "unit": "1팩", "amount": "180g", "package": "냉장/종이포장", "made_in": "배트남산", "img2": "https://img-cf.kurly.com/shop/data/goodsview/20200325/gv00000087082_1.jpg", "description": "흰다리새우는 적당한 크기와 탱글한 매력으로 다양한 요리에서 주조연으로 활약하는 식재료죠. 윤슬의 꼬리새우살은 베트남산 흰다리새우를 위생적인 시설에서 포장해내어 안심하고 드실 수 있어요. 따로 손질할 필요없이 흐르는 물에 살짝 씻은 후 바로 요리에 활용해보세요. 파스타, 감바스는 물론이고 다양한 해물요리에까지 탱탱한 식감과 감칠맛을 간편하게 느낄 수 있을 거예요.", "img3": "https://img-cf.kurly.com/shop/data/goodsview/20200325/gv10000087084_1.jpg", "option_name_list": [], "option_price_list": []},
{"img1": "https://img-cf.kurly.com/shop/data/goods/1585100966419y0.jpg", "name": "[윤슬] 바지락살 180g(생물)", "summary": "두루 사용하기 좋은 뽀얀 감칠맛", "price": "8,300원", "discount_rate": 0, "unit": "1팩", "amount": "180g", "package": "냉장/종이포장", "made_in": "국산", "img2": "https://img-cf.kurly.com/shop/data/goodsview/20200325/gv10000087052_1.jpg", "description": "바지락 특유의 쫄깃한 식감과 담백한 풍미는 어떤 요리에서도 빛을 발하죠. 손질할 필요 없는 바지락살로, 바다의 시원한 감칠맛을 편리하게 즐겨보세요. 싱싱한 국산 바지락의 껍질을 벗겨낸 뒤 꽉 들어찬 살만을 담았습니다. 번거로운 해감과 손질 과정이 필요 없을 뿐더러, 국산 바지락이라 안심하고 드실 수 있어요. 신선함을 간직한 냉장 상태로 보내드리니, 흐르는 물에 살짝 씻어 바로 요리에 더해보세요. 맑고 시원한 국과 감칠맛 가득한 찌개, 고소한 죽이 손쉽게 펼쳐질 거예요.", "img3": "https://img-cf.kurly.com/shop/data/goodsview/20200325/gv10000087054_1.jpg", "option_name_list": [], "option_price_list": []},
{"img1": "https://img-cf.kurly.com/shop/data/goods/1522825577497y0.jpg", "name": "[어부네] 봄 암꽃게", "summary": "제철맞아 달큰한 살과 알이 꽉찬 봄 암꽃게", "price": "73,000원", "discount_rate": 0, "unit": "1박스", "amount": "950g~1.05kg (3마리)", "package": "냉장/종이포장", "made_in": "국내산", "img2": "https://img-cf.kurly.com/shop/data/goodsview/20200323/gv10000020894_1.jpg", "description": "꽃게의 계절이 다시 왔습니다. 꽃게, 특히 암꽃게는 산란기 직전인 봄이 오면 알과 살이 가득 차오르죠. 익혔을 때 붉게 물들 듯이 변하는 껍데기의 색깔, 희고 탱탱한 속살, 주홍빛으로 들어찬 알의 감칠맛은 눈과 입을 모두 사로잡기 충분해요. 컬리가 선보이는 암꽃게는 봄철에 제대로 맛이 오르는 제철 꽃게예요. 신선한 풍미를 최대한 살리고자 어부네는 갓 잡아올린 신선한 꽃게를 포장해서 보내드린답니다. 봄날의 별미, 제철 맞은 암꽃게를 가정에서 빠르고 간편하게 즐겨보세요.", "img3": "https://img-cf.kurly.com/shop/data/goodsview/20200323/gv30000086701_1.jpg", "option_name_list": [], "option_price_list": []},
{"img1": "https://img-cf.kurly.com/shop/data/goods/1583828995621y0.jpg", "name": "[해원에스디] 국산 생물 관자 300g(생물)", "summary": "부드럽고 쫄깃한 키조개 관자", "price": "12,000원", "discount_rate": 0, "unit": "1팩", "amount": "300g", "package": "냉장/종이포장", "made_in": "국산", "img2": "https://img-cf.kurly.com/shop/data/goodsview/20200310/gv00000084970_1.jpg", "description": "쫄깃쫄깃한 관자의 맛을 싫어하는 분은 드물 거예요. 컬리는 생물 키조개에서 얻은 통통한 관자만 모아 한 팩으로 선보입니다. 조개 채취부터 손질, 포장에 이르기까지 한 번도 냉동을 하지 않아 탄력 있고 부드러운 본연의 식감을 그대로 느낄 수 있어요. 받아보는 순간까지 신선함을 잃지 않도록 MAP(가스 치환 포장) 방식으로 포장한 것도 만족스럽죠. 관자는 오래 가열할수록 질겨지니, 가볍게 조리해서 즐겨보세요. ", "img3": "https://img-cf.kurly.com/shop/data/goodsview/20200310/gv00000084980_1.jpg", "option_name_list": [], "option_price_list": []},
{"img1": "https://img-cf.kurly.com/shop/data/goods/1582882143571y0.jpg", "name": "[삼삼해물] 왕 바지락 2종 (냉장)", "summary": "껍질부터 우월한 거제도 조개", "price": "5,800원", "discount_rate": 0, "unit": "1팩", "amount": "옵션별 상이", "package": "냉장/종이포장", "made_in": "국산", "img2": "https://img-cf.kurly.com/shop/data/goodsview/20200228/gv40000083410_1.jpg", "description": "살아 숨 쉬는 바지락은 죽기 직전까지 온 힘을 다해 양쪽 껍질을 마주 닫고 있습니다. 단호하게 입을 앙 다문 바지락을 보면 신선하다는 생각에 마음이 놓이지요. 만약 바지락의 껍질이 유난히 두툼하고 반질반질하다면 그 안에 든 조갯살 또한 탱탱하고 싱싱할 텐데요. 컬리는 껍질 자체가 크고 멋진 삼삼해물의 바지락에 주목했습니다. 거제도에서 자란 이 바지락은 '왕 바지락'이라 불릴 정도로 알 자체가 굵고 조갯살도 실한 편이에요. 바지락을 넣은 육수에선 깊고 진한 바다의 맛이 아련하게 퍼져나가지요. 자태가 남다른 왕 바지락으로 국물 맛도, 건더기 맛도 끝내주는 요리를 만들어 보세요.        ", "img3": "https://img-cf.kurly.com/shop/data/goodsview/20200228/gv00000083420_1.jpg", "option_name_list": ["[삼삼해물] 왕 바지락 500g", "[삼삼해물] 왕 바지락 1kg"], "option_price_list": ["5,800원", "9,300원"]},
{"img1": "https://img-cf.kurly.com/shop/data/goods/1582610870460y0.jpg", "name": "[어부네] 중하 꼬마새우", "summary": "새우과자의 바로 그 새우", "price": "5,600원", "discount_rate": 0, "unit": "1팩", "amount": "250g", "package": "냉동/종이포장", "made_in": "", "img2": "https://img-cf.kurly.com/shop/data/goodsview/20200225/gv10000082606_1.jpg", "description": "한국인이라면 누구나 아는 새우과자에 들어갔던 새우가 바로 중하새우였다고 해요. 꼬마새우라고도 불리는 중하새우는 다 자라도 새끼손가락 크기라서 덜 자란 대하로 잘못 알려져있기도 하죠. 1990년대 이후로 어획량이 줄어 이제는 새우과자에 쓰이지 못하지만, 작은 몸집에 들어찬 쫄깃하고 탱글탱글한 살과 단맛은 여전히 매력적인데요. 국내산 중하새우를 컬리에서 만나보세요. 머리부터 꼬리까지 전체를 개별 급속냉동하여 담았으니, 볶음이나 찌개, 육수용으로 두루두루 쓰기 좋을 거예요. ", "img3": "https://img-cf.kurly.com/shop/data/goodsview/20200225/gv20000082608_1.jpg", "option_name_list": [], "option_price_list": []},
{"img1": "https://img-cf.kurly.com/shop/data/goods/1581310502663y0.jpg", "name": "[은하수산] 딱새우회 130g(냉동)", "summary": "쫀득하고 달큰한 맛", "price": "17,900원", "discount_rate": 0, "unit": "1팩", "amount": "130g", "package": "냉동/종이포장", "made_in": "국산", "img2": "https://img-cf.kurly.com/shop/data/goodsview/20200210/gv20000080892_1.jpg", "description": "게와 새우의 중간 형태를 하고 있는 딱새우는 손질이 번거로움에도 불구하고 많은 사랑을 받고 있어요. 회로 먹을 때 특히 돋보이는 탱글탱글하고 쫀득한 식감과 달큰한 감칠맛을 전하고자, 컬리는 은하수산의 딱새우회를 준비했습니다. 제주 연안에서 어획한 딱새우의 껍데기를 미리 손질한 뒤 급속냉동했어요. 시원한 곳에 두고 해동하면 본연의 맛을 느낄 수 있지요. 취향에 따라 다양한 곁들임 채소나 소스를 더해 먹어보세요. ", "img3": "https://img-cf.kurly.com/shop/data/goodsview/20200210/gv00000080897_1.jpg", "option_name_list": [], "option_price_list": []},
{"img1": "https://img-cf.kurly.com/shop/data/goods/1576559639583y0.jpg", "name": "[바다원]추자도 돌미역(산모미역) 150g", "summary": "해녀가 직접 거둔 자연산 미역", "price": "25,000원", "discount_rate": 0, "unit": "1박스", "amount": "150g", "package": "상온/종이포장", "made_in": "", "img2": "https://img-cf.kurly.com/shop/data/goodsview/20191217/gv10000073163_1.jpg", "description": "청정한 제주 해역에서도 북쪽에 위치한 추자도는 천혜의 섬으로 불려요. 이곳 해녀들은 거친 파도 속에서 자라난 자연산 돌미역을 손수 거둬들입니다. 정성스레 채취한 미역을 널어 해풍과 햇빛으로 건조하면, 짙은 검푸름빛을 띠는 돌미역이 완성되지요. 특히나 추자도 돌미역은 끓이면 끓일수록 뽀얀 국물이 우러나와 '사골미역'이라는 별칭까지 얻었는데요. 도톰한 두께에 퍼지지 않는 탄력까지 갖추어 국으로 끓이기에 제격이랍니다. 영양의 보고인 미역귀까지 오롯이 달려 있어 선물용으로도 손색이 없고요. 귀한 미역이 전하는 깊고 진한 맛을 오롯이 누려보세요.", "img3": "https://img-cf.kurly.com/shop/data/goodsview/20191217/gv30000073167_1.jpg", "option_name_list": [], "option_price_list": []}