{"name": "[버미큘라] 오븐 팟 라운드 14cm", "img4": "https://img-cf.kurly.com/shop/data/goodsview/20200403/gv40000088764_2.jpg"},
{"name": "[마미스팟] 주물 냄비 2종", "img4": "https://img-cf.kurly.com/shop/data/goodsview/20200305/gv20000084329_2.jpg"},
{"name": "[마미스팟] 주물 팬 5종", "img4": "https://img-cf.kurly.com/shop/data/goodsview/20200305/gv00000084338_2.jpg"},
{"name": "[탁가온] 무균열 뚝배기 6종", "img4": "https://img-cf.kurly.com/shop/data/goodsview/20200226/gv40000082849_2.jpg"},
{"name": "[네오플램] FIKA 쿡웨어 팬 6종", "img4": "https://img-cf.kurly.com/shop/data/goodsview/20200310/gv10000084949_2.jpg"},
{"name": "[에센바흐 인덕텀] 도자기 편수냄비 16cm 4종", "img4": "https://img-cf.kurly.com/shop/data/goodsview/20200107/gv30000077028_2.jpg"},
{"name": "[에센바흐 인덕텀] 도자기 양수냄비 18cm 4종", "img4": "https://img-cf.kurly.com/shop/data/goodsview/20200107/gv20000077029_2.jpg"},
{"name": "[에센바흐 인덕텀] 도자기 양수냄비 20cm 4종", "img4": "https://img-cf.kurly.com/shop/data/goodsview/20200107/gv00000077030_2.jpg"},
{"name": "[스타우브] 화이트 트러플 한식 냄비 2종", "img4": "https://img-cf.kurly.com/shop/data/goodsview/20191205/gv10000071456_2.jpg"},
{"name": "무쇠 주물 시즈닝 도구 2종", "img4": "https://img-cf.kurly.com/shop/data/goodsview/20190821/gv20000059830_2.jpg"},
{"name": "[스켑슐트] 노테 라인 5종", "img4": "https://img-cf.kurly.com/shop/data/goodsview/20190814/gv20000059320_2.jpg"},
{"name": "[광주요] 한결 연청 내열냄비 3종", "img4": "https://img-cf.kurly.com/shop/data/goodsview/20190730/gv40000057600_2.jpg"},
{"name": "[JAJU] 멀티팟 2종", "img4": "https://img-cf.kurly.com/shop/data/goodsview/20190725/gv10000056916_2.jpg"},
{"name": "[JAJU] 잼 팟 & 뚜껑 4종", "img4": "https://img-cf.kurly.com/shop/data/goodsview/20190725/gv30000056897_2.jpg"},
{"name": "[JAJU] 사각팬 2종", "img4": "https://img-cf.kurly.com/shop/data/goodsview/20190725/gv40000056938_2.jpg"},
{"name": "[JIA] 모놀리틱 쿡웨어 3종", "img4": "https://img-cf.kurly.com/shop/data/goodsview/20190703/gv20000054858_2.jpg"}