{"name": "[베르나르도] 에퀴메 한식 1인 세트", "img4": "https://img-cf.kurly.com/shop/data/goodsview/20200316/gv30000085610_2.jpg"},
{"name": "[Kurly] 글라스락 계량컵 2종", "img4": "https://img-cf.kurly.com/shop/data/goodsview/20200109/gv20000077257_2.jpg"},
{"name": "[Kurly] 글라스락 간편 쿡 용기", "img4": "https://img-cf.kurly.com/shop/data/goodsview/20200109/gv30000077236_2.jpg"},
{"name": "[보스카] 세미 소프트 치즈 나이프", "img4": "https://img-cf.kurly.com/shop/data/goodsview/20191209/gv40000071988_2.jpg"},
{"name": "[광주요] 백자 음양각 돋을문 다관 세트", "img4": "https://img-cf.kurly.com/shop/data/goodsview/20191121/gv40000069049_2.jpg"},
{"name": "[광주요] 미각 설백 복주머니 다관 세트", "img4": "https://img-cf.kurly.com/shop/data/goodsview/20191121/gv40000069042_2.jpg"},
{"name": "[광주요] 한결 직사각 접시 2종 (연청)", "img4": "https://img-cf.kurly.com/shop/data/goodsview/20191121/gv00000069033_2.jpg"},
{"name": "[광주요] 한결 도너츠 플레이트 3종 (청백)", "img4": "https://img-cf.kurly.com/shop/data/goodsview/20191121/gv30000069001_2.jpg"},
{"name": "[광주요] 한결 배형 볼 3종", "img4": "https://img-cf.kurly.com/shop/data/goodsview/20191121/gv00000069058_2.jpg"},
{"name": "[광주요] 한결 원형 접시 3종 (청백)", "img4": "https://img-cf.kurly.com/shop/data/goodsview/20191121/gv40000069091_2.jpg"},
{"name": "[광주요] 한결 3단 나눔 접시 3종", "img4": "https://img-cf.kurly.com/shop/data/goodsview/20191121/gv30000069103_2.jpg"},
{"name": "[광주요] 모던 월백 흰빛 연화 접시 2종", "img4": "https://img-cf.kurly.com/shop/data/goodsview/20191121/gv20000069144_2.jpg"},
{"name": "[광주요] 미각 설빛 참외형 접시 3종", "img4": "https://img-cf.kurly.com/shop/data/goodsview/20191121/gv30000069169_2.jpg"},
{"name": "[필리빗] 클래식 라이언 헤드 스프볼 2종", "img4": "https://img-cf.kurly.com/shop/data/goodsview/20191119/gv10000068770_2.jpg"},
{"name": "[필리빗] 툴루즈 오븐디쉬 6종", "img4": "https://img-cf.kurly.com/shop/data/goodsview/20191119/gv40000068662_2.jpg"},
{"name": "[필리빗] 플리세 컵&티팟 3종", "img4": "https://img-cf.kurly.com/shop/data/goodsview/20191119/gv20000068771_2.jpg"}