{"name": "[에콜그린] 버블리콘 수세미", "img4": "https://img-cf.kurly.com/shop/data/goodsview/20200401/gv00000088319_2.jpg"},
{"name": "[밧드야] 스테인리스 키친랙", "img4": "https://img-cf.kurly.com/shop/data/goodsview/20200203/gv00000080077_2.jpg"},
{"name": "[밧드야] 스테인리스 음식물 쓰레기통 2종", "img4": "https://img-cf.kurly.com/shop/data/goodsview/20200203/gv20000080034_2.jpg"},
{"name": "[밧드야] 스테인리스 쌀통 10kg", "img4": "https://img-cf.kurly.com/shop/data/goodsview/20200203/gv00000080052_2.jpg"},
{"name": "[코디] 행주 대신 빨아쓰는 행주타월 50매 3롤", "img4": "https://img-cf.kurly.com/shop/data/goodsview/20200102/gv20000076295_2.jpg"},
{"name": "[에코후레쉬] 냉장고 냄새 탈취제", "img4": "https://img-cf.kurly.com/shop/data/goodsview/20191210/gv00000072238_2.jpg"},
{"name": "[생활공작소] 세 손가락 위생장갑", "img4": "https://img-cf.kurly.com/shop/data/goodsview/20191203/gv30000070643_2.jpg"},
{"name": "[글래드] 다용도 비닐백 4종", "img4": "https://img-cf.kurly.com/shop/data/goodsview/20191105/gv30000066967_2.jpg"},
{"name": "[레인보우샵] 베이킹소다 솝 주방비누 120g", "img4": "https://img-cf.kurly.com/shop/data/goodsview/20191031/gv30000066597_2.jpg"},
{"name": "[글래드] 매직랩 4종", "img4": "https://img-cf.kurly.com/shop/data/goodsview/20190326/gv00000045947_2.jpg"},
{"name": "[크리넥스] 칼로리라이트 키친타월 55매x3롤", "img4": "https://img-cf.kurly.com/shop/data/goodsview/20190927/gv20000063133_2.jpg"},
{"name": "[스카트]한장씩 뽑아서 빨아쓰는 위생행주 2종", "img4": "https://img-cf.kurly.com/shop/data/goodsview/20190927/gv10000063128_2.jpg"},
{"name": "[글래드] 지퍼 슬라이드 2종", "img4": "https://img-cf.kurly.com/shop/data/goodsview/20190821/gv20000059745_2.jpg"},
{"name": "[디시피쉬] 듀얼 스크러버 2종", "img4": "https://img-cf.kurly.com/shop/data/goodsview/20190821/gv10000059805_2.jpg"},
{"name": "[디시피쉬] 스크러버 2종", "img4": "https://img-cf.kurly.com/shop/data/goodsview/20190821/gv20000059806_2.jpg"},
{"name": "[아베나] 니트릴 장갑 블라썸 4종(다목적용)", "img4": "https://img-cf.kurly.com/shop/data/goodsview/20190821/gv10000059728_2.jpg"}