{"name": "[Alt729] 위빙 테이블 매트 5종", "img4": "https://img-cf.kurly.com/shop/data/goodsview/20200403/gv40000088884_2.jpg"},
{"name": "[트위그뉴욕] 인조가죽 테이블 매트 7종", "img4": "https://img-cf.kurly.com/shop/data/goodsview/20200403/gv20000088875_2.jpg"},
{"name": "[울스터위버스] 방수 앞치마 4종", "img4": "https://img-cf.kurly.com/shop/data/goodsview/20200313/gv00000085475_2.jpg"},
{"name": "[파이널터치] 스테인리스 와인칠러", "img4": "https://img-cf.kurly.com/shop/data/goodsview/20200309/gv40000084632_2.jpg"},
{"name": "[마미스팟] 나무 손잡이 4종", "img4": "https://img-cf.kurly.com/shop/data/goodsview/20200305/gv20000084349_2.jpg"},
{"name": "[바이마르] 멀티 그릴", "img4": "https://img-cf.kurly.com/shop/data/goodsview/20200303/gv30000083830_2.jpg"},
{"name": "[리큅] 에어 프라이어 12L", "img4": "https://img-cf.kurly.com/shop/data/goodsview/20200116/gv00000078122_2.jpg"},
{"name": "[리큅] 미미쿡", "img4": "https://img-cf.kurly.com/shop/data/goodsview/20191212/gv40000072646_2.jpg"},
{"name": "[미스토] 오일 스프레이 2종", "img4": "https://img-cf.kurly.com/shop/data/goodsview/20191210/gv00000072158_2.jpg"},
{"name": "[보스카] 코펜하겐 치즈 나이프 세트", "img4": "https://img-cf.kurly.com/shop/data/goodsview/20191209/gv20000072028_2.jpg"},
{"name": "[보스카] 치즈 세트 프렌즈", "img4": "https://img-cf.kurly.com/shop/data/goodsview/20191209/gv10000072024_2.jpg"},
{"name": "[보스카] 세미 소프트 치즈 나이프", "img4": "https://img-cf.kurly.com/shop/data/goodsview/20191209/gv40000071988_2.jpg"},
{"name": "[릭틱] 네일잇 시즈닝 온도계", "img4": "https://img-cf.kurly.com/shop/data/goodsview/20190830/gv40000060752_2.jpg"},
{"name": "[스틸웍스] 우드 스패출러 2종", "img4": "https://img-cf.kurly.com/shop/data/goodsview/20190821/gv40000059841_2.jpg"},
{"name": "무쇠 주물 시즈닝 도구 2종", "img4": "https://img-cf.kurly.com/shop/data/goodsview/20190821/gv20000059830_2.jpg"},
{"name": "[JAJU] 식기건조대 3종", "img4": "https://img-cf.kurly.com/shop/data/goodsview/20190725/gv00000056927_2.jpg"}