{"name": "[웨지우드] 원더러스트 홍차잔 5종", "img4": "https://img-cf.kurly.com/shop/data/goodsview/20200407/gv30000089293_2.jpg"},
{"name": "[아소부] 뉴 푸어오버 커피 메이커 3종", "img4": "https://img-cf.kurly.com/shop/data/goodsview/20191024/gv20000065826_2.jpg"},
{"name": "[보덤] 카페티에라 커피 메이커 0.35L 4종", "img4": "https://img-cf.kurly.com/shop/data/goodsview/20191016/gv30000064770_2.jpg"},
{"name": "[슈어] 일회용 얼음틀 3종", "img4": "https://img-cf.kurly.com/shop/data/goodsview/20190327/gv10000046042_2.jpg"},
{"name": "[아소부] 콜드브루 메이커 2종", "img4": "https://img-cf.kurly.com/shop/data/goodsview/20190322/gv10000045770_2.jpg"},
{"name": "[킨토] 커피 저그 2종", "img4": "https://img-cf.kurly.com/shop/data/goodsview/20181115/gv00000036156_2.jpg"},
{"name": "[킨토] 커피잔 세트 2종 (블랙)", "img4": "https://img-cf.kurly.com/shop/data/goodsview/20181115/gv40000036171_2.jpg"},
{"name": "[킨토] 블랙 에디션 커피 서버 2종", "img4": "https://img-cf.kurly.com/shop/data/goodsview/20181115/gv30000036138_2.jpg"},
{"name": "[킨토] OCT 커피 드립퍼 2종", "img4": "https://img-cf.kurly.com/shop/data/goodsview/20181115/gv20000036165_2.jpg"},
{"name": "[킨토] 카코미 퐁듀 포트 4종", "img4": "https://img-cf.kurly.com/shop/data/goodsview/20181112/gv10000035783_2.jpg"},
{"name": "[하리오] 테츠카츠야 커피 도구 4종", "img4": "https://img-cf.kurly.com/shop/data/goodsview/20181004/gv20000033011_2.jpg"},
{"name": "[하리오] 우드 핸드밀", "img4": "https://img-cf.kurly.com/shop/data/goodsview/20181004/gv00000032956_2.jpg"},
{"name": "[톤피스크] 티&커피 컵(2개입)", "img4": "https://img-cf.kurly.com/shop/data/goodsview/20180927/gv40000032646_2.jpg"},
{"name": "[톤피스크] 라떼컵(1개입)", "img4": "https://img-cf.kurly.com/shop/data/goodsview/20180928/gv20000032716_2.jpg"},
{"name": "[톤피스크] 기프트 세트", "img4": "https://img-cf.kurly.com/shop/data/goodsview/20180927/gv20000032660_2.jpg"},
{"name": "[톤피스크] 트레이", "img4": "https://img-cf.kurly.com/shop/data/goodsview/20180928/gv00000032711_2.jpg"}