{"name": "[웨지우드] 페스티비티 머그 2종", "img4": "https://img-cf.kurly.com/shop/data/goodsview/20200408/gv10000089593_2.jpg"},
{"name": "[웨지우드] 페스티비티 접시 4P", "img4": "https://img-cf.kurly.com/shop/data/goodsview/20200408/gv10000089608_2.jpg"},
{"name": "[웨지우드] 페스티비티 커피잔 2종", "img4": "https://img-cf.kurly.com/shop/data/goodsview/20200408/gv30000089566_2.jpg"},
{"name": "[아소부] 오브 텀블러 2종", "img4": "https://img-cf.kurly.com/shop/data/goodsview/20191219/gv30000073857_2.jpg"},
{"name": "[아소부] 얼티밋 머그 4종", "img4": "https://img-cf.kurly.com/shop/data/goodsview/20191219/gv10000073826_2.jpg"},
{"name": "[베르나르도] 에퀴메 찻잔 & 소서", "img4": "https://img-cf.kurly.com/shop/data/goodsview/20191118/gv00000068212_2.jpg"},
{"name": "[빈토리오] 와인 에어레이터", "img4": "https://img-cf.kurly.com/shop/data/goodsview/20191030/gv10000066469_2.jpg"},
{"name": "[토요사사키] 워터드롭 사케 글라스 세트", "img4": "https://img-cf.kurly.com/shop/data/goodsview/20190710/gv40000055424_2.jpg"},
{"name": "[토요사사키] 수제맥주 글라스 3종", "img4": "https://img-cf.kurly.com/shop/data/goodsview/20190530/gv00000051676_2.jpg"},
{"name": "[토요사사키] 맥주 글라스 3종", "img4": "https://img-cf.kurly.com/shop/data/goodsview/20190530/gv40000051661_2.jpg"},
{"name": "[토요사사키] 비어 머그 2종", "img4": "https://img-cf.kurly.com/shop/data/goodsview/20190530/gv20000051666_2.jpg"},
{"name": "[토요사사키] 스패쉬 워터 글라스 세트 4종", "img4": "https://img-cf.kurly.com/shop/data/goodsview/20190521/gv40000050797_2.jpg"},
{"name": "[킨토] 트레블 텀블러 12종", "img4": "https://img-cf.kurly.com/shop/data/goodsview/20190517/gv40000050518_2.jpg"},
{"name": "[아소부] 플레이버 유 씨 텀블러 2종", "img4": "https://img-cf.kurly.com/shop/data/goodsview/20190515/gv30000050283_2.jpg"},
{"name": "[킨토] 데이오프 텀블러 6종", "img4": "https://img-cf.kurly.com/shop/data/goodsview/20190508/gv30000049670_2.jpg"},
{"name": "[리델] 파토마노 퍼플 3종", "img4": "https://img-cf.kurly.com/shop/data/goodsview/20190322/gv10000045643_2.jpg"}