{"img1": "https://img-cf.kurly.com/shop/data/goods/1583377878928y0.jpg", "name": "[마미스팟] 주물 냄비 2종", "summary": "시즈닝의 번거로움을 줄인", "price": "210,000원", "discount_rate": 0, "unit": "1개", "amount": "", "package": "기타", "made_in": "", "img2": "https://img-cf.kurly.com/shop/data/goodsview/20200305/gv40000084118_1.jpg", "description": "깊고 깊은 검은빛에서 우러나오는 듯한 내공. 요리를 즐기는 분들이라면 주물 조리도구의 매력을 잘 아실 거예요. 그중에서도 마미스팟의 주물 냄비는 주물 장인들이 한 번도 사용되지 않았던 선철로 수작업으로 만들어 더욱 특별하답니다. 속까지 기름칠이 되어있어 시즈닝 없이도 바로 사용할 수 있는 고마운 제품이죠. 주문 후에 한 달은 기다려야 했던 마미스팟의 냄비를 컬리에서 기다리지 않고 바로 만나볼 수 있어요. 밥을 짓고 구수한 누룽지까지 만들어서 통 주물 냄비를 십분 활용해 보세요.", "img3": "https://img-cf.kurly.com/shop/data/goodsview/20200305/gv20000084334_1.jpg", "option_name_list": ["[마미스팟] 오리지널 냄비 16cm", "[마미스팟] 오리지널 냄비 21cm"], "option_price_list": ["210,000원", "310,000원"]},
{"img1": "https://img-cf.kurly.com/shop/data/goods/158337717291y0.jpg", "name": "[마미스팟] 주물 팬 5종", "summary": "시즈닝 없이 바로 쓸 수 있는", "price": "190,000원", "discount_rate": 0, "unit": "1개", "amount": "", "package": "기타", "made_in": "", "img2": "https://img-cf.kurly.com/shop/data/goodsview/20200305/gv20000084098_1.jpg", "description": "깊고 깊은 검은빛에서 우러나오는 듯한 내공. 요리를 즐기는 분들이라면 주물 조리도구의 매력을 잘 아실 거예요. 오랫동안 따뜻함을 유지하는 주물 제품은 잘 관리하면 대대손손 물려줄 수도 있다고 하죠.  그중에서도 마미스팟의 통 주물 팬은 주물 장인들이 한 번도 사용되지 않았던 선철로 수작업으로 만들어 더욱 특별하답니다. 속까지 기름칠이 되어있어 시즈닝 없이도 바로 사용할 수 있는 고마운 제품이죠. 주문 후 한 달은 기다려야 했던 마미스팟의 5가지 팬을 컬리에서 기다리지 않고 바로 만나볼 수 있어요. 남산의 팔각정 지붕을 모티브로 만들어진 독특한 모양새가 식탁 위에서 빛을 발할 거예요. ", "img3": "https://img-cf.kurly.com/shop/data/goodsview/20200305/gv40000084301_1.jpg", "option_name_list": ["[마미스팟] 오리지널 팬 21cm", "[마미스팟] 그라탕 팬 28cm", "[마미스팟] 사각 팬 30cm", "[마미스팟] 에그 팬 22cm", "[마미스팟] 그릴 팬 27cm"], "option_price_list": ["190,000원", "280,000원", "230,000원", "200,000원", "220,000원"]},
{"img1": "https://img-cf.kurly.com/shop/data/goods/1582632831690y0.jpg", "name": "[탁가온] 무균열 뚝배기 6종", "summary": "한국적인 디자인에 모던함을 더한", "price": "32,000원", "discount_rate": 0, "unit": "1개", "amount": "", "package": "상온/종이포장", "made_in": "", "img2": "https://img-cf.kurly.com/shop/data/goodsview/20200225/gv30000082742_1.jpg", "description": "가마솥을 연상케 하는 뚜껑과, 모던한 디자인이 인상적인 탁가온의 무균열 뚝배기를 선보입니다. 한국 고유의 정서가 오롯이 전해지는 심플하고 깔끔한 뚝배기는 페탈라이트 소재로 만들어져, 고온에서도 수축하거나 팽창하지 않는 내구성을 지니지요. 내열 도자기의 장점을 살렸기에, 음식을 더욱 따뜻하고 촉촉하게 즐길 수 있는 세련된 식탁을 위한 아이템입니다. 소가구도 간편하게 사용하고 보관할 수 있도록 3가지 사이즈와 2가지 컬러로 다채롭게 구성했어요. 열전도율이 뛰어난 무균열 뚝배기로 오늘의 요리에 온기를 더해보세요. ", "img3": "https://img-cf.kurly.com/shop/data/goodsview/20200225/gv00000082755_1.jpg", "option_name_list": ["[탁가온] 무균열 뚝배기 블랙 S", "[탁가온] 무균열 뚝배기 블랙 M", "[탁가온] 무균열 뚝배기 블랙 L", "[탁가온] 무균열 뚝배기 네이비 S", "[탁가온] 무균열 뚝배기 네이비 M", "[탁가온] 무균열 뚝배기 네이비 L"], "option_price_list": ["32,000원", "38,000원", "46,000원", "32,000원", "38,000원", "46,000원"]},
{"img1": "https://img-cf.kurly.com/shop/data/goods/1580883423469y0.jpg", "name": "[네오플램] FIKA 쿡웨어 냄비 3종", "summary": "주방에 생기를 더하는 냄비", "price": "39,000원", "discount_rate": 0, "unit": "1개", "amount": "", "package": "상온/종이포장", "made_in": "", "img2": "https://img-cf.kurly.com/shop/data/goodsview/20200205/gv30000080335_1.jpg", "description": "어떤 조리도구는 요리할 의지를 북돋아주기도 하죠. 컬리는 부담 없이 사용할 수 있는 네오플램의 FIKA 쿡웨어를 준비했어요. 도자기처럼 유약을 입혀 고온에서 구워내는 킬른 공법으로 만들어서 눌음을 방지하고 내구성을 높였죠. 세라믹 코팅은 유해물질 불검출 테스트도 마쳤답니다. 인덕션, 가스레인지, 하이라이트에서 모두 쓸 수 있어요. 깔끔한 북유럽 감성의 디자인에 밝고 따뜻한 색감으로 조리 후에 그대로 식탁에 올려도 조화로워요. FIKA 냄비로 주방에 생기를 더해보세요.", "img3": "https://img-cf.kurly.com/shop/data/goodsview/20200310/gv20000084947_1.jpg", "option_name_list": ["[네오플램] FIKA 편수냄비 18cm", "[네오플램] FIKA 양수냄비 22cm", "[네오플램] FIKA 곰솥냄비 22cm"], "option_price_list": ["39,000원", "41,000원", "52,000원"]},
{"img1": "https://img-cf.kurly.com/shop/data/goods/1580881505411y0.jpg", "name": "[네오플램] FIKA 쿡웨어 팬 6종", "summary": "요리할 맛 살려주는 프라이팬", "price": "26,000원", "discount_rate": 0, "unit": "1개", "amount": "", "package": "상온/종이포장", "made_in": "", "img2": "https://img-cf.kurly.com/shop/data/goodsview/20200205/gv40000080317_1.jpg", "description": "기능은 물론이고 요리할 맛까지 살려준다면 조리도구로써는 더할 나위 없겠죠. 주방에 어두운 색의 조리도구 일색이었다면, 컬리가 준비한 네오플램의 FIKA 쿡웨어를 만나보세요. 도자기처럼 유약을 입혀 고온에서 구워내는 킬른 공법으로 만들어서 눌음을 방지하고 내구성을 높였어요. 세라믹 코팅은 유해물질 불검출 테스트도 마쳤답니다. 인덕션, 가스레인지, 하이라이트에서 모두 쓸 수 있어요. 깔끔한 모양새와 밝고 차분한 색감 또한 장점이니, 조리 후 그대로 식탁에 올려 요리의 보는 맛까지 살려 보세요.", "img3": "https://img-cf.kurly.com/shop/data/goodsview/20200310/gv20000084948_1.jpg", "option_name_list": ["[네오플램] FIKA 쁘띠 웍 18cm", "[네오플램] FIKA 프라이팬 24cm", "[네오플램] FIKA 프라이팬 28cm", "[네오플램] FIKA 웍 26cm", "[네오플램] FIKA 그릴 팬 28cm", "[네오플램] FIKA 계란말이 팬 15cm"], "option_price_list": ["30,000원", "32,000원", "40,000원", "34,000원", "35,000원", "26,000원"]},
{"img1": "https://img-cf.kurly.com/shop/data/goods/152688268683y0.jpg", "name": "[에센바흐 인덕텀] 도자기 편수냄비 16cm 4종", "summary": "이유식도 국물요리도 안전하게", "price": "179,100원", "discount_rate": "10%", "unit": "1개", "amount": "", "package": "상온/종이포장", "made_in": "", "img2": "https://img-cf.kurly.com/shop/data/goodsview/20180521/gv20000023692_1.jpg", "description": null, "img3": "https://img-cf.kurly.com/shop/data/goodsview/20200109/gv40000077337_1.jpg", "option_name_list": ["[에센바흐 인덕텀] 도자기 편수냄비 16cm 화이트", "[에센바흐 인덕텀] 도자기 편수냄비 16cm 라벤더", "[에센바흐 인덕텀] 도자기 편수냄비 16cm 민트", "[에센바흐 인덕텀] 도자기 편수냄비 16cm 블랙"], "option_price_list": ["199,000원", "229,000원", "229,000원", "229,000원"]},
{"img1": "https://img-cf.kurly.com/shop/data/goods/1526883180110y0.jpg", "name": "[에센바흐 인덕텀] 도자기 양수냄비 18cm 4종", "summary": "마음 놓고 쓰는 유럽풍 양수냄비", "price": "206,100원", "discount_rate": "10%", "unit": "1개", "amount": "", "package": "상온/종이포장", "made_in": "", "img2": "https://img-cf.kurly.com/shop/data/goodsview/20180521/gv00000023698_1.jpg", "description": null, "img3": "https://img-cf.kurly.com/shop/data/goodsview/20200109/gv20000077336_1.jpg", "option_name_list": ["[에센바흐 인덕텀] 도자기 양수냄비 18cm 화이트", "[에센바흐 인덕텀] 도자기 양수냄비 18cm 라벤더", "[에센바흐 인덕텀] 도자기 양수냄비 18cm 민트", "[에센바흐 인덕텀] 도자기 양수냄비 18cm 블랙"], "option_price_list": ["229,000원", "259,000원", "259,000원", "259,000원"]},
{"img1": "https://img-cf.kurly.com/shop/data/goods/152688315634y0.jpg", "name": "[에센바흐 인덕텀] 도자기 양수냄비 20cm 4종", "summary": "우리 가족을 위한 넉넉한 냄비", "price": "233,100원", "discount_rate": "10%", "unit": "1개", "amount": "", "package": "상온/종이포장", "made_in": "", "img2": "https://img-cf.kurly.com/shop/data/goodsview/20180521/gv10000023727_1.jpg", "description": null, "img3": "https://img-cf.kurly.com/shop/data/goodsview/20200109/gv10000077335_1.jpg", "option_name_list": ["[에센바흐 인덕텀] 도자기 양수냄비 20cm 화이트", "[에센바흐 인덕텀] 도자기 양수냄비 20cm 라벤더", "[에센바흐 인덕텀] 도자기 양수냄비 20cm 민트", "[에센바흐 인덕텀] 도자기 양수냄비 20cm 블랙"], "option_price_list": ["259,000원", "289,000원", "289,000원", "289,000원"]},
{"img1": "https://img-cf.kurly.com/shop/data/goods/1575532057419y0.jpg", "name": "[스타우브] 화이트 트러플 한식 냄비 2종", "summary": "한식 요리에 최적화된", "price": "112,000원", "discount_rate": 0, "unit": "1개", "amount": "", "package": "기타", "made_in": "", "img2": "https://img-cf.kurly.com/shop/data/goodsview/20191205/gv10000071455_1.jpg", "description": "다소 무겁지만, 주물 냄비가 꾸준히 인기를 끄는 것은 묵직하고 깊은 요리 맛을 내주기 때문입니다. 열 보존성이 뛰어나고 몸체에 고루 열을 전달해 식재료의 맛을 끌어내주는 효과가 뛰어납니다. 프랑스 주물 냄비를 대표하는 스타우브의 신제품 트러플 한식 냄비는 세계 3대 진미 중 하나인 화이트 트러플에서 착안한 디자인이에요. 은은한 화이트 컬러가 존재감을 드러내요. 주물 속에 여러 겹의 블랙 매트 에나멜이 들어 있어 음식의 풍미를 돋워주는 것은 물론 식재료가 바닥에 눌어붙는 현상도 방지해줘요. 오목하게 생겨 푹 고아야 하는 한식 요리에 최적화된 화이트 트러플 아시아볼과 돔 형태의 유리 뚜껑을 갖춘 화이트 트러플 베이비웍 중 자신의 요리 스타일에 맞게 선택해보세요.", "img3": "https://img-cf.kurly.com/shop/data/goodsview/20191205/gv30000071463_1.jpg", "option_name_list": [" [스타우브] 화이트 트러플 베이비웍 16cm", "[스타우브] 화이트 트러플 아시아볼 24cm"], "option_price_list": ["112,000원", "278,000원"]},
{"img1": "https://img-cf.kurly.com/shop/data/goods/1566535975645y0.jpg", "name": "무쇠 주물 시즈닝 도구 2종", "summary": "질 좋은 냄비를 위한 도구", "price": "4,800원", "discount_rate": 0, "unit": "", "amount": "", "package": "상온/종이포장", "made_in": "", "img2": "https://img-cf.kurly.com/shop/data/goodsview/20190823/gv20000059829_1.jpg", "description": null, "img3": "https://img-cf.kurly.com/shop/data/goodsview/20190823/gv00000060002_1.jpg", "option_name_list": ["[스틸웍스] 시즈닝용 광목 천 2개입", "[버즈왁스] 무쇠 주물 시즈닝 크림"], "option_price_list": ["4,800원", "15,000원"]},
{"img1": "https://img-cf.kurly.com/shop/data/goods/1565767915903y0.jpg", "name": "[스켑슐트] 노테 라인 5종", "summary": "동양의 美를 담은 주물 냄비", "price": "97,600원", "discount_rate": 0, "unit": "", "amount": "옵션별 상이", "package": "상온/종이포장", "made_in": "", "img2": "https://img-cf.kurly.com/shop/data/goodsview/20190814/gv10000059319_1.jpg", "description": "무쇠 주방용품의 대명사, 스켑슐트의 새로운 컬렉션 노테 라인 5종을 소개합니다. 스웨덴 디자인 스튜디오 노테와 협업해 동양의 음식 문화에 걸맞은 기능과 디자인을 담았어요. 두 가지 크기의 프라이팬과 미니 꼬꼬떼, 가마솥을 연상케 하는 냄비, 그릴 겸용 그라탕팬으로 구성했어요. 무쇠의 장점을 고루 갖추되, 팔각 문양을 살린 디자인이 특징이에요. 팬의 가장자리마다 팔각으로 각져 있는 것을 눈으로 확인할 수 있지요. 일반 냄비와 달리 작은 사이즈로 구성해 1~2인 가구가 쓰기에도 충분하답니다. 노테 라인 5종으로 주방에 머무는 시간을 즐겨보세요. ", "img3": "https://img-cf.kurly.com/shop/data/goodsview/20190814/gv30000059339_1.jpg", "option_name_list": ["[스켑슐트] 노테 프라이 팬 15cm", "[스켑슐트] 노테 프라이 팬 23cm", "[스켑슐트] 노테 미니 냄비 0.2L", "[스켑슐트] 노테 냄비 1.5L", "[스켑슐트] 노테 로스팅팬 세트"], "option_price_list": ["108,000원", "158,400원", "97,600원", "185,600원", "185,600원"]},
{"img1": "https://img-cf.kurly.com/shop/data/goods/1564967445621y0.jpg", "name": "[광주요] 한결 연청 내열냄비 3종", "summary": "삼베의 무늬를 담은 내열 냄비", "price": "49,000원", "discount_rate": 0, "unit": "1개", "amount": "옵션별 상이", "package": "상온/종이포장", "made_in": "", "img2": "https://img-cf.kurly.com/shop/data/goodsview/20190805/gv00000057599_1.jpg", "description": "우리 생활에 밀접한 주방용품일수록 기능과 디자인을 고루 갖춰야 해요. 가장 우리다운 음식, 한식을 맛있게 요리해주는 냄비라면 더없이 완벽하겠지요. 광주요의 한결 연청 내열냄비는 한국 전통 직물인 삼베의 패턴을 담았어요. 본체에는 자연스러운 격자 무늬를 새겼고, 뚜껑의 손잡이는 전통 기와를 모티프로 만들어 고급스러워요. 열 보존성과 내열성이 모두 뛰어나 조리 시간을 단축해주고, 음식이 식지 않게 도와줘요. 가스레인지와 하이라이트에 모두 사용 가능한 것도 장점! 크기에 따라 다양한 요리를 할 수 있으니 그에 맞는 냄비를 선택해보세요.", "img3": "https://img-cf.kurly.com/shop/data/goodsview/20190801/gv40000058348_1.jpg", "option_name_list": ["[광주요] 한결 연청 내열냄비 16cm", "[광주요] 한결 연청 내열냄비 18cm", "[광주요] 한결 연청 내열전골냄비 22cm"], "option_price_list": ["49,000원", "59,000원", "79,000원"]},
{"img1": "https://img-cf.kurly.com/shop/data/goods/1564968200391y0.jpg", "name": "[JAJU] 멀티팟 2종", "summary": "삶는 요리를 위한 기특한 냄비", "price": "39,900원", "discount_rate": 0, "unit": "1개", "amount": "3.2L / 4.4L", "package": "기타", "made_in": "", "img2": "https://img-cf.kurly.com/shop/data/goodsview/20190805/gv30000056914_1.jpg", "description": "냄비로 식재료를 삶고 난 뒤에 물기만 쏙 빼고 싶을 때가 있지요. JAJU 멀티팟은 내부에 별도의 망이 들어 있어 내용물을 손쉽게 건질 수 있는 냄비랍니다. 감자, 달걀 등 둥근 모양의 식재료부터 길쭉한 롱 파스타 면까지 일상 재료를 손쉽게 삶아낼 수 있지요. 본체에는 따로 물코가 나 있어, 액체만 따라내기에도 편리하고요. 몸체와 망, 바닥 모두 스테인리스로 이뤄져 녹슬 걱정이 없이 오래 사용할 수 있다는 장점까지 놓치지 마세요. 멀티팟의 용량에 따라 쓰임이 다르니, 3.2L와 4.4L 중 알맞는 냄비를 골라 손쉽게 활용해 보세요.", "img3": "https://img-cf.kurly.com/shop/data/goodsview/20190725/gv30000056925_1.jpg", "option_name_list": ["[JAJU] 멀티팟 4.4L", "[JAJU] 멀티팟 3.2L"], "option_price_list": ["49,900원", "39,900원"]},
{"img1": "https://img-cf.kurly.com/shop/data/goods/1564968129392y0.jpg", "name": "[JAJU] 잼 팟 & 뚜껑 4종", "summary": "견고하고 다재다능한 냄비", "price": "13,900원", "discount_rate": 0, "unit": "1개", "amount": "옵션별 상이", "package": "기타", "made_in": "", "img2": "https://img-cf.kurly.com/shop/data/goodsview/20190805/gv40000056896_1.jpg", "description": "살림을 하다 보면 커다란 냄비가 필요할 때가 있어요. 과일을 가득 부어 뭉근히 졸여 겨우내 먹을 잼을 만들 때, 아이의 젖병을 소독하거나 빨래를 삶을 때, 부피가 큰 음식을 조리할 경우예요. 한데 생각보다 마음에 쏙 드는, 적당한 용량의 큰 냄비를 찾기가 쉽지 않지요. 컬리가 준비한  JAJU의 잼 팟은 스테인리스 스틸 소재로 만들어 견고하며, 쓰임새가 다양해요. 가스레인지와 인덕션에 모두 사용할 수 있어 편리한 것도 장점이지요. 9L와 4.5L로 두 가지 사이즈로 마련해 원하는 용도에 맞게 고를 수 있지요. 각 냄비에 맞는 뚜껑까지 준비했으니 필요에 따라 선택해보세요. ", "img3": "https://img-cf.kurly.com/shop/data/goodsview/20190725/gv00000056910_1.jpg", "option_name_list": ["[JAJU] 잼 팟 9L", " [JAJU] 잼 팟 4.5L", "[JAJU] 잼 팟 9L 뚜껑", " [JAJU] 잼 팟 4.5L 뚜껑"], "option_price_list": ["49,900원", "35,900원", "19,900원", "13,900원"]},
{"img1": "https://img-cf.kurly.com/shop/data/goods/1564967923727y0.jpg", "name": "[JAJU] 사각팬 2종", "summary": "네모반듯한 스테인리스 팬", "price": "79,900원", "discount_rate": 0, "unit": "1개", "amount": "옵션별 상이", "package": "기타", "made_in": "", "img2": "https://img-cf.kurly.com/shop/data/goodsview/20190805/gv40000056937_1.jpg", "description": null, "img3": "https://img-cf.kurly.com/shop/data/goodsview/20190725/gv40000056949_1.jpg", "option_name_list": ["[JAJU] 직사각 팬", "[JAJU] 정사각팬"], "option_price_list": ["89,900원", "79,900원"]},
{"img1": "https://img-cf.kurly.com/shop/data/goods/1562135100742y0.jpg", "name": "[JIA] 모놀리틱 쿡웨어 3종", "summary": "가볍고 오래가는 주물 조리도구", "price": "144,000원", "discount_rate": "20%", "unit": "1개", "amount": "옵션별 상이", "package": "기타", "made_in": "", "img2": "https://img-cf.kurly.com/shop/data/goodsview/20190703/gv30000054857_1.jpg", "description": null, "img3": "https://img-cf.kurly.com/shop/data/goodsview/20190703/gv10000054866_1.jpg", "option_name_list": [" [JIA] 모놀리틱 프라이팬 26cm", "[JIA] 모놀리틱 캐서롤 2L", "[JIA] 모놀리틱 소스팬 1.2L"], "option_price_list": ["198,000원", "280,000원", "180,000원"]}