{"img1": "https://img-cf.kurly.com/shop/data/goods/1584327333312y0.jpg", "name": "[베르나르도] 에퀴메 한식 1인 세트", "summary": "감각을 깨우는 식사", "price": "390,000원", "discount_rate": 0, "unit": "1개", "amount": "", "package": "상온/종이포장", "made_in": "", "img2": "https://img-cf.kurly.com/shop/data/goodsview/20200316/gv10000085609_1.jpg", "description": "소중한 나를 위해, 오롯한 식사 시간을 선물해 줄 식기 세트를 소개할게요. 전 세계 미슐랭 식당과 특급호텔이 사랑하는 브랜드, 베르나르도가 선보이는 에퀴메 한식 1인 세트입니다. 베르나르도가 한국을 위해 특별 제작한 세트로, 간결한 실루엣과 쓰임새 좋은 구성이 눈에 띄는데요. 따끈한 밥과 국을 담을 수 있는 그릇부터, 고급 레스토랑에서 쓰이는 플레이트까지 따로 또 같이 사용이 가능하답니다. 그릇과 접시에는 크고 작은 에퀴메(물방울) 무늬가 곳곳에 새겨져 있어, 음식을 작품처럼 연출할 수 있게 해주고요. 품격 있는 식기와 함께라면, 매일의 집밥이 한층 근사하게 펼쳐질 거예요.", "img3": "https://img-cf.kurly.com/shop/data/goodsview/20200316/gv20000085631_1.jpg", "option_name_list": [], "option_price_list": []},
{"img1": "https://img-cf.kurly.com/shop/data/goods/1578550016141y0.jpg", "name": "[Kurly] 글라스락 계량컵 2종", "summary": "정확한 맛을 위한 노하우", "price": "6,800원", "discount_rate": 0, "unit": "1개", "amount": "", "package": "상온/종이포장", "made_in": "", "img2": "https://img-cf.kurly.com/shop/data/goodsview/20200109/gv40000077255_1.jpg", "description": "책이나 영상의 레시피를 따라할 때, 양을 잴 수 없어 난감했던 적이 있을 거예요. 고민을 덜어줄 글라스락 계량컵 2종을 소개합니다. 측면의 눈금을 활용해 정확한 양을 측정하고, 뾰족한 물코로 재료를 깔끔하게 옮길 수 있어 요리가 더욱 섬세해져요. 내열강화유리 소재로 만들어져 전자레인지 조리가 가능하니, 우유나 배합물을 데우는 용도로 사용해도 좋습니다. 글라스락 계량컵으로 더욱 수월하게 맛있는 요리를 만들어 보세요.", "img3": "https://img-cf.kurly.com/shop/data/goodsview/20200109/gv10000077259_1.jpg", "option_name_list": ["[Kurly] 글라스락 계량컵 500ml", "[Kurly] 글라스락 계량컵 1000ml"], "option_price_list": ["6,800원", "9,900원"]},
{"img1": "https://img-cf.kurly.com/shop/data/goods/1578548587867y0.jpg", "name": "[Kurly] 글라스락 간편 쿡 용기", "summary": "요리가 쉬워지는 간편 용기", "price": "9,900원", "discount_rate": 0, "unit": "1개", "amount": "", "package": "상온/종이포장", "made_in": "", "img2": "https://img-cf.kurly.com/shop/data/goodsview/20200109/gv00000077235_1.jpg", "description": "차갑게 식은 국을 다시 불에 올려 끓이자니 조금 귀찮을 때가 있지요. 간단하고 편리한 조리를 도와줄 글라스락 간편 쿡 용기를 소개합니다. 간편 쿡 용기는 내열 강화 유리와 실리콘 소재의 뚜껑으로 이루어져 있는데요. 전자레인지에 사용할 수 있는 열에 강한 소재라, 더 안심하고 사용할 수 있죠. 찌개나 탕을 넣어 데울 만큼 넉넉한 용량의 냄비형 디자인이에요. 글라스락 간편 쿡 용기로 번거로운 조리 시간을 단축해 보세요.", "img3": "https://img-cf.kurly.com/shop/data/goodsview/20200109/gv20000077238_1.jpg", "option_name_list": [], "option_price_list": []},
{"img1": "https://img-cf.kurly.com/shop/data/goods/1575956945987y0.jpg", "name": "[보스카] 세미 소프트 치즈 나이프", "summary": "연성 치즈를 위한 필수품", "price": "23,400원", "discount_rate": "10%", "unit": "1개", "amount": "하단참조", "package": "상온/종이포장", "made_in": "", "img2": "https://img-cf.kurly.com/shop/data/goodsview/20191209/gv00000071987_1.jpg", "description": "고기와 과일을 자르는 칼이 다르듯이 치즈를 자를 때도 적합한 도구가 필요합니다. 보스카의 세미 소프트 치즈 나이프는 전통적 스타일의 치즈 칼로, 연성치즈를 자를 때 유용해요. 연성 치즈는 부드럽게 녹아내리는 성질이 있어 일반 칼로 자르면 치즈 조각이 찐득하게 달라붙어요. 세미 소프트 치즈 나이프는 칼날에 구멍이 송송 뚫려 있어 치즈 조각이 달라붙지 않고, 깔끔하게 잘립니다. 칼날과 손잡이를 날렵하게 연결한 디자인도 고급스러워 소장 욕구를 불러일으킵니다. ", "img3": "https://img-cf.kurly.com/shop/data/goodsview/20191209/gv40000072002_1.jpg", "option_name_list": [], "option_price_list": []},
{"img1": "https://img-cf.kurly.com/shop/data/goods/1574314004685y0.jpg", "name": "[광주요] 백자 음양각 돋을문 다관 세트", "summary": "깨끗하고 단아한 찻그릇", "price": "205,000원", "discount_rate": 0, "unit": "1개", "amount": "", "package": "상온/종이포장", "made_in": "", "img2": "https://img-cf.kurly.com/shop/data/goodsview/20191121/gv00000069048_1.jpg", "description": "차를 좋아하는 사람들이 늘면서 감도 높은 다구가 인기를 끌고 있습니다. 차를 즐기는 데 찻잔인 다완 한 두 개와 찻주전자인 다관, 찻물을 알맞은 온도로 식혀주는 숙우만 있으면 충분합니다. 백자 음양각 돋을문 다관 세트는 다완, 다관, 숙우 그리고 다기를 담는 쟁반인 다반으로 구성되어 있어요. 고운 백자에 유약을 입혀 은은하게 빛이 나고, 옛 백자를 현대적으로 재해석해 모던한 디자인이 돋보여요. 다관의 뚜껑과 잔 받침에 돋을문 문양을 양각으로 새겨 고급스러움을 더했어요. 다관에 뜨거운 물과 찻잎을 넣고 우린 후 숙우에 옮겨 찻잔에 따라보세요. 다관 세트를 보관하거나 혹은 누군가를 초대해 함께 찻자리를 즐길 때 다반 위에 올려도 멋스럽습니다. ", "img3": "https://img-cf.kurly.com/shop/data/goodsview/20191121/gv20000069052_1.jpg", "option_name_list": [], "option_price_list": []},
{"img1": "https://img-cf.kurly.com/shop/data/goods/1574313854733y0.jpg", "name": "[광주요] 미각 설백 복주머니 다관 세트", "summary": "새하얀 눈을 닮은 찻그릇", "price": "132,000원", "discount_rate": 0, "unit": "1개", "amount": "", "package": "상온/종이포장", "made_in": "", "img2": "https://img-cf.kurly.com/shop/data/goodsview/20191121/gv30000069041_1.jpg", "description": "차를 즐기는 데 찻잔 한두 개와 찻주전자만 있어도 충분합니다. 광주요의 미각 설백 복주머니 다관 세트는 백자 특유의 단아한 멋을 품은 찻주전자, 찻잔과 받침으로 구성되어 있어요. 각호란 각진 항아리를 뜻하는데, 미각 설백 복주머니 다관 세트는 조선 시대에 유행한 백자 '각호'의 형태미를 한층 모던하게 풀어낸 제품입니다. 찻주전자와 찻잔의 외관을 자세히 보면 24개의 면이 각진 형태를 이루고 있지요. 겨울날 대지를 뒤덮은 포근한 눈의 빛깔에서 착안해 은은하고 깊이 있는 미백도 아름다워요. 그릇은 일상에서 쓰일 때 빛을 발하는 법이니 미각 설백 복주머니 다관 세트로 찻자리를 즐겨보세요. 차를 우리고 마시는 시간마저 특별해질 거예요.", "img3": "https://img-cf.kurly.com/shop/data/goodsview/20191121/gv30000069046_1.jpg", "option_name_list": [], "option_price_list": []},
{"img1": "https://img-cf.kurly.com/shop/data/goods/15743135447y0.jpg", "name": "[광주요] 한결 직사각 접시 2종 (연청)", "summary": "삼베의 자연스러운 무늬를 입힌", "price": "58,000원", "discount_rate": 0, "unit": "1개", "amount": "", "package": "상온/종이포장", "made_in": "", "img2": "https://img-cf.kurly.com/shop/data/goodsview/20191121/gv30000069032_1.jpg", "description": "광주요의 한결시리즈는 삼베가 지닌 자연스러운 격자무늬를 담은 라인입니다. 삼베의 질감을 도자기 표면에 양각으로 새겨 손으로 만지면 그 결이 고스란히 느껴집니다. 한결 직사각 접시는 길고 넓적하게 생긴 것이 특징이에요. 똑 떨어지는 직사각 형태가 아니라, 비정형으로 뻗어나간 라인이 재미있어요. 연청유를 입혀 은은한 연두빛을 띠는데, 색감이 화려한 음식을 올려도 조화롭게 어우러집니다. 직사각 접시는 여러모로 쓰임새도 좋습니다. 제법 큰 생선 요리나 푸짐한 샐러드 등을 담을 때 유용하지요. 카나페나 부르스게타 같은 핑거 푸드를 가지런히 담아보세요. 별 다른 장식 없이도 그 자체로 화려한 테이블 세팅이 됩니다. ", "img3": "https://img-cf.kurly.com/shop/data/goodsview/20191121/gv20000069039_1.jpg", "option_name_list": ["[광주요] 한결 직사각 접시 31cm 연청", "[광주요] 한결 직사각 접시 45cm 연청"], "option_price_list": ["58,000원", "92,000원"]},
{"img1": "https://img-cf.kurly.com/shop/data/goods/1574302354312y0.jpg", "name": "[광주요] 한결 도너츠 플레이트 3종 (청백)", "summary": "오브제처럼 아름다운 그릇", "price": "90,000원", "discount_rate": 0, "unit": "1개", "amount": "", "package": "상온/종이포장", "made_in": "", "img2": "https://img-cf.kurly.com/shop/data/goodsview/20191121/gv40000068993_1.jpg", "description": "그릇 하나만 올렸을 뿐인데 평범한 식탁에 품격을 더해주고, 담긴 음식까지 빛내준다면 얼마나 좋을까요. 광주요의 한결 시리즈는 삼베가 지닌 자연스러운 격자무늬를 담은 백자 라인입니다. 삼베의 질감을 도자기 표면에 양각으로 입혀 손으로 만지면 그 결이 부드럽게 느껴집니다. 한결 도너츠 플레이트는 이름처럼 도너츠의 둥근 모양을 따서 만든 그릇이에요. 청백유를 입혀 푸른빛이 은은하게 도는 것이 멋스럽습니다. 그릇 자체가 살짝 높이감이 있어 어떤 음식을 놓더라도 주인공처럼 돋보이게 해주지요. 쓰임새도 다양한데, 치즈나 빵, 과일을 올리는 플레이트로 손색없어요. 인원과 용도에 따라 자유롭게 사용할 수 있도록 플레이트의 크기도 다양하게 갖췄으니, 취향껏 선택해보세요. ", "img3": "https://img-cf.kurly.com/shop/data/goodsview/20191121/gv20000069031_1.jpg", "option_name_list": ["[광주요] 한결 도너츠 플레이트 19cm 청백", "[광주요] 한결 도너츠 플레이트 21cm 청백", "[광주요] 한결 도너츠 플레이트 25cm 청백"], "option_price_list": ["90,000원", "114,000원", "153,600원"]},
{"img1": "https://img-cf.kurly.com/shop/data/goods/157431516071y0.jpg", "name": "[광주요] 한결 배형 볼 3종", "summary": "식탁 위 센터피스로 활약하는", "price": "22,000원", "discount_rate": 0, "unit": "1개", "amount": "", "package": "상온/종이포장", "made_in": "", "img2": "https://img-cf.kurly.com/shop/data/goodsview/20191121/gv30000069014_1.jpg", "description": "매일 마주하는 집밥도 어떤 그릇에 차리느냐에 따라 분위기가 달라져요. 특히 한식은 사발 중심으로 발달해 반찬부터 찜, 볶음 요리 등을 오목한 볼에 담으면 잘 어울립니다. 푸르스름한 빛을 띠는 백자, 한결 배형 볼은 길고 오목하게 생겼어요. 밑이 좁고 위가 넓어 음식을 어여쁘게 모아주지요. 그릇 표면에 삼베의 격자무늬를 입혀 멋스럽기도 해요. 가장 작은 볼은 반찬 그릇으로, 중간과 큰 사이즈 볼은 갈비찜, 홍합탕, 닭볶음탕부터 샐러드, 파스타까지 한식과 양식을 담아보세요. 이를 식탁 가운데 두면 여럿이 함께 식사하는 자리에 더없이 좋습니다. 게다가 배형 볼은 형태와 모양이 독특해 그 자체만으로 오브제가 되니, 식탁 위를 장식하는 센터피스가 됩니다.", "img3": "https://img-cf.kurly.com/shop/data/goodsview/20191121/gv30000069060_1.jpg", "option_name_list": ["[광주요] 한결 배형 볼 13cm 청백", "[광주요] 한결 배형 볼 22cm 청백", "[광주요] 한결 배형 볼 32cm 연청"], "option_price_list": ["22,000원", "63,000원", "85,000원"]},
{"img1": "https://img-cf.kurly.com/shop/data/goods/1574320360487y0.jpg", "name": "[광주요] 한결 원형 접시 3종 (청백)", "summary": "가장 기본이 되는 접시", "price": "22,000원", "discount_rate": 0, "unit": "1개", "amount": "", "package": "상온/종이포장", "made_in": "", "img2": "https://img-cf.kurly.com/shop/data/goodsview/20191121/gv30000069061_1.jpg", "description": "취향에 맞는 옷을 사듯 그릇도 마찬가지예요. 하나를 사더라도 취향을 반영한 디자인인지, 다른 것과 잘 어울리는지, 수납하기 좋은지를 따져보고 쓰임새가 다양한 것을 골라야 합니다. 한결 원형 접시는 삼베가 지닌 자연스러운 격자무늬를 담은 라인이에요. 삼베의 질감을 도자기 표면에 양각으로 새겨 손으로 만지면 그 결이 고스란히 느껴집니다.  청백유를 입혀 푸른빛이 서려 있고 형태가 둥글어 가장 기본이 되는 접시라고 할 수 있어요. 그 덕분에 네모난 접시, 굽 높은 접시 등과 부담 없이 어우러져요. 가장 작은 접시는 음식을 덜어 먹는 개인 접시나 반찬을 담은 그릇으로 활용하면 좋고, 중간 또는 큰 사이즈의 접시는 메인 음식을 담기에 손색없어요.  ", "img3": "https://img-cf.kurly.com/shop/data/goodsview/20191121/gv20000069090_1.jpg", "option_name_list": ["[광주요] 한결 원형 접시 13cm 청백", "[광주요] 한결 원형 접시 18cm 청백", "[광주요] 한결 원형 접시 25cm 청백"], "option_price_list": ["22,000원", "33,000원", "76,000원"]},
{"img1": "https://img-cf.kurly.com/shop/data/goods/157432265077y0.jpg", "name": "[광주요] 한결 3단 나눔 접시 3종", "summary": "3단으로 나눠 실용성을 고려한", "price": "36,000원", "discount_rate": 0, "unit": "1개", "amount": "", "package": "상온/종이포장", "made_in": "", "img2": "https://img-cf.kurly.com/shop/data/goodsview/20191121/gv30000069092_1.jpg", "description": "그릇 하나를 사더라도 쓰임새가 다양해야 합니다. 가지고 있는 그릇과 잘 어울려야 하고, 쓰기에도 불편함이 없어야 좋은 그릇이라 할 수 있어요. 한결 3단 나눔 접시 3종은 실용성과 다자인을 모두 만족하는 그릇이에요. 한국 전통 직물인 삼베의 무늬를 표면에 입혔는데, 매끈한 표면 위에 자연스러운 격자무늬가 멋스러워요. 예컨대 한 접시에 마른반찬과 국물이 밴 김치를 함께 담아내다 보면 양념이 미묘하게 섞여 맛을 방해하는 경우가 있어요. 3단 나눔 접시는 구획을 확실하게 나눠 한 번에 여러 가지 음식을 담을 수 있습니다. 갖가지 김치는 물론이고, 종류별로 맛이 다른 장아찌, 밑반찬을 담기 적합해요. 미색이 도는 설백, 푸른빛이 서린 청백, 연한 초록빛을 띠는 연청 중 원하는 접시로 선택해보세요. ", "img3": "https://img-cf.kurly.com/shop/data/goodsview/20191121/gv40000069105_1.jpg", "option_name_list": ["[광주요] 한결 3단 나눔 접시 설백", "[광주요] 한결 3단 나눔 접시 청백", "[광주요] 한결 3단 나눔 접시 연청"], "option_price_list": ["36,000원", "36,000원", "36,000원"]},
{"img1": "https://img-cf.kurly.com/shop/data/goods/1574325483737y0.jpg", "name": "[광주요] 모던 월백 흰빛 연화 접시 2종", "summary": "달빛처럼 희고, 연꽃을 닮은 그릇", "price": "31,000원", "discount_rate": 0, "unit": "1개", "amount": "", "package": "상온/종이포장", "made_in": "", "img2": "https://img-cf.kurly.com/shop/data/goodsview/20191121/gv40000069107_1.jpg", "description": "음식을 돋보이게 하는 것이 그릇의 주 역할이라면, 담담한 멋을 품은 백자만 한 것이 없습니다. 모던 월백 흰빛 연화 접시는 달빛처럼 희고, 물빛처럼 말간 유백자로, 광주요의 흰빛 시리즈 중 하나입니다. 월백 라인은 반광택 유약을 사용해 은은하고 깊이감 있는, 자연스러운 흰빛을 표현했어요. 그 어떤 음식을 담아도 따스하게 품어주는 점이 매력입니다. 연꽃을 닮은 그릇 형태도 아름다워 과일 한 개를 썰어 접시에 올려도, 반찬 한 가지를 담더라도 품격 있는 테이블 세팅을 가능하게 해주지요. 메인 접시로 활용 가능한 21cm와 음식을 덜어 먹는 개인 접시로 사용하기 좋은 13cm로 마련했으니 필요에 따라 선택하세요. ", "img3": "https://img-cf.kurly.com/shop/data/goodsview/20191121/gv20000069146_1.jpg", "option_name_list": ["[광주요] 모던 월백 흰빛 연화 접시 13cm", "[광주요] 모던 월백 흰빛 연화 접시 21cm"], "option_price_list": ["31,000원", "57,000원"]},
{"img1": "https://img-cf.kurly.com/shop/data/goods/1574327627127y0.jpg", "name": "[광주요] 미각 설빛 참외형 접시 3종", "summary": "쓰임새를 두루 갖춘 접시", "price": "18,000원", "discount_rate": 0, "unit": "1개", "amount": "", "package": "상온/종이포장", "made_in": "", "img2": "https://img-cf.kurly.com/shop/data/goodsview/20191121/gv40000069147_1.jpg", "description": "그릇의 미덕이 본연의 쓰임새를 만족시켜야 하는 것은 두말할 필요가 없습니다. 아무리 아름답다고 한들, 일상에서 손이 가지 않는 그릇이라면 좋은 그릇이라 할 수 없을 거예요. 미각 설백 참외형 접시는 음식을 빛내주는 것은 물론 사이즈가 다양해 활용도가 높습니다. 조선 시대에 유행한 백자 '각호'의 형태미를 모던하게 풀어낸 디자인도 매력적이에요. 은은하고 깊이 있는 미백 덕분에 접시가 마치 꽃처럼 보이기도 해요. 가운데가 옴폭하게 들어가 있어 빵이나 샐러드 같은 양식, 찜 또는 볶음 요리 등 한식을 담기에 적당해요. 요리의 완성도는 어디에 어떻게 담아내느냐에 따라 달라지니, 참외형 접시에 원하는 음식을 담아 다양한 용도로 활용해보세요. ", "img3": "https://img-cf.kurly.com/shop/data/goodsview/20191121/gv00000069172_1.jpg", "option_name_list": ["[광주요] 미각 설빛 참외형 접시 16cm", "[광주요] 미각 설빛 참외형 접시 19cm", "[광주요] 미각 설빛 참외형 접시 25cm"], "option_price_list": ["18,000원", "23,000원", "36,000원"]},
{"img1": "https://img-cf.kurly.com/shop/data/goods/1574149161311y0.jpg", "name": "[필리빗] 클래식 라이언 헤드 스프볼 2종", "summary": "필리빗의 시그니처 제품", "price": "78,000원", "discount_rate": 0, "unit": "", "amount": "", "package": "상온/종이포장", "made_in": "", "img2": "https://img-cf.kurly.com/shop/data/goodsview/20191119/gv10000068631_1.jpg", "description": "필리빗의 도자기는 하나하나 섬세하고 우아한 매력을 가지고 있지요. 하지만 그중에서도 단연 돋보이는 마스터피스는 바로 지금 소개하는 클래식 라이언 헤드 스프볼입니다. 필리빗의 시그니처 제품이기도 한 스프볼은 양옆에 붙은 사자 머리가 매력인데요. 도자기 성형 마지막 단계에서 전문가가 일일이 모양을 만들어 붙이며 정성을 더했다고 해요. 제법 두께감이 있어 열이 오래 보존되기니 따끈하게 즐기고 싶은 국물 요리를 담는 데 사용해보세요.", "img3": "https://img-cf.kurly.com/shop/data/goodsview/20191119/gv20000068685_1.jpg", "option_name_list": ["[필리빗] 클래식 라이언 헤드 스프볼 450ml", "[필리빗] 클래식 라이언 헤드 스프볼 800ml"], "option_price_list": ["78,000원", "122,000원"]},
{"img1": "https://img-cf.kurly.com/shop/data/goods/1574143995818y0.jpg", "name": "[필리빗] 툴루즈 오븐디쉬 6종", "summary": "오븐에 바로 사용하는 딥디쉬", "price": "32,000원", "discount_rate": 0, "unit": "1개", "amount": "", "package": "상온/종이포장", "made_in": "", "img2": "https://img-cf.kurly.com/shop/data/goodsview/20191119/gv30000068620_1.jpg", "description": "적당히 깊이감이 있어 재료를 층층이 쌓아 올리는 요리는 물론, 국물이나 소스가 자작하게 배어나는 요리에 알맞은 오븐 디쉬를 소개할게요. 가마의 문에서 영감을 얻어 아랫부분에만 짧고 정교한 직선 무늬를 음각한 필리빗의 툴루즈 컬렉션입니다. 도기질에 비해 내구성이 좋고 얼룩질 걱정이 적은 자기질(포셀린)을 사용해 오븐 요리에 사용하기 꼭 알맞아요. 게다가 모든 종류의 디쉬에 손잡이를 부착해 실용성도 더했답니다. 다양한 사이즈와 형태를 준비했으니 용도에 따라 골라보세요. ", "img3": "https://img-cf.kurly.com/shop/data/goodsview/20191119/gv20000068664_1.jpg", "option_name_list": ["[필리빗] 툴루즈 크렘브륄레 디쉬", "[필리빗] 툴루즈 타르트몰드", "[필리빗] 툴루즈 사각 그라탕 디쉬 17.5cm", "[필리빗] 툴루즈 사각 그라탕 디쉬 22cm", "[필리빗] 툴루즈 직사각 라자냐 디쉬 16cm", "[필리빗] 툴루즈 직사각 라자냐 디쉬 29cm"], "option_price_list": ["32,000원", "90,000원", "68,000원", "88,000원", "56,000원", "135,000원"]},
{"img1": "https://img-cf.kurly.com/shop/data/goods/157414611988y0.jpg", "name": "[필리빗] 플리세 컵&티팟 3종", "summary": "우아한 핸드메이드 티 웨어", "price": "60,000원", "discount_rate": 0, "unit": "1개", "amount": "", "package": "상온/종이포장", "made_in": "", "img2": "https://img-cf.kurly.com/shop/data/goodsview/20191119/gv00000068612_1.jpg", "description": "자칫 단조롭게 느껴지기 쉬운 클래식한 화이트 도자기에 개성 있는 우아함을 더한 티 웨어를 컬리가 소개할게요. 전문가가 일일이 칼로 깎아낸 균일한 직선 무늬가 특징인 플리세 라인의 컵과 팟이랍니다. 무늬뿐만 아니라 소재도 남달라요. 도기질에 비해 내구성이 좋고 얼룩질 걱정이 적은 자기질(포셀린)을 사용했답니다. 덕분에 손에 감기는 촉감이 곱고, 뜨거운 음료를 부었을 때 은은하게 번져가는 온도감을 즐기기에도 알맞지요. 커피 팟은 밀크 저그로도 적당하니 취향에 따라 세트로 갖춰두고 사용해도 좋을 거예요. ", "img3": "https://img-cf.kurly.com/shop/data/goodsview/20191119/gv10000068671_1.jpg", "option_name_list": ["[필리빗] 플리세 티 컵&소서", "[필리빗] 플리세 티 팟", "[필리빗] 플리세 커피 팟"], "option_price_list": ["60,000원", "115,000원", "88,000원"]}