{"img1": "https://img-cf.kurly.com/shop/data/goods/1584322788963y0.jpg", "name": "[울스터위버스] 방수 앞치마 4종", "summary": "세련미와 실용성을 모두 갖춘", "price": "42,480원", "discount_rate": "10%", "unit": "1개", "amount": "", "package": "상온/종이포장", "made_in": "", "img2": "https://img-cf.kurly.com/shop/data/goodsview/20200313/gv40000085459_1.jpg", "description": "주방에 손쉽게 감각적인 멋을 더하는 방법은 바로 세련된 패브릭 아이템을 사용하는 거랍니다. 컬리는 영국 왕실의 주방텍스타일 부분 로얄 워런트 인증마크를 받은 울스터위버스의 앞치마를 준비했어요. 명성 있는 디자이너들이 그려낸 다채로운 패턴을 입은 제품이죠. 착용감이 좋지 않은 PVC 재질 대신, 100% 면에 오일클로스 코팅을 거친 원단을 사용했어요. 내구성과 착용감이 좋고 오염에도 강해 주방에서 쓰기 그만이에요. 세계 각국의 주방에서도 사랑받는 앞치마를 만나보세요.", "img3": "https://img-cf.kurly.com/shop/data/goodsview/20200316/gv40000085749_1.jpg", "option_name_list": ["[울스터위버스] 방수 앞치마 베이킹", "[울스터위버스] 방수 앞치마 부엉이", "[울스터위버스] 방수 앞치마 양", "[울스터위버스] 방수 앞치마 나무늘보"], "option_price_list": ["47,200원", "47,200원", "47,200원", "47,200원"]},
{"img1": "https://img-cf.kurly.com/shop/data/goods/1583727729437y0.jpg", "name": "[파이널터치] 스테인리스 와인칠러", "summary": "와인을 깔끔하고 간편하게 즐기는", "price": "52,000원", "discount_rate": 0, "unit": "1상자", "amount": "1.2kg", "package": "상온/종이포장", "made_in": "", "img2": "https://img-cf.kurly.com/shop/data/goodsview/20200309/gv20000084625_1.jpg", "description": "외부 온도에 민감한 와인. 한 병을 마시더라도 처음의 그 맛을 끝까지 유지하고자 큰맘 먹고 아이스 버킷을 꺼내곤 하죠. 하지만 얼음을 얼려서 버킷에 일일이 쏟아붓는 일부터, 물방울이 맺히는 버킷 아래에 깔아둘 티 타월을 준비하는 것까지 은근히 할 일이 많은데요. 파이널터치의 와인 칠러라면 와인을 마시는 여유로운 시간을 지켜줄 거예요. 깔끔한 은색과 매끈한 디자인의 와인 칠러 속에는 아이스팩 4개가 들어 있어요. 아이스팩을 얼려서 와인 칠러에 넣으면 시원한 와인을 3시간 정도 처음 그 상태 그대로 즐길 수 있죠. 병을 꺼낼 때마다 물이 뚝뚝 떨어질 일도 없으니 요긴하게 쓰일 거예요.", "img3": "https://img-cf.kurly.com/shop/data/goodsview/20200309/gv00000084631_1.jpg", "option_name_list": [], "option_price_list": []},
{"img1": "https://img-cf.kurly.com/shop/data/goods/1583383096790y0.jpg", "name": "[마미스팟] 나무 손잡이 4종", "summary": "주물 조리도구의 멋을 살려주는", "price": "48,000원", "discount_rate": 0, "unit": "1개", "amount": "", "package": "기타", "made_in": "", "img2": "https://img-cf.kurly.com/shop/data/goodsview/20200305/gv40000084141_1.jpg", "description": "서울 남산의 팔각정 지붕을 모티브로 한 독특한 모양새가 매력적인 마미스팟의 냄비와 팬. 번거로운 시즈닝 없이 바로 사용할 수 있는 고마운 주물 제품이죠. 하지만 통 주물이라서 가열하면 손잡이까지 뜨거워지니 특히 조심해야 하는데요. 컬리는 마미스팟 냄비와 팬 전용 원목 손잡이를 준비했어요. 깨끗한 선철로 만들어서 깊고 깊은 검은빛이 매력적인 마미스팟 냄비와 팬에 잘 어울리는 두 가지 빛깔의 원목 손잡이죠. 뜨거운 팬과 냄비를 옮길 때 끼워서 안전하게 사용하고, 테이블 위에 그대로 올려놓아 멋스러움도 더해 보세요. ", "img3": "https://img-cf.kurly.com/shop/data/goodsview/20200305/gv10000084344_1.jpg", "option_name_list": ["[마미스팟] 파덕 냄비 손잡이", "[마미스팟] 파덕 팬 손잡이", "[마미스팟] 월넛 냄비 손잡이", "[마미스팟] 월넛 팬 손잡이"], "option_price_list": ["48,000원", "48,000원", "48,000원", "48,000원"]},
{"img1": "https://img-cf.kurly.com/shop/data/goods/158322106111y0.jpg", "name": "[바이마르] 멀티 그릴", "summary": "식탁 위에서 가열부터 보온까지", "price": "48,000원", "discount_rate": 0, "unit": "", "amount": "", "package": "상온/종이포장", "made_in": "", "img2": "https://img-cf.kurly.com/shop/data/goodsview/20200303/gv30000083829_1.jpg", "description": "정성 들여 한 요리가 식사 도중에 식는 데에 아쉬움을 느꼈다면, 컬리가 준비한 바이마르의 멀티 그릴로 해결해 보세요. 식탁에 올려놓고 쓰기 알맞은 크기로 두루두루 활용이 가능한 기특한 그릴이랍니다. 프라이팬에서 음식을 조리한 다음 옮길 필요도 없고 저온부터 고온까지 간편한 온도조절 기능으로 여러 가지 요리가 가능해요. 3중 코팅 팬으로 눌어붙을 걱정도 없죠. 고기나 생선을 굽는 것은 물론, 떡볶이나 볶음밥 등 간편식도 바로 조리하여 내내 따뜻하게 즐겨보세요. ", "img3": "https://img-cf.kurly.com/shop/data/goodsview/20200303/gv20000083838_1.jpg", "option_name_list": [], "option_price_list": []},
{"img1": "https://img-cf.kurly.com/shop/data/goods/157612585148y0.jpg", "name": "[리큅] 에어 프라이어 12L", "summary": "에어 프라이어와 오븐을 더한 제품", "price": "139,000원", "discount_rate": 0, "unit": "1개", "amount": "", "package": "상온/종이포장", "made_in": "", "img2": "https://img-cf.kurly.com/shop/data/goodsview/20191212/gv10000072510_1.jpg", "description": "올인원이라는 말이 이만큼 어울리는 가전이 있을까요? 에어 프라이어는 물론, 오븐과 식품 건조 기능까지 갖춘 만능 조리기구를 만나보세요. 도어에 넓게 내열유리를 부착해 바스켓을 닫아도 조리가 얼마나 진행되었는지 눈으로 확인이 가능한 제품이랍니다. 트레이부터 통돌이, 바베큐 꼬치에 이르기까지 다양한 조리용 구성품을 함께 보내드리기에 활용 범위도 무척 넓어요. 에어 프라이어가 필요했던 분은 물론이고, 좁은 주방에 놓아 다방면으로 쓸 조리기구를 찾는 1인 가구에게도 꼭 알맞을 거예요. ", "img3": "https://img-cf.kurly.com/shop/data/goodsview/20200401/gv40000088507_1.jpg", "option_name_list": [], "option_price_list": []},
{"img1": "https://img-cf.kurly.com/shop/data/goods/1576141367663y0.jpg", "name": "[리큅] 미미쿡", "summary": "오래 조리하는 요리에 꼭 필요한", "price": "129,000원", "discount_rate": 0, "unit": "1개", "amount": "", "package": "상온/종이포장", "made_in": "", "img2": "https://img-cf.kurly.com/shop/data/goodsview/20191212/gv20000072645_1.jpg", "description": "정말로 맛있는 음식의 맛을 표현하는 한자식 표현인 美味(미미)를 붙인 간편한 조리 기구를 만나보세요. 뭉근하게 끓이거나 오래 우려내야 해서 불앞을 떠나지 못하는 요리를 할 때 꼭 알맞은 제품이에요. 전원 코드를 연결하고 버튼 몇 개만 꼭꼭 누르면 알아서 조리를 시작하고, 조리가 끝나면 5시간 동안 자동으로 보온이 된답니다. 음식이 닿는 내솥 전체는 도자기 재질로 만들어 오래 열을 가해도 걱정이 없어요. 가정에서 둥글레 등을 넣어 직접 물을 끓여 마실 때 사용해도 좋을 거예요.", "img3": "https://img-cf.kurly.com/shop/data/goodsview/20191212/gv20000072653_1.jpg", "option_name_list": [], "option_price_list": []},
{"img1": "https://img-cf.kurly.com/shop/data/goods/157595903146y0.jpg", "name": "[미스토] 오일 스프레이 2종", "summary": "효율적인 오일 사용을 도와주는", "price": "18,800원", "discount_rate": 0, "unit": "1개", "amount": "", "package": "상온/종이포장", "made_in": "", "img2": "https://img-cf.kurly.com/shop/data/goodsview/20191210/gv40000072145_1.jpg", "description": "적은 양으로도 요리의 전체적인 풍미를 바꿔주는 오일은 주방에서 빼놓을 수 없는 존재예요. 대부분 주르륵 흘러 나오는 용기에 담겨 있는 터라, 양 조절이 쉽지 않은 것도 사실인데요. 컬리가 준비한 미스토의 오일 스프레이와 함께라면 이런 불편을 덜 수 있을 거예요. 미리 준비한 오일을 용기에 담아 분사하면 꼭 필요한 양의 오일만을 사용할 수 있답니다. 미스트처럼 부드럽고 가벼운 입자로 분사되기에 사용되는 오일의 양은 적지만, 넓은 범위에 골고루 더할 수 있어 좋아요. 에어프라이어 요리를 즐겨하는 분들이라면 특히나 요긴하게 사용할 수 있을 거예요.", "img3": "https://img-cf.kurly.com/shop/data/goodsview/20191210/gv00000072159_1.jpg", "option_name_list": ["[미스토] 오일 스프레이 그레이", " [미스토] 오일 스프레이 레드"], "option_price_list": ["18,800원", "18,800원"]},
{"img1": "https://img-cf.kurly.com/shop/data/goods/157588691852y0.jpg", "name": "[보스카] 코펜하겐 치즈 나이프 세트", "summary": "세련미를 갖춘 스틸 치즈 나이프", "price": "23,400원", "discount_rate": "10%", "unit": "제품별상이(하단참조)", "amount": "제품별상이(하단참조)", "package": "냉장/종이포장", "made_in": "", "img2": "https://img-cf.kurly.com/shop/data/goodsview/20191209/gv30000072027_1.jpg", "description": "고기와 과일을 자르는 칼이 다르듯이 치즈를 자를 때도 적합한 도구가 필요합니다. 치즈는 만드는 방법과 숙성도에 따라 제작기 다른 질감을 지니고 있어요. 연성치즈는 식감이 부드러운 반면 하드 치즈는 표면이 딱딱합니다. 치즈의 특성을 고려해 그에 맞는 나이프를 쓰는 것이 중요한 이유예요. 보스카의 코펜하겐 치즈 나이프 세트는 버터나 프레시 치즈를 위한 스프레딩 미니 나이프와 세미 소프트 치즈를 위한 나이프, 세미 하드 치즈 나이프, 하드 치즈 나이프로 구성되어 있어요. 원하는 치즈를 골라 그에 맞는 나이프로 유용함을 누려보세요. ", "img3": "https://img-cf.kurly.com/shop/data/goodsview/20191209/gv30000072032_1.jpg", "option_name_list": [], "option_price_list": []},
{"img1": "https://img-cf.kurly.com/shop/data/goods/1575886444515y0.jpg", "name": "[보스카] 치즈 세트 프렌즈", "summary": "제각각 쓰임이 다른 치즈 나이프를 담은", "price": "66,000원", "discount_rate": 0, "unit": "제품별상이(하단참조)", "amount": "제품별상이(하단참조)", "package": "상온/종이포장", "made_in": "", "img2": "https://img-cf.kurly.com/shop/data/goodsview/20191209/gv20000072023_1.jpg", "description": "고기와 과일을 자르는 칼이 다르듯이 치즈를 자를 때도 적합한 도구가 필요합니다. 나이프로 치즈를 자르고 담을 수 있는 도마까지 함께라면 더 없이 좋습니다. 보스카의 치즈 세트 프렌즈는 쓰임이 제각기 다른 치즈 나이프와 오크 나무의 결을 그대로 살려 만든 도마로 구성했어요. 특히 나이프는 단단한 스테인리스 스틸 소재로 만든 칼날에 오크 나무 손잡이를 더해 고급스러워요. 버터나 부드러운 프레시 치즈를 자를 때 유용한 스프레딩 나이프 미니와 하드 치즈 나이프, 치즈 나이프 치지 미니가 포함되어 있으니 그에 맞는 치즈를 선택해 보다 편리하게 잘라보세요. 예쁘게 자른 치즈를 나무 도마 위에 플레이팅하는 것도 잊지 마세요! ", "img3": "https://img-cf.kurly.com/shop/data/goodsview/20191209/gv30000072026_1.jpg", "option_name_list": [], "option_price_list": []},
{"img1": "https://img-cf.kurly.com/shop/data/goods/1575956945987y0.jpg", "name": "[보스카] 세미 소프트 치즈 나이프", "summary": "연성 치즈를 위한 필수품", "price": "23,400원", "discount_rate": "10%", "unit": "1개", "amount": "하단참조", "package": "상온/종이포장", "made_in": "", "img2": "https://img-cf.kurly.com/shop/data/goodsview/20191209/gv00000071987_1.jpg", "description": "고기와 과일을 자르는 칼이 다르듯이 치즈를 자를 때도 적합한 도구가 필요합니다. 보스카의 세미 소프트 치즈 나이프는 전통적 스타일의 치즈 칼로, 연성치즈를 자를 때 유용해요. 연성 치즈는 부드럽게 녹아내리는 성질이 있어 일반 칼로 자르면 치즈 조각이 찐득하게 달라붙어요. 세미 소프트 치즈 나이프는 칼날에 구멍이 송송 뚫려 있어 치즈 조각이 달라붙지 않고, 깔끔하게 잘립니다. 칼날과 손잡이를 날렵하게 연결한 디자인도 고급스러워 소장 욕구를 불러일으킵니다. ", "img3": "https://img-cf.kurly.com/shop/data/goodsview/20191209/gv40000072002_1.jpg", "option_name_list": [], "option_price_list": []},
{"img1": "https://img-cf.kurly.com/shop/data/goods/1567044877612y0.jpg", "name": "[릭틱] 네일잇 시즈닝 온도계", "summary": "가볍고 간편한 조리용 온도계", "price": "39,000원", "discount_rate": 0, "unit": "1개", "amount": "", "package": "상온/종이포장", "made_in": "", "img2": "https://img-cf.kurly.com/shop/data/goodsview/20190829/gv30000060561_1.jpg", "description": "요리 초보들은 구워야 하는 고기의 두께가 두꺼워질수록 점점 난처함을 느껴요. 겉이 탈지도 모른다는 불안감에 고기를 잘라보면 속에는 열이 전달조차 되지 않은 경우도 많지요. 그럴 땐 릭틱의 조리용 온도계를 사용해 보세요. 측정을 원하는 부위에 탐침을 꽂아 두고 계기판을 읽기만 하면 된답니다. 소와 양, 돼지, 가금류를 취향에 따라 익힐 수 있도록 간단한 온도 가이드가 기재되어 있어 더욱 편리해요. 도톰한 스테이크, 통닭구이 등에 활용해 보세요. ", "img3": "https://img-cf.kurly.com/shop/data/goodsview/20190829/gv40000060569_1.jpg", "option_name_list": [], "option_price_list": []},
{"img1": "https://img-cf.kurly.com/shop/data/goods/1566536026268y0.jpg", "name": "[스틸웍스] 우드 스패출러 2종", "summary": "나무의 결을 그대로 닮은", "price": "33,000원", "discount_rate": 0, "unit": "1개", "amount": "", "package": "상온/종이포장", "made_in": "", "img2": "https://img-cf.kurly.com/shop/data/goodsview/20190823/gv20000059840_1.jpg", "description": "부엌에 따뜻한 감성을 불어넣어 줄 스틸웍스의 우드 스패출러 2종을 소개합니다. 색과 결이 고운 북미산 호두 나무를 사용해 만들었어요. 집성목이 아닌 원목을 사용해 흠집과 변형에 강해요. 스패출러의 형태에 맞게 조각한 뒤 표면을 다듬는 샌딩 작업과 오일 마감을 3회 이상 거쳐 표면이 매끄럽지요. 스패출러가 손에 부드럽게 잡히는 기분도 좋답니다. 뜨거운 팬 위에서 식재료를 조리해도 열전도율이 낮아 손을 델 위험이 없고, 오래 사용해도 뒤틀리지 않아요. 머리 부분이 길고, 짧은 두 가지 디자인으로 준비했으니 무쇠 팬이나 스테인리스 스틸 팬, 코팅 팬에서 자유롭게 사용해보세요. ", "img3": "https://img-cf.kurly.com/shop/data/goodsview/20190823/gv30000060004_1.jpg", "option_name_list": ["[스틸웍스] 우드 스패출러 월넛 M", "[스틸웍스] 우드 스패출러 월넛 L"], "option_price_list": ["33,000원", "33,000원"]},
{"img1": "https://img-cf.kurly.com/shop/data/goods/1566535975645y0.jpg", "name": "무쇠 주물 시즈닝 도구 2종", "summary": "질 좋은 냄비를 위한 도구", "price": "4,800원", "discount_rate": 0, "unit": "", "amount": "", "package": "상온/종이포장", "made_in": "", "img2": "https://img-cf.kurly.com/shop/data/goodsview/20190823/gv20000059829_1.jpg", "description": null, "img3": "https://img-cf.kurly.com/shop/data/goodsview/20190823/gv00000060002_1.jpg", "option_name_list": ["[스틸웍스] 시즈닝용 광목 천 2개입", "[버즈왁스] 무쇠 주물 시즈닝 크림"], "option_price_list": ["4,800원", "15,000원"]},
{"img1": "https://img-cf.kurly.com/shop/data/goods/1564967991829y0.jpg", "name": "[JAJU] 식기건조대 3종", "summary": "깔끔한 주방을 위한 선택", "price": "99,900원", "discount_rate": 0, "unit": "1개", "amount": "옵션별 상이", "package": "기타", "made_in": "", "img2": "https://img-cf.kurly.com/shop/data/goodsview/20190805/gv40000056926_1.jpg", "description": "식기건조대는 늘 주방에 두고 사용하기에 꼼꼼하게 살펴 보아야 하죠. 남다른 견고함과 디테일을 자랑하는 JAJU의 식기건조대를 컬리에서 만나보세요. 스테인리스 재질로 이뤄져 위생적으로 오래 사용할 수 있고, 고급스럽고 깔끔하게 느껴지는 제품입니다. 무엇보다도 촘촘한 와이어 배열이 식기의 효율적인 수납과 안정적인 고정을 도와줘요. 본체 하단에 위치한 물빠짐 트레이로는 그릇에서 떨어지는 물을 싱크대로 바로 흘려보낼 수 있고요. 수저통과 다용도 걸이까지 자유로운 탈부착이 가능하니, 각 주방의 상황에 알맞게 사용하기도 편리합니다. 소, 대, 2단 세가지 사이즈 중 쓰임에 맞게 골라 깔끔한 주방을 완성해 보세요.", "img3": "https://img-cf.kurly.com/shop/data/goodsview/20190725/gv30000056936_1.jpg", "option_name_list": ["[JAJU] 식기건조대 소", "[JAJU] 식기건조대 대", "[JAJU] 식기건조대 2단"], "option_price_list": ["99,900원", "129,000원", "199,000원"]},
{"img1": "https://img-cf.kurly.com/shop/data/goods/156160769320y0.jpg", "name": "[옥소] 실리콘 스패출러 6종", "summary": "누구나 쓰기 좋은 주방의 필수 아이템", "price": "18,000원", "discount_rate": 0, "unit": "1개", "amount": "옵션별 상이", "package": "상온/종이포장", "made_in": "", "img2": "https://img-cf.kurly.com/shop/data/goodsview/20190627/gv00000054435_1.jpg", "description": null, "img3": "https://img-cf.kurly.com/shop/data/goodsview/20190627/gv20000054440_1.jpg", "option_name_list": [" [옥소] 굿그립 쿠키 스패출러 라즈베리", "[옥소] 굿그립 쿠키 스패출러 그린", " [옥소] 굿그립 쿠키 스패출러 블랙", "[옥소] 굿그립 스패출러 라즈베리", " [옥소] 굿그립 스패출러 그린", " [옥소] 굿그립 스패출러 블랙"], "option_price_list": ["18,000원", "18,000원", "18,000원", "19,000원", "19,000원", "19,000원"]},
{"img1": "https://img-cf.kurly.com/shop/data/goods/1561616810351y0.jpg", "name": "[옥소] 스테인리스 조리도구 5종", "summary": "위생적이고 내구성이 뛰어난", "price": "12,000원", "discount_rate": 0, "unit": "1개", "amount": "옵션별 상이", "package": "상온/종이포장", "made_in": "", "img2": "https://img-cf.kurly.com/shop/data/goodsview/20190628/gv00000054493_1.jpg", "description": "요리를 더욱 손쉽고 효과적이며 즐겁게 만들어주는 조리 도구. 특히 스테인리스 스틸 소재로 만든 조리 도구는 내구성이 뛰어나 사용 중에 닳을 염려가 없고, 반짝거리는 세련된 디자인 덕에 많은 사람에게 인기가 많아요. 그래서 컬리는 요리하는 분들의 연장과도 같은, 멋스러운 옥소의 스테인리스 조리 도구 5종을 준비했어요. 부서지기 쉬운 재료를 깔끔하게 집어주는 집게, 육수를 말끔하게 뜨는 국자, 감자나 아보카도를 으깰 때 유용한 포테이토 매셔, 달걀이나 크림을 섞을 때 요긴한 거품기, 조리 도구를 보관하는 홀더로 마련했어요. 손잡이 부분 또한 편안하게 설계해 물기 묻은 손으로 만져도 미끄러지지 않고, 그립감이 뛰어나요. 쓰면 쓸수록 '옥소로 선택하길 잘했구나!'라는 생각이 들 거예요. ", "img3": "https://img-cf.kurly.com/shop/data/goodsview/20190627/gv30000054503_1.jpg", "option_name_list": [" [옥소] 소프트웍스 스테인리스 집게", "[옥소] 소프트웍스 거기 11인치", "[옥소] 굿그립 스테인리스 국자", "[옥소] 굿그립 포테이토 매셔", "[옥소] 굿그립 조리도구 홀더"], "option_price_list": ["12,000원", "13,000원", "24,000원", "31,000원", "42,000원"]}