{"img1": "https://img-cf.kurly.com/shop/data/goods/15807184831y0.jpg", "name": "[밧드야] 스테인리스 키친랙", "summary": "깔끔한 주방을 위한 키친랙", "price": "25,900원", "discount_rate": 0, "unit": "1개", "amount": "", "package": "상온/종이포장", "made_in": "", "img2": "https://img-cf.kurly.com/shop/data/goodsview/20200203/gv00000080044_1.jpg", "description": "키친랙을 두지 않고 지내본 적이 있다면 알 거예요. 적당히 올려두고 걸쳐둔 세제나 수세미가 주방을 금세 지저분하게 만든다는걸요. 컬리는 꼭 필요한 세척 용품만 간소하게 올려두기 좋은 밧드야의 키친랙을 준비했습니다. 내구성이 좋고 물기에 강하며 관리가 쉬운 스테인리스 단일 소재로 만들었어요. 아래로 꺾인 물받이가 있어 싱크대 주변이나 수세미 아래에 물이 고일 걱정이 없답니다. 사이즈가 그리 크지 않아 원룸의 좁은 주방에도 놓기 적당해요. 깔끔한 주방을 위해 하나쯤 구비해보세요. ", "img3": "https://img-cf.kurly.com/shop/data/goodsview/20200203/gv20000080078_1.jpg", "option_name_list": [], "option_price_list": []},
{"img1": "https://img-cf.kurly.com/shop/data/goods/158071866589y0.jpg", "name": "[밧드야] 스테인리스 쌀통 10kg", "summary": "쌀을 보관하는 똑똑한 방법", "price": "80,655원", "discount_rate": "5%", "unit": "1개", "amount": "", "package": "기타", "made_in": "", "img2": "https://img-cf.kurly.com/shop/data/goodsview/20200203/gv20000080051_1.jpg", "description": "쌀통을 고를 때 중요하게 따져야 하는 요소들이 있죠. 컬리는 내구성과 편의성을 모두 갖춘 밧드야의 제품을 선보입니다. 여러 번 여닫거나, 어딘가에 부딪쳐도 문제가 없도록 두께감이 있는 스테인리스로 만들었어요. 번거롭게 똑딱똑딱 닫지 않아도 뚜껑과 몸체가 착 맞물리도록 디자인해 외부물질이 들어가기 어렵게 한 점도 좋지요. 밧드야의 센스가 특히 돋보이는 부분은 뚜껑이에요. 쌀벌레 방지용 숯, 양파를 넣을 공간을 따로 두었고, 거치대까지 부착했거든요. 맛있는 쌀을 오래, 온전히 즐기고 싶을 때 선택해보세요. ", "img3": "https://img-cf.kurly.com/shop/data/goodsview/20200203/gv10000080053_1.jpg", "option_name_list": [], "option_price_list": []},
{"img1": "https://img-cf.kurly.com/shop/data/goods/1577943537888y0.jpg", "name": "[코디] 행주 대신 빨아쓰는 행주타월 50매 3롤", "summary": "매일 위생적으로 사용하는 행주", "price": "9,990원", "discount_rate": "10%", "unit": "1개", "amount": "", "package": "상온/종이포장", "made_in": "", "img2": "https://img-cf.kurly.com/shop/data/goodsview/20200102/gv40000076279_1.jpg", "description": "빨아서 사용하는 행주타월의 장점은 별도로 삶거나 소독하는 등의 관리가 필요 없다는 점이에요. 주방에서의 사용은 물론 집안 곳곳의 청소를 할 때 하나씩 뜯어 쓰기에도 편리하죠. 눈앞에 놓인 수많은 행주타월 중 어떤 제품을 골라야 할 지 고민된다면 코디의 행주 대신 빨아쓰는 행주타월을 추천할게요. 천연펄프 등을 사용해 만든 부직포 원단으로 이루어져 물에 닿아도 쉽게 찢어지지 않습니다. 형광물질이 검출되지 않았기에 마른 행주로 써도 먼지 날림 걱정을 하지 않아도 좋아요. 1겹으로 이루어졌지만, 2~3번 정도는 빨아 사용할 수 있을 정도로 두께가 두툼하기에 경제적으로 사용할 수 있을 거예요. ", "img3": "https://img-cf.kurly.com/shop/data/goodsview/20200102/gv30000076285_1.jpg", "option_name_list": [], "option_price_list": []},
{"img1": "https://img-cf.kurly.com/shop/data/goods/1575968063169y0.jpg", "name": "[에코후레쉬] 냉장고 냄새 탈취제", "summary": "제올라이트 100%", "price": "5,500원", "discount_rate": 0, "unit": "1개", "amount": "", "package": "상온/종이포장", "made_in": "", "img2": "https://img-cf.kurly.com/shop/data/goodsview/20191210/gv00000072227_1.jpg", "description": "냉장고에 배어 있는 냄새와 습기를 빨아들여줄 탈취제를 컬리가 준비했어요. 화학성분 대신 100% 천연성분인 제올라이트를 사용한 제품입니다. 제올라이트는 자연에 존재하는 돌로, 우리나라를 비롯한 세계 곳곳에서 암석 형태로 존재하는 천연 광물이에요. 사용 중 화학 반응을 일으키지 않아 물이 생기는 변화가 없고, 강력한 탈취력으로 냄새, 습기, VOC(포름알데히드) 등을 효과적으로 제거해주죠. 덕분에 아이가 있는 가정에서도 안심하고 사용할 수 있답니다.", "img3": "https://img-cf.kurly.com/shop/data/goodsview/20191210/gv30000072237_1.jpg", "option_name_list": [], "option_price_list": []},
{"img1": "https://img-cf.kurly.com/shop/data/goods/1572929125107y0.jpg", "name": "[글래드] 다용도 비닐백 4종", "summary": "잘 찢어지지 않는 만능 비닐백", "price": "4,850원", "discount_rate": 0, "unit": "1박스", "amount": "", "package": "상온/종이포장", "made_in": "", "img2": "https://img-cf.kurly.com/shop/data/goodsview/20191105/gv30000066965_1.jpg", "description": "지금 선보이는 비닐백은 쓰레기 봉투로만 사용하기엔 무척이나 아까운 제품이에요. 49L나 되는 낙낙한 크기하며, 손잡이 끈이 달려 어딘가에 걸어 놓거나 질끈 묶어 한 손으로 들 수 있는 편리함이며 든든하기만 하지요. 무엇보다 견고하고 튼튼한 재질, 폴리에틸렌으로 만들어져 많은 양의 내용물을 담더라도 찢어지거나 잘 터지지 않아요. 그래서 분리수거함은 물론 장난감, 이불, 생활용품 등을 담아둘 수 있는 보관함으로도 활용이 가능하답니다. 깨끗하게 잘 쓰면 재사용도 가능하니 더욱 만족스러워요. 여러 용도로 편히 사용할 비닐백 하나쯤 구비해두고 싶다면 글래드의 다용도 비닐백을 추천할게요. ", "img3": "https://img-cf.kurly.com/shop/data/goodsview/20191105/gv10000066975_1.jpg", "option_name_list": ["[글래드] 분리수거 비닐백 10매 49.2L", "[글래드] 분리수거 비닐백 45매 49.2L", "[글래드] 포스플렉스 비닐백 20매 49.2L", "[글래드] 포스플렉스 비닐백 80매 49.2L"], "option_price_list": ["4,850원", "14,500원", "7,950원", "25,500원"]},
{"img1": "https://img-cf.kurly.com/shop/data/goods/1572514990241y0.jpg", "name": "[레인보우샵] 베이킹소다 솝 주방비누 120g", "summary": "설거지에 탁월한 순한 비누", "price": "2,000원", "discount_rate": 0, "unit": "1팩", "amount": "120g", "package": "상온/종이포장", "made_in": "", "img2": "https://img-cf.kurly.com/shop/data/goodsview/20191031/gv40000066596_1.jpg", "description": "주방 세제를 고를 때면 신경이 더욱 곤두서기 마련이에요. 손에 직접 닿게 될 수도 있고, 입안을 오가는 식기나 수저를 설거지할 때 빈번히 사용되니까요. 컬리는 수세미에 쓱쓱 문질러 거품 내 사용하는 고체 비누, 레인보우샵의 베이킹소다 솝을 준비했습니다. 이름 그대로 베이킹소다를 베이스로 보존제, 색소, 향료를 전혀 넣지 않고 만든 상품이에요. 글리세린 성분이 보습효과를 주고, 성분 또한 순하기 때문에 맨손 설거지에도 안심하고 사용할 수 있지요. 작아진 비누를 새 비누에 결합해주면 1g도 남김없이 알뜰하게 사용 가능하니, 경제적인 측면까지 고려하는 분들에게 추천해요.", "img3": "https://img-cf.kurly.com/shop/data/goodsview/20191031/gv40000066603_1.jpg", "option_name_list": [], "option_price_list": []},
{"img1": "https://img-cf.kurly.com/shop/data/goods/1553581956124y0.jpg", "name": "[글래드] 매직랩 4종", "summary": "샐 틈 없는 접착력을 지닌 안심 랩", "price": "4,950원", "discount_rate": 0, "unit": "1개", "amount": "제품별 상이", "package": "상온/종이포장", "made_in": "", "img2": "https://img-cf.kurly.com/shop/data/goodsview/20191030/gv40000066354_1.jpg", "description": null, "img3": "https://img-cf.kurly.com/shop/data/goodsview/20191030/gv10000066360_1.jpg", "option_name_list": ["[글래드] 매직랩 컴팩트", "[글래드] 매직랩 일반형", "[글래드] 매직랩 대용량", " [글래드] 매직랩 점보형"], "option_price_list": ["4,950원", "5,850원", "6,950원", "7,500원"]},
{"img1": "https://img-cf.kurly.com/shop/data/goods/156636440767y0.jpg", "name": "[글래드] 지퍼 슬라이드 2종", "summary": "쉽게 여닫는 생활 방수 지퍼백", "price": "3,000원", "discount_rate": 0, "unit": "1상자", "amount": "", "package": "상온/종이포장", "made_in": "", "img2": "https://img-cf.kurly.com/shop/data/goodsview/20190821/gv10000059736_1.jpg", "description": "지퍼백을 고를 때 중점적으로 살펴봐야 할 점이 있다면 밀폐력을 빼놓을 수 없어요. 컬리는 지퍼에 슬라이딩 방식을 적용하여 밀폐력 뿐 아니라 액체를 넣어도 새지 않아 생활 방수까지 보장해주는 지퍼백을 소개할게요. 비스페놀 A 등 환경호르몬으로부터 안전한 제품입니다. 지퍼백 표면은 엠보싱 가공으로 두껍고 튼튼히 만들고, 산소투과율과 투습도가 낮아 내용물을 보다 오랫동안 신선하게 보관할 수 있어요. 4단 밀폐 결합 구조를 지퍼 부분에 더해 음식 냄새와 외부 공기, 습기를 확실히 차단해 주기도 하지요. 지퍼가 서로 맞닿으면 초록색으로 변하는데, 잘 밀봉된 상태라는 것을 의미하기도 한답니다. 지퍼를 그대로 당겨 쉽고 빠르게 여닫을 수 있는 글래드의 지퍼 슬라이드를 크기 별로 2종을 준비했으니 골라가세요. ", "img3": "https://img-cf.kurly.com/shop/data/goodsview/20190821/gv10000059814_1.jpg", "option_name_list": ["[글래드] 지퍼 슬라이드 소 12매", "[글래드] 지퍼 슬라이드 대 8매"], "option_price_list": ["3,000원", "3,650원"]},
{"img1": "https://img-cf.kurly.com/shop/data/goods/1566368044308y0.jpg", "name": "[디시피쉬] 듀얼 스크러버 2종", "summary": "설거지를 위한 완벽한 수세미", "price": "6,500원", "discount_rate": 0, "unit": "1개입/3개입", "amount": "개당 8*11.5*3cm (가로,세로,두께)", "package": "상온/종이포장", "made_in": "", "img2": "https://img-cf.kurly.com/shop/data/goodsview/20190821/gv30000059787_1.jpg", "description": "설거지할 때 세제만큼 신경 쓰이는 것이 수세미입니다. 사용한 뒤 꼼꼼하게 말리지 않으면 세균에 쉽게 노출되고, 찌꺼기나 음식물이 남아 냄새가 나기 때문이지요. 행여 민감한 식기 표면을 수세미로 문지르다 흠집이 생길까 걱정되기도 하고요. 이제 컬리가 소개하는 물고기 모양의 듀얼 스크러버로 스크래치 없이 설거지해 보세요. 앞면은 파워셀이라는 정 12면체 복합 구조로, 뒷면은 부드럽고 흡수력이 뛰어난 폴리우레탄 스펀지로 만들었어요. 세제를 조금만 묻혀도 거품이 풍성하게 나고, 유연하게 구부러지는 조직감을 지녀 젖병과 유리를 포함한 식기, 코팅 팬 등을 깨끗하게 흠집 없이 세척할 수 있어요. 공기와 물이 자유롭게 통하기 때문에 일반 수세미보다 빨리 마르고, 세균 번식이 덜하답니다. ", "img3": "https://img-cf.kurly.com/shop/data/goodsview/20190821/gv10000059802_1.jpg", "option_name_list": ["[디시피쉬] 듀얼 스크러버 1개입", "[디시피쉬] 듀얼 스크러버 3개입"], "option_price_list": ["6,500원", "18,300원"]},
{"img1": "https://img-cf.kurly.com/shop/data/goods/1566365275927y0.jpg", "name": "[디시피쉬] 스크러버 2종", "summary": "스크래치 없이 설거지를 돕는", "price": "5,500원", "discount_rate": 0, "unit": "1개입 / 3개입", "amount": "개당 8*11.5*3cm(가로,세로,두께)", "package": "상온/종이포장", "made_in": "", "img2": "https://img-cf.kurly.com/shop/data/goodsview/20190821/gv30000059760_1.jpg", "description": "설거지할 때 세제만큼 신경 쓰이는 것이 수세미입니다. 사용한 뒤 꼼꼼하게 말리지 않으면 세균에 쉽게 노출되고, 찌꺼기나 음식물이 남아 냄새가 나기 때문이지요. 행여 민감한 식기 표면을 수세미로 문지르다 흠집이 생길까 걱정되기도 하고요. 컬리가 소개하는 물고기 모양의 디시피쉬 스크러버는 파워셀이라는 정 12면체 복합구조로 만들어 물과 공기가 자연스럽게 통해요. 일반 수세미보다 세균 번식이 덜하고, 내구성이 탄탄해 오래 쓸 수 있지요. 실제로 만져보면 살짝 딱딱한 편이지만 유연하게 구부러지는 조직감을 지녀 식기나 코팅 프라이팬에 흠집을 남기지 않는답니다. ", "img3": "https://img-cf.kurly.com/shop/data/goodsview/20190821/gv20000059766_1.jpg", "option_name_list": ["[디시피쉬] 스크러버 1개입", "[디시피쉬] 스크러버 3개입"], "option_price_list": ["5,500원", "15,500원"]},
{"img1": "https://img-cf.kurly.com/shop/data/goods/1566354854699y0.jpg", "name": "[아베나] 니트릴 장갑 블라썸 4종(다목적용)", "summary": "피부를 보호해주는 튼튼한 위생 장갑", "price": "6,600원", "discount_rate": 0, "unit": "1박스", "amount": "100매입", "package": "상온/종이포장", "made_in": "", "img2": "https://img-cf.kurly.com/shop/data/goodsview/20190821/gv00000059719_1.jpg", "description": "내구성이 강한 니트릴 재질의 장갑은 집에 하나쯤 구비해두면 요긴하게 쓰이죠. 요리를 할 때 위생적인 것은 물론 집안 청소나 꽃꽂이, 페인팅 등 일상 생활이나 전문적인 공간에서 피부를 보호해주기 때문인데요. 컬리는 덴마크의 위생용품 브랜드, 아베나가 개발한 니트릴 장갑을 다목적용으로 준비했습니다. 무분말 타입의 니트릴 소재로 만들었기에 피부에 민감하신 분들이 사용하기에도 알맞아요. 착용하는 순간 손에 착 달라붙으면서도, 조임이나 헐렁거림 없이 손을 자유로이 움직일 수 있도록 만든 제품이지요. 손가락 부분에 돌기와 같은 패턴이 촘촘히 더해져 손에서 물건이나 식재료 등이 미끄러질 염려도 적답니다. 손목에 밴딩 처리를 하여 손목에서 흘러내리지 않도록 세밀하게 신경썼으니 일에 더욱 몰두할 수 있을 거예요. ", "img3": "https://img-cf.kurly.com/shop/data/goodsview/20190821/gv40000059727_1.jpg", "option_name_list": ["[아베나] 니트릴 장갑 다목적용 XS", "[아베나] 니트릴 장갑 다목적용 S", " [아베나] 니트릴 장갑 다목적용 M", "[아베나] 니트릴 장갑 다목적용 L"], "option_price_list": ["6,600원", "6,600원", "6,600원", "6,600원"]},
{"img1": "https://img-cf.kurly.com/shop/data/goods/1563857802795y0.jpg", "name": "[크린랲] 친환경 비닐백 3종", "summary": "하나씩 간편하게 뽑아 쓰는", "price": "1,540원", "discount_rate": 0, "unit": "1개", "amount": "100매", "package": "상온/종이포장", "made_in": "", "img2": "https://img-cf.kurly.com/shop/data/goodsview/20190723/gv40000056613_1.jpg", "description": "일회용 비닐백은 각종 음식이나 물건 등을 정리하거나 보관할 때 요긴하게 쓰이는 고마운 존재지요. 자주 사용하는 만큼 안전한 소재로 만든 비닐백을 컬리에서 만나보세요. 크린랲이 사탕수수에서 추출한 식물성 원료 'BIO-PE'로 만든 친환경 비닐백입니다. 제품 생산과정에서 탄소 배출량이 절감되는 것은 물론 인체 유해 물질로부터 안전해요. 그래서 음식을 담은 채로 비닐백을 전자레인지에 넣고 데워도 안심이에요. -60~120℃의 내열·내한성을 지녀 전자레인지나 냉동고의 사용도 자유롭답니다. 하나씩 편히 뽑아쓰는 타입의 친환경 비닐백을 3가지 사이즈로 준비했으니 필요에 따라 골라가세요. ", "img3": "https://img-cf.kurly.com/shop/data/goodsview/20190723/gv00000056621_1.jpg", "option_name_list": ["[크린랲] 친환경 비닐백 대", "[크린랲] 친환경 비닐백 중", "[크린랲] 친환경 비닐백 소"], "option_price_list": ["3,480원", "2,640원", "1,540원"]},
{"img1": "https://img-cf.kurly.com/shop/data/goods/1563857356173y0.jpg", "name": "[크린랲] 친환경 비닐 장갑 2종", "summary": "인체 유해물질로부터 안전한 위생장갑", "price": "2,200원", "discount_rate": 0, "unit": "1개", "amount": "50매 / 100매", "package": "상온/종이포장", "made_in": "", "img2": "https://img-cf.kurly.com/shop/data/goodsview/20190723/gv30000056603_1.jpg", "description": "일회용 비닐 장갑은 요리를 위생적으로 하고자 한다면 꼭 필요하죠. 자주 사용하는 만큼 안전한 소재로 만든 비닐 장갑을 찾는다면 지금 소개하는 크린랲의 친환경 비닐 장갑을 컬리에서 만나보세요. 사탕수수에서 추출한 식물성 원료 'BIO-PE'로 만든 친환경 제품이랍니다. 제품 생산과정에서 탄소 배출량이 절감되는 것은 물론 인체 유해 물질로부터 안전해요. 장갑을 낀 채로 음식을 하거나, 따로 음식을 덜 때 장갑이 음식물에 직접 닿아도 안심할 수 있는 이유지요. 친환경 비닐 장갑을 50매와 100매의 제품 2종으로 준비했으니 사용 빈도에 따라 골라 가세요. ", "img3": "https://img-cf.kurly.com/shop/data/goodsview/20190723/gv30000056622_1.jpg", "option_name_list": ["[크린랲] 친환경 비닐 장갑 100매", "[크린랲] 친환경 비닐 장갑 50매"], "option_price_list": ["4,290원", "2,200원"]},
{"img1": "https://img-cf.kurly.com/shop/data/goods/1563857691475y0.jpg", "name": "[크린랲] 친환경 비닐 롤백 3종", "summary": "하나씩 뜯어 쓰는 비닐백", "price": "2,640원", "discount_rate": 0, "unit": "1개", "amount": "200매", "package": "상온/종이포장", "made_in": "", "img2": "https://img-cf.kurly.com/shop/data/goodsview/20190723/gv20000056607_1.jpg", "description": null, "img3": "https://img-cf.kurly.com/shop/data/goodsview/20190723/gv10000056612_1.jpg", "option_name_list": ["[크린랲] 친환경 비닐 롤백 대", "[크린랲] 친환경 비닐 롤백 중", "[크린랲] 친환경 비닐 롤백 소"], "option_price_list": ["5,280원", "4,090원", "2,640원"]},
{"img1": "https://img-cf.kurly.com/shop/data/goods/1562814156834y0.jpg", "name": "[Vastly] 키친타올 2종", "summary": "자연의 순환을 따르는 주방용품", "price": "7,900원", "discount_rate": 0, "unit": "1팩", "amount": "옵션별 상이 ", "package": "상온/종이포장", "made_in": "", "img2": "https://img-cf.kurly.com/shop/data/goodsview/20190711/gv40000055601_1.jpg", "description": "새하얗고 깔끔한 키친타올을 보면서 형광증백제나 화학성분이 묻어나지는 않을까 하는 걱정을 단 한 번이라도 했다면, 컬리가 소개하는 바스틀리의 제품을 주목해주세요. 벌목, 가공, 유통, 폐기 등 전 과정에서 자연에 많은 영향을 끼치는 나무 펄프 대신 밀짚을 이용해 만든 제품이랍니다. 낟알을 수확한 뒤 들판에 남은 지푸라기를 수거해 Vastly의 독자적인 기술력으로 가공했어요. 제조과정에서 식품위생법 기준을 준수했기에 식품에 직접 닿아도 걱정이 없습니다. 물이나 기름이 묻어도 쉽게 찢어지지 않을 정도로 내구성이 좋지만, 버려진 후에는 45일 안에 토양 미생물에 의해 생분해되어 퇴비로 전환되는 제품이에요. 짚 본연의 옅은 갈색을 띠고 있어 더 안전하고 자연에 가깝게 느껴지는 바스틀리 키친타올을 지금 만나보세요. ", "img3": "https://img-cf.kurly.com/shop/data/goodsview/20190711/gv20000055606_1.jpg", "option_name_list": ["[Vastly] 키친타올 점보롤", "[Vastly] 키친타올 실속롤 2P NEW"], "option_price_list": ["15,900원", "7,900원"]},
{"img1": "https://img-cf.kurly.com/shop/data/goods/1561536364986y0.jpg", "name": "[크리넥스] 안심 클래식 키친타올 120매 x 4롤", "summary": "주방을 청결하게 유지하는 필수 아이템(120매x4ea)", "price": "4,100원", "discount_rate": 0, "unit": "1팩", "amount": "120매/4롤", "package": "상온/종이포장", "made_in": "", "img2": "https://img-cf.kurly.com/shop/data/goodsview/20190626/gv10000054316_1.jpg", "description": "키친타월을 고를 때는 기름기와 물기를 말끔하게 흡수할 수 있고, 젖었을 때 쉽게 찢어지지 않는 결을 가진 제품으로 선택하는 것이 좋아요. 이를 위해서 엠보싱이나 원단 등을 확인하는 것도 방법이지요. 컬리가 추천하는 안심 클래식 키친타월은 도톰한 흡수층을 만들어주는 물방울 모양의 엠보싱을 적용했어요. 천연 펄프로 만든 키친타월 표면이 물방울 형태로 올록볼록한데, 채소와 식기의 물기, 튀김의 기름기를 제거하는데 효과적이에요. 점선을 따라 뜯을 때 먼지가 날리지 않고 깔끔하게 잘 뜯기는 것도 장점이지요. 그 덕분에 음식에 미세한 먼지가 들어갈 일도 없답니다.", "img3": "https://img-cf.kurly.com/shop/data/goodsview/20190626/gv20000054320_1.jpg", "option_name_list": [], "option_price_list": []}