{"img1": "https://img-cf.kurly.com/shop/data/goods/1571901097696y0.jpg", "name": "[아소부] 뉴 푸어오버 커피 메이커 3종", "summary": "추출과 동시에 텀블러의 역할을 하는", "price": "79,000원", "discount_rate": 0, "unit": "1개", "amount": "", "package": "상온/종이포장", "made_in": "", "img2": "https://img-cf.kurly.com/shop/data/goodsview/20191024/gv20000065825_1.jpg", "description": "매일 핸드드립으로 커피를 내리고, 커피를 담아 외출을 하는 분들께 희소식이에요. 핸드드립 커피 추출과 텀블러의 기능을 동시에 갖춘 아소부의 뉴 푸어오버 커피 메이커를 컬리가 가져왔답니다. '모래시계'가 연상되는 이 커피 메이커는 커피 추출 방식을 고려하여 디자인된 제품이에요. 분쇄 원두를 스테인리스 소재의 메쉬 필터에 담은 뒤 물을 부으면 보온·보냉력을 지닌 진공 텀블러에 커피가 추출되지요. 그대로 뚜껑을 닫으면 휴대용 텀블러가 되지만, 물코가 달린 추출 글라스를 텀블러에 접목하면 커피를 잔에 손쉽게 따를 수도 있답니다. 한 손으로 자유로이 텀블러를 잡고 따르기 편리하도록 호환 가능한 핸들까지 별도로 준비했어요. 감각적인 디자인까지 더해졌으니 드립 커피를 즐겨드시는 분들께 선물하여 마음을 전해봐도 좋아요. ", "img3": "https://img-cf.kurly.com/shop/data/goodsview/20191024/gv20000065837_1.jpg", "option_name_list": ["[아소부] 뉴 푸어오버 커피 메이커 버건디", "[아소부] 뉴 푸어오버 커피 메이커 코퍼", "[아소부] 커피 메이커 핸들"], "option_price_list": ["79,900원", "79,900원", "12,000원"]},
{"img1": "https://img-cf.kurly.com/shop/data/goods/1571211508876y0.jpg", "name": "[보덤] 카페티에라 커피 메이커 0.35L 4종", "summary": "리미티드 컬러의 프렌치 프레스", "price": "29,000원", "discount_rate": 0, "unit": "1개", "amount": "350mL", "package": "상온/종이포장", "made_in": "", "img2": "https://img-cf.kurly.com/shop/data/goodsview/20191016/gv10000064769_1.jpg", "description": "'프렌치 프레스'라는 이름이 도구를 총칭하는 말이 아니라는 것, 알고 계셨나요? 이는 덴마크의 커피&티웨어 브랜드인 보덤이 개발한 상품의 이름이랍니다. 컬리는 오리지널 제품의 클래식한 디자인과 창립 75주년을 맞아 선보이는 감각적인 파스텔컬러가 어우러진 커피 메이커를 소개할게요. 커피가 직접 닿는 부분은 유리와 스테인리스로, 뚜껑은 가벼운 플라스틱으로 만들었습니다. 한 사람이 마시다 보면 무심코 과잉 추출하기 쉬운 커피 메이커의 특성을 보완하기 위해 1~2잔 정도 내리기 알맞은 350mL로 만든 것도 특징이에요. '좋은 디자인이라고 비쌀 필요가 없다'라는 창립자 피터 보덤의 생각이 오롯이 담겨있는 커피 메이커를 컬리에서 만나보세요. ", "img3": "https://img-cf.kurly.com/shop/data/goodsview/20191016/gv30000064777_1.jpg", "option_name_list": [" [보덤] 카페티에라 커피 메이커 0.35L 블루문", " [보덤] 카페티에라 커피 메이커 0.35L 스트로베리", "[보덤] 카페티에라 커피 메이커 0.35L 바나나", "[보덤] 카페티에라 커피 메이커 0.35L 피스타치오"], "option_price_list": ["29,000원", "29,000원", "29,000원", "29,000원"]},
{"img1": "https://img-cf.kurly.com/shop/data/goods/1553669754958y0.jpg", "name": "[슈어] 일회용 얼음틀 3종", "summary": "원하는 모양으로 얼리는 재미", "price": "2,200원", "discount_rate": 0, "unit": "1박스(10개입)", "amount": "제품별 상이", "package": "상온/종이포장", "made_in": "", "img2": "https://img-cf.kurly.com/shop/data/goodsview/20190327/gv30000046041_1.jpg", "description": "플라스틱, 실리콘에 이어 비닐백 재질의 일회용 얼음틀을 컬리가 소개할게요. 덴마크에서 온 생활용품 브랜드, 슈어가 얼음을 보다 쉽고 간편하게 얼릴 수 있도록 연구해 만든 제품이랍니다. 환경호르몬 BPA가 검출되지 않은 저밀도 폴리에틸렌 재질로 만들어 더욱 안심이죠. 얼음틀 백의 입구에 물이나 음료 등을 채워 넣어 밀봉한 뒤 그대로 얼리면 얼음이 손쉽게 완성되는데요. 얼음틀 팩에 새겨진 네모, 하트, 아이스바 모양의 점선에 따라 자동으로 내용물이 채워지기에 그 모양 그대로 얼음 모양이 유지됩니다. 음식물 냄새가 차단되는 일회용 비닐백 형태이니, 얼음에 냉동실 냄새가 밸 걱정은 넣어 두셔도 좋아요. 실용성에 재미까지 더한 슈어의 일회용 얼음틀을 용도에 맞게 활용해보세요.", "img3": "https://img-cf.kurly.com/shop/data/goodsview/20190327/gv00000046049_1.jpg", "option_name_list": ["[슈어] 일회용 얼음틀 일반형 10매", "[슈어] 일회용 얼음틀 하트형 10매", "[슈어] 일회용 얼음틀 바형 10매"], "option_price_list": ["2,200원", "2,200원", "2,200원"]},
{"img1": "https://img-cf.kurly.com/shop/data/goods/1553246954416y0.jpg", "name": "[아소부] 콜드브루 메이커 2종", "summary": "캐나다의 디자인 감성을 담은", "price": "63,920원", "discount_rate": "20%", "unit": "1개", "amount": "1kg / 12.5cm x 33cm", "package": "상온/종이포장", "made_in": "", "img2": "https://img-cf.kurly.com/shop/data/goodsview/20190322/gv40000045769_1.jpg", "description": "일반 커피와 다른 콜드브루만의 장점은 상온이나 차가운 물에 오랜 시간 우려내 쓴맛이 덜하고, 원두 본연의 풍미를 느낄 수 있다는 것이에요. 최근에는 카페에서 혹은 시판 제품으로 마시던 콜드브루에서 벗어나 집에서 직접 콜드브루를 추출하고 싶은 분들이 늘어나고 있어요. 그래서 컬리는 감각적인 디자인과 간편한 작동법을 모두 갖춘 아소부의 콜드브루 메이커 2종을 준비했습니다. 아소부 콜드브루 메이커는 기다림의 상징인 모래 시계를 형상화한 디자인이 아주 매력적이예요. 분쇄된 원두를 본체에 담아 물을 부으면 침출식으로 콜드브루를 천천히 내려주지요. 본체와 연결된 텀블러에 콜드브루를 담아 마실 수 있어 휴대성도 뛰어나요. 추출되기까지 약 12~24시간이 걸리지만, 기다림의 가치가 충분히 있는 콜드브루를 음미할 수 있답니다. ", "img3": "https://img-cf.kurly.com/shop/data/goodsview/20190327/gv20000045781_1.jpg", "option_name_list": ["[아소부] 콜드브루 메이커 블랙", "[아소부] 콜드브루 메이커 코퍼"], "option_price_list": ["79,900원", "79,900원"]},
{"img1": "https://img-cf.kurly.com/shop/data/goods/1542268363955y0.jpg", "name": "[킨토] 커피 저그 2종", "summary": "최소한의 디테일로 심플하게 만든", "price": "15,000원", "discount_rate": 0, "unit": "1개", "amount": "", "package": "상온/종이포장", "made_in": "", "img2": "https://img-cf.kurly.com/shop/data/goodsview/20181115/gv10000036155_1.jpg", "description": "의외로 마음에 꼭 드는 커피 저그는 찾기 어려워요. 가격이 높은 건 아니지만 자주 사용하는 제품이다 보니 기존에 갖고 있던 드리퍼와 잘 어울리는지, 주방의 인테리어를 해치지 않는지 여러 가지를 꼼꼼하게 따져볼 수밖에 없죠. 그렇다면 답은 최소한의 디테일로 심플하게 만든 제품이에요. 컬리는 바로 그런 제품을 찾던 분들을 위해 킨토의 커피 저그 2종을 소개합니다. 내열 유리로 만든 커피 저그는 '미니멀'이라는 단어와 가장 잘 어울립니다. 눈에 확 띄는 디자인은 아니라도, 보면 볼수록 아름답고 자꾸만 손이 가요. 저그 표면에 점을 찍어 용량을 쉽게 알 수 있도록 한 배려 또한 남다르지요. 컬리는 두 가지 용량의 커피 서버를 준비했어요. 사용 빈도에 따라, 드리퍼 사이즈에 따라 선택해보세요.", "img3": "https://img-cf.kurly.com/shop/data/goodsview/20181115/gv00000036163_1.jpg", "option_name_list": ["[킨토] 커피 저그 300ml", "[킨토] 커피 저그 600ml"], "option_price_list": ["15,000원", "18,000원"]},
{"img1": "https://img-cf.kurly.com/shop/data/goods/1542269240628y0.jpg", "name": "[킨토] 커피잔 세트 2종 (블랙)", "summary": "묵직하면서도 모던함이 돋보이는", "price": "27,000원", "discount_rate": 0, "unit": "1세트", "amount": "", "package": "상온/종이포장", "made_in": "", "img2": "https://img-cf.kurly.com/shop/data/goodsview/20181115/gv40000036170_1.jpg", "description": "요즘은 집에서도 에스프레소 추출 머신이나 핸드드립 용품을 사용해 근사하게 커피를 즐기곤 하죠. 가정에서도 마치 카페에 앉아 커피 한 잔의 여유를 즐기듯, 카페에 온듯한 분위기를 연출하는 홈 카페가 늘어가는 추세에요. 그렇다면 홈 카페의 기본적인 요소는 무엇일까요? 바로 풍미 있고 맛있는 커피와 그 커피를 담을 수 있는 근사한 잔일 거예요. 커피 한 잔도 품격 있고 우아하게 즐길 수 있는 킨토의 감각적인 커피잔 세트를 소개합니다.", "img3": "https://img-cf.kurly.com/shop/data/goodsview/20181115/gv40000036177_1.jpg", "option_name_list": ["[킨토] 커피잔 세트 220ml", "[킨토] 커피잔 세트 300ml"], "option_price_list": ["27,000원", "30,000원"]},
{"img1": "https://img-cf.kurly.com/shop/data/goods/1542265792955y0.jpg", "name": "[킨토] 블랙 에디션 커피 서버 2종", "summary": "간결한 디자인으로 완성하는 시간", "price": "15,000원", "discount_rate": 0, "unit": "1개", "amount": "", "package": "상온/종이포장", "made_in": "", "img2": "https://img-cf.kurly.com/shop/data/goodsview/20181115/gv00000036137_1.jpg", "description": "'군더더기 없이 깔끔하면서 실용성이 좋은 커피 서버는 없을까?'라고 생각하셨던 분이라면 지금 컬리가 소개하는 킨토의 블랙 에디션 커피 서버를 만나보세요. 일본의 대표적인 키친웨어 브랜드인 킨토는 블랙 에디션을 통해 간결하지만 흔하지 않은 커피 용품을 선보입니다. 블랙 에디션 커피 서버는 아래로 갈수록 넓어지는 디자인이라 안정적으로 보이면서도 참 단정해요. 덕분에 블랙 에디션 브루어 스탠드는 물론 OCT 드리퍼, 다른 제품들과도 이질감 없이 잘 어울립니다. 컬리는 두 가지 용량의 커피 서버를 준비했어요. 사용 빈도에 따라, 드리퍼 사이즈에 따라 선택해 근사한 커피 타임을 완성해보세요.", "img3": "https://img-cf.kurly.com/shop/data/goodsview/20181115/gv20000036145_1.jpg", "option_name_list": ["[킨토] 블랙에디션 커피 서버 300ml", " [킨토] 블랙에디션 커피 서버 600ml"], "option_price_list": ["15,000원", "18,000원"]},
{"img1": "https://img-cf.kurly.com/shop/data/goods/1542269388702y0.jpg", "name": "[킨토] OCT 커피 드립퍼 2종", "summary": "더 감각적으로 즐기는 여유", "price": "27,000원", "discount_rate": 0, "unit": "1개", "amount": "", "package": "상온/종이포장", "made_in": "", "img2": "https://img-cf.kurly.com/shop/data/goodsview/20181115/gv30000036164_1.jpg", "description": "드리퍼는 커피의 맛과 향을 살리는 도구이자, 커피를 내리는 그 순간의 멋을 더해주기도 합니다. 신중하게 물을 부어 커피를 추출하는 동안 드리퍼에서 피어오르는 커피 향은 몸과 마음을 느긋하게 만들어주죠. 바쁜 일상 속 잠깐의 여유를 더 감각적으로 즐기고 싶으시다면, 킨토의 OCT 커피 드리퍼를 선택해보세요. 커피 필터를 펼쳐둔 것처럼 생긴 이 커피 드리퍼는 어디 놓여있더라도 근사한 분위기를 연출합니다. 직선과 곡선의 절묘한 배치로 날렵하고도 우아한 실루엣을 살려냈지요. 드리퍼의 아래는 각이 진 모양으로, 위쪽으로 올라올수록 부드러운 선으로 마감해 다양한 커피 서버는 물론 저그와도 잘 어울립니다. 컬리는 두 가지 색상을 준비했어요. 집안의 인테리어에 따라, 취향에 따라 골라보세요. ", "img3": "https://img-cf.kurly.com/shop/data/goodsview/20181115/gv00000036178_1.jpg", "option_name_list": ["[킨토] OCT 커피 드립퍼 화이트", "[킨토] OCT 커피 드립퍼 블랙", " [하리오] 원뿔형 필터 화이트 40매", " [하리오] 원뿔형 필터 옐로우 40매"], "option_price_list": ["27,000원", "27,000원", "2,000원", "2,000원"]},
{"img1": "https://img-cf.kurly.com/shop/data/goods/1542011661901y0.jpg", "name": "[킨토] 카코미 퐁듀 포트 4종", "summary": "따듯하고 감각적인 테이블 웨어", "price": "30,000원", "discount_rate": 0, "unit": "1개", "amount": "옵션별 상이", "package": "상온/종이포장", "made_in": "", "img2": "https://img-cf.kurly.com/shop/data/goodsview/20181112/gv00000035782_1.jpg", "description": null, "img3": "https://img-cf.kurly.com/shop/data/goodsview/20181129/gv30000037099_1.jpg", "option_name_list": ["[킨토] 카코미 퐁듀 포트 블랙", "[킨토] 카코미 바냐 카우다 블랙", "[킨토] 카코미 퐁듀 포트 화이트", "[킨토] 카코미 바냐 카우다 화이트", "티 라이트 캔들 2.5hr"], "option_price_list": ["38,000원", "30,000원", "38,000원", "30,000원", "1,000원"]},
{"img1": "https://img-cf.kurly.com/shop/data/goods/1538645262553y0.jpg", "name": "[하리오] 테츠카츠야 커피 도구 4종", "summary": "커피 챔피언이 섬세하게 만든", "price": "21,000원", "discount_rate": 0, "unit": "1개", "amount": "옵션별 상이", "package": "상온/종이포장", "made_in": "", "img2": "https://img-cf.kurly.com/shop/data/goodsview/20181004/gv40000033010_1.jpg", "description": "하리오는 커피 전문가와의 지속적인 협업을 통해 다양한 커피 도구를 개발합니다. 이번에 컬리가 소개하는 제품은 2016년 월드 브루어즈 컵에서 아시아인 최초로 우승한 바리스타, 테츠 카츠야와 함께 만든 도구들이에요. 누구나 쉽게 맛있는 한 잔의 커피를 내릴 수 있도록 테츠 카츠야와 하리오는 기존의 커피 도구들을 섬세하게 다듬었습니다. 하리오의 스테디셀러인 V60에서 내부의 나선형 리브와 각도를 조절해 커피가 보다 느리게 추출되고, 더 진한 맛이 나죠. 드립 주전자는 아주 약간만 기울여도 가는 물줄기가 흘러나와 마치 전문가가 된 듯한 기분이 들어요. 여기에 커피의 진면목을 발견할 수 있는 커핑 보울과 스푼까지 출시했으니 커피를 심도 있게 즐기는 일도 가능해요. 근사한 블랙을 입은 테츠 가츠야 시리즈로 커피 그 자체에 집중해보세요. ", "img3": "https://img-cf.kurly.com/shop/data/goodsview/20181004/gv40000033023_1.jpg", "option_name_list": ["[하리오] 테츠카츠야 V60 드립퍼", "[하리오] 테츠카츠야 미니 주전자", "[하리오] 테츠카츠야 커핑 보울", "[하리오] 테츠카츠야 커핑 스푼", " [하리오] 원뿔형 필터 화이트 40매", " [하리오] 원뿔형 필터 옐로우 40매"], "option_price_list": ["35,000원", "49,000원", "21,000원", "28,000원", "2,000원", "2,000원"]},
{"img1": "https://img-cf.kurly.com/shop/data/goods/153864455547y0.jpg", "name": "[하리오] 커피 드립용 저울", "summary": "균일한 커피맛을 위한 한 수", "price": "58,000원", "discount_rate": 0, "unit": "1개", "amount": "", "package": "상온/종이포장", "made_in": "", "img2": "https://img-cf.kurly.com/shop/data/goodsview/20181004/gv10000033006_1.jpg", "description": "유명한 로스터리 카페에 가면 드리퍼 아래에 저울을 놓아둔 모습을 흔하게 볼 수 있어요. 이 저울은 물과 원두의 양을 정확하게 측정해 언제나 균일한 맛의 커피를 추출하도록 돕습니다. 여기에 타이머까지 있다면 맛있는 커피를 위한 도구는 얼추 갖춰진 셈이에요. 그러나 계량에 익숙하지 않은 분은 타이머와 저울을 번갈아가며 확인하는 일이 번거롭게 느껴지실 거예요. 컬리는 타이머와 저울이 함께 내장되어 홈 카페 초보자부터 전문 바리스타까지, 폭넓게 사용할 수 있는 하리오의 커피 드립용 저울을 소개할게요. 최소 2g부터 1,000g까지 계량할 수 있는 것은 물론 영점 기능까지 있어 섬세한 드립이 가능하죠. 군더더기 없이 깔끔한 디자인과 멋진 매트 블랙 마감은 어디에 놓아도 잘 어울립니다. 집에서도 전문 카페처럼 균일한 커피 맛을 내고 싶으시다면, 하리오의 커피 드립용 저울을 선택해보세요. ", "img3": "https://img-cf.kurly.com/shop/data/goodsview/20181004/gv20000033021_1.jpg", "option_name_list": [], "option_price_list": []},
{"img1": "https://img-cf.kurly.com/shop/data/goods/1538631157283y0.jpg", "name": "[하리오] 우드 핸드밀", "summary": "홈카페의 시작", "price": "48,000원", "discount_rate": 0, "unit": "", "amount": "", "package": "상온/종이포장", "made_in": "", "img2": "https://img-cf.kurly.com/shop/data/goodsview/20181004/gv20000032955_1.jpg", "description": null, "img3": "https://img-cf.kurly.com/shop/data/goodsview/20181004/gv00000032962_1.jpg", "option_name_list": [], "option_price_list": []},
{"img1": "https://img-cf.kurly.com/shop/data/goods/1538037221574y0.jpg", "name": "[톤피스크] 티&커피 컵(2개입)", "summary": "휘게 라이프로 가는 첫 걸음", "price": "83,000원", "discount_rate": 0, "unit": "1세트(2개입)", "amount": "8X9.6cm / 240ml", "package": "상온/종이포장", "made_in": "", "img2": "https://img-cf.kurly.com/shop/data/goodsview/20180927/gv00000032645_1.jpg", "description": null, "img3": "https://img-cf.kurly.com/shop/data/goodsview/20180927/gv00000032651_1.jpg", "option_name_list": [], "option_price_list": []},
{"img1": "https://img-cf.kurly.com/shop/data/goods/1538118360797y0.jpg", "name": "[톤피스크] 라떼컵(1개입)", "summary": "아늑한 온기로 빚어낸 라떼컵", "price": "52,000원", "discount_rate": 0, "unit": "1개입", "amount": "10.2cmX10cm / 400ml", "package": "상온/종이포장", "made_in": "", "img2": "https://img-cf.kurly.com/shop/data/goodsview/20181001/gv20000032715_1.jpg", "description": null, "img3": "https://img-cf.kurly.com/shop/data/goodsview/20180928/gv10000032721_1.jpg", "option_name_list": [], "option_price_list": []},
{"img1": "https://img-cf.kurly.com/shop/data/goods/1538038848301y0.jpg", "name": "[톤피스크] 기프트 세트", "summary": "여유로운 일상을 선물하는 톤피스크 기프트 세트", "price": "299,000원", "discount_rate": 0, "unit": "1세트 (티팟+티&커피컵+트레이+차거름망)", "amount": "상세 페이지 참조", "package": "상온/종이포장", "made_in": "", "img2": "https://img-cf.kurly.com/shop/data/goodsview/20180927/gv20000032659_1.jpg", "description": null, "img3": "https://img-cf.kurly.com/shop/data/goodsview/20191205/gv40000071333_1.jpg", "option_name_list": [], "option_price_list": []},
{"img1": "https://img-cf.kurly.com/shop/data/goods/1538117943702y0.jpg", "name": "[톤피스크] 트레이", "summary": "자연의 무늬가 그대로 담긴 트레이", "price": "67,000원", "discount_rate": 0, "unit": "1개", "amount": "40x20x4.5cm", "package": "상온/종이포장", "made_in": "", "img2": "https://img-cf.kurly.com/shop/data/goodsview/20180928/gv30000032710_1.jpg", "description": null, "img3": "https://img-cf.kurly.com/shop/data/goodsview/20191210/gv20000072212_1.jpg", "option_name_list": [], "option_price_list": []}