{"img1": "https://img-cf.kurly.com/shop/data/goods/1576723983533y0.jpg", "name": "[아소부] 오브 텀블러 2종", "summary": "멋을 담은 기능성 텀블러", "price": "44,900원", "discount_rate": 0, "unit": "1개", "amount": "", "package": "상온/종이포장", "made_in": "", "img2": "https://img-cf.kurly.com/shop/data/goodsview/20191219/gv10000073856_1.jpg", "description": "텀블러를 고를 때 첫 선으로 따져봐야 할 요소가 보온·보냉 기능이라는 점에는 아마 이견이 없을 거예요. 아소부의 오브 텀블러는 바로 그 기능에 충실한 제품입니다. 스테인리스 스틸 소재를 이중 진공 구조로 설계하여 음료나 차(Tea)의 온기와 냉기를 오랫동안 유지시켜주는 텀블러예요. 내부에 동(Copper) 코팅까지 적용한 덕분에 그 효과를 더욱 실감할 수 있죠. 매트한 질감, 고급스러움이 돋보이는 블랙과 실버 컬러는 가만히 두어도 묵직한 분위기와 세련미를 발산합니다. 한 손으로 두르면 손에 '착'하고 감기는 그립감 또한 특별해요. 오브 텀블러와 함께 일상의 편리함을 소소하게 누려보세요. ", "img3": "https://img-cf.kurly.com/shop/data/goodsview/20191219/gv10000073862_1.jpg", "option_name_list": ["[아소부] 오브 텀블러 실버", "[아소부] 오브 텀블러 블랙"], "option_price_list": ["44,900원", "44,900원"]},
{"img1": "https://img-cf.kurly.com/shop/data/goods/1576721834477y0.jpg", "name": "[아소부] 얼티밋 머그 4종", "summary": "스테인리스와 세라믹의 이유 있는 만남", "price": "33,900원", "discount_rate": 0, "unit": "1개", "amount": "", "package": "상온/종이포장", "made_in": "", "img2": "https://img-cf.kurly.com/shop/data/goodsview/20191219/gv10000073825_1.jpg", "description": "스테인리스와 세라믹 재질로 이루어진 머그컵은 저마다의 장단점을 지니고 있어요. 컬리는 두 가지 소재의 장점만을 쏙 결합한 아소부의 머그컵을 들고 왔습니다. 스테인리스 스틸 재질을 이중 진공 구조로 설계한 뒤 변색이나 냄새 배임이 적은 세라믹을 컵 양면에 코팅한 컵이에요. 차의 온기와 냉기를 오랫동안 유지해주고, 쉽게 깨지지 않는 이유죠. 슬라이딩 버튼이 접목된 투명 뚜껑도 함께 구성되기에 머그컵으로만 사용하기엔 아까워요. 외출할 때 일회용 컵 대신 가지고 다닐 텀블러로도 꼭 알맞답니다. 화려한듯 차분한 분위기를 더해주는 4가지 컬러로 준비했으니 집안의 분위기와 취향에 따라 선택해 보세요.", "img3": "https://img-cf.kurly.com/shop/data/goodsview/20191219/gv20000073831_1.jpg", "option_name_list": ["[아소부] 얼티밋 머그 블랙", "[아소부] 얼티밋 머그 버건디", " [아소부] 얼티밋 머그 화이트", "[아소부] 얼티밋 머그 블루"], "option_price_list": ["33,900원", "33,900원", "33,900원", "33,900원"]},
{"img1": "https://img-cf.kurly.com/shop/data/goods/1573712340164y0.jpg", "name": "[베르나르도] 에퀴메 찻잔 & 소서", "summary": "감각적인 시간을 완성하는", "price": "155,000원", "discount_rate": 0, "unit": "1개", "amount": "", "package": "상온/종이포장", "made_in": "", "img2": "https://img-cf.kurly.com/shop/data/goodsview/20191114/gv20000068211_1.jpg", "description": "격이 다른 티타임을 완성해 줄 특별한 찻잔 세트를 소개할게요. 전 세계 미슐랭 식당과 특급호텔이 사랑하는 브랜드, 베르나르도가 선보이는 에퀴메 찻잔과 소서입니다. '에퀴메'라는 이름은 '거품'을 뜻하는 프랑스어에서 왔어요. 크고 작은 물방울무늬는 파도가 지나간 해안가의 모습에서 영감을 받아 완성되었지요. 섬세한 음각 무늬가 새겨진 소서와 군더더기 없이 깔끔하게 빚어낸 찻잔은 시각적인 조화를 빚어내는데요. 심플해 보이는 찻잔은 가장자리를 얇게 만들어, 차의 향을 더욱 풍부하게 만들어 준답니다. 나를 위한 선물, 혹은 주변 분들에게 마음을 전하는 선물로 활용해도 손색이 없을 거예요.", "img3": "https://img-cf.kurly.com/shop/data/goodsview/20191114/gv20000068218_1.jpg", "option_name_list": [], "option_price_list": []},
{"img1": "https://img-cf.kurly.com/shop/data/goods/1572421170285y0.jpg", "name": "[빈토리오] 와인 에어레이터", "summary": "와인의 깊은 풍미를 일깨워주는 디켄터", "price": "18,500원", "discount_rate": 0, "unit": "1개", "amount": "", "package": "상온/종이포장", "made_in": "", "img2": "https://img-cf.kurly.com/shop/data/goodsview/20191030/gv30000066446_1.jpg", "description": "와인과 공기가 닿는 표면적을 넓혀 단 시간 내에 와인을 숙성시키는 방법을 '디켄팅'이라 일컫죠. 디켄팅만으로 와인의 맛과 향이 미묘하게 바뀌기에 와인을 마시기 전에 거쳐야 할 중요한 의식으로 여기는 분들도 많아요. 디켄터에 와인을 옮겨 담아 디켄팅을 번거롭게 해오셨던 분들께 컬리는 빈토리오의 와인 에어레이터를 권할게요. 와인병 입구에 꽂은 뒤 와인을 따름과 동시에 3번의 에어레이션으로 디켄팅이 시작되는 도구입니다. 와인에 공기가 주입돼 와인의 풍미를 배가 시켜주는 원리지요. 와인 디켄팅이 필요한 순간에 빈토리오의 와인 에어레이터가 있다면 그 가치가 십분 발휘될 거예요. ", "img3": "https://img-cf.kurly.com/shop/data/goodsview/20191030/gv40000066452_1.jpg", "option_name_list": [], "option_price_list": []},
{"img1": "https://img-cf.kurly.com/shop/data/goods/1562723917969y0.jpg", "name": "[토요사사키] 워터드롭 사케 글라스 세트", "summary": "작은 물방울로 살린 섬세한 디테일", "price": "30,000원", "discount_rate": 0, "unit": "1박스(2개입)", "amount": "지름 74x 높이 80mm", "package": "상온/종이포장", "made_in": "", "img2": "https://img-cf.kurly.com/shop/data/goodsview/20190710/gv20000055423_1.jpg", "description": "와인잔이 와인의 맛을 더 깊어지게 하듯, 사케잔도 그렇습니다. 사케에 알맞은 잔을 쓰면 고유의 맛과 향이 한층 살아나지요. 평소 가정에서 사케를 종종 즐기시는 분을 위해 컬리는 이미 몇 가지 사케잔을 선보였었는데요. 이번에 소개하는 사케 글라스는 좀 더 특별해요. 잔의 스템 부분에 물방울처럼 공기를 넣어 섬세한 디테일을 살렸거든요. 투명하고 견고한 유리 제품으로 소문난 토요사사키의 제품인 만큼 그 품질은 의심할 여지가 없습니다. 전통적인 사케 잔을 새롭게 재해석한 모양과 부드러운 곡선, 깔끔한 마무리는 사용하면 할수록 더 진가를 발하죠. 정갈한 나무 상자에 2개씩 담겨 있으니 가까운 분을 위한 선물로도 좋을 거예요. ", "img3": "https://img-cf.kurly.com/shop/data/goodsview/20190710/gv10000055475_1.jpg", "option_name_list": [], "option_price_list": []},
{"img1": "https://img-cf.kurly.com/shop/data/goods/1559198992619y0.jpg", "name": "[토요사사키] 수제맥주 글라스 3종", "summary": "맥주의 맛을 살리는 얇은 잔", "price": "13,000원", "discount_rate": 0, "unit": "1개", "amount": "제품별 상이", "package": "상온/종이포장", "made_in": "", "img2": "https://img-cf.kurly.com/shop/data/goodsview/20190530/gv00000051675_1.jpg", "description": "와인잔을 살 때 두께를 중요하게 따져보듯, 맥주잔도 좀 더 꼼꼼하게 골라보세요. 맥주도 각자 고유한 개성을 지녔기에 얇은 잔에 따라 마시면 맛과 향을 보다 잘 느낄 수 있습니다. 평소 맥주를 자주, 그리고 제대로 음미하는 분을 위해 컬리는 토요사사키가 만든 수제 맥주 글라스를 준비했어요. 얇고 가볍게 만들어진 맥주 글라스는 우선 입술에 닿는 촉감부터가 남다릅니다. 그래서인지 맥주가 한결 부드럽게 넘어가죠. 맥주의 맛을 잘 모아주는 모양의 잔 두 가지와 위트가 넘치는 부츠 모양의 잔을 준비했으니 취향에 따라 골라보세요. ", "img3": "https://img-cf.kurly.com/shop/data/goodsview/20190530/gv00000051680_1.jpg", "option_name_list": ["[토요사사키] 수제 맥주 글라스 310ml", "[토요사사키] 수제 맥주 글라스 420ml", "[토요사사키] 부츠 글라스 310ml"], "option_price_list": ["13,000원", "14,000원", "18,000원"]},
{"img1": "https://img-cf.kurly.com/shop/data/goods/1559194453319y0.jpg", "name": "[토요사사키] 맥주 글라스 3종", "summary": "맥주잔 하면 떠오르는 그 잔", "price": "14,000원", "discount_rate": 0, "unit": "1개", "amount": "제품별 상이", "package": "상온/종이포장", "made_in": "", "img2": "https://img-cf.kurly.com/shop/data/goodsview/20190530/gv30000051660_1.jpg", "description": "다른 술과 마찬가지로 맥주도 어디 담아서 마시느냐에 따라 맛이 달라집니다. 다양한 맥주 브랜드에서 전용 잔을 출시하고, 이 잔을 모으는 마니아가 많은 것도 이 이유 때문일텐데요. 이번에 컬리는 맥주잔 하면 머릿속에 딱 떠오르는 그 잔, 우리가 흔히 '조끼'라 부르는 제품을 준비했어요. 토요사사키의 노하우와 기술력으로 빚은 맥주 글라스는 두툼한 두께만큼이나 묵직하고 단단합니다. 실제로 일본 전역의 이자카야에서 애용되는 만큼 내구성도 뛰어나죠. 세 가지 용량으로 준비했으니 취향에 맞는 크기로 골라가세요. 냉동실에 넣어 미리 차갑게 얼려두었다가 맥주를 따라 마시면 마음의 피로까지 시원하게 씻겨 내려갈 거예요. ", "img3": "https://img-cf.kurly.com/shop/data/goodsview/20190530/gv00000051664_1.jpg", "option_name_list": ["[토요사사키] 맥주 글라스 340ml", "[토요사사키] 맥주 글라스 435ml", "[토요사사키] 맥주 글라스 500ml"], "option_price_list": ["14,000원", "16,000원", "17,500원"]},
{"img1": "https://img-cf.kurly.com/shop/data/goods/1559197096878y0.jpg", "name": "[토요사사키] 비어 머그 2종", "summary": "귀엽고 견고한 맥주 전용잔", "price": "15,000원", "discount_rate": 0, "unit": "1개", "amount": "360ml / 470ml", "package": "상온/종이포장", "made_in": "", "img2": "https://img-cf.kurly.com/shop/data/goodsview/20190530/gv40000051665_1.jpg", "description": "이번에 컬리가 소개하는 토요사사키의 비어 머그는 모양부터가 동글동글 귀여워요. 수제 맥주 전문점에 가면 이런 잔에 맥주를 담아주기도 하죠. 하지만 이 머그의 장점은 모양뿐만이 아니에요. 토요사사키의 노하우로 만든 유리를 사용해 두툼한 두께에도 불구하고 투명도가 높습니다. 잔의 입구가 넓어 세척이 쉬운 데다 높이가 적당해 냉장고에 보관해두기도 좋아요. 맥주 이외에 사와, 하이볼 등 시원한 음료를 담기 좋은 잔이니 두 가지 용량 중 필요에 따라 골라보세요. 견고하면서도 오래 질리지 않고 사용할 잔을 찾던 분이라면 분명 만족하실 거예요. ", "img3": "https://img-cf.kurly.com/shop/data/goodsview/20190530/gv20000051674_1.jpg", "option_name_list": ["[토요사사키] 비어 머그 360ml", "[토요사사키] 비어 머그 470ml"], "option_price_list": ["15,000원", "16,000원"]},
{"img1": "https://img-cf.kurly.com/shop/data/goods/1558414162553y0.jpg", "name": "[토요사사키] 스패쉬 워터 글라스 세트 4종", "summary": "한 손에 쏙 들어오는 깔끔한 컵", "price": "13,000원", "discount_rate": 0, "unit": "1세트(2개입)", "amount": "210ml", "package": "기타", "made_in": "", "img2": "https://img-cf.kurly.com/shop/data/goodsview/20190521/gv40000050729_1.jpg", "description": null, "img3": "https://img-cf.kurly.com/shop/data/goodsview/20190524/gv00000051114_1.jpg", "option_name_list": ["[토요사사키] 스패쉬 워터 글라스 세트 투명", "[토요사사키] 스패쉬 워터 글라스 세트 그린", "[토요사사키] 스패쉬 워터 글라스 세트 아쿠아블루", "[토요사사키] 스패쉬 워터 글라스 세트 블랙"], "option_price_list": ["13,000원", "13,000원", "13,000원", "13,000원"]},
{"img1": "https://img-cf.kurly.com/shop/data/goods/1508988255926y0.jpg", "name": "[킨토] 트레블 텀블러 12종", "summary": "언제 어디서나 감각적인 텀블러 (옵션 추가)", "price": "39,000원", "discount_rate": 0, "unit": "1개", "amount": "350ml / 500ml", "package": "기타", "made_in": "", "img2": "https://img-cf.kurly.com/shop/data/goodsview/20190517/gv00000050517_1.jpg", "description": null, "img3": "https://img-cf.kurly.com/shop/data/goodsview/20190517/gv40000050523_1.jpg", "option_name_list": ["[킨토] 트레블 텀블러레드", "[킨토] 트레블 텀블러 500ml 레드", "[킨토] 트레블 텀블러블랙", "[킨토] 트레블 텀블러 500ml 블랙", "[킨토] 트레블 텀블러청록", "[킨토] 트레블 텀블러 500ml 청록", "[킨토] 트레블 텀블러카키", "[킨토] 트레블 텀블러 500ml 카키", "[킨토] 트레블 텀블러화이트", "[킨토] 트레블 텀블러 500ml 화이트", "[킨토] 트레블 텀블러스테인리스", "[킨토] 트레블 텀블러 500ml 스테인리스"], "option_price_list": ["39,000원", "42,000원", "39,000원", "42,000원", "39,000원", "42,000원", "39,000원", "42,000원", "39,000원", "42,000원", "39,000원", "42,000원"]},
{"img1": "https://img-cf.kurly.com/shop/data/goods/1557905198376y0.jpg", "name": "[아소부] 플레이버 유 씨 텀블러 2종", "summary": "물맛 좋고, 눈이 즐거운 텀블러", "price": "44,900원", "discount_rate": 0, "unit": "1개", "amount": "430ml", "package": "기타", "made_in": "", "img2": "https://img-cf.kurly.com/shop/data/goodsview/20190515/gv00000050282_1.jpg", "description": "물 한 잔도 맛있게 즐기고 싶다면 아소부의 플레이버 유 씨 텀블러를 추천합니다. 군더더기 없는 깔끔한 디자인은 물론 원하는 물맛으로 바꿔주는 실용성을 갖춘 인퓨전 텀블러예요. 투명 용기와 인퓨전 필터가 스테인리스로 제작한 상,하단 텀블러 사이를 연결하고 있는 것이 특징이에요. 이 부분에 허브나 과일 조각, 티백을 넣어 우리면 평범한 물맛도 맛있게 바꿀 수 있지요. 형형색색 아름다운 과일 조각과 허브류가 투명 용기를 통해 보이면서 시각적인 즐거움도 선사해준답니다. 차가운 물과 얼음을 넣으면 약 12시간 동안 보냉이 가능하며, 가방에 쏙 넣어 휴대가 편리한 것도 장점이지요. 이제 아소부 플레이버 유 씨 텀블러로 물도 맛있게, 즐겁게 마셔보세요. ", "img3": "https://img-cf.kurly.com/shop/data/goodsview/20190515/gv00000050290_1.jpg", "option_name_list": ["[아소부] 플레이버 유 씨 텀블러 화이트", "[아소부] 플레이버 유 씨 텀블러 스테인리스"], "option_price_list": ["44,900원", "44,900원"]},
{"img1": "https://img-cf.kurly.com/shop/data/goods/1557283907261y0.jpg", "name": "[킨토] 데이오프 텀블러 6종", "summary": "섬세한 설계 감각적인 디자인", "price": "45,000원", "discount_rate": 0, "unit": "1병", "amount": "500ml", "package": "상온/종이포장", "made_in": "", "img2": "https://img-cf.kurly.com/shop/data/goodsview/20190508/gv20000049669_1.jpg", "description": "텀블러는 없어선 안될 현대인 필수품이자 나의 개성을 표현하는 하나의 수단이 되기도 해요. 때문에 실용성과 디자인 모두 꼼꼼하게 따져보면서 구입할 수 밖에 없는데요. 컬리는 감각적이면서도 실용성을 갖춘 킨토 데이오프 텀블러를 준비했습니다. 뛰어난 보온·보냉 효과는 기본이고요. 스테인리스를 제외하곤 모두 파우더 코팅을 해 긁힘이나 퇴색이 적어요. 때문에 오랫동안 새것처럼 사용할 수 있지요. 센스 있게 자리한 뚜껑 위 손잡이는 가방 없이 외출하는 가벼운 산책이나 외출에 안성맞춤이에요. 은은한 파스텔톤의 색감으로 텀블러 하나만 들어줘도 감각적인 느낌을 선사합니다. 편안함과 편리함 모두 놓치지 않은 킨토의 데이오프 텀블러를 만나 보세요.", "img3": "https://img-cf.kurly.com/shop/data/goodsview/20190508/gv20000049688_1.jpg", "option_name_list": ["[킨토] 데이오프 텀블러 화이트", "[킨토] 데이오프 텀블러 로즈", "[킨토] 데이오프 텀블러 머스타드", "[킨토] 데이오프 텀블러 네이비", "[킨토] 데이오프 텀블러 카키", "[킨토] 데이오프 텀블러 그레이"], "option_price_list": ["45,000원", "45,000원", "45,000원", "45,000원", "45,000원", "45,000원"]},
{"img1": "https://img-cf.kurly.com/shop/data/goods/1553232921291y0.jpg", "name": "[리델] 파토마노 퍼플 3종", "summary": "[Kurly Only] 보랏빛 와인잔이 지닌 영롱함", "price": "120,000원", "discount_rate": 0, "unit": "1개", "amount": "품목별 상이 (하단 참조)", "package": "상온/종이포장", "made_in": "", "img2": "https://img-cf.kurly.com/shop/data/goodsview/20190322/gv30000045641_1.jpg", "description": "스템에 검은색 크리스털로 기교를 더한 블랙타이 시리즈에 이어 가늘고 기다란 스템에 리델은 여지없이 8가지 색을 더한 파토마노 시리즈를 출시했어요. 리델의 11대손인 막시밀리안 리델이 다른 사람의 와인잔과 헷갈리지 않기 위해 자신의 잔에 색을 입히기 시작한 것이죠. 컬리에서는 조금 특별한 컬러의 파토마노 와인잔을 만나볼 수 있습니다. 리델이 컬리 고객만을 위해 스템을 컬리의 브랜드 컬러, 보라색으로 물들였지요. 파토마노 와인잔 스템의 8가지 컬러에서는 볼 수 없는, 오직 컬리 고객만을 위해 선택한 컬러이기에 더욱 특별합니다. 오스트리아 유리 공예 장인들이 일일이 입으로 불고 다듬어 만든 크리스털 소재의 수제 와인잔, 파토마노 컬리 에디션으로 와인 테이블을 색다른 분위기로 연출해보세요. ", "img3": "https://img-cf.kurly.com/shop/data/goodsview/20190322/gv00000045742_1.jpg", "option_name_list": [" [리델] 올드 월드 피노누아", "[리델] 카베르네/메를로", "[리델] 샴페인"], "option_price_list": ["120,000원", "120,000원", "120,000원"]},
{"img1": "https://img-cf.kurly.com/shop/data/goods/1546931368999y0.jpg", "name": "[블렌더보틀] 프로 32 시리즈 7종 (946ml)", "summary": "운동 마니아를 위한 대용량 보틀", "price": "18,900원", "discount_rate": 0, "unit": "1개", "amount": "946ml", "package": "상온/종이포장", "made_in": "", "img2": "https://img-cf.kurly.com/shop/data/goodsview/20190108/gv10000040978_1.jpg", "description": "헬스 보충제나 식단 관리용 파우더를 섞다 보면 자기들끼리 제멋대로 뭉친 덩어리가 동동 떠오를 때가 많아요. 아무리 열심히 섞어도 덩어리가 제대로 풀리지 않아 불편하셨다면 컬리가 소개하는 블렌더보틀이 마음에 드실 거예요. 운동 마니아들 사이에서 정평이 나 있지만 해외 직구로만 구입이 가능해 쉽게 만나기 힘들었던 제품입니다. 스테인리스 재질의 블렌더 볼과 동그랗게 설계된 바닥면이 만나 가루가 뭉치거나 끼이는 현상 없이 고르게 섞이게 도와주지요. 내구성이 좋은 트라이탄 소재로 되어 있어 운동 중에 보틀이 넘어지거나 부딪쳐도 깨질 염려가 없어요. 손이 작은 여성들도 들고 다니기 편하도록 뚜껑에 손잡이를 부착해 더욱 유용합니다. 깔끔한 디자인의 대용량 블렌더보틀을 7가지 색으로 준비했으니 취향에 따라 골라보세요. ", "img3": "https://img-cf.kurly.com/shop/data/goodsview/20190108/gv10000040986_1.jpg", "option_name_list": ["[블렌더보틀] 프로 32oz 블랙", "[블렌더보틀] 프로 32oz 페블 그레이", "[블렌더보틀] 프로 32oz 플럼", "[블렌더보틀] 프로 32oz 사이안", "[블렌더보틀] 프로 32oz 핑크", "[블렌더보틀] 프로 32oz 에메랄드 그린", "[블렌더보틀] 프로 32oz 레드"], "option_price_list": ["18,900원", "18,900원", "18,900원", "18,900원", "18,900원", "18,900원", "18,900원"]},
{"img1": "https://img-cf.kurly.com/shop/data/goods/15469311391y0.jpg", "name": "[블렌더보틀] 프로 28 시리즈 5종 (828ml)", "summary": "쉐이킹이 간편한 대용량 보틀", "price": "16,900원", "discount_rate": 0, "unit": "1개", "amount": "828ml", "package": "상온/종이포장", "made_in": "", "img2": "https://img-cf.kurly.com/shop/data/goodsview/20190108/gv40000040968_1.jpg", "description": "헬스 보충제나 식단 관리용 파우더를 섞다 보면 자기들끼리 제멋대로 뭉친 덩어리가 동동 떠오를 때가 많아요. 아무리 열심히 섞어도 덩어리가 제대로 풀리지 않아 불편하셨다면 컬리가 소개하는 블렌더보틀이 마음에 드실 거예요. 운동 마니아들 사이에서 정평이 나 있지만 해외 직구로만 구입이 가능해 쉽게 만나기 힘들었던 제품입니다. 스테인리스 재질의 블렌더 볼과 동그랗게 설계된 바닥면이 만나 가루가 뭉치거나 끼이는 현상 없이 고르게 섞이게 도와주지요. 내구성이 좋은 트라이탄 소재로 되어 있어 운동 중에 보틀이 넘어지거나 부딪쳐도 깨질 염려가 없어요. 손이 작은 여성들도 들고 다니기 편하도록 뚜껑에 손잡이를 부착해 더욱 유용합니다. 깔끔한 디자인의 대용량 블렌더보틀을 5가지 색으로 준비했으니 취향에 따라 골라보세요. ", "img3": "https://img-cf.kurly.com/shop/data/goodsview/20190108/gv30000040975_1.jpg", "option_name_list": ["[블렌더보틀] 프로 28oz 블랙", "[블렌더보틀] 프로 28oz 페블그레이", "[블렌더보틀] 프로 28oz 울트라 마린", "[블렌더보틀] 프로 28oz 에메랄드 그린", "[블렌더보틀] 프로 28oz 코랄"], "option_price_list": ["16,900원", "16,900원", "16,900원", "16,900원", "16,900원"]},
{"img1": "https://img-cf.kurly.com/shop/data/goods/1546936238308y0.jpg", "name": "[블렌더보틀] 프로 24 시리즈 5종 (709ml)", "summary": "깔끔하고 가벼운 쉐이킹 보틀", "price": "14,900원", "discount_rate": 0, "unit": "1개", "amount": "709ml", "package": "상온/종이포장", "made_in": "", "img2": "https://img-cf.kurly.com/shop/data/goodsview/20190108/gv20000040960_1.jpg", "description": "헬스 보충제나 식단 관리용 파우더를 섞다 보면 자기들끼리 제멋대로 뭉친 덩어리가 동동 떠오를 때가 많아요. 아무리 열심히 섞어도 덩어리가 제대로 풀리지 않아 불편하셨다면 컬리가 소개하는 블렌더보틀이 마음에 드실 거예요. 운동 마니아들 사이에서 정평이 나 있지만 해외 직구로만 구입이 가능해 쉽게 만나기 힘들었던 제품입니다. 스테인리스 재질의 블렌더 볼과 동그랗게 설계된 바닥면이 만나 가루가 뭉치거나 끼이는 현상 없이 고르게 섞이게 도와주지요. 내구성이 좋은 트라이탄 소재로 되어 있어 운동 중에 보틀이 넘어지거나 부딪쳐도 깨질 염려가 없어요. 손이 작은 여성들도 들고 다니기 편하도록 뚜껑에 손잡이를 부착해 더욱 유용합니다. 깔끔한 디자인의 블렌더보틀을 5가지 색으로 준비했으니 취향에 따라 골라보세요. ", "img3": "https://img-cf.kurly.com/shop/data/goodsview/20190108/gv20000040966_1.jpg", "option_name_list": ["[블렌더보틀] 프로 24oz 블랙", "[블렌더보틀] 프로 24oz 페블그레이", "[블렌더보틀] 프로 24oz 플럼", "[블렌더보틀] 프로 24oz 에메랄드 그린", " [블렌더보틀] 프로 24oz 레드"], "option_price_list": ["14,900원", "14,900원", "14,900원", "14,900원", "14,900원"]}