{"img1": "https://img-cf.kurly.com/shop/data/goods/1574751077975y0.jpg", "name": "무농약 통셀러리 500g", "summary": "아삭아삭 청량한 식감", "price": "3,900원", "discount_rate": 0, "unit": "1봉", "amount": "500g", "package": "냉장/종이포장", "made_in": "국산", "img2": "https://img-cf.kurly.com/shop/data/goodsview/20191126/gv40000069747_1.jpg", "description": "셀러리는 식이섬유와 수분이 풍부하죠. 특유의 향과 아삭아삭한 식감은 청량함마저 안겨주는데요. 씻어서 그대로 먹기도 하는 채소인 만큼 농약을 걱정하는 분들이 많습니다. 그래서 컬리는 농약을 사용하지 않고 안전하게 기른 무농약 셀러리를 준비했습니다. 통셀러리를 반으로 잘라서 포장했어요. 줄기 중에서도 잎사귀와 가까운 부분은 덜 단단하니 세척한 다음 생으로 마요네즈에 찍어서 드시거나 샐러드로 만들어 보세요. 줄기 아래쪽은 특유의 씁쓸함이 줄어드니 볶음이나 찜 요리에 다양하게 활용할 수 있어요.  잎 부분은 다른 과일이나 채소와 함께 착즙 주스로 만들어 보세요.", "img3": "https://img-cf.kurly.com/shop/data/goodsview/20200106/gv10000076720_1.jpg", "option_name_list": [], "option_price_list": []},
{"img1": "https://img-cf.kurly.com/shop/data/goods/1583819891213y0.jpg", "name": "냉동 바밤 단호박 250g", "summary": "손질 없이 즐기는 간편 단호박", "price": "2,950원", "discount_rate": 0, "unit": "1봉", "amount": "250g", "package": "냉동/종이포장", "made_in": "국산", "img2": "https://img-cf.kurly.com/shop/data/goodsview/20200310/gv00000084928_1.jpg", "description": "대표적인 컬러푸드, 단호박의 고소하고 달콤한 과육은 무척 매력적이지요. 맛뿐만 아니라 기분 좋은 포만감까지 선사해, 식단 조절 중인 분들에게 무한히 사랑받는 식재료이기도 합니다. 컬리는 손질하기 힘들었던 딱딱한 단호박을 편리하게 섭취할 수 있는 냉동 제품을 준비했어요. 신선하고 품질 좋은 국내산 단호박만을 엄격히 선별한 후, 한 번 삶아 먹기 좋게 잘라냈지요. 필요한 양만큼만 꺼내 전자레인지에 데우면, 갓 찐 단호박 같은 포슬포슬한 식감을 느낄 수 있답니다. 영양만점 단호박을 사계절 내내 손쉽게 만나보세요. ", "img3": "https://img-cf.kurly.com/shop/data/goodsview/20200310/gv30000084930_1.jpg", "option_name_list": [], "option_price_list": []},
{"img1": "https://img-cf.kurly.com/shop/data/goods/1583820012769y0.jpg", "name": "냉동 아스파라거스 250g", "summary": "필요할 때 꺼내 쓰는 간편 식재료", "price": "5,200원", "discount_rate": 0, "unit": "1봉", "amount": "250g", "package": "냉동/종이포장", "made_in": "칠레산", "img2": "https://img-cf.kurly.com/shop/data/goodsview/20200310/gv20000084932_1.jpg", "description": "숙취 해소에 도움을 줄 수 있는 아스파라긴산이 처음으로 발견된 채소, 아스파라거스는 서양에서 널리 쓰이는 고급 식재료입니다. 삐죽삐죽 솟은 독특한 모양, 줄기의 푸릇한 색감 덕분에 맛뿐만 아니라 눈도 즐겁게 만들어주죠. 컬리는 넉넉한 양의 아스파라거스를 간편히 사용하고 보관할 수 있는 냉동 제품을 준비했어요. 신선하고 품질 좋은 아스파라거스만을 수확 및 선별한 후, 먹기 힘든 억센 부분은 말끔히 손질했답니다. 근사한 육류 요리를 위한 가니시, 아삭아삭 씹는 식감이 살아있는 밥반찬 재료 등 맛 좋은 아스파라거스를 다채롭게 활용하세요. ", "img3": "https://img-cf.kurly.com/shop/data/goodsview/20200310/gv00000084934_1.jpg", "option_name_list": [], "option_price_list": []},
{"img1": "https://img-cf.kurly.com/shop/data/goods/1583480091446y0.jpg", "name": "흙당근 800g", "summary": "갈아먹고 볶아먹고 향 좋은 흙당근", "price": "3,800원", "discount_rate": 0, "unit": "", "amount": "", "package": "냉장/종이포장", "made_in": "", "img2": "https://img-cf.kurly.com/shop/data/goodsview/20200306/gv10000084560_1.jpg", "description": "비타민 A, 베로카로틴, 루테인 등 풍부한 영양을 지닌 반가운 채소 당근. 생으로 먹으면 싱그러운 당근 향과 아삭아삭한 식감이 돋보이고, 익히면 부드럽게 뭉그러지며 은은한 단맛까지 감도는 것이 특징이죠. 컬리는 흙이 묻어있는 상태의 신선한 흙당근을 그때그때 가락시장에서 공급받아 보내드려요. 죽, 수프, 국, 볶음, 생채, 튀김 등 어떤 조리법에도 잘 어울리는 당근을 더욱 신선한 모습으로 만나보세요.", "img3": "https://img-cf.kurly.com/shop/data/goodsview/20200306/gv00000084563_1.jpg", "option_name_list": [], "option_price_list": []},
{"img1": "https://img-cf.kurly.com/shop/data/goods/1583486742513y0.jpg", "name": "칼집 군밤용 처음밤 400g", "summary": "그대로 구워 즐기는 금빛 달콤함", "price": "7,110원", "discount_rate": "10%", "unit": "1팩", "amount": "400g", "package": "냉장/종이포장", "made_in": "국내산", "img2": "https://img-cf.kurly.com/shop/data/goodsview/20200306/gv30000084594_1.jpg", "description": "먹음직스러운 노란 속살에 은근한 달콤함을 품은 군밤을 마다할 분은 없을 거예요. 컬리는 달콤한 군밤을 집에서도 손쉽게 완성할 수 있는 '처음밤'을 준비했어요. 밤의 명산지인 공주에서 수확한 생밤을 세척한 후, 군밤용으로 알맞게 손질했는데요. 광택이 짙고, 과육이 단단한 밤만을 골라 가로로 깊게 칼집을 내 담았답니다. 번거로운 과정 없이, 그대로 에어프라이어에서 조리하면 완성이죠. 잘 구워진 군밤의 껍질은 손으로도 솔솔 벗겨진답니다. 노란 속살을 한 입에 쏙 넣어 즐기면, 달콤하고 포슬포슬한 그 맛에 자꾸 손이 갈 거예요.  ", "img3": "https://img-cf.kurly.com/shop/data/goodsview/20200306/gv30000084596_1.jpg", "option_name_list": [], "option_price_list": []},
{"img1": "https://img-cf.kurly.com/shop/data/goods/1583297303436y0.jpg", "name": "조각 무 2조각", "summary": "한 번에 사용하기 딱 좋은", "price": "1,500원", "discount_rate": 0, "unit": "1팩", "amount": "2조각(450g 내외)", "package": "냉장/종이포장", "made_in": "국산", "img2": "https://img-cf.kurly.com/shop/data/goodsview/20200304/gv10000083980_1.jpg", "description": "달큰하고 아릿한 무는 찌개, 조림, 볶음 등 다양한 메뉴에 활용하기 좋은 식재료예요. 무를 구매할 때마다, 필요한 양보다 훨씬 더 많은 양이 남거나 버려져 곤란했던 경험 있으실 텐데요. 매번 껍질을 벗기고 조각내어 보관하는 번거로운 과정 없이, 무척 간편하게 사용할 수 있는 조각무 제품을 준비했어요. 한 끼 식사에 바로 활용할 수 있게끔 껍질을 깨끗하게 제거하고, 2조각으로 잘라 진공 패키지에 담았습니다. 무 한 개를 통째로 구매하기 망설여졌던 소가구도 이제 고민 없이 조각무를 선택해 보세요.  ", "img3": "https://img-cf.kurly.com/shop/data/goodsview/20200304/gv00000083982_1.jpg", "option_name_list": [], "option_price_list": []},
{"img1": "https://img-cf.kurly.com/shop/data/goods/1583285919611y0.jpg", "name": "한끼 당근 1개", "summary": "딱 하나만 필요할 때 한끼 당근", "price": "1,000원", "discount_rate": 0, "unit": "1봉", "amount": "1개", "package": "냉장/종이포장", "made_in": "국산", "img2": "https://img-cf.kurly.com/shop/data/goodsview/20200304/gv40000083900_1.jpg", "description": "아삭아삭한 식감과 은은한 단맛을 지닌 당근. 김밥이나 계란말이처럼 우리 일상을 든든하게 채워주는 음식에 꼭 들어가는 반가운 채소인데요. 주홍빛 당근 하나만 더해줘도 요리의 색감이 화사하게 피어나지요. 요리에 자주 사용하는 필수 재료지만, 한 번에 많이 구비해두면 보관하기도 힘들고 쉽게 무르곤 해요. 그래서 컬리는 당근을 딱 한끼 깔끔하게 즐길 수 있는 분량만큼 담아 보내드립니다. 번거롭게 손질할 일도 없고 남은 재료를 어떻게 처리할지 걱정할 필요도 없지요. 끼니마다 신선한 채소로 다채로운 요리를 완성해보세요.", "img3": "https://img-cf.kurly.com/shop/data/goodsview/20200304/gv00000083938_1.jpg", "option_name_list": [], "option_price_list": []},
{"img1": "https://img-cf.kurly.com/shop/data/goods/1569813372934y0.jpg", "name": "[산지직송] 밤고구마 2kg", "summary": "산지직송으로 즐기는 유명산지 고구마 (2kg/박스)", "price": "8,600원", "discount_rate": 0, "unit": "1박스", "amount": "2kg", "package": "상온/종이포장", "made_in": "국산", "img2": "https://img-cf.kurly.com/shop/data/goodsview/20190930/gv00000063030_1.jpg", "description": "탕수육을 먹을 때 찍먹파와 부먹파가 갈리듯, 고구마를 먹을 때는 호박고구마파와 밤고구마파가 갈라지기 마련이지요. 은근한 단맛과 포슬포슬한 식감이 매력적인 밤고구마를 좋아한다면 지금 소개하는 제품을 눈여겨 봐주세요. 컬리는 해남과 함께 고구마 산지로 이름이 높은 경기도 여주시에서 공수한 고구마를 산지 직송으로 보내드립니다. 화강암 기반으로 물 빠짐이 좋고, 유기물이 풍부한 밭에서 키워내 품질이 무척 좋답니다. 알이 잘 여문 고구마를 정성껏 수확해 신선함을 고스란히 머금은 상태로 배송해 드려요. 활용도가 높은 밤고구마를 합리적으로 만나볼 수 있는 기회, 놓치지 마세요. ", "img3": "https://img-cf.kurly.com/shop/data/goodsview/20200305/gv00000084374_1.jpg", "option_name_list": [], "option_price_list": []},
{"img1": "https://img-cf.kurly.com/shop/data/goods/1583195193854y0.jpg", "name": "영암 무농약 꿀고구마 2kg", "summary": "포실포실 달콤한 꿀고구마를 무농약으로 즐기세요", "price": "11,800원", "discount_rate": 0, "unit": "1박스", "amount": "2kg", "package": "상온/종이포장", "made_in": "국산", "img2": "https://img-cf.kurly.com/shop/data/goodsview/20200303/gv20000083647_1.jpg", "description": "전라남도 영암은 청청한 토양과 붉은 황토가 펼쳐진 곳이에요. 비옥한 땅에서 자라난 고구마는 더욱 깊고 진한 달콤함을 머금습니다. 컬리가 준비한 영암 무농약 꿀고구마는 수확 후 여러 번의 숙성과 선별을 거쳤어요. 무농약 농법으로 건강하게 길러낸 고구마를 충분히 숙성한 후, 적외선으로 살균했어요. 온도와 습도를 체계적으로 관리하는 전용 창고에서 알맞게 숙성한 후 담았답니다. 한 손으로 잡고 드시기에 알맞은 특사이즈로 골라 박스에 넉넉하게 담았답니다. 서늘한 곳에 잘 두었다가, 포슬포슬하고 달콤한 맛을 그대로 즐겨보세요. ", "img3": "https://img-cf.kurly.com/shop/data/goodsview/20200303/gv40000083651_1.jpg", "option_name_list": [], "option_price_list": []},
{"img1": "https://img-cf.kurly.com/shop/data/goods/1582702595585y0.jpg", "name": "한끼 양송이 3입", "summary": "그대로 요리에 더하는 손질 양송이", "price": "1,500원", "discount_rate": 0, "unit": "1팩", "amount": "3입", "package": "냉장/종이포장", "made_in": "국산", "img2": "https://img-cf.kurly.com/shop/data/goodsview/20200226/gv20000082809_1.jpg", "description": "일상 요리에 꼭 필요한 채소, 이젠 똑똑하게 만나보세요. 깔끔하게 손질한 채소를 남김 없이 즐길 수 있는 한끼 채소입니다. 이번에는 한번에 사용하기 좋은 국산 양송이를 준비했어요. 깨끗한 양송이를 선별해 깨끗하게 손질한 후, 3개씩 포장했지요. 별도의 손질 없이, 원하는 모양과 크기로 썰어 사용할 수 있어 편리하답니다. 각종 볶음, 국, 찌개는 물론 샌드위치나 샐러드의 재료로 활용해도 좋을 거예요.", "img3": "https://img-cf.kurly.com/shop/data/goodsview/20200226/gv20000082894_1.jpg", "option_name_list": [], "option_price_list": []},
{"img1": "https://img-cf.kurly.com/shop/data/goods/1585202684941y0.jpg", "name": "뉴질랜드 단호박 1통", "summary": "폭실폭실 은은한 단맛 뉴질랜드 단호박(1통)", "price": "3,600원", "discount_rate": 0, "unit": "1통", "amount": "1kg 이상", "package": "냉장/종이포장", "made_in": "뉴질랜드", "img2": "https://img-cf.kurly.com/shop/data/goodsview/20200326/gv20000050278_1.jpg", "description": "단호박만큼은 노란빛 선연한 뉴질랜드산을 포기할 수 없답니다. 노란 빛깔이 진한 만큼이나 부드러운 맛과 향도 깊고 짙거든요. 컬리는 손 위로 듬직히 얹혀지는 사이즈인 6~7과 짜리 단호박 1개를 신선하게 전달해 드립니다. 반을 가르면 알차게도 여문 속이 환하게 드러나니, 그 안에 담긴 영양도 으뜸이에요. 부드럽고 구수한 내음이 풍성하고, 크게 달지 않은 편이라 영양밥으로 또는 각종 찜, 구이, 죽으로 조리해도 좋아요. 영양 간식으로 눈길을 끄는 단호박 맛탕이나 단호박 에그슬럿으로 활용해도 좋을 거예요.", "img3": "https://img-cf.kurly.com/shop/data/goodsview/20200323/gv20000086580_1.jpg", "option_name_list": [], "option_price_list": []},
{"img1": "https://img-cf.kurly.com/shop/data/goods/1582272438114y0.jpg", "name": "새싹 모둠 채소 100g", "summary": "생명력을 지닌 다채로운 새싹 채소", "price": "1,650원", "discount_rate": 0, "unit": "1팩", "amount": "100g", "package": "냉장/종이포장", "made_in": "별도 표기", "img2": "https://img-cf.kurly.com/shop/data/goodsview/20200221/gv20000082308_1.jpg", "description": "작고 여린 새싹 채소들은 그 생김새와 달리, 잎과 줄기 속에 풍부한 영양과 생명력을 품고 있지요. 발아에 필요한 다양한 영양소가 모인 덕분에, 성숙한 채소보다도 더욱 풍성한 비타민과 미네랄을 지녔답니다. 부드러운 식감, 달큰하고 개운한 풍미, 신선함이 가득 느껴지는 영양만점 새싹 채소 3종을 선보일게요. 브로콜리, 적무, 다채의 새싹을 소용량으로 함께 담았기에, 소가구도 남길 걱정 없이 다채롭게 즐길 수 있답니다. 번거로운 조리 과정 없이 그저 쌀밥에 푸짐히 넣어 비빔밥으로 드시거나, 다양한 채소와 과일을 곁들여 청량감 넘치는 샐러드를 만들어 보세요. ", "img3": "https://img-cf.kurly.com/shop/data/goodsview/20200221/gv20000082311_1.jpg", "option_name_list": [], "option_price_list": []},
{"img1": "https://img-cf.kurly.com/shop/data/goods/1581658963508y0.jpg", "name": "청도미나리 2종", "summary": "생으로 먹고, 삼겹살과 구워도 먹는 미나리(300g, 500g)", "price": "3,780원", "discount_rate": "10%", "unit": "1봉", "amount": "300g/500g", "package": "냉장/종이포장", "made_in": "국산", "img2": "https://img-cf.kurly.com/shop/data/goodsview/20200214/gv40000081393_1.jpg", "description": "미나리는 어떤 요리에 넣어도 고유의 개성을 잃지 않고 싱그러운 향을 물들이는데요. 그래서 보통은 아귀찜, 미더덕찜 등 각종 해물찜이나 매운탕, 회무침과 같은 요리에 넣어 즐기곤 해요. 하지만 청도에서 재배한 미나리는 조금 다르죠. 속이 꽉 들어찬 데다 줄기가 억세지 않아 아삭아삭 씹히는 부드러운 식감을 자랑해 생야채로 즐기기 참 좋거든요. 물에 살짝 헹궈 샐러드로 즐기거나 바로 착즙하여 생미나리의 향미를 온전하게 음미해보세요. 특히 노릇하게 구운 삼겹살에 곁들이면 별미 중의 별미랍니다.", "img3": "https://img-cf.kurly.com/shop/data/goodsview/20200214/gv20000081395_1.jpg", "option_name_list": ["청도미나리 300g", "청도미나리 500g"], "option_price_list": ["4,200원", "6,500원"]},
{"img1": "https://img-cf.kurly.com/shop/data/goods/1580957433124y0.jpg", "name": "[맛꾼푸드] 엿구마 바삭칩 50g", "summary": "바삭바삭 달콤한 건강 간식", "price": "3,500원", "discount_rate": 0, "unit": "", "amount": "", "package": "상온/종이포장", "made_in": "별도표기", "img2": "https://img-cf.kurly.com/shop/data/goodsview/20200206/gv10000080440_1.jpg", "description": "바삭바삭하게 씹히는 동시에 건강한 단맛이 입안 가득 퍼지는 맛꾼푸드의 '엿구마 바삭칩'을 소개합니다. 열을 가해 건조시킨 꿀고구마를 먹기 좋은 크기와 모양으로 가공한 다음, 기름 없이 구워낸 제품이에요. 덕분에 고구마 본연의 맛을 오롯이 느낄 수 있죠. 어떤 첨가물도 넣지 않고 꿀고구마만으로 만들어 안심하고 드실 수 있답니다. 그냥 먹어도 맛있고, 우유와 함께 즐겨도 좋은 '엿구마 바삭칩'으로 심심한 입을 가볍게 달래보세요.", "img3": "https://img-cf.kurly.com/shop/data/goodsview/20200206/gv20000080442_1.jpg", "option_name_list": [], "option_price_list": []},
{"img1": "https://img-cf.kurly.com/shop/data/goods/1580447356538y0.jpg", "name": "당귀잎 35g", "summary": "향기가 남다른 건강 식재료", "price": "1,850원", "discount_rate": 0, "unit": "1봉", "amount": "35g", "package": "냉장/종이포장", "made_in": "", "img2": "https://img-cf.kurly.com/shop/data/goodsview/20200131/gv30000079762_1.jpg", "description": "예로부터 건강을 위해 널리 활용되던 당귀는 주로 뿌리를 사용하는 식재료인데요. 사실 당귀의 푸른 잎사귀 또한 맛과 향이 남달라, 사라진 입맛을 되살려 주기에 제격이에요. 은은히 퍼지며 점차 깊어지는 특유의 향 덕분에, 기름진 고기와도 잘 어울려 쌈 채소로 활용하기 좋지요. 고유의 풍미가 매력적인 당귀잎으로 건강하고 향기로운 식탁을 만들어 보세요.", "img3": "https://img-cf.kurly.com/shop/data/goodsview/20200131/gv20000079767_1.jpg", "option_name_list": [], "option_price_list": []},
{"img1": "https://img-cf.kurly.com/shop/data/goods/1580447007985y0.jpg", "name": "참나물 150g", "summary": "활용도 높은 향긋한 나물", "price": "2,200원", "discount_rate": 0, "unit": "1봉", "amount": "150g", "package": "냉장/종이포장", "made_in": "국산", "img2": "https://img-cf.kurly.com/shop/data/goodsview/20200131/gv30000079756_1.jpg", "description": "식욕을 자극하는 초록빛 참나물은 특유의 싱그럽고 개운한 향이 일품이지요. 잎과 줄기는 억세지 않고 연해서, 생으로 즐기기에도 참 좋은 나물이에요. 생채부터 샤브샤브까지, 다양한 요리에서 가감 없이 발휘되는 참나물의 매력을 온전히 느껴보세요.   ", "img3": "https://img-cf.kurly.com/shop/data/goodsview/20200131/gv30000079761_1.jpg", "option_name_list": [], "option_price_list": []}