{"img1": "https://img-cf.kurly.com/shop/data/goods/1585649354334y0.jpg", "name": "[농부의 꽃] 플래쉬 포인트 튤립", "summary": "튤립이면서도 튤립같지 않은 특별한 매력", "price": "12,900원", "discount_rate": 0, "unit": "1박스", "amount": "5송이/10송이", "package": "냉장/종이포장", "made_in": "국산", "img2": "https://img-cf.kurly.com/shop/data/goodsview/20200331/gv30000088287_1.jpg", "description": "채소와 과일을 문 앞까지 신선하게 전해온 컬리. 컬리는 꽃이 채소나 과일과 다르지 않다고 생각해요. 온도, 습도 등에 많은 영향을 받는 것은 물론, 조금만 관리를 소홀히 해도 금세 시들어버리고 마니까요. 이번에 컬리가 신선하게 안겨 드리고픈 꽃은 플래쉬 포인트 튤립입니다. 풍성한 꽃잎이 특징인 겹튤립 중에서도 특별한 면모를 갖춘 꽃인데요. 연녹빛이 감돌던 꽃봉오리가 톡 터져나오며, 붉은 꽃잎을 펼쳐내는 모습을 확인할 수 있답니다. 가까이에 두고, 매일 달라지는 플래쉬 포인트를 만나보세요. 이전에 알던 튤립과는 다른, 벅찬 아름다움을 선사할 거예요.", "img3": "https://img-cf.kurly.com/shop/data/goodsview/20200331/gv10000088299_1.jpg", "option_name_list": ["플래쉬 포인트 튤립 5송이", " 플래쉬 포인트 튤립 10송이"], "option_price_list": ["12,900원", "19,900원"]},
{"img1": "https://img-cf.kurly.com/shop/data/goods/1584687625542y0.jpg", "name": "친환경 세척 삼채", "summary": "달콤 쌉쌀한 매운맛의 매력 세척한 친환경 삼채(150g/팩)", "price": "3,900원", "discount_rate": 0, "unit": "1팩", "amount": "150g", "package": "냉장/종이포장", "made_in": "국내산", "img2": "https://img-cf.kurly.com/shop/data/goodsview/20200320/gv40000049468_1.jpg", "description": "쓴맛, 단맛, 매운맛 총 3가지 맛을 느낄 수 있다 하여 이름 붙여진 '삼채'는 맛도 생김새도 꼭 인삼을 닮았어요. 특히, 하얗게 뻗어 내린 삼채 뿌리는 사포닌 성분도 풍부하여 인삼에 버금가는 영양을 품고 있죠. 컬리는 삼채의 뿌리를 깔끔하게 세척하여 먹기 좋은 양으로 담아드립니다. 무농약으로 더욱 건강히 자란 삼채 뿌리는 쌉싸래한 여운과 은근한 달큼함을 품었어요. 무침, 샐러드, 탕의 속재료는 물론, 그대로 갈아 드셔도 좋은 만능 채소랍니다. 알싸한 매운맛과 고루 퍼지는 특유의 향을 느끼며, 자연의 맛을 한가득 즐겨보세요. ", "img3": "https://img-cf.kurly.com/shop/data/goodsview/20200320/gv30000086534_1.jpg", "option_name_list": [], "option_price_list": []},
{"img1": "https://img-cf.kurly.com/shop/data/goods/1582629656278y0.jpg", "name": "[농부의 꽃] 프리지아 6종", "summary": "산지의 프리지아 꽃내음을 그대로 보내 드립니다.", "price": "12,900원", "discount_rate": 0, "unit": "1박스", "amount": "", "package": "기타", "made_in": "국산", "img2": "https://img-cf.kurly.com/shop/data/goodsview/20200226/gv40000082731_1.jpg", "description": "채소와 과일을 문 앞까지 신선하게 전해온 컬리. 컬리는 꽃이 채소나 과일과 다르지 않다고 생각해요. 온도, 습도 등에 많은 영향을 받는 것은 물론, 조금만 관리를 소홀히 해도 금세 시들어버리고 마니까요. 컬리가 선보이는 '농부의 꽃'은 바로 이런 생각에서 탄생했습니다. 농가와 직접 손을 잡았고, 불필요한 유통 과정과 포장은 없앴어요. 덕분에 갓 수확한 꽃을 싱싱한 상태로 만나볼 수 있게 됐죠. 지금 소개드리는 꽃은 춘천의 농부님이 길러낸 프리지아예요. 수수한 듯 화려한 꽃망울과 코끝을 사로잡는 진한 향기가 매력적인 꽃이랍니다. 원하는 화병에 가볍게 꽂아주면, 성큼 다가온 봄을 고스란히 느낄 수 있을 거예요. ", "img3": "https://img-cf.kurly.com/shop/data/goodsview/20200327/gv20000087755_1.jpg", "option_name_list": ["프리지아 노란색 8대", " 프리지아 노란색 16대", "프리지아 흰색 8대", " 프리지아 흰색 16대", " 프리지아 보라색 8대", " 프리지아 보라색 16대"], "option_price_list": ["12,900원", "19,900원", "12,900원", "19,900원", "12,900원", "19,900원"]},
{"img1": "https://img-cf.kurly.com/shop/data/goods/1582617283307y0.jpg", "name": "[농부의 꽃] 튤립 8종", "summary": "튤립 농장의 싱그러움을 그대로 배송 드립니다.", "price": "12,900원", "discount_rate": 0, "unit": "1박스", "amount": "", "package": "기타", "made_in": "국산", "img2": "https://img-cf.kurly.com/shop/data/goodsview/20200225/gv40000082526_1.jpg", "description": "채소와 과일을 문 앞까지 신선하게 전해온 컬리. 컬리는 꽃이 채소나 과일과 다르지 않다고 생각해요. 온도, 습도 등에 많은 영향을 받는 것은 물론, 조금만 관리를 소홀히 해도 금세 시들어버리고 마니까요. 컬리가 선보이는 '농부의 꽃'은 바로 이런 생각에서 탄생했습니다. 농가와 직접 손을 잡았고, 불필요한 유통 과정과 포장은 없앴어요. 덕분에 갓 수확한 꽃을 싱싱한 상태로 만나볼 수 있게 됐죠. 지금 소개드리는 꽃은 춘천의 농부님이 길러낸 튤립이에요. 선명한 컬러와 단정한 맵시는 물론, 싱그러움까지 모두 품고 있답니다. 원하는 화병에 가볍게 꽂아주면, 일상의 공간을 화사하게 물들일 수 있을 거예요.", "img3": "https://img-cf.kurly.com/shop/data/goodsview/20200327/gv20000087756_1.jpg", "option_name_list": [" 튤립 노란색 5송이", " 튤립 노란색 10송이", " 튤립 다홍색 5송이", " 튤립 다홍색 10송이", "튤립 보라색 5송이", " 튤립 보라색 10송이", " 튤립 분홍색 5송이", " 튤립 분홍색 10송이"], "option_price_list": ["12,900원", "19,900원", "12,900원", "19,900원", "12,900원", "19,900원", "12,900원", "19,900원"]},
{"img1": "https://img-cf.kurly.com/shop/data/goods/1547174255238y0.jpg", "name": "친환경 로마네스코 2종", "summary": "브로콜리와 콜리플라워의 화려한 변신", "price": "5,700원", "discount_rate": 0, "unit": "옵션별 상이", "amount": "옵션별 상이", "package": "냉장/종이포장", "made_in": "국내산", "img2": "https://img-cf.kurly.com/shop/data/goodsview/20190111/gv00000041358_1.jpg", "description": "우아함이 뚝뚝 묻어나는 이름과 화려한 자태로 눈길을 사로잡는 로마네스코는 브로콜리와 콜리플라워를 교배해 만든 특수 채소에요. 콜리플라워를 뛰어넘는 달큰한 맛과 브로콜리를 뛰어넘는 아삭한 식감으로 특별함을 선사하는 채소죠. 이탈리아에서는 16세기부터 재배되어 왔지만, 국내에서는 새롭게 떠오르는 채소로 그 맛을 경험해보지 못한 분들이 더 많으실 텐데요. 컬리는 이 특별한 맛을 여러분과 함께 나누고 싶어 친환경 로마네스코 2종을 가져왔어요. 손질할 필요 없이 간편하게 사용하는 조각 로마네스코와 기호에 맞게 썰어 요리할 수 있는 홀 로마네스코로 준비했습니다. 친환경 로마네스코 2종으로 브로콜리와 콜리플라워의 색다른 하모니를 느껴보세요.", "img3": "https://img-cf.kurly.com/shop/data/goodsview/20200221/gv10000082180_1.jpg", "option_name_list": ["친환경 로마네스코 1송이", " 친환경 조각 로마네스코"], "option_price_list": ["5,700원", "3,800원"]},
{"img1": "https://img-cf.kurly.com/shop/data/goods/1579504337957y0.jpg", "name": "GAP 컬리&브로믹스", "summary": "색깔 고운 컬리플라워와 브로콜리", "price": "4,500원", "discount_rate": 0, "unit": "1팩", "amount": "300g", "package": "냉장/종이포장", "made_in": "국산", "img2": "https://img-cf.kurly.com/shop/data/goodsview/20200120/gv40000078709_1.jpg", "description": "컬리플라워는 흰색, 브로콜리는 녹색이라고만 알고 있던 분들 많으실 거예요. 다채로운 색감으로 눈과 입을 즐겁게 만들어 줄 믹스 제품을 소개합니다. 녹색, 자색, 흰색, 주황색 등 형형색색의 꽃봉오리가 단숨에 시선을 사로잡아요. GAP 인증을 획득해 안심하고 먹을 수 있을뿐만 아니라, 부담스럽지 않은 용량 덕분에 버릴 염려도 없죠. 다양한 색상의 컬리플라워와 브로콜리로, 오늘의 요리에 화려함을 더해 보세요.", "img3": "https://img-cf.kurly.com/shop/data/goodsview/20200120/gv00000078768_1.jpg", "option_name_list": [], "option_price_list": []},
{"img1": "https://img-cf.kurly.com/shop/data/goods/1486717673631y0.jpg", "name": "친환경 콜라비 1개", "summary": "양배추와 순무의 장점을 지닌 보라빛 채소(1개/400g 내외)", "price": "2,750원", "discount_rate": 0, "unit": "1개", "amount": "400g 내외", "package": "냉장/종이포장", "made_in": "국내산", "img2": "https://img-cf.kurly.com/shop/data/goodsview/20170303/gv40000000384_1.jpg", "description": "안토시아닌 성분이 풍부한 청자색의 식품을 일컬어 ‘퍼플푸드’라고 부르는데요. 컬리는 그중 콜라비를 소개해드리고자 합니다. 보랏빛이 매력적인 콜라비는, 양배추의 시원함과 순무의 아삭아삭한 식감을 쏙 빼닮은 채소인데요. 이름도 양배추를 뜻하는 독일어 ‘콜(Kohl)’과 순무를 뜻하는 ‘라비(rabi)’를 합쳐 콜라비가 됐죠. 아린 맛이 없고 달큰해서 과일처럼 그냥 먹어도 맛있답니다. 국내에서 농약 없이 건강하게 키운 콜라비, 컬리에서 만나보세요. ", "img3": "https://img-cf.kurly.com/shop/data/goodsview/20170719/gv10000005348_1.jpg", "option_name_list": [], "option_price_list": []},
{"img1": "https://img-cf.kurly.com/shop/data/goods/1543908168514y0.jpg", "name": "콜라비 1개", "summary": "익숙한 맛의 이색 채소, 콜라비", "price": "2,100원", "discount_rate": 0, "unit": "봉", "amount": "500g 내외", "package": "냉장/종이포장", "made_in": "국산", "img2": "https://img-cf.kurly.com/shop/data/goodsview/20181204/gv00000037610_1.jpg", "description": "콜라비를 처음 보면 대체 어떤 채소인지, 무슨 맛일지 쉽게 알 수가 없어요. 동글동글한 외관에 보랏빛 색을 지녀 맛과 식감이 낯설지는 않을까 걱정도 되죠. 너무 낯설게만 생각하지 마세요. 쉽게 말해 콜라비는 양배추에서 갈라져 나온 뿌리채소입니다. 생 양배추를 먹는 것같이 아삭아삭하면서도 순무처럼 수분이 많고 달큼해, 잘게 썬 후 하나씩 집어먹기만 해도 참 맛있답니다. 컬리가 준비한 콜라비는 매일 농산물 시장에서 신선한 것만을 선별해 하나씩 포장한 제품이에요. 익숙한 듯 색다른 맛만큼이나 활용도도 다양해요. 받으신 후에는 피클, 주스, 샐러드, 유아식, 무침 등으로 만들어보세요. 껍질에도 영양분이 풍부하니 깨끗이 씻어 그대로 드시면 더욱 좋습니다. ", "img3": "https://img-cf.kurly.com/shop/data/goodsview/20181204/gv00000037613_1.jpg", "option_name_list": [], "option_price_list": []},
{"img1": "https://img-cf.kurly.com/shop/data/goods/1572227699472y0.jpg", "name": "유기농 브로콜리 600g (냉동)", "summary": "필요한만큼 꺼내쓰는 편리한 유기농 브로콜리", "price": "7,500원", "discount_rate": 0, "unit": "1봉", "amount": "600g", "package": "냉동/종이포장", "made_in": "스페인산", "img2": "https://img-cf.kurly.com/shop/data/goodsview/20191028/gv40000066000_1.jpg", "description": "꽃처럼 피어난 브로콜리의 초록빛 송이는 보기에만 그럴듯한 것이 아니에요. 살짝 데쳐주면 아삭하디 부드럽고 보슬보슬한 다채로운 식감을 자아내지요. 하지만 번번이 브로콜리를 구입하고 손질하는 것이 번거로우셨다면, 컬리가 준비한 유기농 냉동 브로콜리를 이용해 보세요. 엄격하게 선별한 유기농 브로콜리를 깨끗하게 세척한 후 살짝 데쳐 그 상태 그대로 급속 냉동한 상품이랍니다. 먹기 좋은 크기로 손질했으니, 필요한 만큼만 꺼내 다양한 요리에 활용할 수 있어요. 볶음밥이나 샐러드는 물론, 아이들 이유식 재료로도 손색없어요.", "img3": "https://img-cf.kurly.com/shop/data/goodsview/20191028/gv10000066012_1.jpg", "option_name_list": [], "option_price_list": []},
{"img1": "https://img-cf.kurly.com/shop/data/goods/1564118564514y0.jpg", "name": "컬리플라워 라이스 340g(냉동)", "summary": "저칼로리 식단을 위한 이색 라이스 (1팩/340g)", "price": "4,505원", "discount_rate": "15%", "unit": "1팩", "amount": "340g", "package": "냉동/종이포장", "made_in": "수입산(벨기에)", "img2": "https://img-cf.kurly.com/shop/data/goodsview/20190726/gv20000057212_1.jpg", "description": "식단 관리 중에는 주식인 쌀의 칼로리에도 신경이 쓰이기 마련인데요. 컬리플라워 라이스는 쌀처럼 즐길 수 있는 저칼로리 식재료예요. 하얗고 몽글몽글한 채소, 컬리플라워를 쌀알 모양으로 잘게 썰어 급속 냉동했습니다. 외국에서는 이미 쌀을 대신하는 식재료로 널리 사용하고 있다고 해요. 컬리플라워를 손질하는 번거로운 과정 없이, 필요한 만큼 해동해 간편하게 즐길 수 있으니 더욱 기특하지요. 가볍게 데쳐 곡물을 대신하는 토핑으로 사용해도 좋고, 채소나 고기 등을 넣어 볶음밥처럼 조리해도 좋아요. 신경 써 고른 식재료로 가볍고 색다른 식단을 완성해 보세요.  ", "img3": "https://img-cf.kurly.com/shop/data/goodsview/20190726/gv00000057218_1.jpg", "option_name_list": [], "option_price_list": []},
{"img1": "https://img-cf.kurly.com/shop/data/goods/1557723926871y0.jpg", "name": "유기농 콜리플라워 600g (냉동)", "summary": "필요한 만큼 꺼내쓰는 유기농 냉동 콜리플라워(1봉/600g)", "price": "5,900원", "discount_rate": 0, "unit": "1봉", "amount": "600g", "package": "냉동/종이포장", "made_in": "유럽(벨기에, 오스트리아, 스페인)", "img2": "https://img-cf.kurly.com/shop/data/goodsview/20190513/gv10000049995_1.jpg", "description": "아무리 신선한 채소라고 해도 냉장고에 머무는 시간이 길어지면 시들해지기 마련이에요. 컬리는 항상 재료가 남아 고민이셨던 분들을 위해 냉동 유기농 콜리플라워를 준비했습니다. 건강하게 자란 유기농 콜리플라워를 깨끗하게 세척한 후 먹기 좋은 크기로 손질해줬고요. 멸균 후 맛과 향, 영양소를 보존하기 위해 급속 냉동하여 포장했습니다. 이 모든 과정이 수확 직후 이루어지니 신선한 상태 그대로의 콜리플라워를 만나보실 수 있어요. 유럽연합(EU)의 유기농 인증을 받아 더욱 믿음이 가는 냉동 유기농 콜리플라워를 사계절 내내 즐겨보세요.", "img3": "https://img-cf.kurly.com/shop/data/goodsview/20190513/gv40000050000_1.jpg", "option_name_list": [], "option_price_list": []},
{"img1": "https://img-cf.kurly.com/shop/data/goods/1557716294919y0.jpg", "name": "무농약 새싹보리 150g", "summary": "내 몸에 선물하는 파릇한 건강(1팩/150g)", "price": "3,300원", "discount_rate": 0, "unit": "1팩", "amount": "150g", "package": "냉장/종이포장", "made_in": "국산", "img2": "https://img-cf.kurly.com/shop/data/goodsview/20190513/gv30000049977_1.jpg", "description": "'새싹보리'는 보리가 싹을 틔운 뒤 새로이 자라난 보리의 어린잎을 뜻해요. 고작 10~15cm 내외로 자라난 새싹에 불과할지 모르겠지만, 일반 보리보다 100배에 달하는 영양성분을 두둑이 함유하고 있답니다. 칼슘이 우유의 4.5배, 철분은 시금치의 16배, 식이섬유가 고구마의 20배나 많기 때문에 우리 몸의 건강 증진과 유지에 도움을 줄 수 있는 고마운 식재료예요. 컬리가 소개하는 무농약 새싹보리를 주스의 재료로 사용해보세요. 새싹보리에 열을 가한다면 영양성분이 파괴되기 때문에, 새싹보리를 간단히 갈아 드시거나 착즙한 뒤 주스로 즐겨야 새싹보리의 영양성분을 온전히 섭취할 수 있답니다. ", "img3": "https://img-cf.kurly.com/shop/data/goodsview/20190513/gv40000049982_1.jpg", "option_name_list": [], "option_price_list": []},
{"img1": "https://img-cf.kurly.com/shop/data/goods/1543287814159y0.jpg", "name": "와사비 줄기 절임 100g (냉동)", "summary": "얇고 잘게 다져 식감도 별미", "price": "12,500원", "discount_rate": 0, "unit": "PK", "amount": "100g", "package": "냉동/종이포장", "made_in": "", "img2": "https://img-cf.kurly.com/shop/data/goodsview/20181127/gv00000036798_1.jpg", "description": "와사비 줄기 절임이라니, 조금 생소하실 거예요. 코가 찌릿해지는 매운맛의 와사비는 대체로 짜 먹는 페이스트 형태 또는 가루 형태로 많이 즐겨왔을 텐데요. 지금 이 와사비는 와사비 줄기를 얇고 잘게 다진 후 소금과 물엿을 활용해 잘 절인 제품이랍니다. 줄기를 다져냈기에 씹는 식감이 살아 있죠. 젓가락으로 소량 집어 육고기나 생선회, 초밥 등과 함께 곁들이면 특유의 감칠맛으로 입맛을 톡 쏘게 사로잡을 거예요. 담백하고 깔끔한 두부와 함께 곁들여 밥반찬, 다진 야채와 버무려 간편한 술안주로 즐겨도 제격이지요. 개운한 풍미와 깔끔한 뒷맛이 좋아 자꾸만 손이 간답니다. 욕심을 부렸다가는 강렬하게 짜르르해질 수 있으니 조금씩 소량씩 집어 드세요. 다양한 요리에서 개성 넘치게 활용해보세요.", "img3": "https://img-cf.kurly.com/shop/data/goodsview/20181127/gv10000036801_1.jpg", "option_name_list": [], "option_price_list": []},
{"img1": "https://img-cf.kurly.com/shop/data/goods/153198919584y0.jpg", "name": "GAP 브로콜리 1개", "summary": "촘촘한 꽃송이 속 풍부한 영양 (1개)", "price": "2,780원", "discount_rate": 0, "unit": "봉", "amount": "1개", "package": "냉장/종이포장", "made_in": "국산", "img2": "https://img-cf.kurly.com/shop/data/goodsview/20180719/gv20000027599_1.jpg", "description": "슈퍼푸드 하면 자동적으로 떠오르는 야채가 하나 있어요. 선명한 초록색의 작은 꽃송이에 풍부한 영양분을 가득 품고 있는 브로콜리입니다. 예전엔 일반적으로 널리 쓰이지 않았지만 지금은 우리의 식탁에도 자주 올라오는 식재료죠. 삶아서 초장에 찍어 먹기만 해도 되고, 볶으면 부드럽고 야들야들하면서 아삭한 식감을 모두 즐길 수 있어 다양하게 활용하기에 좋습니다. 컬리는 GAP 인증 기준으로 정성스럽게 키운 브로콜리를 준비했어요. 촘촘하게 여문 브로콜리를 한 송이씩 보내드리니 사용 부담도 적답니다. 브로콜리를 기름과 함께 조리하면 풍부한 영양분을 더 잘 섭취할 수 있다고 해요. 취향에 맞는 향신료와 육류 등을 곁들여 든든하고 건강한 식사를 완성해보세요.", "img3": "https://img-cf.kurly.com/shop/data/goodsview/20180719/gv20000027606_1.jpg", "option_name_list": [], "option_price_list": []},
{"img1": "https://img-cf.kurly.com/shop/data/goods/151512300681y0.jpg", "name": "꼬깔 양배추 1통", "summary": "외계인 같이 생겼지만 맛있는 양배추 600g", "price": "3,100원", "discount_rate": 0, "unit": "1개", "amount": "600g 내외", "package": "냉장/종이포장", "made_in": "국내산", "img2": "https://img-cf.kurly.com/shop/data/goodsview/20180105/gv40000015360_1.jpg", "description": "꼬깔 양배추는 특이한 모양으로 시선을 사로잡죠. 양배추를 개량하여 원뿔 모양으로 재배해 꼬깔 양배추라는 이름이 붙여졌어요. 국내에 소개된 지 얼마 되지 않아 조금은 낯설게 느껴질지도 몰라요. 하지만 유럽에서는 오래전부터 대중적으로 쓰이는 식재료인 것은 물론 국내의 서양식 레스토랑에서도 종종 사용해 왔답니다. 그래서 컬리는 이색적인 꼬깔 양배추를 가정에서도 즐길 수 있도록 발 빠르게 준비했어요. 양배추를 뛰어넘는 아삭한 식감과 달콤하고 부드러운 맛이 나 다양한 요리에 활용할 수 있답니다. 친숙한 듯 낯선 매력의 꼬깔 양배추를 즐겨보세요.", "img3": "https://img-cf.kurly.com/shop/data/goodsview/20180105/gv10000015365_1.jpg", "option_name_list": [], "option_price_list": []},
{"img1": "https://img-cf.kurly.com/shop/data/goods/1505902207525y0.jpg", "name": "릭 350g", "summary": "다채롭게 활용되는 서양 대파 (1개/350g 내외)", "price": "12,000원", "discount_rate": 0, "unit": "1개", "amount": "350g 내외", "package": "냉장/종이포장", "made_in": "수입산", "img2": "https://img-cf.kurly.com/shop/data/goodsview/20170920/gv10000008984_1.jpg", "description": "대파 아니냐고요? 대파 맞아요. 서양의 대파라고도 불리는 릭(Leek)은 지중해 연안과 동아시아 지역에서 재배되는 향신 채소인데요. 보시다시피 우리가 아는 대파의 모습과 비슷하게 생겼지요. 하지만 크기가 훨씬 크고 육질이 단단하며, 맛은 대파보다도 덜 맵고 양파처럼 은근한 단맛이 돈답니다. 조리가 들어가면 릭 본연의 풍미가 깊게 살아나기 때문에 유럽에서는 스톡이나 육수를 내는 재료로도 자주 활용되곤 해요. 풍미 좋고 활용도 높은 릭을 각종 요리에서 다채롭게 활용해보세요. 살짝 데치거나 오븐에 굽기만 해도 그 자체로 훌륭한 요리가 될 수 있어요. 송송 썰어 파무침이나 장아찌로 담가 즐겨도 좋답니다.  ", "img3": "https://img-cf.kurly.com/shop/data/goodsview/20181017/gv00000033776_1.jpg", "option_name_list": [], "option_price_list": []}