{"img1": "https://img-cf.kurly.com/shop/data/goods/1554369793760y0.jpg", "name": "땅두릅 150g", "summary": "짙게 피어나는 두릅의 향", "price": "4,320원", "discount_rate": "10%", "unit": "1팩", "amount": "150g", "package": "냉장/종이포장", "made_in": "국내산", "img2": "https://img-cf.kurly.com/shop/data/goodsview/20190404/gv30000046647_1.jpg", "description": "두릅 본연의 진한 향을 느끼고 싶을 땐 역시 땅두릅이죠. 두릅나무에서 자란 참두릅에 비해 줄기가 굵직해서 아삭아삭 씹는 맛도 있고 풍미도 짙은 편이니까요. 컬리는 밑동까지 먹을 수 있는 땅두릅의 특징을 살려 조금 길쭉하게 꺾은 제품을 준비했어요. 생으로 먹기에는 단단할 수 있으나 끓는 물에 살짝 데치거나 기름을 약간 둘러 구워 먹기에는 그만이랍니다. 숙회를 초고추장에 찍어 먹는 기본 레시피도 좋지만 얇게 썬 소고기를 두릅에 돌돌 만 뒤 구워 먹는 고기 말이로 즐겨도 좋아요. ", "img3": "https://img-cf.kurly.com/shop/data/goodsview/20190404/gv40000046653_1.jpg", "option_name_list": [], "option_price_list": []},
{"img1": "https://img-cf.kurly.com/shop/data/goods/1555911970929y0.jpg", "name": "곰취 80g", "summary": "향긋 쌉싸래한 계절 산나물", "price": "3,200원", "discount_rate": 0, "unit": "1봉", "amount": "80g", "package": "냉장/종이포장", "made_in": "국내산", "img2": "https://img-cf.kurly.com/shop/data/goodsview/20190422/gv20000048167_1.jpg", "description": "곰취는 넓적한 잎모양이 꼭 곰의 발바닥 같기도 한데요. 깊은 산 속 곰이 먹는다하여 '곰취'라는 이름이 붙었답니다. 연한 조직감에 씹을 수록 깊어지는 향기와 쌉싸래한 여운은 나른한 봄날 입맛을 돋우기에 제격이에요. 컬리는 향이 깊게 번져오는 곰취를 1~2인 가구도 간편히 즐길 수 있도록 소포장했답니다. 곰취를 살짝만 데쳐 고기쌈을 먹는다면 깔끔히 잘 어우러져요. 별미로 밀가루 옷을 입혀 노릇한 곰취전으로, 새콤매콤한 무침으로 만들어 봐도 좋겠죠. 금방 사라지는 봄내음이 아쉽다면 곰취 장아찌를 만들어 두고두고 즐기는 방법도 추천할게요. ", "img3": "https://img-cf.kurly.com/shop/data/goodsview/20190422/gv30000048170_1.jpg", "option_name_list": [], "option_price_list": []},
{"img1": "https://img-cf.kurly.com/shop/data/goods/1583463505766y0.jpg", "name": "경기 시금치 250g/단", "summary": "1년 내내 사랑 받는 경기 시금치", "price": "1,900원", "discount_rate": 0, "unit": "", "amount": "", "package": "냉장/종이포장", "made_in": "", "img2": "https://img-cf.kurly.com/shop/data/goodsview/20200306/gv40000084414_1.jpg", "description": "시금치는 추위를 견디는 능력이 강하고 서늘한 기후를 좋아해 국내에서 잘 자라는 채소예요. 경기 시금치는 고온다습하지 않은 경기도 지역에서 재배한 시금치로, 경기초라고 불리기도 하죠. 비타민, 철분, 식이섬유 등 각종 영양 성분이 가득 들어가 있어 더욱 만족스럽습니다. 여러 요리로 활용해 섭취한다면 부족한 영양을 보충할 수 있을 거예요. 친숙한 맛과 남녀노소 모두에게 유익한 영양을 가진 시금치로 식탁에 싱그러운 활력을 더해보세요. ", "img3": "https://img-cf.kurly.com/shop/data/goodsview/20200306/gv00000084417_1.jpg", "option_name_list": [], "option_price_list": []},
{"img1": "https://img-cf.kurly.com/shop/data/goods/1583220482731y0.jpg", "name": "한끼 시금치 120g", "summary": "딱 필요한 만큼만 담은 한끼 식사용 시금치", "price": "1,000원", "discount_rate": 0, "unit": "1봉", "amount": "120g", "package": "냉장/종이포장", "made_in": "국산", "img2": "https://img-cf.kurly.com/shop/data/goodsview/20200303/gv10000083814_1.jpg", "description": "시금치는 비타민과 칼슘, 철분, 엽산까지 영양분이 무척 풍부하기에 아이에게 꼭 챙겨 먹이게 되는 재료죠. 간단하게 조물조물 무쳐주기만 해도 싱그러운 시금치나물이 완성되고, 살짝 데쳐 된장국에 더해주면 그렇게 구수할 수가 없어요. 요리에 자주 사용하는 필수 재료지만, 한 번에 많이 구비해두면 보관하기도 힘들고 쉽게 무르곤 해요. 그래서 컬리는 시금치를 딱 한끼 깔끔하게 즐길 수 있는 분량만큼 담아 보내드립니다. 번거롭게 손질할 일도 없고 남은 재료를 어떻게 처리할지 걱정할 필요도 없지요. 끼니마다 신선한 채소로 다채로운 요리를 완성해보세요.", "img3": "https://img-cf.kurly.com/shop/data/goodsview/20200304/gv10000083936_1.jpg", "option_name_list": [], "option_price_list": []},
{"img1": "https://img-cf.kurly.com/shop/data/goods/1501653435648y0.jpg", "name": "친환경 영양부추", "summary": "이름 그대로 영양 가득 싱싱한 영양부추(1봉/100g)", "price": "2,880원", "discount_rate": "10%", "unit": "1봉", "amount": "100g", "package": "냉장/종이포장", "made_in": "국내산", "img2": "https://img-cf.kurly.com/shop/data/goodsview/20170802/gv30000005730_1.jpg", "description": "고기를 구워 먹을 때면 항상 등장하는 밑반찬, 부추 무침. 새콤달콤한 양념장과 영양부추 고유의 알싸함이 만나 조화를 이루는 부추 무침은 상상만으로도 침샘을 자극하죠. 영양부추는 이름에서도 짐작할 수 있듯, 영양성분이 뛰어나다고 해서 붙여진 이름이라고 해요. 가늘다고 하여 실부추로 불리기도 하죠. 일반적은 부추는 대엽군에 속하며 영양부추는 입이 가늘고 비교적 동그란 소엽군에 속하는데요. 일반 부추보다 짧고 가늘어 조리를 하기보다는 무침 요리나 샐러드에 많이 사용되는 편이에요. 본연의 알싸한 맛과 식감이 살아있는 친환경 영양부추로 입맛을 돋우어 보세요.", "img3": "https://img-cf.kurly.com/shop/data/goodsview/20180905/gv40000031442_1.jpg", "option_name_list": [], "option_price_list": []},
{"img1": "https://img-cf.kurly.com/shop/data/goods/1574997227873y0.jpg", "name": "무농약 청도 한재 미나리 200g", "summary": "미나리의 주산지, 청도의 아삭아삭 무농약 미나리", "price": "3,900원", "discount_rate": 0, "unit": "1봉", "amount": "200g", "package": "냉장/종이포장", "made_in": "국내산", "img2": "https://img-cf.kurly.com/shop/data/goodsview/20191129/gv40000070247_1.jpg", "description": "미나리는 존재만으로도 식탁의 향긋함을 불러오는 식재료입니다. 보글보글 끓인 탕 위에 사뿐히 올려주기도 하고요. 생으로 먹거나 무쳐서 먹기도 하지요. 이번에 컬리가 준비한 미나리는 농림축산식품부의 지리적 표시 인증을 받은 특산물, 경북 청도의 한재 미나리입니다. 해발 933m의 화악산에서 흘러내린 맑은 물을 머금고 풍부한 볕을 받으며 자란 미나리예요. 줄기 속이 야무지게 차있어 수분이 많고 아삭아삭하답니다. 이 맛을 잊지 못해 몸소 청도를 찾는 분들도 있는데요. 자줏빛 뿌리부터 건강한 잎까지 꼼꼼하게 엄선하고 세척한 청도 한재 미나리, 이제 컬리를 통해 만나보세요.", "img3": "https://img-cf.kurly.com/shop/data/goodsview/20191129/gv00000070267_1.jpg", "option_name_list": [], "option_price_list": []},
{"img1": "https://img-cf.kurly.com/shop/data/goods/1573440043505y0.jpg", "name": "컷팅 부추 100g", "summary": "먹기 쉽게 컷팅된 소용량 부추(1봉/100g)", "price": "1,300원", "discount_rate": 0, "unit": "1봉", "amount": "100g", "package": "냉장/종이포장", "made_in": "국산", "img2": "https://img-cf.kurly.com/shop/data/goodsview/20191111/gv00000067559_1.jpg", "description": "먹기 좋은 크기로 썬 부추는 요리에 활용도가 무척 높아요. 그런데 부추를 막상 손질하려고 보면 부추 1단의 양이 부담돼 구입을 꺼리는 분들이 종종 있지요. 그래서 컬리는 부추를 꼭 필요한 양만 담아 선보입니다. 부추의 밑동은 잘라내고, 송송 썬 뒤 소용량으로 포장한 제품을 합리적인 가격에 준비했어요. 그대로 꺼내어 흐르는 물에 가볍게 세척한 뒤 요리해 즐기면 그만이에요. 고기에 곁들이기 좋은 부추 무침은 물론이고 부추전 등의 요리에 바로 사용하기 편리해요. 영양 가득 품은 부추, 남는 걱정 없이 마음껏 섭취해보세요.", "img3": "https://img-cf.kurly.com/shop/data/goodsview/20191111/gv20000067562_1.jpg", "option_name_list": [], "option_price_list": []},
{"img1": "https://img-cf.kurly.com/shop/data/goods/1543307514132y0.jpg", "name": "포항초 250g", "summary": "진하고 달큰한 포항 시금치 포항초 250g", "price": "3,480원", "discount_rate": 0, "unit": "봉", "amount": "250g 내외", "package": "냉장/종이포장", "made_in": "국산", "img2": "https://img-cf.kurly.com/shop/data/goodsview/20181127/gv20000036901_1.jpg", "description": "매서운 날씨에도 아랑곳하지 않고 파릇파릇한 잎사귀를 뽐내는 포항초. 바다 인근의 경북 포항에서 재배되는 시금치이기에, 지역명인 '포항'이 고스란히 채소의 이름이 되었답니다. 비금도에서 자라는 시금치를 섬초, 남해에서 자라는 시금치를 남해초라 부르는 것처럼 말이에요. 포항의 바닷바람을 맞고 자라는 덕분에 뿌리가 길지 못하고 옆으로 퍼지며 자라는데요. 뿌리, 줄기, 잎 구석구석에 영양분이 알차게 들어 있다고 해요. 소금물에 살짝 데친 뒤 고소한 양념장에 조물조물 무쳐 드시거나 샐러드 채소로도 활용해 보세요.", "img3": "https://img-cf.kurly.com/shop/data/goodsview/20181127/gv10000036904_1.jpg", "option_name_list": [], "option_price_list": []},
{"img1": "https://img-cf.kurly.com/shop/data/goods/155442856347y0.jpg", "name": "씀바귀 120g", "summary": "입맛을 돋우는 쌉쌀한 매력 (1봉/120g)", "price": "3,500원", "discount_rate": 0, "unit": "1봉", "amount": "120g", "package": "냉장/종이포장", "made_in": "국내산", "img2": "https://img-cf.kurly.com/shop/data/goodsview/20190405/gv00000046682_1.jpg", "description": "냉이, 고들빼기, 도라지와 더불어 쌉쌀한 맛을 논할 때 빠지면 아쉬운 나물이 있어요. 맛이 쓴 상추라는 뜻으로 고거(苦苣)로도 불리는 씀바귀입니다. 씀바귀는 고추장을 넣은 새콤달콤한 양념은 물론, 감칠맛이 있는 된장 양념과도 참 잘 어울립니다. 느끼함을 잡아주기 때문에 고기를 먹을 때 쌈에 조금씩 넣어도 좋지요. 컬리는 씀바귀 특유의 맛을 진하게 느낄 수 있고 다양한 방법으로 조리하기에 그만인 뿌리 부분만을 골라 소포장했어요. 어쩐지 나른하고 입맛이 없는 날, 쌉쌀한 씀바귀 나물 한 접시를 식탁에 올려보세요. ", "img3": "https://img-cf.kurly.com/shop/data/goodsview/20190405/gv30000046685_1.jpg", "option_name_list": [], "option_price_list": []},
{"img1": "https://img-cf.kurly.com/shop/data/goods/1542003260279y0.jpg", "name": "달래 60g", "summary": "", "price": "2,185원", "discount_rate": "5%", "unit": "1봉", "amount": "60g", "package": "냉장/종이포장", "made_in": "국산", "img2": "https://img-cf.kurly.com/shop/data/goodsview/20181112/gv20000035760_1.jpg", "description": "톡 쏘는 매콤한 향과 쌉싸래한 내음을 품은 달래. 미각을 깨우는 대표 봄나물이죠. 그저 봄이 오기만을 기다릴 수 없던 컬리는 철저한 검수 단계를 걸쳐 안전하게 재배되는 국내산 달래를 엄선했답니다. 아담하게 차오른 알뿌리며, 곧게 자라난 잎이며 파릇파릇한 신선함을 드러냅니다. 컬리는 달래 본연의 향과 풍미를 제대로 즐기기 위해 익히기보다는 생으로 요리하길 추천해요. 알뿌리를 살짝 찧어서 조리하면 더욱 향긋하게 즐길 수 있다는 사실. 양념장에 조물 조물 무쳐 먹거나, 장아찌로 혹은 김치로, 끓어오르는 찌개에 듬뿍 얹혀서 다양하게 즐겨보세요. 산뜻이 번져오는 달래 향을 즐길 수 있는 방법은 여러분이 상상하기 나름이지요. 쫑쫑 썬 달래로 달래장을 만들어 구운 김, 두부에 찍어 먹어도 그렇게 별미일 수 없답니다.", "img3": "https://img-cf.kurly.com/shop/data/goodsview/20181112/gv20000035763_1.jpg", "option_name_list": [], "option_price_list": []},
{"img1": "https://img-cf.kurly.com/shop/data/goods/1541998278641y0.jpg", "name": "돌나물 150g", "summary": "풋풋하고 쌉싸름한 향기 (1봉/150g)", "price": "1,850원", "discount_rate": 0, "unit": "1봉", "amount": "150g", "package": "냉장/종이포장", "made_in": "국산", "img2": "https://img-cf.kurly.com/shop/data/goodsview/20181112/gv20000035743_1.jpg", "description": "돌에 살면서 번진다 하여 돌나물이라는 이름을 얻은 이 식재료는 지역에 따라 돗나물이나 돈나물로 불리기도 합니다. 짧고 통통한 잎 속에 수분과 상큼한 맛을 가득 품고 있어 가볍게 무쳐먹기에 좋은데요. 봄에만 짧게나마 만날 수 있던 그 맛, 이제 컬리에서 편하게 만나보세요. 컬리는 경기도 안성에서 정성스럽게 기른 돌나물을 준비했습니다. 철저한 검수를 거쳐 선별한 돌나물은 150g씩 포장돼요. 1인 가구나 소가족에게도 부담 없는 분량으로 담아냈으니 걱정 없이 선택하셔도 좋습니다. 받으신 후에는 물에 살살 씻은 뒤 초고추장에 바로 무쳐서 즐겨보세요. 풋풋하고 쌉싸름한 향기가 입맛을 절로 돋운답니다.", "img3": "https://img-cf.kurly.com/shop/data/goodsview/20181112/gv00000035746_1.jpg", "option_name_list": [], "option_price_list": []},
{"img1": "https://img-cf.kurly.com/shop/data/goods/1541985064471y0.jpg", "name": "방풍나물 150g", "summary": "식탁에 봄내음을 더하는 채소 (1봉/150g)", "price": "2,115원", "discount_rate": "10%", "unit": "1봉", "amount": "150g", "package": "냉장/종이포장", "made_in": "국내산", "img2": "https://img-cf.kurly.com/shop/data/goodsview/20181112/gv20000035721_1.jpg", "description": "쌉싸름한 향과는 달리 씹을 수록 풍성한 단맛이 배어나는 매력적인 채소, 방풍나물을 소개할게요. 생채로 먹을 때는 연한 잎과 아삭한 줄기가 입맛을 돋워주고, 끓는 물에 데쳐내면 촉촉하고 야들야들한 식감이 일품입니다. 산채답게 베타카로틴, 칼슘, 인, 철분 등 다양항 비타민과 무기질을 함유하고 있어요. 조리 전 굵은 줄기를 미리 손질해주면 질기지 않게 드실 수 있습니다. 언제라도 입 안에 봄을 불러오는 마법같은 식재료, 방풍나물을 만나보세요.", "img3": "https://img-cf.kurly.com/shop/data/goodsview/20181112/gv30000035726_1.jpg", "option_name_list": [], "option_price_list": []},
{"img1": "https://img-cf.kurly.com/shop/data/goods/1541756618174y0.jpg", "name": "세발나물 150g", "summary": "갯벌의 풍미를 머금은 나물 (1봉/150g)", "price": "1,850원", "discount_rate": 0, "unit": "1봉", "amount": "150g", "package": "냉장/종이포장", "made_in": "국산", "img2": "https://img-cf.kurly.com/shop/data/goodsview/20181109/gv00000035715_1.jpg", "description": "갯벌에서 자라난다고 해서 갯나물, 혹은 가늘고 낭창한 잎이 새의 발을 닮았다고 해서 세발나물이라고 불리는 이 채소는 참 독특한 맛을 낸답니다. 갯벌의 염분과 미네랄을 듬뿍 머금고 자라기 때문에 나물 자체에 은근한 짭조름함이 배어 있죠. 파릇한 채소답게 식이섬유는 물론, 베타카로틴, 칼륨, 마그네슘 등 다양한 비타민과 무기질을 함유하고 있어요. 건강한 식탁을 차리고 싶은 날이나, 색다른 나물을 맛보고 싶은 날 컬리가 준비한 세발나물을 선택해보세요.", "img3": "https://img-cf.kurly.com/shop/data/goodsview/20181109/gv10000035720_1.jpg", "option_name_list": [], "option_price_list": []},
{"img1": "https://img-cf.kurly.com/shop/data/goods/1571644949542y0.jpg", "name": "무농약 고사리&도라지 300g", "summary": "", "price": "8,800원", "discount_rate": 0, "unit": "1팩", "amount": "300g", "package": "냉장/종이포장", "made_in": "국산", "img2": "https://img-cf.kurly.com/shop/data/goodsview/20191021/gv00000065344_1.jpg", "description": "나물반찬을 꼽을 때 고사리와 도라지를 빼놓을 수 없죠. 하지만 두 나물의 손질법은 꽤나 까다롭습니다. 아린 맛과 떫은 맛을 빼기 위해 물에 불려야 하는 수고도 잠시, 도라지는 껍질을 깨끗이 벗겨내고 다시 얇게 채썰기까지 해야 하는데요. 컬리는 고사리를 바로 요리에 사용할 수 있도록 손질과 데치는 과정을 마치고, 도라지는 손질만 하여 포장한 제품을 선보입니다. 국내에서 친환경 농법으로 건강하게 자란 고사리와 도라지만을 엄선하여 더욱 안심하고 먹을 수 있습니다. 나물에 갖은 양념을 더해 조물조물 무치기만 하면 한결 손쉬워질 거예요. ", "img3": "https://img-cf.kurly.com/shop/data/goodsview/20200106/gv10000076724_1.jpg", "option_name_list": [], "option_price_list": []},
{"img1": "https://img-cf.kurly.com/shop/data/goods/1578564648549y0.jpg", "name": "[록야] 국산 삶은 시래기 120g", "summary": "실온보관이 가능한 억세지 않고 부드러운 시래기(1캔/120g)", "price": "1,980원", "discount_rate": 0, "unit": "1캔", "amount": "120g", "package": "냉장/종이포장", "made_in": "국산", "img2": "https://img-cf.kurly.com/shop/data/goodsview/20200109/gv20000061432_1.jpg", "description": "나물 반찬은 먹기는 간편해 보여도 꽤나 손이 많이 가는 음식입니다. 번거로운 손질은 물론 나물을 자칫 잘못 삶으면 순식간에 질겨지거나 무르는 일이 다반사지요. 그래서 삶은 나물을 구입해보면 막상 유통기한이 짧아 애를 먹는 경우도 있는데요. 그럴 땐 통조림에 담긴 삶은 나물을 컬리에서 만나보세요. 지금 만나볼 나물은 시래기입니다. 국산 시래기를 깨끗하게 세척한 뒤 그대로 삶았어요. 산소는 차단하고, 식품첨가물 없이 멸균 처리를 한 뒤 통조림에 담아냈기에 언제든 꺼내어 먹을 수 있는 장점을 지녔어요. 삶은 시래기를 그대로 꺼낸 뒤 볶음, 찌개, 무침 등 다양한 요리에 활용해보세요. ", "img3": "https://img-cf.kurly.com/shop/data/goodsview/20200109/gv40000077374_1.jpg", "option_name_list": [], "option_price_list": []},
{"img1": "https://img-cf.kurly.com/shop/data/goods/1580804481129y0.jpg", "name": "[록야] 국산 삶은 곤드레 120g", "summary": "밥 지을 때 넣어주기만 하면 끝! (1캔/100g)", "price": "2,980원", "discount_rate": 0, "unit": "1캔", "amount": "120g", "package": "냉장/종이포장", "made_in": "국산", "img2": "https://img-cf.kurly.com/shop/data/goodsview/20200204/gv10000061416_1.jpg", "description": "나물 반찬은 먹기는 간편해 보여도 꽤나 손이 많이 가는 음식입니다. 번거로운 손질은 물론 나물을 자칫 잘못 삶으면 순식간에 질겨지거나 무르는 일이 다반사지요. 그래서 삶은 나물을 구입해보면 막상 유통기한이 짧아 애를 먹는 경우도 있는데요. 그럴 땐 통조림에 담긴 삶은 나물을 컬리에서 만나보세요. 지금 만나볼 나물은 곤드레입니다. 국내에서 기른 곤드레의 줄기가 아닌, 보드라운 여린 잎을 손으로 하나하나 따낸 뒤 세척하여 삶아 잔가시 걱정 없이 안심하고 먹을 수 있어요. 산소는 차단하고, 식품첨가물 없이 멸균 처리를 한 뒤 통조림에 담아냈기에 언제든 꺼내어 먹을 수 있는 장점을 지녔답니다. 삶은 곤드레를 그대로 꺼낸 뒤 곤드레밥, 찌개, 볶음 등의 요리에 사용해보세요. ", "img3": "https://img-cf.kurly.com/shop/data/goodsview/20200204/gv10000080238_1.jpg", "option_name_list": [], "option_price_list": []}