{"img1": "https://img-cf.kurly.com/shop/data/goods/1584679595103y0.jpg", "name": "무농약 스탠포드 40g", "summary": "꽃처럼 피어난 달콤 잎채소", "price": "3,900원", "discount_rate": 0, "unit": "1팩", "amount": "40g", "package": "냉장/종이포장", "made_in": "국내산", "img2": "https://img-cf.kurly.com/shop/data/goodsview/20200320/gv20000086409_1.jpg", "description": "늘 먹던 샐러드 대신, 새로운 식감과 맛을 찾는다면, 무농약 스탠포드를 추천할게요. 장미를 연상시키는 도톰한 잎에, 매혹적인 컬러를 갖춘 스탠포드는 버터헤드 상추의 일종인데요. 수경 재배 시설을 갖춘 스마트팜에서 깨끗하게 키워낸 잎채소랍니다. 붉은빛이 살짝 도는 잎에는 아삭함과 보드라움이 함께 자리잡고 있어 색달라요. 입 안에서는 살살 녹아드는 식감이라 그대로 드시기에도 부담이 없지요. 뿌리 부분만을 깔끔히 제거한 뒤 투명 패키지에 담아 보내드리니, 샐러드나 샌드위치 재료로 활용해 보세요. ", "img3": "https://img-cf.kurly.com/shop/data/goodsview/20200320/gv20000086415_1.jpg", "option_name_list": [], "option_price_list": []},
{"img1": "https://img-cf.kurly.com/shop/data/goods/1584679418853y0.jpg", "name": "무농약 프릴아이스 80g", "summary": "소리까지 아삭한 잎채소의 매력", "price": "4,200원", "discount_rate": 0, "unit": "1팩", "amount": "80g", "package": "냉장/종이포장", "made_in": "국산", "img2": "https://img-cf.kurly.com/shop/data/goodsview/20200320/gv30000086400_1.jpg", "description": "늘 먹던 샐러드 대신, 새로운 식감과 맛을 찾는다면, 무농약 프릴아이스를 추천할게요. 화려한 레이스를 닮은 잎모양에, 아삭함과 달콤함을 품은 프릴아이스는 상추의 일종인데요. 수경 재배 시설을 갖춘 스마트팜에서 깨끗하게 키워낸 잎채소랍니다. 연두빛 잎부분이 로메인처럼 달콤하면서도 아삭해, 샐러드나 샌드위치용으로 제격이지요. 뿌리 부분만을 깔끔히 제거한 뒤 투명 패키지에 담아 보내드리니, 원물 그대로의 싱그러움까지 만나보실 수 있을 거예요. 가볍게 세척한 뒤 잎만 똑똑 떼어 다양하게 활용하세요.", "img3": "https://img-cf.kurly.com/shop/data/goodsview/20200320/gv10000086407_1.jpg", "option_name_list": [], "option_price_list": []},
{"img1": "https://img-cf.kurly.com/shop/data/goods/1584515159969y0.jpg", "name": "통셀러리 500g", "summary": "싱그러운 향의 아삭한 채소", "price": "2,880원", "discount_rate": "10%", "unit": "1봉", "amount": "500g", "package": "냉장/종이포장", "made_in": "국산", "img2": "https://img-cf.kurly.com/shop/data/goodsview/20200318/gv40000086111_1.jpg", "description": "아삭아삭한 식감의 셀러리를 스틱 채소 형태로 접한 적 있을 거예요. 철분, 마그네슘이 풍부한 셀러리를 이제는 줄기뿐만 아니라 잎사귀까지 통째로 즐겨 보세요. 잎사귀 부분은 셀러리 특유의 향이 강하게 느껴질 수 있지만 녹즙의 재료로 갈아먹는다면 부담 없이 섭취할 수 있어요. 줄기 부분도 구이, 볶음 등으로 활용할 수 있으니 다양한 요리로 셀러리의 싱그러움을 만나보세요. ", "img3": "https://img-cf.kurly.com/shop/data/goodsview/20200318/gv30000086115_1.jpg", "option_name_list": [], "option_price_list": []},
{"img1": "https://img-cf.kurly.com/shop/data/goods/1508476686612y0.jpg", "name": "무농약 깻잎순", "summary": "줄기까지 부드러운 새로운 깻잎순(1봉 200g)", "price": "3,500원", "discount_rate": 0, "unit": "1봉", "amount": "200g", "package": "냉장/종이포장", "made_in": "국내산", "img2": "https://img-cf.kurly.com/shop/data/goodsview/20171020/gv10000010081_1.jpg", "description": "깻잎은 향긋하고 진한 향이 매력적인 채소에요. 쌈을 싸먹을 때 빠지지 않는 쌈 채소이기도 하고, 장아찌로 만들어 조금 더 오래도록 향긋한 맛을 즐기기도 하죠. 컬리에서는 더 연하고 부드럽게, 더 향긋하게 즐기기에 좋은 깻잎순을 소개하려고 합니다. 어린잎을 수확한 것으로 어린 깻잎, 바라 깻잎, 깻순이라고도 불리는데요. 어린잎이기 때문에 줄기까지도 연하고 부드럽게 즐기실 수 있답니다. 무농약으로 재배해 더욱 맛있고 건강하게 즐기는 깻잎순으로 입안 가득 퍼지는 향긋함을 느껴보세요.", "img3": "https://img-cf.kurly.com/shop/data/goodsview/20200317/gv10000085835_1.jpg", "option_name_list": [], "option_price_list": []},
{"img1": "https://img-cf.kurly.com/shop/data/goods/1583461623648y0.jpg", "name": "한끼 깻잎 20g", "summary": "딱 깻잎이 조금 필요할 때 !", "price": "1,000원", "discount_rate": 0, "unit": "1봉", "amount": "20g", "package": "냉장/종이포장", "made_in": "국산", "img2": "https://img-cf.kurly.com/shop/data/goodsview/20200306/gv10000084395_1.jpg", "description": "쌈 채소 구성에서 빠지지 않고, 찌개나 탕 요리에서도 자주 볼 수 있는 깻잎은 진하고 향긋한 특유의 향 덕분에 요리의 풍미를 한층 높여주는 기특한 채소지요. 영양성분까지 풍부하기에 식탁 위의 명약으로 불리기도 하는데요. 컬리는 깻잎을 간편하게 즐길 수 있도록 한 끼 분량만을 깔끔하게 담아낸 제품을 준비했어요. 번거롭게 손질하거나 남은 채소를 어떻게 처리할지 걱정할 필요가 없답니다. 흐르는 물에 가볍게 헹궈 다양한 요리에 신선함을 더해줄 재료로 활용해보세요.", "img3": "https://img-cf.kurly.com/shop/data/goodsview/20200306/gv20000084400_1.jpg", "option_name_list": [], "option_price_list": []},
{"img1": "https://img-cf.kurly.com/shop/data/goods/1581917688497y0.jpg", "name": "한끼 모둠쌈 100g", "summary": "부담 없이 즐기는 다양한 쌈 채소", "price": "1,500원", "discount_rate": 0, "unit": "1봉", "amount": "100g", "package": "냉장/종이포장", "made_in": "국산", "img2": "https://img-cf.kurly.com/shop/data/goodsview/20200217/gv40000081551_1.jpg", "description": "고기를 구워 먹고 나면, 욕심부려 준비했던 쌈 채소가 너무 많이 남아 아까웠던 분들 있으실 거예요. 남기거나 버릴 염려 없이, 소가구도 다양한 쌈 채소들을 다채롭게 접할 수 있도록 소용량 모둠쌈을 준비했습니다. 깻잎, 적상추, 청상추, 쌈케일, 적근대, 치커리 6가지 종류의 채소들을 한번에 깔끔히 즐길 수 있어요. 삼겹살, 제육볶음 등 기름진 고기에 곁들여도 좋고, 밥과 쌈장을 더해 쌈밥으로 간편히 드시면 다른 반찬이 필요 없답니다. 냉장고 속 처치 곤란했던 쌈 채소, 이제는 컬리의 한끼 모둠쌈으로 걱정 없이 즐겨보세요. ", "img3": "https://img-cf.kurly.com/shop/data/goodsview/20200217/gv20000081554_1.jpg", "option_name_list": [], "option_price_list": []},
{"img1": "https://img-cf.kurly.com/shop/data/goods/1581917548317y0.jpg", "name": "한끼 샐러리잎 50g", "summary": "쌉쌀하고 개운한 풍미", "price": "1,000원", "discount_rate": 0, "unit": "1봉", "amount": "50g", "package": "냉장/종이포장", "made_in": "국산", "img2": "https://img-cf.kurly.com/shop/data/goodsview/20200217/gv10000081546_1.jpg", "description": "샐러리는 주로 줄기를 먹는 채소로 알려져 있지만, 샐러리의 연하고 푸른 잎사귀 또한 맛이 좋아 ‘서양의 미나리’라고도 불리는데요. 특유의 쌉쌀함과 개운함이 이파리에도 진하게 담겨 있어, 기름진 고기와 함께 먹으면 그야말로 일품이지요. 샐러리잎을 소가구도 부담 없이 즐기기 좋은 한 끼용으로 준비했습니다. 수프나 스튜, 다양한 무침 등에 쏙쏙 넣어 오늘의 요리에 향긋함을 더해보세요.", "img3": "https://img-cf.kurly.com/shop/data/goodsview/20200217/gv30000081550_1.jpg", "option_name_list": [], "option_price_list": []},
{"img1": "https://img-cf.kurly.com/shop/data/goods/158191691138y0.jpg", "name": "한끼 청겨자 50g", "summary": "활용도가 높은 알싸한 잎채소", "price": "1,000원", "discount_rate": 0, "unit": "1팩", "amount": "50g", "package": "냉장/종이포장", "made_in": "국산", "img2": "https://img-cf.kurly.com/shop/data/goodsview/20200217/gv10000081529_1.jpg", "description": "톡 쏘는 맵싸한 향기와 자글자글한 이파리의 독특한 식감이 인상적인 청겨자. 쌈 채소나 샐러드의 재료로도 좋지만 특유의 풍미 덕분에 김치를 담가 먹거나 비빔밥 재료로 사용할 만큼 다채로운 활용도를 자랑하는데요. 컬리는 청겨자를 간편하게 즐길 수 있도록 한 끼 분량만을 깔끔하게 담아낸 제품을 준비했어요. 번거롭게 손질하거나 남은 채소를 어떻게 처리할지 걱정할 필요가 없답니다. 흐르는 물에 가볍게 헹궈 다양한 요리에 신선함을 더해줄 재료로 활용해보세요.", "img3": "https://img-cf.kurly.com/shop/data/goodsview/20200217/gv30000081734_1.jpg", "option_name_list": [], "option_price_list": []},
{"img1": "https://img-cf.kurly.com/shop/data/goods/1581922575173y0.jpg", "name": "한끼 적근대 40g", "summary": "생으로 즐기기 좋은 붉은색 근대", "price": "900원", "discount_rate": "10%", "unit": "1봉", "amount": "40g", "package": "냉장/종이포장", "made_in": "국산", "img2": "https://img-cf.kurly.com/shop/data/goodsview/20200217/gv40000081605_1.jpg", "description": "줄기부터 탱글탱글한 이파리 사이로 뻗어 나간 잎맥까지 붉은빛이 선명한 적근대는 보통의 근대와는 다른 매력을 지니고 있는데요. 쓴맛이 거의 없고 향이 은은하기에 국거리보다는 쌈 채소나 샐러드의 재료로 즐기곤 해요. 컬리는 적근대를 간편하게 즐길 수 있도록 한 끼 분량만을 깔끔하게 담아낸 제품을 준비했어요. 번거롭게 손질하거나 남은 채소를 어떻게 처리할지 걱정할 필요가 없답니다. 흐르는 물에 가볍게 헹궈 다양한 요리에 신선함을 더해줄 재료로 활용해보세요.", "img3": "https://img-cf.kurly.com/shop/data/goodsview/20200217/gv30000081733_1.jpg", "option_name_list": [], "option_price_list": []},
{"img1": "https://img-cf.kurly.com/shop/data/goods/1581919806384y0.jpg", "name": "한끼 적겨자 50g", "summary": "알싸한 풍미의 적색 겨자잎", "price": "1,000원", "discount_rate": 0, "unit": "1봉", "amount": "50g", "package": "냉장/종이포장", "made_in": "국산", "img2": "https://img-cf.kurly.com/shop/data/goodsview/20200217/gv00000081555_1.jpg", "description": "겨자잎은 톡 쏘는 매운맛과 입안을 간질이는 우글우글한 이파리의 식감이 매력적인 채소인데요. 겨자잎 중에서도 붉은 이파리가 인상적인 적겨자는 특유의 알싸함이 비교적 은은하게 배어있어 쌈 채소나 샐러드로 즐기기에 더욱 적합하죠. 컬리는 적겨자를 간편하게 즐길 수 있도록 한 끼 분량만을 깔끔하게 담아낸 제품을 준비했어요. 번거롭게 손질하거나 남은 채소를 어떻게 처리할지 걱정할 필요가 없답니다. 흐르는 물에 가볍게 헹궈 다양한 요리에 신선함을 더해줄 재료로 활용해보세요.", "img3": "https://img-cf.kurly.com/shop/data/goodsview/20200217/gv10000081732_1.jpg", "option_name_list": [], "option_price_list": []},
{"img1": "https://img-cf.kurly.com/shop/data/goods/1581926073970y0.jpg", "name": "한끼 적치커리 40g", "summary": "쌉싸래한 향이 매력적인 컬러푸드", "price": "900원", "discount_rate": "10%", "unit": "1봉", "amount": "40g", "package": "냉장/종이포장", "made_in": "국산", "img2": "https://img-cf.kurly.com/shop/data/goodsview/20200217/gv10000081678_1.jpg", "description": "적치커리는 붉은색 줄기와 특유의 쌉싸래한 향이 매력적인 채소이지요. 덕분에 샐러드나 쌈 채소에 적치커리 하나만 더해주어도 색감과 향미가 한층 풍성해지는데요. 컬리는 적치커리를 간편하게 즐길 수 있도록 한 끼 분량만을 깔끔하게 담아낸 제품을 준비했어요. 번거롭게 손질하거나 남은 채소를 어떻게 처리할지 걱정할 필요가 없답니다. 흐르는 물에 가볍게 헹궈 다양한 요리에 신선함을 더해줄 재료로 활용해보세요.", "img3": "https://img-cf.kurly.com/shop/data/goodsview/20200217/gv20000081724_1.jpg", "option_name_list": [], "option_price_list": []},
{"img1": "https://img-cf.kurly.com/shop/data/goods/1581917416679y0.jpg", "name": "한끼 쌈추 40g", "summary": "배추와 양배추의 장점만 살린", "price": "900원", "discount_rate": "10%", "unit": "1봉", "amount": "40g", "package": "냉장/종이포장", "made_in": "국산", "img2": "https://img-cf.kurly.com/shop/data/goodsview/20200217/gv40000081539_1.jpg", "description": "배추와 양배추의 종간교잡을 통해 탄생한 ‘쌈추’는 배추의 야들야들하고 아삭한 식감과, 양배추의 고소하고 달큰한 풍미가 살아있는 매력적인 채소예요. 활용도 높은 쌈추를 이제 남길 걱정 없는 한 끼용으로 손쉽게 만나보세요. 고기와 밥을 곁들인 쌈밥뿐만 아니라 샤부샤부 재료로 사용해도 좋아요. 부침가루 반죽을 살짝 묻혀 바삭하게 전으로도 즐겨 보세요.", "img3": "https://img-cf.kurly.com/shop/data/goodsview/20200217/gv10000081543_1.jpg", "option_name_list": [], "option_price_list": []},
{"img1": "https://img-cf.kurly.com/shop/data/goods/1581925163373y0.jpg", "name": "한끼 쌈케일 40g", "summary": "아삭하게 즐기는 소용량 채소", "price": "1,000원", "discount_rate": 0, "unit": "1봉", "amount": "40g", "package": "냉장/종이포장", "made_in": "국산", "img2": "https://img-cf.kurly.com/shop/data/goodsview/20200217/gv00000081668_1.jpg", "description": "소용량 포장으로 남길 걱정 없이 즐길 수 있는 한끼 쌈케일을 소개합니다. 케일은 즙을 내어 먹을 정도로 베타카로틴, 비타민, 칼륨 등의 영양소가 풍부한 잎채소인데요. 컬리가 가져온 쌈케일은 잎이 도톰해 잘 찢어지지 않고 아삭한 식감을 가지고 있어요. 따뜻한 밥을 올려 산뜻하게 먹어도 좋지만, 고기처럼 기름진 음식과 함께 먹기에도 제격이랍니다. 한끼 쌈케일로 싱그러운 쌈 요리를 완성해 보세요.", "img3": "https://img-cf.kurly.com/shop/data/goodsview/20200217/gv10000081670_1.jpg", "option_name_list": [], "option_price_list": []},
{"img1": "https://img-cf.kurly.com/shop/data/goods/1581924773794y0.jpg", "name": "한끼 치커리 60g", "summary": "간편하게 사용하는 잎채소", "price": "1,000원", "discount_rate": 0, "unit": "1봉", "amount": "60g", "package": "냉장/종이포장", "made_in": "국산", "img2": "https://img-cf.kurly.com/shop/data/goodsview/20200217/gv20000081657_1.jpg", "description": "소용량 포장으로 남길 걱정 없이 즐길 수 있는 한끼 치커리를 소개합니다. 상추처럼 야들한 잎을 가지고 있지만, 잎이 좁고 도톰해 아삭한 식감을 더 풍부하게 느낄 수 있는 잎채소예요. 입안 가득 은은하게 전해지는 쌉쌀한 풍미는 어떤 음식과 함께 먹어도 깨끗한 마무리를 선사하지요. 칼륨, 칼슘, 카로틴 등의 영양소가 풍부하게 함유되어 있는 치커리로 건강한 쌈 한상을 차려 보세요.", "img3": "https://img-cf.kurly.com/shop/data/goodsview/20200217/gv40000081659_1.jpg", "option_name_list": [], "option_price_list": []},
{"img1": "https://img-cf.kurly.com/shop/data/goods/1581925496288y0.jpg", "name": "한끼 신선초 30g", "summary": "먹을 만큼 준비하는 간편 채소", "price": "1,000원", "discount_rate": 0, "unit": "1봉", "amount": "30g", "package": "냉장/종이포장", "made_in": "국산", "img2": "https://img-cf.kurly.com/shop/data/goodsview/20200217/gv10000081673_1.jpg", "description": "소용량 포장으로 남길 걱정 없이 즐길 수 있는 한끼 신선초를 소개합니다.  신선초는 씁쓸한 향과 맛이 남달라, 어떤 요리에 곁들여도 입안을 깔끔하게 정리해주는 채소예요. 하늘이 준 유용한 식물로 알려질 만큼, 비타민, 철분, 인, 칼슘 등의 영양소까지 풍부하게 함유되어 있어 더 만족스럽지요. 고유의 풍미가 매력적인 신선초로 향기로운 쌈 요리를 즐겨 보세요.", "img3": "https://img-cf.kurly.com/shop/data/goodsview/20200217/gv40000081677_1.jpg", "option_name_list": [], "option_price_list": []},
{"img1": "https://img-cf.kurly.com/shop/data/goods/1581917262378y0.jpg", "name": "한끼 청상추 50g", "summary": "싱그러움이 느껴지는 초록빛 상추", "price": "900원", "discount_rate": "10%", "unit": "1봉", "amount": "50g", "package": "냉장/종이포장", "made_in": "국산", "img2": "https://img-cf.kurly.com/shop/data/goodsview/20200217/gv10000081534_1.jpg", "description": "선명한 초록빛을 뽐내는 신선한 국내산 청상추를 부담 없이 즐길 수 있는 소용량으로 준비했어요. 야들야들한 청상추 잎의 아삭거리는 식감은 입 안 가득 생기를 가져다 줍니다. 상추 위에 기름진 고기를 한 점 올려 먹으면, 팡팡 터져 나오는 육즙과 싱그러운 청상추의 하모니가 그야말로 일품이지요. 남기거나 버릴 걱정 없는 합리적인 용량의 청상추로 오늘의 한 끼를 다채롭게 만들어 보세요. ", "img3": "https://img-cf.kurly.com/shop/data/goodsview/20200217/gv00000081538_1.jpg", "option_name_list": [], "option_price_list": []}