{"img1": "https://img-cf.kurly.com/shop/data/goods/1583476232337y0.jpg", "name": "양파 1.8kg", "summary": "넉넉하게 즐기는 단골 식재료", "price": "4,690원", "discount_rate": 0, "unit": "1망", "amount": "1.8kg", "package": "냉장/종이포장", "made_in": "국산", "img2": "https://img-cf.kurly.com/shop/data/goodsview/20200306/gv00000084496_1.jpg", "description": "주황색 껍질 속 숨겨진 하얀 속살의 양파, 집에 없으면 아쉬울 정도로 다양한 음식에 활용되지요. 컬리는 풍부한 영양소를 함유한 신선한 양파를 넉넉히 사용할 수 있게끔 합리적인 용량으로 준비했어요. 직접 가락시장에서 단단하고 중량감 있는 고품질 양파만을 엄선해 날마다 공급받고 있지요. 특히 수분 함량이 뛰어나, 아삭하고 싱그러운 식감이 살아있는 양파랍니다. 양파 특유의 알싸하고 달큰한 풍미를 오늘의 요리에 적절히 활용해 보세요. ", "img3": "https://img-cf.kurly.com/shop/data/goodsview/20200306/gv10000084500_1.jpg", "option_name_list": [], "option_price_list": []},
{"img1": "https://img-cf.kurly.com/shop/data/goods/158322072940y0.jpg", "name": "한끼 깐마늘 100g", "summary": "소용량으로 부담없이 이용하는 한끼 깐마늘", "price": "1,200원", "discount_rate": 0, "unit": "1봉", "amount": "100g", "package": "냉장/종이포장", "made_in": "국산", "img2": "https://img-cf.kurly.com/shop/data/goodsview/20200303/gv20000083824_1.jpg", "description": "음식을 먹다 보면 생각보다 마늘이 들어가지 않은 음식을 찾기 어렵다는 것을 알게 돼요. 한국적인 요리부터 해산물 스튜, 크림소스 파스타 같은 이국 요리에도 늘 등장하는데요. 꼭 눈에 보이지 않더라도 양념의 재료로라도 사용되는 게 마늘입니다. 컬리는 마늘을 깔끔하게 손질한 후, 한 번 먹기 좋을 양만큼 담아 보내드려요. 번거롭게 껍질을 하나하나 벗기고 꼭지를 제거할 필요도, 남은 재료를 어떻게 처리할지 걱정할 필요도 없지요. 다채로운 요리에 활용하기 좋은 마늘에 간편함까지 더했으니 손이 더욱 자주 갈 거예요.", "img3": "https://img-cf.kurly.com/shop/data/goodsview/20200304/gv40000083934_1.jpg", "option_name_list": [], "option_price_list": []},
{"img1": "https://img-cf.kurly.com/shop/data/goods/1583225836367y0.jpg", "name": "한끼 대파 250g", "summary": "필요한 만큼만 쏙 담은 한끼 대파", "price": "1,000원", "discount_rate": 0, "unit": "1봉", "amount": "250G", "package": "냉장/종이포장", "made_in": "국산", "img2": "https://img-cf.kurly.com/shop/data/goodsview/20200303/gv00000083848_1.jpg", "description": "일상 요리에 꼭 필요한 채소, 이젠 똑똑하게 만나보세요. 남김 없이 즐길 수 있는 양으로 알맞게 담은 한끼 채소입니다. 이번에는 아삭하고 개운한 맛이 일품인 국산 대파를 준비했어요. 싱싱한 대파를 선별한 후, 가볍게 흙을 떨어낸 뒤 반으로 썰어 포장했어요. 뿌리까지 달려있는 상태로 보내드리기에, 더욱 싱싱하게 만나보실 수 있답니다. 요리에 향과 맛을 더하는 부재료로는 물론, 육수의 깊은 맛을 내는데 요긴하게 활용하세요. ", "img3": "https://img-cf.kurly.com/shop/data/goodsview/20200304/gv20000083974_1.jpg", "option_name_list": [], "option_price_list": []},
{"img1": "https://img-cf.kurly.com/shop/data/goods/1581482192829y0.jpg", "name": "동결건조 다진생강 20g", "summary": "물만 부어 간편하게 사용하는 동결건조 다진 생강", "price": "3,900원", "discount_rate": 0, "unit": "1봉", "amount": "20g", "package": "냉장/종이포장", "made_in": "깐생강 : 국내산", "img2": "https://img-cf.kurly.com/shop/data/goodsview/20200212/gv30000081153_1.jpg", "description": "요리의 고수들이라면 빼놓지 않고 요긴하게 사용하는 식재료가 있어요. 고기나 생선의 잡내를 잡고, 감칠맛을 더해주는 생강입니다. 컬리는 개운하고 달큰한 생강의 풍미를 간편하게 더할 수 있는 동결건조 제품을 준비했어요. 자그마한 큐브를 꺼내 물 한 스푼을 부어주면 갓 다진 듯한 생강이 나타나지요. 특수 공법으로 수분을 제거해 실온 보관이 가능하고, 하나씩 쏙쏙 꺼내 쓰면 되니 번거로운 과정을 모두 줄였답니다. 물만 더해 바로 완성하는 동결건조 다진 생강으로 똑똑한 요리를 경험하세요.", "img3": "https://img-cf.kurly.com/shop/data/goodsview/20200212/gv40000081158_1.jpg", "option_name_list": [], "option_price_list": []},
{"img1": "https://img-cf.kurly.com/shop/data/goods/1575017792887y0.jpg", "name": "[갈릭꼬] 효소발효 황제마늘2종", "summary": "효소 발효한 흑마늘을 간편하게 소분한", "price": "52,000원", "discount_rate": 0, "unit": "박스", "amount": "상품별 상이", "package": "기타", "made_in": "별도 표기", "img2": "https://img-cf.kurly.com/shop/data/goodsview/20191129/gv10000070442_1.jpg", "description": null, "img3": "https://img-cf.kurly.com/shop/data/goodsview/20191129/gv40000070460_1.jpg", "option_name_list": ["[갈릭꼬] 효소발효 황제마늘 낱개 박스 15g x 10입", "[갈릭꼬] 효소발효 황제마늘 선물 박스 15g x 30입"], "option_price_list": ["52,000원", "150,000원"]},
{"img1": "https://img-cf.kurly.com/shop/data/goods/1531901452829y0.jpg", "name": "무농약 깐 생강 50g", "summary": "요리의 풍미를 더하는 간편 향신채(1봉/50g)", "price": "2,700원", "discount_rate": "10%", "unit": "1봉", "amount": "50g", "package": "냉장/종이포장", "made_in": "국산", "img2": "https://img-cf.kurly.com/shop/data/goodsview/20180906/gv20000027543_1.jpg", "description": "특유의 알싸한 맛과 향으로 각종 양념이나 소스의 재료뿐 아니라 차나 디저트에도 다양하게 활용하는 생강. 생강은 보관법이 까다로운 편이라 간혹 곰팡이가 쓸어있다거나 품질 저하가 심한 경우를 보게 될 때가 있어요. 그래서 컬리에서는 통 생강의 껍질을 까고 다듬은 후 위생적으로 진공 처리한 무농약 인증 깐 생강을 준비했어요. 생강은 잡내를 없애고 풍미를 더하기 때문에 조리시 꼭 필요한 경우가 종종 있죠. 하지만 매번 구하기도 어렵고 새롭게 까서 사용하는 게 부담스러워 생강을 빼고 요리하기가 일쑤입니다. 생강 빠진 장어구이나 초밥은 아무리 생각해도 20프로쯤은 부족한 느낌이에요. 깐 생강을 구비해두면 당황하지 않고 생강이 필요한 요리의 적재적소에 사용할 수 있습니다. 간편하게 세척 후 편 썰어 요리의 부재료로 활용하거나 바늘처럼 채 썬 생강을 밑간 들이는 용도로 사용해보세요. 요리의 맛이 더욱 풍성해집니다.", "img3": "https://img-cf.kurly.com/shop/data/goodsview/20180906/gv40000031643_1.jpg", "option_name_list": [], "option_price_list": []},
{"img1": "https://img-cf.kurly.com/shop/data/goods/1572225110965y0.jpg", "name": "유기농 간편 대파 150g (냉동)", "summary": "유기농 대파를 꽁꽁, 간편 대파(1통/150g)", "price": "2,500원", "discount_rate": 0, "unit": "1통", "amount": "150g", "package": "냉동/종이포장", "made_in": "국산", "img2": "https://img-cf.kurly.com/shop/data/goodsview/20191028/gv30000065982_1.jpg", "description": "뿌리부터 줄기 끝까지 온전한 채소를 사면 늘 맞닥뜨리는 문제가 있어요. 바로 먹지 못하는 부위를 번거롭게 손질하는 과정과 거기서 나오는 음식물 쓰레기를 처리하는 일이지요. 컬리는 이런 불편함을 줄이기 위해 간편 대파를 준비했어요. 유기농 대파를 국, 반찬 등에 넣거나 파 기름을 내기 알맞은 모양으로 쫑쫑 썰어 냉동한 제품이랍니다. 한 통에 대파 2~3줄기 분량이 들어 있어 1인 가구가 조금씩 꺼내 쓰기 특히 알맞을 거예요. ", "img3": "https://img-cf.kurly.com/shop/data/goodsview/20191028/gv30000065986_1.jpg", "option_name_list": [], "option_price_list": []},
{"img1": "https://img-cf.kurly.com/shop/data/goods/1571711809839y0.jpg", "name": "무농약 손질한 잎몸 대파 200g", "summary": "가장 맛있는 잎몸 부분만 따로 손질한 대파(1봉/200g)", "price": "2,800원", "discount_rate": 0, "unit": "1봉", "amount": "200g", "package": "냉장/종이포장", "made_in": "국산", "img2": "https://img-cf.kurly.com/shop/data/goodsview/20191022/gv40000065394_1.jpg", "description": "대파를 사용하다 보면 하얀 잎몸 부분에 비해 무성한 푸른 잎 때문에 당황했던 적이 있을 거예요. 각 부분의 쓰임새가 다르다고는 하지만 하얀 잎몸 부분이 많이 필요로 할 때면 고민이 많아지죠. 이때 필요한 것이 바로 무농약 손질한 잎몸 대파입니다. 하얀 잎몸 부분만 작업해 포장해 보내드리는 상품이에요. 국내산 무농약 대파만을 엄선해 사용하기에 더욱 믿음이 가지요. 잎몸 대파로 육수, 무침 등 다양한 요리에 파 특유의 달큰한 감칠맛을 더해보세요.", "img3": "https://img-cf.kurly.com/shop/data/goodsview/20200106/gv10000076730_1.jpg", "option_name_list": [], "option_price_list": []},
{"img1": "https://img-cf.kurly.com/shop/data/goods/156758189584y0.jpg", "name": "한끼 채소 손질 대파 100g", "summary": "요리의 필수품! 살짝 헹궈 손쉽게 사용하는 한끼용 손질대파(1팩/100g)", "price": "1,500원", "discount_rate": 0, "unit": "1팩", "amount": "100g", "package": "냉장/종이포장", "made_in": "국산", "img2": "https://img-cf.kurly.com/shop/data/goodsview/20190904/gv30000061171_1.jpg", "description": "아삭하고 향긋한 파는 여러 요리에서 빼놓을 수 없는 식재료예요. 하지만 사용하고 남은 파를 보관하다 보면, 물러서 버리게 되는 경우가 종종 있는데요. 컬리는 남길 걱정 없이 손쉽게 사용할 수 있는 손질 대파를 준비했어요. 신선한 국산 대파를 한 번에 사용하기 알맞은 용량으로 담아 깔끔하게 진공 포장했답니다. 육수를 내거나 개운한 맛을 더할 때 툭툭 끊어 넣어주면 되니 무척 편리하지요. 파란 잎 부분과 하얀 몸통 부분이 나뉘어 있어, 쓰임에 맞게 썰어 사용하기에도 좋고요. 흐르는 물에 살짝만 헹궈 요리에 간편하게 더해보세요.", "img3": "https://img-cf.kurly.com/shop/data/goodsview/20190904/gv00000061177_1.jpg", "option_name_list": [], "option_price_list": []},
{"img1": "https://img-cf.kurly.com/shop/data/goods/1567581813121y0.jpg", "name": "한끼 채소 파채 100g", "summary": "손질이 필요없는 간편한 한끼 파채(1팩/100g)", "price": "1,800원", "discount_rate": 0, "unit": "1팩", "amount": "100g", "package": "냉장/종이포장", "made_in": "국산", "img2": "https://img-cf.kurly.com/shop/data/goodsview/20190904/gv00000061178_1.jpg", "description": "아삭하고 향긋한 파는 여러 요리에서 빼놓을 수 없는 식재료예요. 특히나 대파를 가늘게 썬 파채는 요리에 식감을 더해주는 용도로 자주 사용되는데요. 번거롭게 파를 써는 과정 없이도 파채를 즐길 수 있도록, 컬리는 한 끼 분량의 파채를 준비했어요. 신선한 국산 대파를 일일이 세척한 후, 깔끔하게 채 썰어 진공 포장했답니다. 톡톡 양념을 뿌려 완성할 수 있는 무침부터, 자박한 국물이나 기름진 요리에 수북하게 올라가는 토핑으로까지 다채롭게 활용할 수 있지요. 흐르는 물에 살짝 헹궈만 주면 파채의 아삭한 매력을 간편하게 더할 수 있을 거예요. ", "img3": "https://img-cf.kurly.com/shop/data/goodsview/20190904/gv40000061186_1.jpg", "option_name_list": [], "option_price_list": []},
{"img1": "https://img-cf.kurly.com/shop/data/goods/1562032150243y0.jpg", "name": "동결건조 다진마늘 40g", "summary": "실온보관이 가능한 신개념 다진마늘(1봉/40g)", "price": "5,500원", "discount_rate": 0, "unit": "1봉", "amount": "40g", "package": "냉장/종이포장", "made_in": "국산", "img2": "https://img-cf.kurly.com/shop/data/goodsview/20190702/gv30000054800_1.jpg", "description": "다진 마늘이 필요한 순간은 정말 많습니다. 국, 무침, 볶음 등에 약간만 넣어도 풍미를 확 살려주니 주방의 필수 식재료라 해도 과언이 아니죠. 하지만 냉동실에 보관한 다진 마늘은 생각보다 맛이 금방 떨어지고 휴대도 어려워요. 그렇다고 매번 생마늘을 다져 쓸 수도 없다면, 컬리의 동결건조 다진 마늘을 선택해보세요. 사용법은 무척 간단합니다. 동결건조 다진 마늘 한 알을 작은 종지에 담고 물 한 스푼만 넣으면 갓 다진 듯 신선한 향과 맛의 다진 마늘이 완성돼요. 특수 공법으로 마늘의 수분을 거의 증발시켜 실온에서 보관이 가능하고, 식품첨가물 없이도 마늘의 향과 맛이 온전하게 유지된답니다. 지퍼백 포장으로 사용 및 휴대가 간편해 캠핑이나 여행 시 하나씩 들고 가기에도 좋아요. ", "img3": "https://img-cf.kurly.com/shop/data/goodsview/20190702/gv00000054803_1.jpg", "option_name_list": [], "option_price_list": []},
{"img1": "https://img-cf.kurly.com/shop/data/goods/1558606338742y0.jpg", "name": "깐쪽파 200g", "summary": "손질이 되어 있어 부담없는 깐쪽파(200g/봉)", "price": "2,480원", "discount_rate": 0, "unit": "1봉", "amount": "200g", "package": "냉장/종이포장", "made_in": "국산", "img2": "https://img-cf.kurly.com/shop/data/goodsview/20190523/gv00000051041_1.jpg", "description": "쪽파는 파보다는 가늘지만, 알싸한 향이 강하지 않아 전이나 반찬, 김치, 고명 등 요리에 두루 사용됩니다. 하지만 쪽파에 잔뜩 묻어 있는 흙을 털어내고, 뿌리와 잎 등을 다듬는 데 제법 손이 많이 가 깐쪽파를 선호하시는 분들 많으실 거예요. 컬리는 손질을 마친 쪽파를 합리적인 가격으로 선보입니다. 각지에서 질 좋은 농작물이 모여 있는 가락시장에서 공수한 쪽파랍니다. 남김 걱정 없이 즐길 수 있도록 소용량으로 포장했지요. 깐쪽파를 그대로 세척 후 요리에 사용하면 그만이에요. ", "img3": "https://img-cf.kurly.com/shop/data/goodsview/20190523/gv20000051044_1.jpg", "option_name_list": [], "option_price_list": []},
{"img1": "https://img-cf.kurly.com/shop/data/goods/1546570934987y0.jpg", "name": "창녕 마늘 300g", "summary": "적당한 매운맛의 창녕 대서마늘 300g", "price": "3,600원", "discount_rate": 0, "unit": "봉", "amount": "300g", "package": "냉장/종이포장", "made_in": "국산", "img2": "https://img-cf.kurly.com/shop/data/goodsview/20190104/gv40000040671_1.jpg", "description": "알싸하고 아린 느낌 없이 마늘의 감칠맛을 느끼고 싶거나, 너무 맵지 않으면서도 개운한 맛이 필요할 때 꼭 권해드리고 싶은 마늘이 있어요. 토질에 인산과 유황성분이 풍부해 마늘 주산지로 손꼽히는 창녕에서 재배한 대서마늘이랍니다. 스페인에서 들여온 종이기에 '스페인산'으로도 부르는 대서마늘은 남도마늘 등에 비해 매운맛이 적어 생으로 먹기 좋은 품종이에요. 알싸한 맛은 적지만 마늘 특유의 풍미는 진하게 느껴집니다. 익히거나 숙성하지 않는 겉절이의 양념, 고기를 먹을 때 곁들이는 반찬, 장아찌 등 다방면으로 유용하게 사용해보세요. ", "img3": "https://img-cf.kurly.com/shop/data/goodsview/20190104/gv20000040674_1.jpg", "option_name_list": [], "option_price_list": []},
{"img1": "https://img-cf.kurly.com/shop/data/goods/1535438202276y0.jpg", "name": "흙생강 100g", "summary": "손질하지 않은 신선한 알싸함, 흙생강 100g", "price": "1,800원", "discount_rate": 0, "unit": "봉", "amount": "100g", "package": "냉장/종이포장", "made_in": "국산", "img2": "https://img-cf.kurly.com/shop/data/goodsview/20180828/gv30000030712_1.jpg", "description": "생강만큼 다양한 역할을 하는 향신 채소는 드문 것 같아요. 고기의 잡내나 생선 비린내를 잡기 위한 용도는 물론, 김치나 볶음요리의 깊은 맛을 끌어내고 알싸한 감칠맛을 더하는 부재료로도 사용되죠. 생강의 매력은 메인요리에만 국한되는 것도 아니에요. 달콤하면서도 은은하게 느껴지는 쌉쌀함이 일품인 생강쿠키나 레몬을 곁들인 생강차 등 디저트의 재료로도 좋답니다. 컬리는 흙이 묻어 있어 더욱 신선한 유명산지의 생강을 그때그때 가락시장에서 수급하여 보내드립니다.", "img3": "https://img-cf.kurly.com/shop/data/goodsview/20180828/gv40000030715_1.jpg", "option_name_list": [], "option_price_list": []},
{"img1": "https://img-cf.kurly.com/shop/data/goods/1533114667828y0.jpg", "name": "[종가집] 국산 다진마늘 150g", "summary": "향 깊은 국내산 햇마늘을 곱게 다진", "price": "4,900원", "discount_rate": 0, "unit": "1개", "amount": "150g", "package": "냉장/종이포장", "made_in": "국내산", "img2": "https://img-cf.kurly.com/shop/data/goodsview/20180801/gv40000028487_1.jpg", "description": "한식을 더욱 한식답게 만들어주는 필수 양념 재료, 마늘이에요. 알싸한 향에 깊고 진한 감칠맛으로 음식의 풍미를 한순간에 넓혀주죠. 마늘을 매번 잘게 다져내기란 번거롭기 그지 없어요. 특히 요리할 여력이 부족한 직장인과 워킹맘들은 더더욱이요. 컬리는 우리나라를 대표하는 김치 브랜드, 종가집에서 신선하게 가공한 다진마늘 상품을 가져왔답니다. 향 깊고 진한 국내산 마늘, 그 중에서도 햇마늘을 엄선했기에 마늘 본연의 알싸하며 달큰한 풍미가 잘 살아 있어요. HACCP 인증 시설에서 위생적으로 가공했기에 염려를 놓으셔도 된답니다. 국, 탕, 찌개 등 다양한 요리에 활용하세요. 조리 시간을 줄이고 요리의 맛은 한층 풍성해질 거예요.", "img3": "https://img-cf.kurly.com/shop/data/goodsview/20180801/gv40000028490_1.jpg", "option_name_list": [], "option_price_list": []},
{"img1": "https://img-cf.kurly.com/shop/data/goods/1532654724679y0.jpg", "name": "깐대파 500g", "summary": "시원한 맛의 시작은 대파에서부터~ 깐대파 500g/봉", "price": "2,980원", "discount_rate": 0, "unit": "봉", "amount": "500g 내외", "package": "냉장/종이포장", "made_in": "국산", "img2": "https://img-cf.kurly.com/shop/data/goodsview/20180727/gv10000028122_1.jpg", "description": "생으로 먹거나 살짝 데쳐냈을 때는 알싸하면서도 은은한 단맛을, 오래 끓여내면 시원한 맛을 내는 마법의 채소, 대파를 소개할게요. 각종 국물 요리의 육수를 낼 때는 통으로 넣어주면 시원한 맛이 제대로 우러나요. 기름기가 있는 요리에 곁들인다면 얇게 채를 썰어 파절이를 만들거나 동그랗게 송송 썰어 고명으로 뿌려주세요. 다채로운 활용도를 자랑하는 만큼 잦은 손질이 필요한 대파를 조금 더 간편하게 사용해보세요. 컬리는 그때그때 유명산지 대파를 가락시장에서 수급하여 보내드립니다.", "img3": "https://img-cf.kurly.com/shop/data/goodsview/20180727/gv00000028126_1.jpg", "option_name_list": [], "option_price_list": []}