{"img1": "https://img-cf.kurly.com/shop/data/goods/1583479791363y0.jpg", "name": "뿌리손질 새송이버섯 300g X 2봉", "summary": "손질 없이 사용하는 간편 식재료", "price": "2,958원", "discount_rate": "15%", "unit": "2봉", "amount": "300g x 2봉", "package": "냉장/종이포장", "made_in": "국산", "img2": "https://img-cf.kurly.com/shop/data/goodsview/20200306/gv10000084555_1.jpg", "description": "기름진 고기에 곁들이기 좋은 식재료를 꼽으라면, 담백한 맛을 자랑하는 새송이버섯을 꼽을 수 있죠. 치밀한 조직에서 느껴지는 쫄깃하고 탄력적인 식감이 육류 요리와 환상의 궁합을 자랑하니까요. 컬리는 뽀얗고 통통한 기둥과, 맨들맨들한 갓을 지닌 국내산 새송이버섯을 준비했어요. 지저분하게 느껴질 수 있는 뿌리 부분을 말끔히 제거했기에 더욱 간편하게 활용할 수 있답니다. 신선한 상태 그대로 소용량 포장해, 소가구도 남기거나 버릴 걱정이 없어요. 식탁 위 단골 식재료인 새송이버섯으로 오늘의 한 상을 다채롭게 준비해 보세요.", "img3": "https://img-cf.kurly.com/shop/data/goodsview/20200306/gv30000084574_1.jpg", "option_name_list": [], "option_price_list": []},
{"img1": "https://img-cf.kurly.com/shop/data/goods/158348162387y0.jpg", "name": "새송이버섯 400g", "summary": "탄탄하고 쫄깃한 식감", "price": "1,900원", "discount_rate": 0, "unit": "1봉", "amount": "400g", "package": "냉장/종이포장", "made_in": "국산", "img2": "https://img-cf.kurly.com/shop/data/goodsview/20200306/gv20000084569_1.jpg", "description": "고기를 구워 먹을 때 빼놓으면 섭섭한 재료로 새송이버섯을 꼽을 수 있죠. 새송이버섯의 치밀한 조직에서 느껴지는 쫄깃하고 탄력적인 식감이 육류 요리와 환상의 궁합을 자랑하니까요. 컬리는 뽀얗고 통통한 기둥과, 맨들맨들한 갓을 지닌 국내산 새송이버섯을 준비했어요. 신선한 상태 그대로 담아 소용량 포장했기에, 1인 가구도 부담 없이 알뜰하게 사용할 수 있답니다. 밑동만 잘라, 원하는 두께만큼 결대로 찢거나 썰어 다양한 요리에 활용해 보세요.", "img3": "https://img-cf.kurly.com/shop/data/goodsview/20200306/gv00000084573_1.jpg", "option_name_list": [], "option_price_list": []},
{"img1": "https://img-cf.kurly.com/shop/data/goods/1583297457822y0.jpg", "name": "무농약 만가닥버섯 2종 (흰색/갈색)", "summary": "동글동글 귀여운 갓이 매력적인", "price": "1,100원", "discount_rate": 0, "unit": "1봉", "amount": "150g", "package": "냉장/종이포장", "made_in": "국산", "img2": "https://img-cf.kurly.com/shop/data/goodsview/20200304/gv10000083984_1.jpg", "description": "곧게 쭉 뻗어있는 뽀얀 기둥과, 베레모 같은 동글동글한 갓이 인상적인 만가닥버섯은 식이섬유가 풍부한 웰빙 식재료예요. 거북이 등껍질처럼 갈라진 갓의 묘한 무늬와 귀여운 생김새가 시선을 끕니다. 만가닥버섯은 생김새뿐만 아니라 맛도 뛰어난 버섯인데요. 치밀한 조직에서 전해지는 부드럽고 쫄깃한 식감 덕분에 어떤 메뉴에 활용해도 그만의 매력을 뽐낸답니다. 무농약으로 건강하게 재배했으니 더욱 안심할 수 있지요. 원하는 색상을 골라, 소용량으로 부담 없이 즐겨보세요.", "img3": "https://img-cf.kurly.com/shop/data/goodsview/20200309/gv10000084724_1.jpg", "option_name_list": ["무농약 갈색 만가닥버섯 150g", "무농약 흰색 만가닥버섯 150g"], "option_price_list": ["1,100원", "1,100원"]},
{"img1": "https://img-cf.kurly.com/shop/data/goods/1572230640685y0.jpg", "name": "유기농 간편 표고버섯 90g (냉동)", "summary": "요리에 감칠맛을 더해주는 간편 표고버섯(1통/90g)", "price": "3,500원", "discount_rate": 0, "unit": "1통", "amount": "90g", "package": "냉동/종이포장", "made_in": "국산", "img2": "https://img-cf.kurly.com/shop/data/goodsview/20191028/gv40000066021_1.jpg", "description": "단단한 밑둥까지 온전하게 붙어 있는 버섯을 사면 늘 맞닥뜨리는 문제가 있어요. 바로 먹지 못하는 부위를 번거롭게 손질하는 과정과 거기서 나오는 음식물 쓰레기를 처리하는 일이지요. 컬리는 이런 불편함을 줄이기 위해 간편 표고버섯을 준비했어요. 유기농 표고버섯을 밥, 전골, 국, 볶음 등에 쓰기 알맞은 모양으로 얇게 슬라이스해 얼린 제품이랍니다. 한 통에 표고버섯 7개 분량이 들어 있어 1인 가구가 조금씩 꺼내 쓰기 특히 알맞을 거예요. ", "img3": "https://img-cf.kurly.com/shop/data/goodsview/20191028/gv40000066025_1.jpg", "option_name_list": [], "option_price_list": []},
{"img1": "https://img-cf.kurly.com/shop/data/goods/1568611331540y0.jpg", "name": "무농약 머쉬밥 100g", "summary": "무농약 표고, 새송이, 흰목이버섯을 조각내어 건조한 머쉬밥(1통/100g)", "price": "12,000원", "discount_rate": 0, "unit": "1통", "amount": "100g", "package": "냉장/종이포장", "made_in": "국산", "img2": "https://img-cf.kurly.com/shop/data/goodsview/20190916/gv10000061880_1.jpg", "description": "매번 필요할 때마다 버섯을 구입해 세척하고 손질하는 과정이 번거로우셨다면, 컬리가 준비한 무농약 머쉬밥을 이용해 보세요. 무농약 인증을 받은 국내산 표고버섯, 새송이버섯, 흰목이버섯 1kg를 건조시켜 100g 알뜰하게 담았습니다. 건조된 상품이기에 보관법도 성가시지 않고 간편하죠. 제각각의 크기가 아니라 먹기 좋은 크기로 잘게 잘랐으니 다양한 요리에 활용해보세요. 버섯밥은 물론 비건 소스나, 라면과 국수 등 국이나 찌개 속 후레이크처럼 이용하셔도 좋답니다. ", "img3": "https://img-cf.kurly.com/shop/data/goodsview/20190916/gv30000061886_1.jpg", "option_name_list": [], "option_price_list": []},
{"img1": "https://img-cf.kurly.com/shop/data/goods/1566806395816y0.jpg", "name": "[김구원선생] 무농약 숙주나물 200g", "summary": "무농약 녹두로 기른 숙주나물(1봉/200g)", "price": "1,700원", "discount_rate": 0, "unit": "1봉", "amount": "200g", "package": "냉장/종이포장", "made_in": "국산", "img2": "https://img-cf.kurly.com/shop/data/goodsview/20190826/gv10000060212_1.jpg", "description": " 4대 째 두부 장인의 전통을 이어온 브랜드, 김구원선생의 김동윤 대표는 콩 가공 분야에서 신지식인으로 선정될 만큼 두류에 일가견이 있는데요. 이번에는 무농약으로 재배한 숙주나물을 선보입니다. 숙주나물은 녹두가 틔워낸 싹으로, 콩나물보다 한층 부드러운 식감을 지니고 있어요. 김구원선생의 숙주나물은 엄선한 국내산 무농약 녹두를 정성스럽게 길러낸 제품이랍니다. 숙주나물 특유의 싱그러운 향과 은은한 단맛이 살아있을 뿐더러, GAP 인증까지 획득했기에 더욱 믿고 즐길 수 있지요. 고소한 무침, 볶음 등 일상 반찬부터 개운한 쌀국수, 마라탕, 전골 등 별미 요리에 두루 활용해 보세요.", "img3": "https://img-cf.kurly.com/shop/data/goodsview/20190826/gv20000060219_1.jpg", "option_name_list": [], "option_price_list": []},
{"img1": "https://img-cf.kurly.com/shop/data/goods/15675741261y0.jpg", "name": "[김구원선생] 무농약 콩나물 200g", "summary": "무농약 콩으로 재배한 콩나물(1봉/200g)", "price": "1,300원", "discount_rate": 0, "unit": "1봉", "amount": "200g", "package": "냉장/종이포장", "made_in": "국산", "img2": "https://img-cf.kurly.com/shop/data/goodsview/20190826/gv00000060224_1.jpg", "description": " 4대 째 두부 장인의 전통을 이어온 브랜드, 김구원선생의 김동윤 대표는 콩 가공 분야에서 신지식인으로 선정될 만큼 두류에 일가견이 있는데요. 이번에는 무농약으로 재배한 콩나물을 선보입니다. 햇빛 없이 오직 수분으로 키워내는 콩나물은 씨앗이 되는 콩의 상태와 재배 환경이 무척 중요해요. 김구원선생의 콩나물은 엄선한 국내산 무농약 콩을 안전한 환경에서 재배한 제품이랍니다. 덕분에 깐깐한 GAP 인증까지 획득했지요. 콩나물 무침, 콩나물 국 등 늘 만나는 요리부터 찜, 탕 등 아삭한 채소가 필요한 별미 요리까지 두루 활용해 보세요. 식탁 위 맛과 영양을 손쉽게 챙길 수 있을 거예요. ", "img3": "https://img-cf.kurly.com/shop/data/goodsview/20190826/gv20000060231_1.jpg", "option_name_list": [], "option_price_list": []},
{"img1": "https://img-cf.kurly.com/shop/data/goods/1561350622562y0.jpg", "name": "무농약 버섯 9종", "summary": "표고, 양송이, 팽이, 새송이, 미니새송이, 느타리 버섯, 목이버섯(건조), 황금송이버섯, 백만송이버섯", "price": "1,900원", "discount_rate": 0, "unit": "1팩/1봉", "amount": "옵션별 상이", "package": "냉장/종이포장", "made_in": "국내산", "img2": "https://img-cf.kurly.com/shop/data/goodsview/20190624/gv40000053940_1.jpg", "description": "천연 조미료라 불리는 버섯은 특별한 감칠맛을 지니고 있는 재료에요. 국물이 우러날 수 있는 거의 모든 요리에서, 버섯은 훌륭하게 제 역할을 해냅니다. 가끔은 그냥 버섯만으로도 충분해요. 올리브오일을 살짝 두른 팬에 구워주기만 하면 고기, 샐러드, 빵, 면 등 어떤 재료와도 어우러져 근사한 요리를 만들어내니까요. 장바구니에 버섯만 담아도 든든한 마음을 컬리가 잘 알기에, 가장 친숙하고 활용도 높은 버섯 9종을 무농약으로 준비했습니다. 언제든 소량으로 주문해 향긋한 버섯을 신선하게 즐겨보세요.", "img3": "https://img-cf.kurly.com/shop/data/goodsview/20190624/gv40000053952_1.jpg", "option_name_list": ["[무농약 버섯 9종] 미니새송이버섯 300g", "[무농약 버섯 9종] 새송이버섯 250g", "[무농약 버섯 9종] 팽이버섯 150g", "[무농약 버섯 9종] 양송이버섯 150g", "[무농약 버섯 9종] 표고버섯 200g", "[무농약 버섯 9종] 애느타리버섯 200g", "[무농약 버섯 9종] 목이버섯건조 30g", "[무농약 버섯 9종] 황금송이버섯 200g", "[무농약 버섯 9종] 백만송이버섯느티만가닥버섯 300g"], "option_price_list": ["1,900원", "2,900원", "650원", "3,500원", "4,700원", "1,650원", "5,300원", "2,300원", "3,900원"]},
{"img1": "https://img-cf.kurly.com/shop/data/goods/1557211764623y0.jpg", "name": "무농약 미니표고버섯 150g", "summary": "굽고, 볶고, 조리고, 우리고! 만능 미니 표고버섯(1팩/150g내외)", "price": "3,600원", "discount_rate": 0, "unit": "1팩", "amount": "150g/팩", "package": "냉장/종이포장", "made_in": "국산", "img2": "https://img-cf.kurly.com/shop/data/goodsview/20190507/gv40000049578_1.jpg", "description": "찌개나 조림에 깊은 감칠맛을 더하는 마법 같은 재료를 찾는다면, 역시 답은 표고버섯일 거예요. 보통 표고를 넣을 때는 뻣뻣한 식감의 대를 잘라내고 갓만 먹기 좋게 썰어 사용하는데요. 컬리가 준비한 미니 표고는 별도의 손질 없이 통으로 넣을 수 있어 요리에 간편함을 더해준답니다. 표고가 완전히 성장하기 전, 배지에 자라난 어린 싹을 재배했어요. 미니라는 이름에 걸맞게 손가락 두 마디 정도의 조그마한 크기에 갓과 기둥 모두 연한 질감을 가지고 있답니다. 온습도에 예민한 표고를 위해 개폐가 가능한 3중 비닐하우스에서 세심하게 길러냈지요. 재배 과정에서 농약을 사용하지 않았으니 안심하고 다양한 요리에 활용해보세요.", "img3": "https://img-cf.kurly.com/shop/data/goodsview/20190708/gv40000055193_1.jpg", "option_name_list": [], "option_price_list": []},
{"img1": "https://img-cf.kurly.com/shop/data/goods/1557211569796y0.jpg", "name": "무농약 화고버섯 200g", "summary": "표고버섯이 아닙니다. 고품격 '화고'입니다.(1팩/200g내외)", "price": "8,900원", "discount_rate": 0, "unit": "1팩", "amount": "200g", "package": "냉장/종이포장", "made_in": "국산", "img2": "https://img-cf.kurly.com/shop/data/goodsview/20190507/gv20000049559_1.jpg", "description": "화고는 표고버섯 중에서도 갓이 그물처럼 갈라지는 것을 떼어 부르는 이름이에요. 보통 생 표고버섯은 60% 정도의 수분을 함유하고 있지만, 화고의 수분 함량은 그 절반 수준이기 때문에 성장에 따라 갓이 툭툭 갈라지게 되는 것이지요. 이번에 컬리가 선보이는 화고는 일조량이 풍부하고 비가 과하지 않은 지역인 여주에서 무농약으로 재배해 더욱 특별합니다. 습도가 조금만 높아져도 금세 갓의 무늬가 사라지는 화고를 안정적으로 건강하게 키워냈지요. 건조하지 않은 생 화고라 향이 짙고 일반 표고에 비해 식감도 훨씬 쫄깃해요. 칼로 표면을 가볍게 다듬은 뒤 그대로 먹으면 가장 풍성하고 청명한 풍미를 느낄 수 있답니다.", "img3": "https://img-cf.kurly.com/shop/data/goodsview/20190507/gv40000049570_1.jpg", "option_name_list": [], "option_price_list": []},
{"img1": "https://img-cf.kurly.com/shop/data/goods/1547101358658y0.jpg", "name": "무농약 머쉬마루 버섯(아위 버섯) 200g", "summary": "쫄깃한 식감과 은은한 단맛(1팩/200g)", "price": "3,200원", "discount_rate": 0, "unit": "1팩", "amount": "200g", "package": "냉장/종이포장", "made_in": "국산", "img2": "https://img-cf.kurly.com/shop/data/goodsview/20190110/gv40000041293_1.jpg", "description": "새송이버섯 같은 친근한 모습을 보이는 이 버섯의 이름은 머쉬마루 버섯이에요. 아위 버섯이라는 이름이 더욱 친숙하기도 하죠. 아위버섯은 생산량이 적어 이름만 들어봤지 실제 접하기엔 어려웠을 텐데요. 아위버섯의 생산량을 높이기  위해 개량한 것이 머쉬마루 버섯이에요. 컬리는 농약 없이 자란 무농약 머쉬마루 버섯을 준비했어요. 버섯살이 크고 부드러운 것이 특징인데요. 고기같이 쫄깃한 식감에 은은한 단맛이 더해져 남녀노소 누구나 좋아할 만한 버섯이랍니다. 버섯을 좋아하지 않으셨던 분들도 입문용으로 버섯을 접하기에 부담 없을 거예요. 머쉬마루 버섯의 맛과 향을 느껴 보세요.", "img3": "https://img-cf.kurly.com/shop/data/goodsview/20190110/gv30000041296_1.jpg", "option_name_list": [], "option_price_list": []},
{"img1": "https://img-cf.kurly.com/shop/data/goods/1542782674909y0.jpg", "name": "참타리버섯 100g", "summary": "볶기만 해도 맛있는 참타리버섯 100g", "price": "950원", "discount_rate": 0, "unit": "팩", "amount": "100g", "package": "냉장/종이포장", "made_in": "국산", "img2": "https://img-cf.kurly.com/shop/data/goodsview/20181121/gv10000036557_1.jpg", "description": "느타리버섯으로도 불리는 참타리버섯은 쫄깃쫄깃하고, 보드라워 다양한 요리의 조연 역할을 해냅니다. 마땅한 반찬이 없어 고민되는 날, 참타리버섯을 활용해 보세요. 당근, 양파 같은 기본 채소와 함께 기름에 달달 볶기만 해도 참 근사한 볶음 반찬이 완성되거든요. 작게 썬 참타리버섯, 다진 채소, 밀가루를 뭉쳐 노릇노릇하게 구우면, 아이부터 어른까지 누구나 좋아할 일품 메뉴로도 변신합니다. 뜨끈뜨끈한 전골 요리를 만들 때도 넉넉하게 넣어, 참타리버섯의 매력을 만끽해 보세요. ", "img3": "https://img-cf.kurly.com/shop/data/goodsview/20181121/gv00000036560_1.jpg", "option_name_list": [], "option_price_list": []},
{"img1": "https://img-cf.kurly.com/shop/data/goods/1542783188588y0.jpg", "name": "표고버섯 6입", "summary": "감칠맛을 내는 필수 버섯, 표고버섯 6입", "price": "2,340원", "discount_rate": "10%", "unit": "팩", "amount": "6입", "package": "냉장/종이포장", "made_in": "국산", "img2": "https://img-cf.kurly.com/shop/data/goodsview/20181121/gv40000036561_1.jpg", "description": "갓은 둥글둥글하면서도 넓적하고, 기둥은 짧고 귀여운 표고버섯. '버섯'이라는 존재를 머릿 속으로 떠올렸을 때 가장 먼저 생각나는 이미지와 일치하지요. 버섯의 대명사인 표고버섯을 컬리에서 간편하게 구입해 보세요. 짙은 향을 지닌 표고버섯으로 육수를 내면 고급스러운 감칠맛을 더할 수 있는데요. 된장찌개 같은 국물 요리를 만들 때 조금만 썰어 넣어도 국물 맛이 확 달라지는 걸 느낄 수 있을 거예요. 특히 십(十)자로 깊게 칼집을 낸 뒤 밀푀유 샤부샤부와 같은 전골에 슬쩍 꽂아 보세요. 표고버섯 하나만 얹었을 뿐인데도 음식의 레벨이 격상된답니다. 리조또, 볶음밥, 솥밥, 심지어 이유식의 재료도로 훌륭할 거예요.", "img3": "https://img-cf.kurly.com/shop/data/goodsview/20181121/gv40000036564_1.jpg", "option_name_list": [], "option_price_list": []},
{"img1": "https://img-cf.kurly.com/shop/data/goods/1542783347252y0.jpg", "name": "팽이버섯 2입", "summary": "친근하고 부담없는 만능 팽이버섯 2입", "price": "1,440원", "discount_rate": "10%", "unit": "봉", "amount": "2입", "package": "냉장/종이포장", "made_in": "국산", "img2": "https://img-cf.kurly.com/shop/data/goodsview/20181121/gv20000036567_1.jpg", "description": "세상엔 비싸고 희귀한 버섯이 참 많지만, 팽이버섯은 오히려 정반대입니다. 요리에 한가득 넣어도 부담스럽지 않고, 어디서든 비교적 쉽게 구할 수 있죠. 이같은 친근한 이미지와 달리, 쫄깃한 식감 하나만큼은 그 어떤 진귀한 버섯에 뒤지지 않는데요. 전골 요리에 넣으면 훌륭한 포인트가 되고, 베이컨을 돌돌 만 팽이버섯 요리는 도시락 반찬, 술안주 등으로 손색이 없답니다. 기다란 형태가 부담스럽다면 갖은 채소와 함께 쫑쫑 썰어 달걀 물에 부쳐도 드셔 보세요. 버섯이라면 고개부터 절래절래 흔드는 아이들도 버섯인 줄 모르고 맛있게 먹을 수 있을 거예요.", "img3": "https://img-cf.kurly.com/shop/data/goodsview/20181121/gv20000036571_1.jpg", "option_name_list": [], "option_price_list": []},
{"img1": "https://img-cf.kurly.com/shop/data/goods/1542784291389y0.jpg", "name": "양송이버섯 8입", "summary": "단백질이 풍부한 양송이 버섯 8입", "price": "3,500원", "discount_rate": 0, "unit": "팩", "amount": "8입", "package": "냉장/종이포장", "made_in": "국산", "img2": "https://img-cf.kurly.com/shop/data/goodsview/20181121/gv00000036586_1.jpg", "description": "양송이버섯은 매끄럽고 보드라운 질감이 유난히 탐스러운 채소예요. 크림 파스타를 만들 때 넣으면 식감과 풍미를 한껏 올려주고, 고기를 먹을 때 기둥을 똑 떼어 함께 구우면 입안을 깔끔하게 정돈해주는 사이드가 됩니다. 이토록 친숙한 양송이버섯은 사실 채소임에도 단백질까지 풍부하게 함유하고 있다고 해요. 채소류의 식이섬유와 육류의 단백질을 모두 갖춘 식재료라고 할 수 있지요. 식탁에 꾸릴 메뉴가 고민된다면, 영양 만점 양송이버섯을 활용해보는 건 어떨까요? 발사믹 식초를 곁들인 버섯샐러드나 양파, 버터, 우유 등과 함께 달달 볶은 후 갈아내 수프로 즐겨보는 것도 추천할게요.", "img3": "https://img-cf.kurly.com/shop/data/goodsview/20181121/gv00000036592_1.jpg", "option_name_list": [], "option_price_list": []},
{"img1": "https://img-cf.kurly.com/shop/data/goods/1542784318111y0.jpg", "name": "미니 새송이버섯 150g", "summary": "아담한 크기의 맛좋은 미니 새송이 버섯 150g", "price": "1,100원", "discount_rate": 0, "unit": "팩", "amount": "150g", "package": "냉장/종이포장", "made_in": "국산", "img2": "https://img-cf.kurly.com/shop/data/goodsview/20181121/gv40000036574_1.jpg", "description": "오동통하고 귀여운 미니 새송이버섯은 특유의 쫄깃한 식감이 그대로 느껴지면서도 크기가 작아 활용도가 높은 버섯이에요. 메추리알, 꽈리고추와 함께 푹 졸여 장조림으로 만들어두면 밥 한 그릇을 뚝딱 비우게 만드는 밑반찬이 됩니다. 펜네, 푸실리 면과 같은 숏파스타에 취향에 맞는 재료를 더한 뒤 페스토에 버무리면 영양만점 콜드 파스타로 즐길 수도 있죠. 이제 신선함이 돋보이는 미니 새송이버섯을 컬리에서 만나보세요.", "img3": "https://img-cf.kurly.com/shop/data/goodsview/20181121/gv10000036577_1.jpg", "option_name_list": [], "option_price_list": []}