{"img1": "https://img-cf.kurly.com/shop/data/goods/1583220626350y0.jpg", "name": "한끼 오이맛고추 80g", "summary": "한끼 식사로 딱 알맞은 소용량 오이맛 고추", "price": "1,000원", "discount_rate": 0, "unit": "1봉", "amount": "80g", "package": "냉장/종이포장", "made_in": "국산", "img2": "https://img-cf.kurly.com/shop/data/goodsview/20200303/gv00000083819_1.jpg", "description": "얼핏 비슷해 보이는 고추도 알고 보면 제각각 다양한 개성을 가지고 있지요. 오이맛고추가 낯설다면 '아삭이고추'로 기억해주세요. 오이맛고추는 과피가 두껍고 식감이 아삭아삭해 생으로 먹을 때 그 진가를 발휘하는데요. 매운맛이 거의 없어 누구나 즐기기 좋답니다. 하지만 고추 같은 채소는 한 번에 많이 사두긴 조금 부담스럽지요. 그래서 컬리는 오이맛고추를 딱 한끼 깔끔하게 즐길 수 있는 분량만큼 담아 보내드립니다. 번거롭게 손질할 일도 없고 남은 재료를 어떻게 처리할지 걱정할 필요도 없지요. 끼니마다 신선한 채소로 다채로운 요리를 완성해보세요.", "img3": "https://img-cf.kurly.com/shop/data/goodsview/20200304/gv10000083935_1.jpg", "option_name_list": [], "option_price_list": []},
{"img1": "https://img-cf.kurly.com/shop/data/goods/1582691767879y0.jpg", "name": "한끼 파프리카 1입 2종", "summary": "필요한 만큼 쓰는 색색의 아삭함", "price": "1,780원", "discount_rate": 0, "unit": "1봉", "amount": "1개", "package": "냉장/종이포장", "made_in": "국산", "img2": "https://img-cf.kurly.com/shop/data/goodsview/20200226/gv20000082823_1.jpg", "description": "일상 요리에 꼭 필요한 채소, 이젠 똑똑하게 만나보세요. 깔끔하게 손질한 채소를 남김 없이 즐길 수 있는 한끼 채소입니다. 이번에는 알록달록한 색감까지 예쁜 국산 파프리카를 준비했어요. 단단하고 아삭한 파프리카를 선별해 깨끗하게 손질한 후, 하나씩 포장했지요. 원하는 모양과 크기로 썰어만 주세요. 볶음, 조림 등 요리에 색과 식감을 더할 수 있을 거예요. 그대로 썰어 샐러드 토핑, 채소 스틱으로 즐겨도 좋답니다.", "img3": "https://img-cf.kurly.com/shop/data/goodsview/20200226/gv20000082936_1.jpg", "option_name_list": ["한끼 파프리카 1입 노랑", "한끼 파프리카 1입 빨강"], "option_price_list": ["1,780원", "1,780원"]},
{"img1": "https://img-cf.kurly.com/shop/data/goods/1572230934488y0.jpg", "name": "유기농 간편 청양고추 120g (냉동)", "summary": "매운맛이 필요할 때 간편하게 쏙쏙(1통/120g)", "price": "3,500원", "discount_rate": 0, "unit": "1통", "amount": "120g", "package": "냉동/종이포장", "made_in": "국산", "img2": "https://img-cf.kurly.com/shop/data/goodsview/20191028/gv20000066026_1.jpg", "description": "꼭지가 달려있는 온전한 고추를 사면 늘 맞닥뜨리는 문제가 있어요. 바로 먹지 못하는 부위를 번거롭게 손질하는 과정과 거기서 나오는 음식물 쓰레기를 처리하는 일이지요. 컬리는 이런 불편함을 줄이기 위해 간편 청양고추를 준비했어요. 유기농 청양고추를 국, 반찬 등에 넣거나 고추기름을 내기 알맞은 모양으로 쫑쫑 썰어 냉동한 제품이랍니다. 한 통에 청양고추 10~12개 분량이 들어 있어 1인 가구가 조금씩 꺼내 쓰기 특히 알맞을 거예요. ", "img3": "https://img-cf.kurly.com/shop/data/goodsview/20200106/gv20000076723_1.jpg", "option_name_list": [], "option_price_list": []},
{"img1": "https://img-cf.kurly.com/shop/data/goods/1569497337958y0.jpg", "name": "동결건조 다진청양고추 40g", "summary": "선도 걱정 없이 필요할때 꺼내쓰는 간편 채소(1봉/40g)", "price": "5,500원", "discount_rate": 0, "unit": "1봉", "amount": "40g", "package": "냉장/종이포장", "made_in": "청양고추: 국산", "img2": "https://img-cf.kurly.com/shop/data/goodsview/20190926/gv10000063108_1.jpg", "description": "조금만 넣어도 음식의 분위기를 바꿔주는 재료가 있어요. 특유의 개운하고 알싸한 풍미를 자랑하는 청양고추가 바로 그렇습니다. 그러나 매번 생 청양고추를 다져 넣기엔 번거롭고, 남은 분량을 제때 사용하지 못하고 버리기 일쑤이지요. 이런 불편을 덜어드리기 위해 컬리는 청양고추의 풍미를 간편하게 더할 수 있는 동결건조 제품을 준비했어요. 자그마한 큐브를 꺼내 물 한 스푼을 부어주면 갓 다진 듯한 청양고추가 나타납니다. 특수 공법으로 수분을 제거했기에 실온 보관이 가능할뿐더러, 하나씩 쏙쏙 꺼내 쓰면 되니 별다른 준비물이 필요하지 않지요. 물만 더해 바로 완성하는 동결건조 다진 청양고추로 똑똑한 요리를 경험하세요.", "img3": "https://img-cf.kurly.com/shop/data/goodsview/20190926/gv30000063111_1.jpg", "option_name_list": [], "option_price_list": []},
{"img1": "https://img-cf.kurly.com/shop/data/goods/1568182434779y0.jpg", "name": "오이맛고추 300g", "summary": "심심할때 꺼내 먹는 냉장고 필수 아이템(1팩/300g)", "price": "4,200원", "discount_rate": 0, "unit": "1팩", "amount": "300g", "package": "냉장/종이포장", "made_in": "국산", "img2": "https://img-cf.kurly.com/shop/data/goodsview/20190911/gv20000061002_1.jpg", "description": "아삭이고추라고도 불리는 오이맛고추의 매력은 아삭하고 시원한 맛입니다. 일반 고추보다 열매가 크고 과피가 두꺼우며 생으로 먹어야 그 진가가 비로소 드러나지요. 매운맛 또한 거의 없어 누구나 부담없이 먹기 좋답니다.  컬리는 가락시장에서 품질이 뛰어난 오이맛고추만 골라 넉넉한 용량인 300g으로 포장해 선보입니다. 그때그때마다 좋은 고추를 잘 선별해 담아 맛과 빛깔이 뛰어나요. 끝맛이 개운해 쌈장에 찍어 구운 고기와 함께 즐겨도 좋아요. 과피가 두꺼워 특유의 아삭한 식감이 쉽게 사라지지 않기 때문에 전이나 고추 튀김, 무침 등 다양한 요리로 활용해 보세요. 간단하면서도 색다른 밥 반찬이 되어 줄 거예요. ", "img3": "https://img-cf.kurly.com/shop/data/goodsview/20190903/gv40000061005_1.jpg", "option_name_list": [], "option_price_list": []},
{"img1": "https://img-cf.kurly.com/shop/data/goods/1533274017500y0.jpg", "name": "더 매운 노란 고추 80g", "summary": "노란맛, 궁금해 스파이시! 더 매운 노란고추 80g", "price": "1,700원", "discount_rate": 0, "unit": "봉", "amount": "80g", "package": "냉장/종이포장", "made_in": "국산", "img2": "https://img-cf.kurly.com/shop/data/goodsview/20180803/gv30000028610_1.jpg", "description": "매운 맛을 사랑하는 분들을 위해 컬리가 특별히 준비했어요. 유럽에서 들어온 품종을 개량해 국내에서는 처음 선보이는 고추랍니다. 청양 고추는 명함도 못 내밀 만큼 아찔한 매운 맛을 자랑해요. 매콤한 피클을 담글 때 초록 할라피뇨, 당근, 양파에 노란 고추를 넣어보세요. 다채로운 색과 한층 강렬한 매콤함으로 눈과 입을 모두 만족시켜줄 거에요. 간장이나 쌈장에 잘게 다져 넣은 다음 만두, 삼겹살과 함께 먹으면 개운한 맛을 느낄 수 있어요.", "img3": "https://img-cf.kurly.com/shop/data/goodsview/20180803/gv30000028613_1.jpg", "option_name_list": [], "option_price_list": []},
{"img1": "https://img-cf.kurly.com/shop/data/goods/1540176305858y0.jpg", "name": "청양고추 2종", "summary": "야물게 익은 매콤한 맛", "price": "1,250원", "discount_rate": 0, "unit": "1봉", "amount": "옵션별 상이", "package": "냉장/종이포장", "made_in": "국산", "img2": "https://img-cf.kurly.com/shop/data/goodsview/20181022/gv00000033941_1.jpg", "description": "'작은 고추가 맵다'는 말은 청양고추에게 딱 어울립니다. 일반 고추에 비해 크기는 작지만 야물게 익은 그 모습만 봐도 코끝이 얼얼해지는 것 같죠. 매운맛이 강한 편이라 요리에는 약간만 사용해 얼얼한 감칠맛을 더하곤 하는데요. 막상 청양고추 한 봉지를 사서 끝까지 다 먹은 기억은 없는 것만 같아요. 시들시들해지려고 하면 썰어서 냉동실에 넣어두었다가 잊어버릴 때도 많고요. 그래서 이번에 컬리가 준비한 청양고추는 60g과 80g으로 조금씩 담아낸 소용량 제품입니다. 사용 부담이 적고 가격이 합리적이라 1인 가구나 소가족에게 추천해드려요. 필요할 때마다 구입해 신선하고도 짜릿한 매콤함을 즐겨보세요. 찌개, 무침, 조림 등 요리의 맛을 돋우는 용도는 물론 피클과 장아찌로 만들어보셔도 좋을 거예요.", "img3": "https://img-cf.kurly.com/shop/data/goodsview/20181022/gv00000033946_1.jpg", "option_name_list": ["청양고추 60g", "청양고추 80g"], "option_price_list": ["1,250원", "1,550원"]},
{"img1": "https://img-cf.kurly.com/shop/data/goods/1539929378285y0.jpg", "name": "파프리카 2종", "summary": "아삭한 파프리카를 실속 있게", "price": "3,100원", "discount_rate": 0, "unit": "1팩", "amount": "옵션별 상이", "package": "냉장/종이포장", "made_in": "국산", "img2": "https://img-cf.kurly.com/shop/data/goodsview/20181019/gv40000033896_1.jpg", "description": "파프리카는 알록달록한 색감에 비타민 A, C 리코펜 등 영양소를 풍부하게 함유하고 있어 요리할 때 자주 활용하는 채소지요. 하지만 파프리카를 묶음으로 구매하다 보면 생각보다 많이 남기도 해요. 그래서 컬리는 싱그러운 파프리카를 합리적으로 즐기실 수 있도록 파프리카 두 개를 담은 제품을 준비했어요. 모양, 크기, 신선도에 이르기까지 엄격한 기준에 부합하는 파프리카만 선별했기 때문에 색이 선명할 뿐만 아니라 수분감 또한 풍부하답니다. 이제 컬리가 선보이는 파프리카 소용량 제품으로 신선한 달콤함과 영양을 즐겨보세요. 먹기 좋은 크기로 썰어 생으로 드시는 것은 물론 볶음이나 구이 요리를 하실 때 활용하셔도 정말 좋을 거예요.", "img3": "https://img-cf.kurly.com/shop/data/goodsview/20181022/gv20000033947_1.jpg", "option_name_list": [" 파프리카 2입 S", "파프리카 2입 M"], "option_price_list": ["3,100원", "3,600원"]},
{"img1": "https://img-cf.kurly.com/shop/data/goods/1535089486273y0.jpg", "name": "오이맛고추 150g", "summary": "생으로 아삭하게 먹는 오이맛 고추 150g", "price": "1,800원", "discount_rate": 0, "unit": "1봉", "amount": "150g", "package": "냉장/종이포장", "made_in": "국산", "img2": "https://img-cf.kurly.com/shop/data/goodsview/20180827/gv30000030346_1.jpg", "description": "오이맛고추는 열매가 크고 과피가 두꺼우며, 아삭한 식감이 뛰어나 아삭이고추라고도 불립니다. 매운맛이 거의 없기 때문에 아이들도 어렵지 않게 먹을 수 있는 고추인데요. 그래서 익혀 먹기보다는 생으로 먹을 때가 그 식감과 맛을 가장 잘 즐길 수 있어요. 이번에 컬리는 전국의 농산물이 모여드는 가락시장, 그 안에서도 품질이 뛰어난 오이맛고추만을 골라 소개합니다. 그때그때 좋은 고추를 잘 선별해 조금씩 묶어냈으니 사용 부담이 적고 가격도 합리적이지요. 신선한 오이맛고추를 구운 고기와 함께 즐겨보세요. 입맛이 없는 날에는 송송 썰어 된장 양념에 슬쩍 무쳐내면 간단하지만 맛있는 밥반찬으로 먹을 수도 있습니다.", "img3": "https://img-cf.kurly.com/shop/data/goodsview/20180824/gv20000030349_1.jpg", "option_name_list": [], "option_price_list": []},
{"img1": "https://img-cf.kurly.com/shop/data/goods/153508995289y0.jpg", "name": "꽈리고추 100g", "summary": "야들야들 맛있게 요리하는 꽈리고추 100g", "price": "1,700원", "discount_rate": 0, "unit": "봉", "amount": "100g", "package": "냉장/종이포장", "made_in": "국산", "img2": "https://img-cf.kurly.com/shop/data/goodsview/20180824/gv30000030350_1.jpg", "description": "쭈글쭈글한 모양의 꽈리고추는 생으로 먹기보다는 요리로 만드는 경우가 많아요. 무르지 않게 살짝 볶으면 야들야들하면서도 아삭한 식감을, 알맞게 쪄내면 개운한 매콤함을 즐길 수 있죠. 입에 착 감기는 듯한 맛이 나기에 다양한 반찬과 찜, 볶음 요리에 활용되는데요. 이번에 컬리는 전국의 농산물이 모여드는 가락시장에서도 품질이 뛰어난 꽈리고추를 골라 소개합니다. 그때그때 좋은 고추를 잘 선별해 조금씩 묶어냈으니 사용 부담이 적고 가격도 합리적이지요. 필요할 때마다 구입해 다양한 요리로 만들어보세요. 해산물, 육류와의 궁합이 좋으니 같이 사용하면 영양도 맛도 나무랄 데 없는 별미가 완성된답니다.", "img3": "https://img-cf.kurly.com/shop/data/goodsview/20180824/gv40000030353_1.jpg", "option_name_list": [], "option_price_list": []},
{"img1": "https://img-cf.kurly.com/shop/data/goods/1535086473312y0.jpg", "name": "홍고추 80g", "summary": "빨간 맛! 궁금한 요리를 위한 홍고추 80g", "price": "2,000원", "discount_rate": 0, "unit": "봉", "amount": "80g", "package": "냉장/종이포장", "made_in": "국산", "img2": "https://img-cf.kurly.com/shop/data/goodsview/20180824/gv40000030331_1.jpg", "description": "풋고추를 수확하지 않고 좀 더 익게 두면 불그스름한 빛의 홍고추가 됩니다. 풋고추와 홍고추는 그 빛깔만큼이나 맛도 달라요. 풋고추는 그야말로 풋풋한 맛이 있다면, 홍고추는 단맛과 매운맛을 모두 지녔죠. 고추 특유의 알싸하면서 달큼한 향기도 함께 농익어 코와 입, 눈이 모두 즐거운 식재료가 바로 홍고추입니다. 이번에 컬리는 전국의 농산물이 모여드는 가락시장, 그 안에서도 품질이 뛰어난 홍고추만을 골라 담은 제품을 소개할게요. 그때그때 좋은 고추를 잘 선별해 소용량으로 조금씩 묶어냈으니 사용 부담이 적고 가격도 합리적이지요. 필요할 때마다 구입해 신선한 맛과 향을 요리에 더해보세요. 홍고추의 씨앗을 잘 갈무리해서 보관하다가 김치, 고추씨 기름, 볶음 요리 등에 활용하셔도 좋습니다.", "img3": "https://img-cf.kurly.com/shop/data/goodsview/20180824/gv40000030334_1.jpg", "option_name_list": [], "option_price_list": []},
{"img1": "https://img-cf.kurly.com/shop/data/goods/1535089285526y0.jpg", "name": "풋고추 100g", "summary": "요모조모 다양하게 쓰이는 풋고추 100g", "price": "1,300원", "discount_rate": 0, "unit": "봉", "amount": "100g", "package": "냉장/종이포장", "made_in": "국산", "img2": "https://img-cf.kurly.com/shop/data/goodsview/20180824/gv00000030342_1.jpg", "description": "풋고추를 한 봉지 사두면 요모조모 다양하게 활용하기 좋아요. 잘 씻은 후 된장이나 쌈장에 쿡 찍어 먹기만 해도 맛있고, 구운 고기와 함께 먹으면 입안을 말끔하게 정리해주죠. 굵게 썰어 된장에 조물조물 무쳐내면 입맛 없는 날 먹기 좋은 밥반찬이 금방 완성됩니다. 이번에 컬리는 전국의 농산물이 모여드는 가락시장에서도 품질이 뛰어난 풋고추만을 골라 소개할게요. 그때그때 좋은 고추를 잘 선별해 조금씩 묶어냈으니 사용 부담이 적고 가격도 합리적이지요. 신선한 풋고추를 가늘게 채 썰어 잡채나 볶음 요리에도 사용해보세요. 풋고추의 속을 채워 전으로 만들거나 장아찌로 완성해보셔도 좋습니다.", "img3": "https://img-cf.kurly.com/shop/data/goodsview/20180824/gv30000030345_1.jpg", "option_name_list": [], "option_price_list": []},
{"img1": "https://img-cf.kurly.com/shop/data/goods/1452147526816y0.jpg", "name": "무농약 고추 5종", "summary": "소포장되어 알뜰하게 먹을 수 있는 무농약 고추 (1봉 /100g)", "price": "2,000원", "discount_rate": 0, "unit": "1봉지", "amount": "100g", "package": "냉장/종이포장", "made_in": "국내산", "img2": "https://img-cf.kurly.com/shop/data/goodsview/20170407/gv10000001918_1.jpg", "description": "월요일엔 정신이 번쩍 드는 청양고추 장아찌, 화요일엔 부드러운 꽈리고추찜, 피곤한 수요일엔 홍고추 송송 썰어 넣은 갈비찜, 목요일엔 상큼한 풋고추 피클, 그리고 금요일 저녁엔 오이고추와 함께 삼겹살 파티! 그냥 지나쳤던 평범한 고추들, 알고 보면 종류와 맛에 따라 만들 수 있는 요리가 무궁무진하답니다. 매일매일 먹어도 질리지 않는 고추 요리와 함께 일주일을 보내 보세요. 몸은 가벼워지고 머리는 맑아질 거예요. 농약 한번 치지 않고 건강하게 기른 장안농장의 고추들은 당신의 식탁에 상쾌함을 더해줍니다. ", "img3": "https://img-cf.kurly.com/shop/data/goodsview/20190717/gv30000056221_1.jpg", "option_name_list": ["[무농약 고추] 꽈리고추 100g", " [무농약 고추] 홍고추 100g", "[무농약 고추] 청양고추 100g", "[무농약 고추] 오이고추 100g", "[무농약 고추] 풋고추 100g"], "option_price_list": ["2,300원", "1,800원", "2,300원", "2,100원", "2,300원"]},
{"img1": "https://img-cf.kurly.com/shop/data/goods/1499060053485y0.jpg", "name": "친환경 피망 2입", "summary": "어느요리에도 활용가능한 만능채소(1봉 2입)", "price": "3,900원", "discount_rate": 0, "unit": "1봉", "amount": "2입(180g 이상)", "package": "냉장/종이포장", "made_in": "국내산", "img2": "https://img-cf.kurly.com/shop/data/goodsview/20170703/gv00000004729_1.jpg", "description": "피망은 냉장고에 보관하고 있으면 언제든지 어떤 요리에 활용이 가능한 만능 채소예요. 샐러드에 곁들여 생 채소 그대로 본연의 향과 아삭함을 즐길 수도 있고, 볶음 요리에 사용하여 단맛이 조금 더 살아난 피망을 맛볼 수도 있죠. 자주 접하게 되는 채소인 만큼 더욱더 건강하게 챙겨 먹을 수 있어야겠죠? 컬리에서 준비한 피망은 친환경 농사 20년 이상의 경력을 가진 생산자가 재배한 싱싱한 친환경 피망이니 안심하고 드실 수 있어요.", "img3": "https://img-cf.kurly.com/shop/data/goodsview/20181212/gv40000004733_1.jpg", "option_name_list": [], "option_price_list": []}