{"img1": "https://img-cf.kurly.com/shop/data/goods/1581038522289y0.jpg", "name": "[하이랜드] 디럭스너츠 구운 캐슈넛", "summary": "껍질째 먹는 짭쪼름한 구운 캐슈넛!", "price": "5,310원", "discount_rate": "10%", "unit": "1개", "amount": "150g(통) ", "package": "상온/종이포장", "made_in": "", "img2": "https://img-cf.kurly.com/shop/data/goodsview/20200207/gv20000080437_1.jpg", "description": "파삭 부서지는 얇은 속껍질과 부드러운 알맹이의 식감이 색다른 조화를 이루는 구운 캐슈넛을 소개할게요. 캐슈넛 특유의 고소하면서도 달큰한 맛과 겉에만 솔솔 뿌린 소금의 짭조름함이 맛있게 어우러진 간식이랍니다. 심심풀이 간식이나 맥주 안주로 한 알씩 집어먹기에 꼭 알맞지요. 150g으로 준비했으니 1인 가구도 짧은 기간 내에 깔끔히 먹기 좋을 거예요. 잘게 부수어 샐러드나 닭강정, 아이스크림 등에 토핑으로도 활용해보세요. ", "img3": "https://img-cf.kurly.com/shop/data/goodsview/20200207/gv40000080715_1.jpg", "option_name_list": [], "option_price_list": []},
{"img1": "https://img-cf.kurly.com/shop/data/goods/1585639452398y0.jpg", "name": "매일견과 블루베리 플러스 360g", "summary": "건블루베리가 포함된 매일견과(360g/1팩)", "price": "11,900원", "discount_rate": 0, "unit": "1팩", "amount": "360g(20gx18봉)", "package": "상온/종이포장", "made_in": "상품별 별도표기", "img2": "https://img-cf.kurly.com/shop/data/goodsview/20200331/gv40000088235_1.jpg", "description": "갖가지 영양소를 함유한 건견과를 고루 챙겨 먹기는 꽤 번거로운 일이에요. 5가지 건견과를 간편하게 섭취할 수 있는 매일견과 블루베리 플러스를 만나보세요. 구운 아몬드, 호두 등 고소한 견과류는 물론이고요. 상큼하고 쫄깃한 건블루베리까지 함께 들어 있어 지루하지 않게 즐길 수 있답니다. 20g씩 소용량으로 개별 포장한 상품이라, 학교나 직장에서 하나씩 꺼내 먹기에도 알맞을 거예요.", "img3": "https://img-cf.kurly.com/shop/data/goodsview/20200331/gv40000088238_1.jpg", "option_name_list": [], "option_price_list": []},
{"img1": "https://img-cf.kurly.com/shop/data/goods/1585640353774y0.jpg", "name": "그린넛츠 프리미엄믹시드넛 300g", "summary": "다양하게 드실수 있는 프리미엄 믹시드넛(300g/1봉)", "price": "8,900원", "discount_rate": 0, "unit": "1봉", "amount": "300g", "package": "상온/종이포장", "made_in": "상품별 별도표기", "img2": "https://img-cf.kurly.com/shop/data/goodsview/20200331/gv10000088239_1.jpg", "description": "갖가지 영양소를 함유한 건견과를 고루 챙겨 먹기는 꽤 번거로운 일이지요. 8가지 건견과를 간편하게 섭취할 수 있는 프리미엄믹시드넛을 소개합니다. 구운 아몬드, 호두 등 고소한 견과류는 물론이고요. 초콜릿 코팅을 입혀 달콤한 변주를 준 아몬드와 카카오닙스 초코볼도 함께 꾸려 넣었답니다. 300g의 견과류를 한 팩에 넉넉하게 포장한 상품이니, 원하는 만큼 덜어 풍성하게 즐겨보세요.", "img3": "https://img-cf.kurly.com/shop/data/goodsview/20200331/gv20000088242_1.jpg", "option_name_list": [], "option_price_list": []},
{"img1": "https://img-cf.kurly.com/shop/data/goods/1584598330639y0.jpg", "name": "Tin case 건견과 10종", "summary": "보관이 용이한 고급스런 패키지 속 건견과", "price": "5,500원", "discount_rate": 0, "unit": "1통", "amount": "상품별 상이", "package": "상온/종이포장", "made_in": "상품별 별도표기", "img2": "https://img-cf.kurly.com/shop/data/goodsview/20200319/gv40000086186_1.jpg", "description": "평소 건견과를 즐기는 분들이라면 소량 보관이 까다로워 곤란했던 적이 있을 거예요. 고민을 덜어드리기 위해 깔끔한 틴케이스에 소량으로 포장한 건견과를 가져왔어요. 200g 내외의 상품이라 부담 없이 즐길 수 있고요. 케이스에 담아 간편하게 섭취하고 보관할 수 있어, 손 닿는 곳에 두고 하나씩 꺼내 먹는 간식으로 제격이랍니다. 10종으로 다채롭게 준비했으니 취향에 맞게 골라보세요.", "img3": "https://img-cf.kurly.com/shop/data/goodsview/20200319/gv40000086302_1.jpg", "option_name_list": ["Tin case  건블루베리 190g", "Tin case  건자두 220g", "Tin case 건파파야 190g", "Tin case 건크랜베리 190g", "Tin case  구운 캐슈너트 170g", "Tin case  마카다미아 150g", "Tin case  호두 130g", "Tin case  구운 아몬드 190g", "Tin case  구운 피스타치오 150g", "Tin case  믹스너트 플러스 150g"], "option_price_list": ["9,500원", "5,500원", "6,900원", "5,900원", "7,500원", "9,500원", "5,500원", "6,900원", "7,500원", "8,500원"]},
{"img1": "https://img-cf.kurly.com/shop/data/goods/1584666796189y0.jpg", "name": "세계견과 프리미엄 세트", "summary": "고급스런 포장의 건견과 선물세트", "price": "89,000원", "discount_rate": 0, "unit": "1박스", "amount": "", "package": "상온/종이포장", "made_in": "상품별별도표기", "img2": "https://img-cf.kurly.com/shop/data/goodsview/20200320/gv40000086178_1.jpg", "description": "건강까지 생각하는 센스 있는 선물로 세계견과 프리미엄 세트를 추천드려요. 건블루베리, 건파파야, 마카다미아 등의 건견과를 한 데 모은 상품인데요. 간편하게 섭취하고 보관할 수 있도록 종류별로 나누어 틴케이스로 포장했어요. 고급스러운 패키지로 한 번 더 감싸주어 고마움을 전하기에 제격이랍니다. 하나씩 간식으로 먹어도 좋고, 샐러드나 요거트의 토핑으로도 즐길 수 있어 더욱 만족스러울 거예요.", "img3": "https://img-cf.kurly.com/shop/data/goodsview/20200320/gv00000086350_1.jpg", "option_name_list": [], "option_price_list": []},
{"img1": "https://img-cf.kurly.com/shop/data/goods/1583817673464y0.jpg", "name": "매일견과 프라임믹스 20g X 14봉", "summary": "영양가 있는 2주를 위한 선택 (20gx14봉)", "price": "8,900원", "discount_rate": 0, "unit": "1팩", "amount": "20gx14봉", "package": "상온/종이포장", "made_in": "상품별 별도표기", "img2": "https://img-cf.kurly.com/shop/data/goodsview/20200310/gv30000084900_1.jpg", "description": "풍부한 영양소를 함유한 견과류를 날마다 챙겨 먹기란 쉬운 일이 아니죠. 하루의 영양을 채워주는 견과류를 매일 꾸준히 섭취할 수 있는 매일견과 프라임믹스를 소개합니다. 6가지 다양한 건∙견과류를 소량씩 담아 넉넉하게 준비했어요. 농축된 영양을 품은 다채로운 견과류를 하루에 한 봉씩, 2주 동안 간편하게 섭취할 수 있답니다. 아이들을 위한 건강 간식, 심심한 입안을 달래줄 술안주로도 손색이 없지요. 가방에 쏙 넣어 가지고 다니며, 고소한 맛과 오독오독한 식감을 즐겨보세요. ", "img3": "https://img-cf.kurly.com/shop/data/goodsview/20200310/gv20000084902_1.jpg", "option_name_list": [], "option_price_list": []},
{"img1": "https://img-cf.kurly.com/shop/data/goods/1583290750381y0.jpg", "name": "하루 건강견과 Excellent", "summary": "견과류와 요거트 볼의 절묘한 조합", "price": "8,800원", "discount_rate": 0, "unit": "1봉", "amount": "20g x 10개입", "package": "상온/종이포장", "made_in": "", "img2": "https://img-cf.kurly.com/shop/data/goodsview/20200304/gv40000083945_1.jpg", "description": "여러 종류의 견과류를 한 번에 챙겨 먹을 수 있는 제품은 주변에서 쉽게 찾아볼 수 있죠. 이번에 소개할 하루 건강견과 Excellent에는 특별하게 요거트 오곡 초코 볼이 함께 들어있어요. 견과류와 함께 씹으면 달콤한 요거트 초코 볼의 맛이 견과류 특유의 씁쓸함을 덮어줘요. 신기하게도 부드러운 요거트에 견과류를 토핑으로 올려 먹는 맛이 나서 견과류를 먹는 시간이 즐거워진답니다.", "img3": "https://img-cf.kurly.com/shop/data/goodsview/20200304/gv20000083948_1.jpg", "option_name_list": [], "option_price_list": []},
{"img1": "https://img-cf.kurly.com/shop/data/goods/1583297753782y0.jpg", "name": "오븐에 구운 넛츠파이 3종", "summary": "스낵처럼 즐기는 고소한 견과류 파이", "price": "3,900원", "discount_rate": 0, "unit": "1봉", "amount": "180g", "package": "상온/종이포장", "made_in": "", "img2": "https://img-cf.kurly.com/shop/data/goodsview/20200304/gv30000083989_1.jpg", "description": "오독오독 고소하게 씹히는 견과류를 더 맛있게 즐기고 싶다면 오븐에 구운 넛츠파이 3종을 만나보세요. 건조 코코넛, 아몬드, 호박씨 등에 유기농 설탕과 메이플 시럽으로 단맛을 낸 다음 조청에 굳혀 한입 크기로 잘라냈어요. 건조 코코넛의 달콤한 향과 씹을수록 달콤해지는 맛이 견과류와 어우러져 계속 손이 가요. 견과류 마니아는 물론 견과류를 좋아하지 않는 분들도 거부감 없이 과자처럼 즐길 수 있을 거예요. ", "img3": "https://img-cf.kurly.com/shop/data/goodsview/20200304/gv30000083995_1.jpg", "option_name_list": ["메이플 마카다미아 넛츠파이", "메이플 오리지날 넛츠파이", "메이플 피칸 넛츠파이"], "option_price_list": ["4,900원", "3,900원", "4,400원"]},
{"img1": "https://img-cf.kurly.com/shop/data/goods/1579239471712y0.jpg", "name": "볶음 피칸 200g", "summary": "살짝 구워 더 고소한 피칸", "price": "8,900원", "discount_rate": 0, "unit": "1팩", "amount": "200g", "package": "상온/종이포장", "made_in": "피칸(미국산)", "img2": "https://img-cf.kurly.com/shop/data/goodsview/20200117/gv10000078470_1.jpg", "description": "과거 인디언의 주요 식량으로 쓰일만큼, 피칸은 불포화지방산과 칼슘이 풍부한 견과류예요. 가볍게 구워 더 고소한 풍미를 자랑하는 볶음피칸을 소개합니다. 쓴맛이 적고 은은한 단맛이 돌아, 누구나 쉽게 즐길 수 있지요. 입이 심심할 때, 오독한 식감과 풍부한 영양을 가진 볶음피칸 한 줌을 먹어보세요. 지루한 시간을 달래줄 건강 간식이랍니다.", "img3": "https://img-cf.kurly.com/shop/data/goodsview/20200117/gv10000078473_1.jpg", "option_name_list": [], "option_price_list": []},
{"img1": "https://img-cf.kurly.com/shop/data/goods/1577324179619y0.jpg", "name": "가평잣 100g 2종", "summary": "입안에 고소함과 솔향이 그윽 퍼지는 가평 잣(2종)", "price": "11,000원", "discount_rate": 0, "unit": "1봉", "amount": "100g", "package": "상온/종이포장", "made_in": "국산", "img2": "https://img-cf.kurly.com/shop/data/goodsview/20191226/gv10000075304_1.jpg", "description": "경기도 가평군은 국내 대표 잣 생산지로, 전체 잣 생산량의 약 45%를 차지하고 있어요. 특히 산이 험해 잣나무 숲이 자연적으로 번창한 유명산 자락의 잣은 맛과 향이 우수하기로 유명하지요. 일교차가 큰 혹독한 겨울을 거치며, 송진을 가득 머금은 잣방울의 솔향이 잣에 깊이 스며들기 때문이에요. 컬리는 탄수화물과 지방, 단백질, 비타민B 등 영양이 풍부한 가평잣 2종을 준비했어요. 씨눈과 껍질을 제거하지 않아 고소한 맛이 입안 가득 느껴지는 황잣, 뜨거운 물에 불려 껍질을 제거한 백잣 두 가지를 준비했으니 필요에 따라 선택해보세요.", "img3": "https://img-cf.kurly.com/shop/data/goodsview/20191226/gv20000075310_1.jpg", "option_name_list": ["가평 백잣 100G", "가평 황잣 100G"], "option_price_list": ["11,000원", "11,000원"]},
{"img1": "https://img-cf.kurly.com/shop/data/goods/1574925602179y0.jpg", "name": "[브이 프룻] 건 파인애플", "summary": "단맛 제대로 오른 파인애플의 변신", "price": "3,900원", "discount_rate": 0, "unit": "1팩", "amount": "100g", "package": "상온/종이포장", "made_in": "", "img2": "https://img-cf.kurly.com/shop/data/goodsview/20191128/gv10000070174_1.jpg", "description": "파인애플은 치명적인 단맛을 지닌 열대과일이지만, 딱딱한 껍질을 지니고 있어 손질하기가 참 번거롭죠. 베트남의 건과일 전문 브랜드인 브이 프룻의 건 파인애플만 있으면 사시사철 파인애플을 간편하게 즐길 수 있어요. 브이 프룻은 파인애플 한가운데 박힌 심지를 깔끔하게 제거하고, 100도가 넘는 고온에서말려 정갈하게 포장했답니다. 자그마하게 조각 난 파인애플이 아니라 둥글넓적한 파인애플 슬라이스 그 자체를 말린 것이라 모양부터 눈길을 끌어요. 달콤한 위로가 필요한 순간 간식으로, 간편한 안주로 두루두루 활용해 보세요. ", "img3": "https://img-cf.kurly.com/shop/data/goodsview/20191128/gv40000070177_1.jpg", "option_name_list": [], "option_price_list": []},
{"img1": "https://img-cf.kurly.com/shop/data/goods/1574925445800y0.jpg", "name": "[브이 프룻] 건 패션푸르트", "summary": "매력적인 씨가 톡톡톡", "price": "3,900원", "discount_rate": 0, "unit": "1팩", "amount": "100g", "package": "상온/종이포장", "made_in": "", "img2": "https://img-cf.kurly.com/shop/data/goodsview/20191128/gv10000070170_1.jpg", "description": "백 가지 향기가 난다고 하여 '백리향'으로 불리는 패션푸르트. 패션푸르트를 반으로 가르면 샛노랗고 몽글몽글한 과육 사이에 자글자글한 씨가 한가득 박혀 있는데요. 베트남의 건과일 전문 브랜드인 브이 프룻은 패션푸르트를 간편하게 즐길 수 있도록 '건 패션푸루트' 상품을 기획했어요. 새콤달콤한 맛이 가득 차오른 패션프루트를 100도가 넘는 고온에서 깨끗하게 말린 뒤 정갈하게 포장했답니다. 패션푸르트 고유의 신맛이 덜한 편이라 패션푸르트를 평소 좋아하지 않는 분들도 부담없이 맛볼 수 있어요.  ", "img3": "https://img-cf.kurly.com/shop/data/goodsview/20191128/gv40000070173_1.jpg", "option_name_list": [], "option_price_list": []},
{"img1": "https://img-cf.kurly.com/shop/data/goods/1574925965934y0.jpg", "name": "[브이 프룻] 건파파야", "summary": "천사의 열매가 선물하는 달콤함", "price": "3,900원", "discount_rate": 0, "unit": "1팩", "amount": "100g", "package": "상온/종이포장", "made_in": "", "img2": "https://img-cf.kurly.com/shop/data/goodsview/20191128/gv20000070186_1.jpg", "description": "이름만 들어도 열대 지방의 녹색 풍경이 떠오르는 파파야는, '천사의 열매'라 칭해질 만큼 달콤하고 부드러운 과육을 지닌 과일이죠. 베트남의 건과일 전문 브랜드인 브이 프룻은 파파야를 간편하게 즐길 수 있도록 '건 파파야' 상품을 기획했어요. 투명한 주홍빛 슬라이스 끝이 노을처럼 붉게 물들어있어 참 예쁜 색감을 자랑해요. 그래서 와인이나 샴페인과 함께 즐기는 고급 안주로도 손색없답니다. 한 입 두입 쏙쏙 꺼내 먹다 보면 금세 봉투가 텅 비어 버릴 거예요.", "img3": "https://img-cf.kurly.com/shop/data/goodsview/20191128/gv20000070189_1.jpg", "option_name_list": [], "option_price_list": []},
{"img1": "https://img-cf.kurly.com/shop/data/goods/1574925740803y0.jpg", "name": "[브이 프룻] 건살구", "summary": "설탕에 절이지 않은 살구의 향긋함", "price": "3,900원", "discount_rate": 0, "unit": "1팩", "amount": "100g", "package": "상온/종이포장", "made_in": "", "img2": "https://img-cf.kurly.com/shop/data/goodsview/20191128/gv00000070178_1.jpg", "description": "달달하면서도 새콤한 매력을 품은 살구는 잼이나 후르츠칵테일 등으로 다양하게 활용되고 있지요. 베트남의 건과일 전문 브랜드 브이 프룻이 준비한 '건 살구' 는 설탕을 조금도 넣지 않고 살구의 순수한 향을 오롯이 담아낸 상품이에요. 덕분에 대부분의 건과일에서 나는 진한 설탕 맛 대신 은은하면서도 깔끔한 살구 향을 한껏 즐길 수 있죠. 한입에 쏙 집어 넣기 좋은 동글동글한 건살구를 만나보세요.", "img3": "https://img-cf.kurly.com/shop/data/goodsview/20191128/gv30000070181_1.jpg", "option_name_list": [], "option_price_list": []},
{"img1": "https://img-cf.kurly.com/shop/data/goods/1574925860802y0.jpg", "name": "[브이 프룻] 건망고", "summary": "열대과일 간식의 대명사", "price": "3,900원", "discount_rate": 0, "unit": "1팩", "amount": "100g", "package": "상온/종이포장", "made_in": "", "img2": "https://img-cf.kurly.com/shop/data/goodsview/20191128/gv20000070182_1.jpg", "description": "대표적인 열대과일, 망고는 이제 우리나라에서도 다양한 요리로 자주 만나 볼 수 있는데요. 그럼에도 동남아로 여행을 다녀올 때면 여전히 건망고를 하나씩은 꼭 챙겨오게 되어요. 다양한 건과일을 선보여온 브이 프룻 또한 건망고를 빼놓지 않고 선보입니다. 베트남에서 자란 망고를 100도가 넘는 고온에서 깨끗하게 말린 뒤 정갈하게 포장한 상품이에요. 산뜻하게 다가오는 망고 본연의 상큼달콤함을 즐겨보세요.", "img3": "https://img-cf.kurly.com/shop/data/goodsview/20191128/gv00000070185_1.jpg", "option_name_list": [], "option_price_list": []},
{"img1": "https://img-cf.kurly.com/shop/data/goods/1574933304318y0.jpg", "name": "[Fairday] 카카오 닙스 2종", "summary": "건강한 카카오의 힘", "price": "1,200원", "discount_rate": 0, "unit": "1봉 / 1박스", "amount": "8g / 8gX30봉입", "package": "냉장/종이포장", "made_in": "별도표기", "img2": "https://img-cf.kurly.com/shop/data/goodsview/20170328/gv10000001418_1.jpg", "description": "카카오 닙스를 아시나요? 카카오 닙스는 최근 뜨거운 인기를 얻고 있는 견과입니다. 카카오 열매 속에 있는 씨앗을 발효 및 건조해 덖은 후 껍질을 벗겨 분쇄하면 카카오 닙스가 되지요. 초콜릿의 원료이지만 초콜릿과는 전혀 다른 맛과 향을 가지고 있는 이 까맣고 작은 알맹이는 보이는 것 이상의 매력을 자랑합니다. 컬리가 소개하는 페어데이 카카오 닙스는 특히나 눈여겨볼 만한데요. 페어데이 카카오 닙스는 베트남 남부에 위치한 띠엔장(TIEN GIANG)에서 환경을 생각해 재배하고 수확한 카카오빈을 사용해 만듭니다. 먹기 좋게 소량 포장해 더욱 편하게 즐길 수 있죠. 카카오 닙스의 건강함을 그대로 맛보고 싶다면 페어데이 카카오 닙스를 선택하세요!", "img3": "https://img-cf.kurly.com/shop/data/goodsview/20191128/gv10000070237_1.jpg", "option_name_list": ["[Fairday] 카카오 닙스 1봉", "[Fairday] 카카오 닙스 1박스"], "option_price_list": ["1,200원", "36,000원"]}