{"img1": "https://img-cf.kurly.com/shop/data/goods/1585704958503y0.jpg", "name": "수로미 감귤 800g", "summary": "새콤한맛과 달콤한 맛의 절묘한 밸런스", "price": "9,900원", "discount_rate": 0, "unit": "1팩 ", "amount": "800g", "package": "냉장/종이포장", "made_in": "국산", "img2": "https://img-cf.kurly.com/shop/data/goodsview/20200401/gv40000088333_1.jpg", "description": "이름처럼 빼어난 맛을 자랑하는 감귤을 소개할게요. 당도와 산미가 모두 높아, 밀감류 특유의 매력을 한껏 자아내는 수로미 감귤입니다. 따스한 기운이 느껴지는 계절, 귤을 맛보기 어려워져 아쉬웠던 분들이라면 특히나 반가우실 텐데요. 둥그렇고 매끈한 외관에, 천혜향처럼 농도 짙은 단맛을 품고 있답니다. 껍질을 벗기가 수월해 아이들과 함께 즐기기에도 좋고요. 하나씩 그대로 까 드시거나, 새콤달콤한 주스로 활용해 보세요. 입 안에서 풍성하게 터지는 과즙이 산뜻한 기분까지 선사할 거예요.", "img3": "https://img-cf.kurly.com/shop/data/goodsview/20200401/gv00000088336_1.jpg", "option_name_list": [], "option_price_list": []},
{"img1": "https://img-cf.kurly.com/shop/data/goods/1558068064791y0.jpg", "name": "유기농 비파 250g", "summary": "맛과 영양이 풍부한 주황빛 보석", "price": "19,000원", "discount_rate": 0, "unit": "1팩", "amount": "250g내외", "package": "냉장/종이포장", "made_in": "국산", "img2": "https://img-cf.kurly.com/shop/data/goodsview/20190517/gv40000050433_1.jpg", "description": "이름만 들어서야 도무지 생김새가 예측되지 않고, 한 입 베어 물면 말랑하면서 새콤한 맛이 납니다. 살구의 사촌쯤 되는 것 같은 외모를 지닌 이 과일의 정체는 바로 비파입니다. 동글동글하며 말간 주홍빛을 띠는 생김새가 아주 탐스럽지요.  중국 남부 지역이 원산지인 비파는 예부터 맛과 영양 성분이 풍부한 열대 과일로 알려져 있어요. 열대 과일의 특성상 주로 기후가 따뜻한 남쪽 지방에서 재배하는데, 최근 완도산 비파가 인기를 끌고 있지요. 컬리는 지금부터 제철인 비파를 7월 초부터 맛볼 수 있도록 완도에서 유기농으로 재배한 비파를 준비했어요. 1~2인 가구도 부담 없이 먹기 좋게 소분 포장했지요. 여느 과일과 마찬가지로 흐르는 물에 비파를 씻어 껍질을 벗겨 즐겨보세요. 비파가 지닌 색다른 맛과 향에 반하게 될 거예요.", "img3": "https://img-cf.kurly.com/shop/data/goodsview/20200401/gv30000088491_1.jpg", "option_name_list": [], "option_price_list": []},
{"img1": "https://img-cf.kurly.com/shop/data/goods/1585554474566y0.jpg", "name": "바나듐 참외 1.8kg", "summary": "달콤한 항당뇨 참외(1.8kg/박스)", "price": "23,900원", "discount_rate": 0, "unit": "1박스", "amount": "1.8kg", "package": "냉장/종이포장", "made_in": "", "img2": "https://img-cf.kurly.com/shop/data/goodsview/20200330/gv10000088007_1.jpg", "description": null, "img3": "https://img-cf.kurly.com/shop/data/goodsview/20200330/gv20000088018_1.jpg", "option_name_list": [], "option_price_list": []},
{"img1": "https://img-cf.kurly.com/shop/data/goods/1585544437701y0.jpg", "name": "GAP 천홍 미니사과 6입", "summary": "앙증맞은 국산 미니사과", "price": "7,950원", "discount_rate": 0, "unit": "1팩", "amount": "6입", "package": "냉장/종이포장", "made_in": "국산", "img2": "https://img-cf.kurly.com/shop/data/goodsview/20200330/gv30000087811_1.jpg", "description": "천홍은 알프스오토메처럼 작고 귀여운 신품종 사과예요. 경북 영주에서 2대째 사과 농사를 짓는 한 청년 농부가 연구를 거듭한 끝에 아삭하면서도 당도가 높은 천홍 사과를 탄생시켰답니다. 일반 사과의 1/2 정도인 아담한 크기로 어린 아이 손에 하나를 다 쥐어줘도 부담이 없어요. GAP 인증으로 더욱 안심인 천홍 사과, 만나보시면 앙증맞은 모양새에 한 번, 달콤함에 한 번 더 감탄하실 거예요.", "img3": "https://img-cf.kurly.com/shop/data/goodsview/20200330/gv10000087917_1.jpg", "option_name_list": [], "option_price_list": []},
{"img1": "https://img-cf.kurly.com/shop/data/goods/1585040500250y0.jpg", "name": "GAP 실속 사과 1.5kg (5~8입)", "summary": "합리적으로 즐기는 새콤달콤 실속사과", "price": "6,980원", "discount_rate": 0, "unit": "1봉", "amount": "1.5kg", "package": "냉장/종이포장", "made_in": "국산", "img2": "https://img-cf.kurly.com/shop/data/goodsview/20200324/gv00000086945_1.jpg", "description": "매일 먹어도 반가운 사과, 부담 없이 즐기고 싶다면 실속 사과를 만나보세요. 집에 넉넉하게 두고 드시기에 좋은 양에, 빠지지 않는 당도와 식감을 갖춘 사과입니다. 가끔 약간의 흠이 있는 사과를 발견하실 수 있는데요. 수확이나 운반 중에 생긴 자연스러운 상처이니, 살짝 깎아 드셔보세요. 사과 특유의 상큼함과 아삭함은 그대로 머금고 있으니 걱정하실 필요가 없답니다. 식후 디저트나 간식으로 하나씩, 또는 아삭한 샌드위치 재료, 샐러드 토핑으로도 추천할게요.", "img3": "https://img-cf.kurly.com/shop/data/goodsview/20200324/gv40000086976_1.jpg", "option_name_list": [], "option_price_list": []},
{"img1": "https://img-cf.kurly.com/shop/data/goods/1584670823148y0.jpg", "name": "저탄소 GAP 천혜향&한라봉 모둠", "summary": "한번에 즐기는 향기로운 만감류", "price": "16,500원", "discount_rate": 0, "unit": "1박스", "amount": "한라봉3 / 천혜향3", "package": "냉장/종이포장", "made_in": "국산", "img2": "https://img-cf.kurly.com/shop/data/goodsview/20200320/gv00000086358_1.jpg", "description": "모양도 맛도 다채로운 만감류 과일들. 선택의 폭이 넓어진 만큼 한 가지만 골라 맛보기는 아쉬울 때가 있어요. 컬리는 다양한 만감류 중에서도 향이 진하고 과육이 부드러운 천혜향과 알갱이가 크고 과즙이 풍부한 한라봉을 고루 맛볼 수 있는 제품을  준비했어요. 저탄소 인증과 GAP 인증을 받아 더욱 안심할 수 있고, 각각 3개씩 담아 부담 없이 즐길 수 있죠. 두 가지 과일의 탱탱한 과육 속 새콤달콤한 과즙을 경험해 보세요.", "img3": "https://img-cf.kurly.com/shop/data/goodsview/20200320/gv00000086364_1.jpg", "option_name_list": [], "option_price_list": []},
{"img1": "https://img-cf.kurly.com/shop/data/goods/15845084355y0.jpg", "name": "바나듐 참외 3입", "summary": "바나듐을 먹고자란 달콤한 성주참외(3입/팩)", "price": "10,710원", "discount_rate": "10%", "unit": "1팩", "amount": "3입", "package": "냉장/종이포장", "made_in": "국산", "img2": "https://img-cf.kurly.com/shop/data/goodsview/20200318/gv40000086045_1.jpg", "description": null, "img3": "https://img-cf.kurly.com/shop/data/goodsview/20200318/gv30000086103_1.jpg", "option_name_list": [], "option_price_list": []},
{"img1": "https://img-cf.kurly.com/shop/data/goods/1584322711165y0.jpg", "name": "GAP 산딸기 250g", "summary": "보석처럼 영근 새콤달콤함", "price": "13,900원", "discount_rate": 0, "unit": "1팩", "amount": "250g", "package": "냉장/종이포장", "made_in": "국산", "img2": "https://img-cf.kurly.com/shop/data/goodsview/20200316/gv20000085583_1.jpg", "description": "알알이 붉은 빛이 탐스런 산딸기는 쉽게 맛볼 수 있는 과일이 아니에요. 제철에만 살짝 모습을 비출 뿐더러, 과육이 연해 생과로 만나볼 기회가 흔치 않은데요. 컬리를 통해서라면 당일 수확한 산딸기를 신선하게 즐길 수 있답니다.  청정한 고지대에서 수확한 산딸기는 먹음직스러운 크기에, 단단하고 탱글한 외관을 갖추고 있어요. 한 입에 쏙 넣어보면, 톡톡 씹히는 과육 사이로 특유의 새콤달콤함이 은은하게 배어나오죠. GAP 인증 기준에 맞춰 길러 더욱 안심이니, 가볍게 씻어내 이 계절의 새콤함을 누려보세요.", "img3": "https://img-cf.kurly.com/shop/data/goodsview/20200316/gv20000085588_1.jpg", "option_name_list": [], "option_price_list": []},
{"img1": "https://img-cf.kurly.com/shop/data/goods/1584337280371y0.jpg", "name": "GAP 대추방울토마토 1kg", "summary": "한입에 톡 터지는 상큼함", "price": "8,280원", "discount_rate": "10%", "unit": "1팩", "amount": "1kg", "package": "냉장/종이포장", "made_in": "국산", "img2": "https://img-cf.kurly.com/shop/data/goodsview/20200316/gv30000085656_1.jpg", "description": "윤기 나는 붉은색의 대추 방울토마토는 칼로리가 낮고 영양소가 풍부해 배부르게 먹기 좋아요. 대추 방울토마토를 넉넉한 양으로 즐기고 싶다면 GAP 대추 방울토마토를 주목해 주세요. GAP 인증을 받은 농장에서 위생적으로 생산해 더욱 안심하고 먹을 수 있어요. 과육이 단단해 아삭하게 씹는 식감도 일품이랍니다. 파스타나 수프에 넣어 요리하면 또 다른 풍미가 느껴지니 다양하게 활용해 보세요. ", "img3": "https://img-cf.kurly.com/shop/data/goodsview/20200316/gv30000085664_1.jpg", "option_name_list": [], "option_price_list": []},
{"img1": "https://img-cf.kurly.com/shop/data/goods/1463365385775y0.jpg", "name": "친환경 블루베리 4종", "summary": "슈퍼푸드의 대명사 친환경 블루베리(1팩 100g / 500g)", "price": "8,900원", "discount_rate": 0, "unit": "1팩", "amount": "100g / 500g", "package": "냉장/종이포장", "made_in": "", "img2": "https://img-cf.kurly.com/shop/data/goodsview/20180511/gv10000023234_1.jpg", "description": "빛을 받은 부분이 반질반질하게 빛나는 짙은 청색의 블루베리. 독특한 색깔과 새콤하면서도 부드럽고 달콤한 맛, 그리고 슈퍼푸드에 단 한 번도 빠지지 않고 선정되었다는 타이틀은 작은 블루베리를 다시 보게 만들어요. 크기는 작지만 안토시아닌과 비타민E, 프테로스틸벤이 가득한 블루베리를 국내산 생과로 즐겨보세요. 입 안에 넣고 톡 깨물면 부드럽게 터져 나오는 과즙은 오직 생과로만 느낄 수 있는 특별함이죠. 컬리는 알갱이가 튼실한 '특' 제품을 100g과 500g으로, 상대적으로 크기는 작지만 품질은 뒤처지지 않는 '상' 제품 또한 100g과 500g으로 준비했습니다. 원하는 크기, 원하는 용량의 블루베리를 컬리를 통해 골라 드세요.", "img3": "https://img-cf.kurly.com/shop/data/goodsview/20190418/gv30000047792_1.jpg", "option_name_list": ["친환경 블루베리 특100g", " 친환경 블루베리 특500g", " 친환경 블루베리 상100g", " 친환경 블루베리 상500g"], "option_price_list": ["8,900원", "45,000원", "8,000원", "42,000원"]},
{"img1": "https://img-cf.kurly.com/shop/data/goods/158373382899y0.jpg", "name": "수라향 1kg", "summary": "달콤함 가득한 만감류의 신흥 강자", "price": "17,800원", "discount_rate": 0, "unit": "1팩", "amount": "1kg (6-9입)", "package": "냉장/종이포장", "made_in": "국산", "img2": "https://img-cf.kurly.com/shop/data/goodsview/20200309/gv30000084720_1.jpg", "description": "울퉁불퉁한 껍질 속, 풍부한 과즙과 진한 달콤함을 품은 수라향을 만나보세요. 만감류의 장점들만을 쏙쏙 담아 탄생한 신품종의 과일인데요. 청정한 제주의 따뜻한 햇살을 가득 받고 자라나, 한층 깊은 단맛과 아삭한 식감을 자랑한답니다. 만감류 특유의 새콤함 대신 달달함이 주를 이루기에, 익숙한 모습에서 색다른 풍미를 즐길 수 있죠. 부담없이 즐길 수 있는 1팩으로 준비했으니, 충만한 달콤함을 누려보세요. 상큼함까지 담은 식후 디저트로 손색이 없을 거예요.", "img3": "https://img-cf.kurly.com/shop/data/goodsview/20200402/gv10000088614_1.jpg", "option_name_list": [], "option_price_list": []},
{"img1": "https://img-cf.kurly.com/shop/data/goods/1583734988854y0.jpg", "name": "저탄소 gap 스테비 실속 사과 4입", "summary": "달콤함을 끌어올린 신개념 농법 사과", "price": "6,950원", "discount_rate": 0, "unit": "1봉", "amount": "4입(1kg 내외)", "package": "냉장/종이포장", "made_in": "국산", "img2": "https://img-cf.kurly.com/shop/data/goodsview/20200309/gv00000084725_1.jpg", "description": "스테비 농법은 설탕을 대체하는 감미료, 스테비아를 활용한 친환경 농법이에요. 토양 내 유효 미생물의 활성을 돕고 땅의 힘을 길러주어, 식물이 뿌리를 잘 뻗도록 도와주는 신개념 농법이지요. 스테비 농법으로 기른 사과의 장점은 바로 '맛'에 있는데요. 당도, 식감이 향상되어 본연의 달콤함과 아삭함이 더욱 돋보이고요. 병충해나 냉해에도 강하기 때문에, 알이 튼실하고 과육이 단단하답니다. 수확량도 증대되어 생산자에게도 기쁨을 안겨주는 참 고마운 농법이지요. 소가구도 깔끔하게 먹기 좋은 용량으로 담았으니, 맛과 품질을 보장하는 스테비 사과를 부담 없이 아삭하게 즐겨보세요.", "img3": "https://img-cf.kurly.com/shop/data/goodsview/20200309/gv30000084733_1.jpg", "option_name_list": [], "option_price_list": []},
{"img1": "https://img-cf.kurly.com/shop/data/goods/1583473673183y0.jpg", "name": "GAP 유레카 블루베리 100g", "summary": "큼지막한 사이즈를 자랑하는 블루베리(100g/팩)", "price": "8,000원", "discount_rate": "20%", "unit": "팩", "amount": "100g", "package": "냉장/종이포장", "made_in": "국산", "img2": "https://img-cf.kurly.com/shop/data/goodsview/20200306/gv10000084488_1.jpg", "description": "'블루베리'하면, 앙증맞은 크기의 보랏빛 열매가 떠오르실 텐데요. 지금 선보이는 유레카 블루베리는 일반 블루베리와는 확연히 비교되는 남다른 사이즈를 자랑합니다. 일반 블루베리보다 2배 정도 큰 사이즈라 검붉은 포도알이 연상되기도 하죠. 유레카 블루베리는 호주에서 육성한 신품종으로, 단단하고 아삭거리는 식감과 달콤한 과즙이 단연 돋보이는데요. 컬리는 경상남도 김해에서 깨끗하고 안전하게 수확한 블루베리를 준비했어요. GAP 인증을 받았기에 더욱 안심하고 즐길 수 있답니다. '유레카'란 이름에 걸맞게 감탄사가 절로 나오는 싱그러운 과육의 맛을 경험하세요.", "img3": "https://img-cf.kurly.com/shop/data/goodsview/20200306/gv00000084495_1.jpg", "option_name_list": [], "option_price_list": []},
{"img1": "https://img-cf.kurly.com/shop/data/goods/1583484452255y0.jpg", "name": "유기농 육보딸기", "summary": "크리미한 닷맛이 돋보이는 딸기(500g/팩)", "price": "15,000원", "discount_rate": 0, "unit": "팩", "amount": "500g", "package": "냉장/종이포장", "made_in": "국산", "img2": "https://img-cf.kurly.com/shop/data/goodsview/20200306/gv10000084578_1.jpg", "description": "농부가 아니라면 육안으로 딸기 품종을 구분하기는 쉽지 않은데요. 육보(레드펄)는 표면에 골이 있어 누구나 알아볼 수 있어요. 육보의 또 다른 특징은 단단한 과육인데요. 아삭하다는 말이 어울릴 만큼 경쾌한 식감이 도드라지죠. 죽향이나 금실만큼 달지는 않지만 크림처럼 부드럽게 번지는 단맛과 신맛의 조화가 매력적이랍니다. 시즌을 맞아 잘 익은 육보를 유기농 스펙으로 준비했어요. 흐르는 물에 살살 씻어 맛있게 즐겨보세요. ", "img3": "https://img-cf.kurly.com/shop/data/goodsview/20200306/gv40000084583_1.jpg", "option_name_list": [], "option_price_list": []},
{"img1": "https://img-cf.kurly.com/shop/data/goods/1583213637858y0.jpg", "name": "실속 성주 참외 1.5kg", "summary": "달콤한 성주 참외(4~7입/봉)", "price": "12,720원", "discount_rate": "20%", "unit": "봉", "amount": "4~7입/1.5kg", "package": "냉장/종이포장", "made_in": "", "img2": "https://img-cf.kurly.com/shop/data/goodsview/20200303/gv10000083738_1.jpg", "description": "참외 유명 특산지인 성주에서 수확한 당도 높은 참외를 온가족이 함께 즐길 수 있도록 넉넉히 담아 준비했습니다. 신선하고 품질 좋은 참외만 엄선한 덕분에 아삭한 식감의 과육과, 달콤함이 가득 퍼지는 과즙이 일품이지요. 시원한 냉장고 또는 찬물에 잠시 두었다가 꺼내 먹으면, 참외의 달큰한 향이 더욱 선명하게 느껴져요. 성주 참외가 선사하는 싱그러운 맛과 생기를 경험하고 싶다면, 더욱 푸짐하게 즐길 수 있는 실속형 제품을 선택해 보세요. ", "img3": "https://img-cf.kurly.com/shop/data/goodsview/20200303/gv10000083740_1.jpg", "option_name_list": [], "option_price_list": []},
{"img1": "https://img-cf.kurly.com/shop/data/goods/1582705453179y0.jpg", "name": "분향 쫀득이 토마토 600g", "summary": "쫀득! 짭잘한 고당도 토마토(600g/팩)", "price": "12,900원", "discount_rate": 0, "unit": "1팩", "amount": "600g", "package": "냉장/종이포장", "made_in": "", "img2": "https://img-cf.kurly.com/shop/data/goodsview/20200226/gv30000082943_1.jpg", "description": "전라남도 장성군 남면의 분향리에서 깨끗하고 건강하게 재배한 맛 좋은 토마토를 컬리가 선보입니다. 알이 굵은 분향 토마토는 단단하고 쫀득한 식감을 지녔어요. 과육에서는 짭짤함과 달콤함이 가득 느껴지지요. 소가구도 부담 없이 즐길 수 있는 용량으로 준비했으니, 분향 토마토로 맛있는 샐러드와 토마토 주스를 만들어 보세요. 입 안에서 풍부하게 감도는 토마토의 달달함에 금방 매료될 거예요. ", "img3": "https://img-cf.kurly.com/shop/data/goodsview/20200226/gv00000082955_1.jpg", "option_name_list": [], "option_price_list": []}