{"img1": "https://img-cf.kurly.com/shop/data/goods/1572230315755y0.jpg", "name": "잭프룻 500g (냉동)", "summary": "간편하게 즐기는 달~콤한 열대과일", "price": "6,210원", "discount_rate": "10%", "unit": "1봉", "amount": "500g", "package": "냉동/종이포장", "made_in": "베트남산", "img2": "https://img-cf.kurly.com/shop/data/goodsview/20191028/gv00000066017_1.jpg", "description": "잭프룻은 겉모습은 두리안과도 비슷하지만 두리안 특유의 지독한 향은 전혀 없고 맛은 달콤한 열대 과일이랍니다. 껍질이 워낙 두껍고 단단한 데다가 과육은 미끄러워 직접 손질하기가 쉽지 않아요. 컬리는 가정에서도 간편하게 잭프룻을 맛볼 수 있도록 미리 먹기 좋게 잘라 냉동한 제품을 준비했습니다. 생으로 먹을 때나 샐러드를 만들 때는 적당량만 꺼내 충분히 해동해서 사용하고, 스무디를 만들 때는 냉동 상태 그대로 사용해도 좋아요. ", "img3": "https://img-cf.kurly.com/shop/data/goodsview/20191028/gv10000066020_1.jpg", "option_name_list": [], "option_price_list": []},
{"img1": "https://img-cf.kurly.com/shop/data/goods/1572230168950y0.jpg", "name": "사워솝 500g (냉동)", "summary": "파인애플과 비슷한 새콤한 열대과일", "price": "6,210원", "discount_rate": "10%", "unit": "1봉", "amount": "500g", "package": "냉동/종이포장", "made_in": "베트남산", "img2": "https://img-cf.kurly.com/shop/data/goodsview/20191028/gv40000066013_1.jpg", "description": "사워솝은 우리나라에서는 '그라비올라'라는 이름으로 잘 알려져 있는 열대 과일이에요. 새콤함이 도드라지는 파인애플과 비슷한 맛과 식감을 가지고 있지요. 표면에 가시가 뾰족뾰족 나 있고 씨가 상당히 큼직한 편이라 직접 손질하기가 쉽지 않답니다. 컬리는 가정에서 간편하게 사워솝을 즐길 수 있도록 미리 먹기 좋게 잘라 냉동한 제품을 준비했습니다. 생으로 먹을 때나 샐러드를 만들 때는 적당량만 꺼내 충분히 해동해서 사용하고, 스무디를 만들 때는 냉동 상태 그대로 사용해도 좋아요. ", "img3": "https://img-cf.kurly.com/shop/data/goodsview/20191028/gv40000066016_1.jpg", "option_name_list": [], "option_price_list": []},
{"img1": "https://img-cf.kurly.com/shop/data/goods/1571903435334y0.jpg", "name": "[유가원] 베리베리 믹스 140g", "summary": "유기농으로 즐기는 베리베리 파티!(1통/140g)", "price": "8,800원", "discount_rate": 0, "unit": "1통", "amount": "140g", "package": "상온/종이포장", "made_in": "제품별도표기", "img2": "https://img-cf.kurly.com/shop/data/goodsview/20191024/gv30000065819_1.jpg", "description": "비타민과 식이섬유 등 영양소가 풍부하기로 잘 알려진 베리류의 과일은 주로 잘 건조하여 건과일로 즐겨 먹곤 하죠. 컬리는 유기농으로 재배한 다섯 가지 베리류 과일을 정성껏 건조하여 활용이 간편한 유가원의 '베리베리 믹스'를 준비했어요. 살충제나 화학비료를 사용하지 않고 재배한 유기농 베리만을 골라 온 가족이 섭취하기에도 안심이랍니다. 각각의 베리의 영양분이 풍부하고, 맛이 뛰어난 과일이라 말렸을 때에도 상큼한 맛과 향을 고이 간직하고 있어요. 한 스푼씩 시리얼, 요거트, 샐러드 등에 곁들여 식감과 맛, 영양을 한 번에 잡아보세요.", "img3": "https://img-cf.kurly.com/shop/data/goodsview/20191024/gv20000065838_1.jpg", "option_name_list": [], "option_price_list": []},
{"img1": "https://img-cf.kurly.com/shop/data/goods/1568771193791y0.jpg", "name": "국산 유기농 블루베리 500g (냉동)", "summary": "냉동실에서 간편하게 꺼내먹는 '국산' 유기농 냉동 블루베리(1봉/500g)", "price": "14,500원", "discount_rate": 0, "unit": "1봉", "amount": "500g", "package": "냉동/종이포장", "made_in": "국산", "img2": "https://img-cf.kurly.com/shop/data/goodsview/20190918/gv40000062121_1.jpg", "description": "새콤한 맛이 좋은 블루베리는 생으로 먹어도 좋고, 잼이나 주스, 음식에 맛을 더해주는 토핑으로 활용도가 높아요. 그런데 생 블루베리는 생각보다 보관이 까다롭고 표면이 연약해 쉽게 물러지곤 해요. 이럴 때 유용한 것이 바로 맛과 형태를 고스란히 간직한 냉동 블루베리랍니다. 컬리는 유기농으로 재배한 블루베리를 수확한 뒤 급랭한 제품을 준비했어요. 크키가 크고 동글동글하며 블루베리가 지니고 있는 새콤달콤한 맛과 영양 성분을 그대로 섭취할 수 있답니다. 냉동실 한 켠에 넣어두고 필요할 때마다 꺼내 사용해보세요. 가볍게 세척한 뒤 플레인 요거트 또는 우유와 함께 갈아 스무디로 즐기거나, 팬에 넣고 조려 콩포트로 즐겨보세요.", "img3": "https://img-cf.kurly.com/shop/data/goodsview/20190918/gv20000062124_1.jpg", "option_name_list": [], "option_price_list": []},
{"img1": "https://img-cf.kurly.com/shop/data/goods/1564724711135y0.jpg", "name": "[아르도] 냉동과일 퓨레1kg 2종", "summary": "얼음처럼 작게 커팅되어 간편하게 즐기는 과일 퓨레", "price": "16,500원", "discount_rate": 0, "unit": "1봉", "amount": "1kg", "package": "냉동/종이포장", "made_in": "", "img2": "https://img-cf.kurly.com/shop/data/goodsview/20190802/gv00000058448_1.jpg", "description": "스무디, 토핑 등 쓰임새가 좋은 과일 퓨레를 냉동으로 구입해 즐기는 분들이 점차 늘어나고 있죠. 하지만 덩어리 째로 냉동된 과일 퓨레를 일일이 소분해 섭취하기에는 많은 번거로움이 따릅니다. 지금 소개하는 아르도의 냉동 과일 퓨레는 얼음처럼 작게 커팅된 형태로, 먹을 만큼 꺼내 즐기기 편한 제품이에요. 세계 8개국에 지사를 운영하는, 유럽에서 가장 활발한 채소, 과일 가공 회사 중 하나인데요. 남녀노소 인기 만점 과일, 딸기와 망고를 엄선하여 생과일 그대로 으깬 뒤 급랭했어요. 식품첨가물 하나 없이 과일 본연의 영양과 맛만을 고스란히 담았으니 주스나 스무디로, 또 디저트 토핑으로 다채롭게 즐겨보세요. ", "img3": "https://img-cf.kurly.com/shop/data/goodsview/20190802/gv40000058454_1.jpg", "option_name_list": ["[아르도] 냉동과일 망고퓨레 1kg", "[아르도] 냉동과일 딸기퓨레 1kg"], "option_price_list": ["16,500원", "16,500원"]},
{"img1": "https://img-cf.kurly.com/shop/data/goods/1565058350559y0.jpg", "name": "[델루츠]  소포장 냉동과일 3종", "summary": "간편하게 필요한 만큼 즐기는 소포장 냉동과일(3종)", "price": "1,980원", "discount_rate": 0, "unit": "1봉", "amount": "옵션별 상이", "package": "냉동/종이포장", "made_in": "제품 별도표기", "img2": "https://img-cf.kurly.com/shop/data/goodsview/20190806/gv30000058598_1.jpg", "description": "아무리 좋은 과일이라 해도 오래 두거나 잘못 보관하게 되면 품질이 떨어지죠. 컬리는 '항상 맛있게 과일을 먹을 수 없을까?' 고민하시는 분들을 위한 상품을 준비했습니다. 소용량 포장으로 더욱 부담 없이 즐길 수 있는 냉동과일이에요. 깨끗하게 세척한 후 신선한 상태 그대로 냉동해 맛과 영양 그대로를 담고 있지요. 보관이 어렵기로 소문난 아보카도와 블루베리, 애플망고까지 세 가지 냉동과일 중 선택해보세요. 샐러드나 요거트의 토핑은 물론, 다양한 요리에 활용하실 수 있답니다.", "img3": "https://img-cf.kurly.com/shop/data/goodsview/20190821/gv00000059850_1.jpg", "option_name_list": ["[델루츠] 냉동 아보카도 100g", "[델루츠] 냉동 블루베리 150g", " [델루츠] 냉동 애플망고 150g"], "option_price_list": ["1,980원", "1,980원", "1,480원"]},
{"img1": "https://img-cf.kurly.com/shop/data/goods/1494493003908y0.jpg", "name": "[선물세트] 곶감 세트", "summary": "영암 대봉 12개 , 상주 반건시 16개 (박스) (냉동)", "price": "75,000원", "discount_rate": 0, "unit": "1박스", "amount": "영암 대봉 12개 , 상주 반건시 16개 (박스) (냉동)", "package": "기타", "made_in": "국산", "img2": "", "description": "", "img3": "", "option_name_list": [], "option_price_list": []},
{"img1": "https://img-cf.kurly.com/shop/data/goods/1555046159564y0.jpg", "name": "[인비바] 과일칩 4종", "summary": "바삭바삭! 건강하게 즐기는 과일의 맛", "price": "3,200원", "discount_rate": 0, "unit": "1팩", "amount": "20g / 30g / 35g", "package": "상온/종이포장", "made_in": "", "img2": "https://img-cf.kurly.com/shop/data/goodsview/20190412/gv20000047403_1.jpg", "description": "간식 하나를 고르더라도 칼로리 부담 없이 가볍고, 건강하게 먹을 수 있는 제품을 찾는 분들이 늘고 있어요. 과자처럼 바삭하고, 과일의 맛과 영양을 오롯이 담은 과일칩이 인기를 끌고 있는 이유지요. 인비바 과일칩 4종은 바나나와 파인애플, 사과, 고구마를 100℃ 이하의 저온 진공 상태에서 조리하는 후라잉 공법으로 만들어 맛과 영양소 손실을 최소화했어요. 과일 본연의 색도 온전하고, 바삭한 식감도 매력적이에요. 덕분에 아이와 어른 모두를 만족시키는 간식으로 활용할 수 있어요. 귀여운 과일 그림을 그려 넣은 지퍼 팩에 담아 휴대와 보관도 용이해요. 가방 속에 쏙 넣어 다니며 출출할 때 즐겨보세요.  ", "img3": "https://img-cf.kurly.com/shop/data/goodsview/20190412/gv20000047409_1.jpg", "option_name_list": ["[인비바] 바나나칩", "[인비바] 고구마칩", "[인비바] 사과칩", "[인비바] 파인애플칩"], "option_price_list": ["3,800원", "3,200원", "3,900원", "3,800원"]},
{"img1": "https://img-cf.kurly.com/shop/data/goods/1554183244222y0.jpg", "name": "패션후르츠 1kg (냉동)", "summary": "사시사철 톡 터지는 상큼함 (1팩/1kg)", "price": "4,900원", "discount_rate": 0, "unit": "1팩", "amount": "1kg", "package": "냉동/종이포장", "made_in": "베트남 산", "img2": "https://img-cf.kurly.com/shop/data/goodsview/20190402/gv10000046425_1.jpg", "description": "빨간 껍질만 보아서는 어떤 맛일지 상상하기 어려운 패션후르츠. 그 속에는 노랗고 상큼한 과육이 가득 들어차있죠. 스푼으로 과육과 씨앗까지 알뜰하게 긁어 입안에 넣으면 톡톡 터지는 식감이 참 즐거운데요. 컬리는 사시사철 이 맛을 즐기실 수 있도록 냉동 패션후르츠를 준비했습니다. 베트남 현지에서 재배부터 수확까지 엄격하게 관리된 패션후르츠만을 선별했어요. 딱 알맞게 익은 패션후르츠를 냉동하여 맛과 품질을 신선하게 유지했답니다. 냉동실에 보관하다가 하나씩 잘라서 드세요. 탄산수에 넣어 에이드를 만들어도 좋고, 요거트의 토핑으로 활용하기에도 간편합니다. ", "img3": "https://img-cf.kurly.com/shop/data/goodsview/20190628/gv10000054641_1.jpg", "option_name_list": [], "option_price_list": []},
{"img1": "https://img-cf.kurly.com/shop/data/goods/1564552916305y0.jpg", "name": "[선물세트] GAP 곶감 세트", "summary": "맛있는 청도 반건시 24개입", "price": "44,000원", "discount_rate": 0, "unit": "1박스/24입", "amount": "청도 반건시 24개입/1.2kg내외", "package": "냉장/종이포장", "made_in": "국산", "img2": "https://img-cf.kurly.com/shop/data/goodsview/20190731/gv00000015695_1.jpg", "description": "컬리는 감의 명산지인 경상북도 청도에서 수확한 GAP 곶감 세트를 준비했어요. 청도는 그냥 먹어도 막힘없이 술술 넘어가는 부드러운 반시로 유명한데요. 청도 반시를 황토방에서 숙성한 곶감은 겉이 쫄깃하고 속은 촉촉해, 한입 베어 물면 달콤한 속살이 금방이라도 흘러내릴 것 같아요. 황토방에서 숙성되는 동안 감에 있는 탄닌 성분의 떫은맛은 제거되고 당도는 더 높아졌지요. 청도 반시의 특성상 씨가 거의 없는 것 또한 특징입니다. 곶감 24개를 정갈하게 담아 보내드리니, 마음을 담은 선물로 활용해 보세요. ", "img3": "https://img-cf.kurly.com/shop/data/goodsview/20190819/gv00000059537_1.jpg", "option_name_list": [], "option_price_list": []},
{"img1": "https://img-cf.kurly.com/shop/data/goods/1492074318922y0.jpg", "name": "두리안 450g (냉동)", "summary": "열대의 진한 맛과 향을 그대로(1봉/450g)", "price": "14,300원", "discount_rate": 0, "unit": "1팩", "amount": "450g", "package": "냉동/종이포장", "made_in": "수입산", "img2": "https://img-cf.kurly.com/shop/data/goodsview/20170413/gv20000002103_1.jpg", "description": "고슴도치처럼 뾰족뾰족한 껍질을 가진 두리안은 겉에서만 보면 그 맛을 상상할 수 없는 과일이에요. 강한 향 때문에 호불호가 갈리는 과일이기도 하지만 지옥의 냄새와는 정반대로 천상의 맛을 지녔다고 해서 열대 과일의 왕으로 불리기도 합니다. 컬리는 신선한 베트남산 두리안의 껍질은 제거하고 과육을 그대로 얼린 냉동 두리안을 준비했어요. 냉동이라 생과보다 향이 강하지 않아 두리안에 처음 입문하시는 분들께도 추천해 드려요. 부드러운 식감과 크리미한 달콤함의 깊이에 흠뻑 빠져보세요. ", "img3": "https://img-cf.kurly.com/shop/data/goodsview/20191126/gv10000069811_1.jpg", "option_name_list": [], "option_price_list": []},
{"img1": "https://img-cf.kurly.com/shop/data/goods/1493707899146y0.jpg", "name": "산천농원 무농약 곶감 8입 (냉동)", "summary": "황토방 숙성으로 더욱 달콤하고 건강한 무농약 곶감", "price": "8,800원", "discount_rate": 0, "unit": "1팩", "amount": "8입", "package": "냉동/종이포장", "made_in": "국산", "img2": "https://img-cf.kurly.com/shop/data/goodsview/20170502/gv30000002740_1.jpg", "description": "우는 아이 눈물도 뚝 그치게 할 만큼 맛있다는 곶감은 자연 그대로의 단맛을 지니고 있습니다. 감 특유의 떫은맛이 없고 쫀득쫀득하고 달콤해 많은 이들의 사랑을 받는 간식이죠. 인위적이지 않고 자연이 만들어 준 달콤함은 아이가 먹기도 좋고, 다양한 레시피에 활용하기도 좋은데요. 컬리는 꼼꼼하게 살펴보고, 30년 동안 감 농사를 지어온 산천농원의 곶감을 준비했습니다. 직접 키운 무농약 감을 황토방에서 숙성시켜 맛과 안전성 모두 자랑할 만한 곶감입니다.", "img3": "https://img-cf.kurly.com/shop/data/goodsview/20190117/gv30000002746_1.jpg", "option_name_list": [], "option_price_list": []},
{"img1": "https://img-cf.kurly.com/shop/data/goods/1520489584473y0.jpg", "name": "[유기샘] 아몬드 바삭대추 70g", "summary": "자꾸 손이 가는 달콤 고소한 영양 간식 (1팩/70g)", "price": "6,885원", "discount_rate": "10%", "unit": "1팩", "amount": "70g", "package": "상온/종이포장", "made_in": "대추:국내산 / 아몬드:미국산", "img2": "https://img-cf.kurly.com/shop/data/goodsview/20180308/gv00000019235_1.jpg", "description": "비타민 B군, 식이섬유, 사포닌이 함유된 대추와 비타민 E와 식물성 단백질이 함유된 아몬드는 영양이 풍부한 것은 물론, 맛도 좋아 건강을 지키고자 하는 분들이 간식으로 선호하는 식품이죠. 유기샘은 개성 있는 두 재료가 합쳐져 맛도 두 배, 영양도 두 배인 아몬드 바삭대추를 선보입니다. 바삭하게 건조한 대추 속에 아몬드가 쏘옥 들어가 있어요. 크게 달지 않아 아이 어른이 함께 즐기기 좋답니다. 달콤 고소하면서 즐거운 식감으로 한번 먹으면 자꾸만 손이 갈 거예요.", "img3": "https://img-cf.kurly.com/shop/data/goodsview/20191113/gv20000068157_1.jpg", "option_name_list": [], "option_price_list": []},
{"img1": "https://img-cf.kurly.com/shop/data/goods/1534152511999y0.jpg", "name": "[유가원] 유기농 건자두(푸룬) 170g", "summary": "", "price": "8,700원", "discount_rate": 0, "unit": "EA", "amount": "170g", "package": "냉장/종이포장", "made_in": "프랑스", "img2": "https://img-cf.kurly.com/shop/data/goodsview/20180813/gv40000029216_1.jpg", "description": null, "img3": "https://img-cf.kurly.com/shop/data/goodsview/20180813/gv00000029220_1.jpg", "option_name_list": [], "option_price_list": []},
{"img1": "https://img-cf.kurly.com/shop/data/goods/1539683801971y0.jpg", "name": "[WHOLLY GUACAMOLE] 클래식 과카몰리 스낵팩 57g", "summary": "푹! 찍고 쓱~ 발라 먹는 아보카도 소스 (1팩/57g)", "price": "2,250원", "discount_rate": 0, "unit": "1팩", "amount": "57g", "package": "냉동/종이포장", "made_in": "멕시코", "img2": "https://img-cf.kurly.com/shop/data/goodsview/20181016/gv30000033725_1.jpg", "description": "멕시칸 음식, 과카몰리를 맛깔스럽게 만들기 위해선 아보카도 후숙이 절대적으로 중요하죠. 하지만 과카몰리를 만들기도 전에 후숙에 실패해 울상짓는 경우가 종종 있는데요. 클래식 과카몰리 스낵팩은 이런 고민을 단박에 해결해 줍니다. 과카몰리 스낵팩은 완벽하게 후숙된 아보카도에 식초, 할라페뇨 페퍼, 건조양파, 마늘 등을 넣어 핸드메이드 과카몰리 맛을 재현한 제품이랍니다. 아보카도 고유의 버터같은 부드러움을 그대로 간직하고 있으며 적당히 짭조름하고 은은한 신맛, 알싸한 맛도 선사해주죠. 여기에 신선한 토마토와 양파를 잘게 다져 넣으면 더욱 완벽하게 즐길 수 있어요. 바삭바삭한 나초를 푹 찍어 먹거나 바게트, 크래커 등에 슥슥 발라 드셔 보세요.", "img3": "https://img-cf.kurly.com/shop/data/goodsview/20190403/gv20000046517_1.jpg", "option_name_list": [], "option_price_list": []},
{"img1": "https://img-cf.kurly.com/shop/data/goods/1538988794807y0.jpg", "name": "[쿨푸레쉬] 주스용 냉동 과일 믹스 7종", "summary": "손질할 필요 없이 바로 갈아먹는", "price": "5,500원", "discount_rate": 0, "unit": "1팩", "amount": "옵션별 상이", "package": "냉동/종이포장", "made_in": "상품별 별도표기", "img2": "https://img-cf.kurly.com/shop/data/goodsview/20181008/gv30000033140_1.jpg", "description": "아침에 일어났을 때 입안이 유달리 깔깔한 날이 있습니다. 점심을 많이 먹어 저녁은 가볍게 먹고 싶은 순간도 있고요. 이럴 때에는 과일 주스를 한 잔 갈아서 마시는 것이 가장 부담이 적죠. 그러나 주스 한 잔 마시자고 여러 과일을 사두기에는 비용도 아깝고, 냉장고에 딱히 넣어둘 자리도 마땅치가 않아요. 이럴 때 선택하면 좋은 제품이 바로 쿨프레쉬의 주스용 냉동 과일 믹스입니다. 국내에서는 산지 농가와의 직거래를 통해 품질 좋은 과채를 수급하고, 개별 급속 냉동법을 이용해 신선함도 그대로 담겨 있답니다. 컬리는 7가지의 냉동 과일 믹스를 선보입니다. 입맛에 맞는 제품을 선택해 물과 얼음을 더한 후 간편한 주스를 만들어보세요. 좀 더 든든하게 드시고 싶으시다면 우유, 두유, 아몬드유, 선식 등을 넣으셔도 좋아요. ", "img3": "https://img-cf.kurly.com/shop/data/goodsview/20190403/gv30000046606_1.jpg", "option_name_list": ["[쿨푸레쉬] 딸기+사과 200g", " [쿨푸레쉬] 사과+파인애플+망고 200g", "[쿨푸레쉬] 오렌지+사과+배 200g", "[쿨푸레쉬] 파인애플+오렌지+배 200g", "[쿨푸레쉬] 배+양배추 180g", "[쿨푸레쉬] 비트+사과+오렌지 180g", "[쿨푸레쉬] 파인애플+바나나+셀러리 180g"], "option_price_list": ["6,500원", "6,500원", "6,500원", "6,500원", "5,500원", "5,500원", "5,500원"]}