{"img1": "https://img-cf.kurly.com/shop/data/goods/1562217367588y0.jpg", "name": "[스미후루] 감숙왕 바나나 1입", "summary": "쫀득한 식감과 달콤한 맛 (1봉/1입)", "price": "1,283원", "discount_rate": "5%", "unit": "1봉", "amount": "1입", "package": "상온/종이포장", "made_in": "필리핀", "img2": "https://img-cf.kurly.com/shop/data/goodsview/20190704/gv20000054895_1.jpg", "description": "달 감(甘)자에, 익을 숙(熟)자를 사용한 감숙왕은 이름처럼 달고 잘 익은 바나나의 왕이라는 뜻을 지니고 있습니다. 필리핀 고산지대의 강한 바람과 햇살, 깨끗한 공기를 받고 자란 품종인 만큼, 껍질이 일반 바나나에 비해 유독 두꺼워요. 하지만 그 속에 숨겨진 뽀얗고 하얀 속살은 달콤하고 향기롭지요. 쫀득한 식감이 좋아 한 번 먹으면 자꾸 생각나는 바나나랍니다. 일반 바나나보다 비타민 함량이 1.5배나 높아 영양까지 풍부해요. 이번에 소개하는 감숙왕 바나나는 1개씩 포장해 평상시 가방에 넣어 다니면서 쏙쏙 꺼내 먹을 수 있어요. 출출한 아침 또는 점심 식사 후 든든한 간식으로 활용하기 좋아요. ", "img3": "https://img-cf.kurly.com/shop/data/goodsview/20190704/gv00000054899_1.jpg", "option_name_list": [], "option_price_list": []},
{"img1": "https://img-cf.kurly.com/shop/data/goods/156049366753y0.jpg", "name": "[Dole] 파파야 1개", "summary": "잘 익은 주홍빛 속살의 매력 (1개)", "price": "3,960원", "discount_rate": "10%", "unit": "1개", "amount": "450g 내외", "package": "냉장/종이포장", "made_in": "필리핀", "img2": "https://img-cf.kurly.com/shop/data/goodsview/20190614/gv30000053157_1.jpg", "description": "이국적인 풍취가 가득한 열대과일, 파파야를 소개할게요. 신대륙을 발견한 콜럼버스는 파파야를 처음 맛본 후 ‘천사의 열매’라 극찬했다고 하는데요. 부드럽고 달큰한 향과 크리미한 과육 덕에 아이부터 어른까지 모두가 부담없이 즐길 수 있는 과일이랍니다. 실온에 두고 껍질의 절반 이상이 노랗게 변했을 때 잘라 드셔보세요. 씨를 긁어낸 후, 숟가락으로 한 입 가득 떠 먹으면 파파야의 풍미를 오롯이 즐길 수 있답니다. 컬리를 통해 편리하게 파파야의 달콤함을 만나보세요. ", "img3": "https://img-cf.kurly.com/shop/data/goodsview/20190614/gv10000053164_1.jpg", "option_name_list": [], "option_price_list": []},
{"img1": "https://img-cf.kurly.com/shop/data/goods/1560493850388y0.jpg", "name": "[Dole] 그린 파파야 1개", "summary": "쏨땀을 위한 필수 식재료 (1개)", "price": "3,960원", "discount_rate": "10%", "unit": "1개", "amount": "450g 내외", "package": "냉장/종이포장", "made_in": "필리핀", "img2": "https://img-cf.kurly.com/shop/data/goodsview/20190614/gv30000053166_1.jpg", "description": "속이 주홍빛으로 익은 파파야는 달콤한 맛을 내는 과일이지요. 하지만 이번에 소개하는 그린 파파야는 '무맛'에 가까워 과일로 먹기는 힘이 들어요. 대신 아삭거리는 식감으로 동남아 등지에서 채소의 역할을 톡톡히 하고 있는 이색 과일이랍니다. 특히나 태국에서는 그린 파파야로 매일 먹는 밥 반찬, 쏨땀을 만들어 먹어요. 채 썬 그린 파파야에 매콤새콤한 소스와 견과류를 더해 입맛을 한층 돋우는 메뉴로 한국에서도 인기가 많지요. 이처럼 샐러드나 볶음 등 식감을 살릴 수 있는 다양한 요리의 재료로 사용해 보세요. 식탁에 이색적인 재미를 더할 수 있을 거예요.  ", "img3": "https://img-cf.kurly.com/shop/data/goodsview/20190614/gv00000053171_1.jpg", "option_name_list": [], "option_price_list": []},
{"img1": "https://img-cf.kurly.com/shop/data/goods/155685219942y0.jpg", "name": "미국산 만다린 귤 450g", "summary": "새콤달콤하게 즐기는 이색적인 미국산 만다린 귤", "price": "7,650원", "discount_rate": "10%", "unit": "1팩", "amount": "450g내외/6개입", "package": "냉장/종이포장", "made_in": "미국산", "img2": "https://img-cf.kurly.com/shop/data/goodsview/20190503/gv20000049336_1.jpg", "description": "만다린은 언뜻 보기에 귤과 참 닮았습니다. 귤과 오렌지의 가계도를 거슬러 올라가면 서로 친척뻘이라고 하니 그 모양이 비슷할 수밖에 없지요. 하지만 둘은 엄연히 다른 맛과 향을 지니고 있어요. 주로 미국 서부에서 재배되는 만다린은 그 향이 무척 뛰어나 향수의 원료로도 애용됩니다. 신맛과 단맛을 고루 지닌 것은 물론, 입에 넣고 씹었을 땐 시원한 향기가 가득 퍼져 나가죠. 컬리는 미국에서 재배한 만다린 귤을 주먹보다 약간 작은 크기로 엄선하여 6개입씩 담았어요. 슥슥 껍질을 벗길 때 퍼져 나오는 향기에 한 번, 새콤달콤한 맛에 두 번 감탄하게 되실 거예요. ", "img3": "https://img-cf.kurly.com/shop/data/goodsview/20190503/gv10000049339_1.jpg", "option_name_list": [], "option_price_list": []},
{"img1": "https://img-cf.kurly.com/shop/data/goods/1554964499246y0.jpg", "name": "유기농 블루베리 700g (냉동)", "summary": "유기농으로 즐기는 동글동글 새콤한 매력(1봉/700g)", "price": "11,900원", "discount_rate": 0, "unit": "1봉", "amount": "700g", "package": "냉동/종이포장", "made_in": "칠레산", "img2": "https://img-cf.kurly.com/shop/data/goodsview/20190411/gv00000047299_1.jpg", "description": "알알이 새콤함이 톡 터져 나오는 블루베리는 겉보기엔 꽤 단단한 질감을 자랑하지만 물에 오래 담가두거나 세척을 하고 난 뒤에는 쉽게 물러지는 연약한 과일이에요. 그래서 블루베리를 생과로 먹지 않고 요리나 주스 등에 활용하려고 보면 오히려 냉동 블루베리가 쓰임새가 높을 때가 있지요. 컬리의 냉동 블루베리는 유기농으로 재배한 블루베리를 급랭한 제품입니다. 식품첨가물 없이 유기농 블루베리만을 100% 담아 안전하게 드실 수 있어요. 수확한 유기농 블루베리를 세척한 뒤 급속 냉동시켰기에 블루베리가 머금은 영양소를 온전히 섭취하실 수 있을 거예요. 냉동 유기농 블루베리를 냉동실에 보관해 뒀다가 블루베리가 필요한 순간에 마음껏 꺼내 활용해보세요. ", "img3": "https://img-cf.kurly.com/shop/data/goodsview/20190411/gv00000047303_1.jpg", "option_name_list": [], "option_price_list": []},
{"img1": "https://img-cf.kurly.com/shop/data/goods/1554170072193y0.jpg", "name": "[Dole] 스위티오 파인애플 스틱 80g", "summary": "막대에 꽂아 간편하게 즐기는 파인애플(80g/봉)", "price": "1,650원", "discount_rate": 0, "unit": "1봉", "amount": "80g ", "package": "냉장/종이포장", "made_in": "파인애플: 필리핀산/ 제조국: 대한민국", "img2": "https://img-cf.kurly.com/shop/data/goodsview/20190402/gv30000046411_1.jpg", "description": "달콤하고 새콤한 과즙이 동시에 터져 나오는 맛을 지닌, 파인애플. 왠지 한 입 정도면 충분히 만족할 것 같은데, 그 맛을 보기 위해 파인애플을 손질하기란 여간 수고스러운 일이 아니에요. 파인애플의 단단한 겉껍질을 벗겨내고, 곧은 파인애플 심을 제거하는 일이 조금 까다롭기 때문인데요. 파인애플, 하면 떠오르는 글로벌 과일 브랜드 Dole이 선보이는 파인애플은 한 번 먹기 좋은 형태로 파인애플을 손질해 소포장한 제품이에요. 필리핀에서 재배한 파인애플을 꼼꼼하게 선별한 뒤 체계적이고 철저한 관리 시스템을 통해 위생적으로 손질하고 가공했지요. 파인애플을 바(Bar)로 즐길 수 있도록 대나무 재질의 스틱도 별도로 챙겨 보내 드리니, 파인애플을 보다 더욱 간편하게 즐겨보세요. ", "img3": "https://img-cf.kurly.com/shop/data/goodsview/20190402/gv00000046416_1.jpg", "option_name_list": [], "option_price_list": []},
{"img1": "https://img-cf.kurly.com/shop/data/goods/1554169764470y0.jpg", "name": "[Dole] 스위티오 파인애플 슬라이스 540g", "summary": "더 이상 손질할 필요가 없는 파인애플 슬라이스(540g/팩)", "price": "6,210원", "discount_rate": "10%", "unit": "1팩", "amount": "540g", "package": "냉장/종이포장", "made_in": "파인애플: 필리핀산/제조국: 대한민국", "img2": "https://img-cf.kurly.com/shop/data/goodsview/20190402/gv10000046403_1.jpg", "description": "대표적인 열대과일로 손꼽히는 파인애플은 겉껍질이 단단한 탓에 손질이 까다로운 과일 중 하나에 속해요. 때문에 파인애플을 주로 통조림으로 즐겨 찾으셨을 텐데요. 파인애플, 하면 떠오르는 글로벌 과일 브랜드 Dole이 선보이는 파인애플은 번거로운 손질 없이도 간편하게 즐길 수 있는 제품이에요. 필리핀에서 재배한 파인애플을 꼼꼼하게 선별한 뒤 체계적이고 철저한 관리 시스템을 통해 위생적으로 손질하고 가공했지요. 파인애플 과육과 과즙을 최대한 머금기 위해 파인애플을 통으로 썰어 용기에 담아 보내 드립니다. Dole의 파인애플을 달콤한 디저트로, 또는 요리에 활용해 다채롭게 즐겨보세요. ", "img3": "https://img-cf.kurly.com/shop/data/goodsview/20190402/gv00000046409_1.jpg", "option_name_list": [], "option_price_list": []},
{"img1": "https://img-cf.kurly.com/shop/data/goods/15534900659y0.jpg", "name": "칠레산 고당도 이니아 블랙포도", "summary": "입안에 가득 퍼지는 달달한 과즙과 향기(700g/팩)", "price": "7,182원", "discount_rate": "10%", "unit": "1팩", "amount": "700g", "package": "냉장/종이포장", "made_in": "칠레산", "img2": "https://img-cf.kurly.com/shop/data/goodsview/20190325/gv00000045811_1.jpg", "description": "까만 껍질에 둘러싸인 포도의 반전 매력을 소개할게요. 세계 최대의 포도 생산지, 칠레에서 재배한 씨없는 고당도 블랙포도랍니다. 낮에는 강력한 햇살로 포도를 영글게 하고, 밤에는 서늘한 바람이 불어와 식혀주는 이곳, 칠레에서 색이 진하고 당도가 풍부한 블랙포도가 생산됩니다. 포도에 씨가 없기에 뱉기도, 그대로 넘기기에도 찜찜한 일반 포도의 단점을 보완해주지요. 단단한 껍질 속엔 촉촉하고 달콤한 과육이 보란듯이 기다리고 있을 거예요. 차오를 때로 차오른 수분을 꽉 머금은 상태로요. 한 알씩 입으로 쏙쏙 넣어도 그만이지만, 포도주를 담그거나 잼을 만들 때 재료로 사용해보세요. 씨를 빼야 하는 노동에 직면하는 순간에 빛을 발하게 될 테니까요.  ", "img3": "https://img-cf.kurly.com/shop/data/goodsview/20190325/gv00000045815_1.jpg", "option_name_list": [], "option_price_list": []},
{"img1": "https://img-cf.kurly.com/shop/data/goods/1515743207746y0.jpg", "name": "[퓨어스펙] 블랙라벨 고당도 오렌지 4입", "summary": "안 먹어본 사람은 있어도 한 번만 먹어본 사람은 없는 특대 사이즈 오렌지 4입", "price": "7,920원", "discount_rate": "10%", "unit": "1봉", "amount": "4입/1.2kg 내외", "package": "냉장/종이포장", "made_in": "미국산", "img2": "https://img-cf.kurly.com/shop/data/goodsview/20180112/gv10000015669_1.jpg", "description": null, "img3": "https://img-cf.kurly.com/shop/data/goodsview/20200109/gv40000077329_1.jpg", "option_name_list": [], "option_price_list": []},
{"img1": "https://img-cf.kurly.com/shop/data/goods/1519972726186y0.jpg", "name": "[퓨어스펙] 블랙라벨 오렌지 8입 (1.5kg)", "summary": "당도와 산도가 섬세히 균형을 이룬 퓨어스펙 블랙라벨 오렌지 (1팩/1.5kg)", "price": "7,425원", "discount_rate": "25%", "unit": "1팩", "amount": "1.5kg내외(8입)", "package": "냉장/종이포장", "made_in": "미국산", "img2": "https://img-cf.kurly.com/shop/data/goodsview/20180302/gv10000018770_1.jpg", "description": "달기만한 오렌지는 그리 매력적이지 않아요. 오렌지의 풍미를 결정짓는 데에는 당도 만큼이나 싱그러운 산미도 중요하기 때문이죠. 컬리가 처음으로 소개하는 프리미엄 오렌지 브랜드 '퓨어스펙'은 광센서를 이용해 오렌지의 당도와 산도를 모두 측정해 내요. 기준을 통과한 오렌지들은 평균 당도 12 Brix 이상을 자랑하는 부드러운 단맛과 산뜻하게 전해지는 섬세한 산미가 적절히 균형을 이뤄낸답니다. 까다롭게 엄선된 퓨어스펙 오렌지는 과육이 부드럽고 속껍질이 질기지 않아 아이, 어르신 모두가 편하게 즐길 수 있어요. 블랙라벨 고당도 오렌지 8입은 미니오렌지보다는 크고 특대과보다는 조금 작은 크기로, 한 번에 먹기 딱 좋은 사이즈랍니다. 똑똑하게 선별된 프리미엄 오렌지, 퓨어스펙 고당도 오렌지로 달콤하고 상큼한 순간을 맞이하세요.", "img3": "https://img-cf.kurly.com/shop/data/goodsview/20200109/gv20000077328_1.jpg", "option_name_list": [], "option_price_list": []},
{"img1": "https://img-cf.kurly.com/shop/data/goods/1547010419293y0.jpg", "name": "[쥬청과] 바로먹는 간편 과일 (소) 150g", "summary": "하루에 과일 한 컵씩 (1팩/150g)", "price": "2,900원", "discount_rate": 0, "unit": "1팩", "amount": "150g", "package": "냉장/종이포장", "made_in": "과일별 상이", "img2": "https://img-cf.kurly.com/shop/data/goodsview/20190109/gv20000041056_1.jpg", "description": "채소든 과일이든 생으로 먹는 게 가장 좋다고 해요. 자연에서 온 식재료에 열을 가하면 신선함이 사라지고, 영양소도 손실되기 쉽기 때문이죠. 하지만 품질 좋은 과일을 구입하고, 일일이 칼로 깎는 일은 참 귀찮은데요. 컬리가 준비한 '바로먹는 간편 과일'을 주기적으로 만나 보세요. 맛있는 과일을 국내로 수입하는 브랜드, 쥬청과가 엄격하게 품질을 관리하여 담아낸 제품입니다. 국산 사과뿐만 아니라 동남아에서 날아온 파인애플, 용과를 맛볼 수 있고요. 키위, 오렌지, 포도도 소량씩 구성돼 다채로운 인상을 줘요. 냉장고에서 잠시 넣어 두었다가 꺼내어 먹거나, 도시락을 쌀 때 디저트로 함께 챙겨도 제격이에요.", "img3": "https://img-cf.kurly.com/shop/data/goodsview/20190109/gv10000041059_1.jpg", "option_name_list": [], "option_price_list": []},
{"img1": "https://img-cf.kurly.com/shop/data/goods/1542878333575y0.jpg", "name": "[Dole] 유기농 바나나 500g", "summary": "건강하게 즐기는 유기농 과일 (1팩/500g)", "price": "2,565원", "discount_rate": "5%", "unit": "1팩", "amount": "500g", "package": "상온/종이포장", "made_in": "페루산", "img2": "https://img-cf.kurly.com/shop/data/goodsview/20181122/gv40000036649_1.jpg", "description": "바나나 산지 = 필리핀이라는 공식을 깨뜨린 지역이 있어요. 바로 남미에 위치한 페루랍니다. 한반도의 6.5배에 달하는 넓은 면적을 지닌 페루에는 아직 개발을 하지 않은 신생 밭이 많다고 해요. 이는 풍부한 양분을 온전하게 머금은 토양이 많다는 의미죠. Dole의 유기농 바나나는 땅이 본래 가지고 있던 에너지에 유기질 퇴비와 미생물을 더하는 독자적인 친환경 방식으로 생산돼요. 3년 이상 농약과 화학비료를 사용하지 않고 재배한 농산물임을 증명하는 유기농산물 인증도 획득해 더욱 믿음직하죠. 꼼꼼한 선별을 통해 선택된 유기농 바나나는 한국 전용선박과 부두를 통해 들여와 신선함을 유지하고 있어요. Dole이 자랑하는 건강하고 달콤한 바나나를 만나보세요. ", "img3": "https://img-cf.kurly.com/shop/data/goodsview/20181122/gv10000036653_1.jpg", "option_name_list": [], "option_price_list": []},
{"img1": "https://img-cf.kurly.com/shop/data/goods/1542878127576y0.jpg", "name": "[Dole] 스위티오 바나나 1kg", "summary": "고랭지 재배로 더 달고 쫀득한 (1수/1kg내외)", "price": "3,610원", "discount_rate": "5%", "unit": "1수", "amount": "1kg 내외", "package": "상온/종이포장", "made_in": "필리핀", "img2": "https://img-cf.kurly.com/shop/data/goodsview/20181122/gv00000036644_1.jpg", "description": "'스위티오'는 Dole이 생산하는 바나나 중에서도 가장 품질이 뛰어나고 당도가 높은 것만을 선별해 붙여주는 이름이에요. 이 이름을 얻기 위해서는 바나나가 자라는 환경부터 달라야 합니다. 스위티오 바나나는 필리핀 해발 600m 이상의 고산지대에 위치한 농장에서 재배돼요. 저지대에 있는 농장에 비해 평균 기온이 낮기 때문에 과육에 수분이 적고 쫀득한 식감을 갖게 되지요. 일반 바나나보다 재배 기간이 5개월~8개월 이상 긴 것도 특징이에요. 광합성을 오래 하는 만큼 더 진한 달콤함을 머금고 있습니다. 꼼꼼한 선별을 통해 선택된 스위티오 바나나는 한국 전용선박과 부두를 통해 들여와 신선함을 유지하고 있어요. Dole이 자랑하는 맛있는 바나나를 만나보세요. ", "img3": "https://img-cf.kurly.com/shop/data/goodsview/20181206/gv00000037869_1.jpg", "option_name_list": [], "option_price_list": []},
{"img1": "https://img-cf.kurly.com/shop/data/goods/1542967123810y0.jpg", "name": "[Dole] 실속 바나나 1.1kg", "summary": "매일 즐기는 달콤한 포만감 (1수/1.1kg)", "price": "2,682원", "discount_rate": "10%", "unit": "1수", "amount": "1.1kg 내외", "package": "상온/종이포장", "made_in": "필리핀", "img2": "https://img-cf.kurly.com/shop/data/goodsview/20181123/gv10000036717_1.jpg", "description": "다양한 과일 중 가장 풍성하고 흐뭇한 맛을 선사하는 것은 역시 바나나가 아닐까 해요. 달콤한 내음과 부드럽게 씹히는 식감, 입안을 가득 채우는 과육의 만족감은 잘 익은 바나나만이 줄 수 있는 행복이죠. 허기를 달래는 간식으로도, 간편한 식사 대용으로도 좋은 Dole의 실속 바나나를 준비했어요. 매일 먹기에도 부담이 적은 합리적인 가격이지만 Dole만의 품질제일주의를 바탕으로 꼼꼼하게 선별된 제품이랍니다. 필리핀 해발 0~200m 저지대에 위치한 농장에서 재배한 뒤, 한국 전용선박과 부두를 통해 들여와 신선함을 유지하고 있는 실속 바나나를 만나보세요. ", "img3": "https://img-cf.kurly.com/shop/data/goodsview/20181123/gv10000036721_1.jpg", "option_name_list": [], "option_price_list": []},
{"img1": "https://img-cf.kurly.com/shop/data/goods/1540779701330y0.jpg", "name": "[스미후루] 감숙왕 & 풍미왕 바나나", "summary": "맛으로 승부하는 양대산맥", "price": "4,230원", "discount_rate": "10%", "unit": "1봉", "amount": "옵션별 상이", "package": "상온/종이포장", "made_in": "필리핀", "img2": "https://img-cf.kurly.com/shop/data/goodsview/20181029/gv30000034265_1.jpg", "description": "바나나의 '맛'을 논할 때 반드시 언급되는 두 양대산맥이 있어요. 감숙왕과 풍미왕입니다. 두 바나나 모두 통통한 과육과 입안 꽉 차는 달콤한 풍미로 사랑받고 있는데요. 둘 중 무엇을 고를까의 문제는 컬리도 매번 고민이지요. 쫀득한 식감에 당도가 녹진하게 녹아든 감숙왕이냐, 크리미한 식감에 달큼하며 상큼한 풍미가 다채롭게 응축된 풍미왕이냐. 선택은 온전히 여러분의 몫이에요. 그러나 두 바나나 중 무엇을 경험하든 여느 바나나와는 확실히 다른 진한 풍미를 맛보고 나면, 다른 바나나는 눈에 들어오지 않을지도 몰라요. 글로벌 바나나 전문가, 스미후루가 산지와 기후, 토양까지 깐깐하게 계산하여 길러낸 정말 '맛 좋은' 바나나이니까요. 슈가스팟이 껍질 전체적으로 나타날 때까지 기다렸다 먹으면, 더욱 달아진 맛과 풍성한 영양을 누릴 수 있다는 사실도 잊지마세요.", "img3": "https://img-cf.kurly.com/shop/data/goodsview/20181029/gv00000034271_1.jpg", "option_name_list": ["[스미후루] 풍미왕 바나나 1봉", "[스미후루] 감숙왕 바나나 1봉"], "option_price_list": ["5,900원", "4,700원"]},
{"img1": "https://img-cf.kurly.com/shop/data/goods/1529044016423y0.jpg", "name": "[스미후루] 순 유기농 바나나 750g", "summary": "자연이 준 순수한 달콤함 (1봉/750g)", "price": "3,705원", "discount_rate": "5%", "unit": "1봉", "amount": "750g (4-6입)", "package": "상온/종이포장", "made_in": "페루", "img2": "https://img-cf.kurly.com/shop/data/goodsview/20180615/gv30000025359_1.jpg", "description": null, "img3": "https://img-cf.kurly.com/shop/data/goodsview/20180615/gv00000025364_1.jpg", "option_name_list": [], "option_price_list": []}