{"img1": "https://img-cf.kurly.com/shop/data/goods/1585705663126y0.jpg", "name": "[라이스웰] 황동판에 구운 찹쌀누룽지", "summary": "바삭, 쫀득, 구수한 삼 박자", "price": "15,000원", "discount_rate": 0, "unit": "1통", "amount": "800g", "package": "상온/종이포장", "made_in": "", "img2": "https://img-cf.kurly.com/shop/data/goodsview/20200401/gv00000088341_1.jpg", "description": "누룽지는 오독오독 씹히는 재미와 구수한 맛이 매력적인 음식이지요. 이번에 소개할 라이스웰의 누룽지는 부드럽게 불린 국내산 찹쌀과 백미를 이용, 황동판에 얇고 노릇하게 구워 만들었어요. 찹쌀 함유량이 약 80%인 만큼, 백미만 사용한 누룽지에 비해 찹쌀 특유의 쫀득한 식감이 도드라진답니다. 과자 대신 바삭하게 간식으로 즐기거나, 간편한 식사 등 요리에도 다채롭게 활용해보세요. 플라스틱 용기에 담겨져 있어 보관도 수월하답니다.", "img3": "https://img-cf.kurly.com/shop/data/goodsview/20200401/gv40000088344_1.jpg", "option_name_list": [], "option_price_list": []},
{"img1": "https://img-cf.kurly.com/shop/data/goods/158381647051y0.jpg", "name": "씻어나온 한끼톡톡(고시히카리) 2종", "summary": "씻을 필요 없이 간편하게 드실 수 있는 쌀! 캠핑시 추천!", "price": "7,500원", "discount_rate": 0, "unit": "1봉", "amount": "1.5kg(150gx10입)/150g", "package": "냉장/종이포장", "made_in": "상품별 별도표기", "img2": "https://img-cf.kurly.com/shop/data/goodsview/20200310/gv00000084826_1.jpg", "description": "심심찮게 찾아볼 수 있는 씻어 나온 쌀 중에서도 조금 더 특별한 제품을 만나보세요. 밥맛이 진하고 식감이 쫀득한 국내산 고시히카리 품종 쌀을 채워 넣은 '씻어나온 한끼톡톡'입니다. 이름 그대로 쌀을 미리 세척, 건조했기에 따로 씻어줄 필요가 없어요. 패키지도 독특합니다. 따로 페트병이나 쌀통에 넣지 않아도 되도록 1회분씩 납작하게 진공포장되어 있죠. 엄지손가락을 제 위치에 올리고 반을 툭 꺾기만 하면 신선하고 깨끗한 쌀을 솥에 담을 수 있어요. 가정에서 쓰기에도 물론 좋지만 캠핑 준비물로도 손색이 없을 거예요. ", "img3": "https://img-cf.kurly.com/shop/data/goodsview/20200310/gv00000084839_1.jpg", "option_name_list": ["씻어나온 한끼톡톡 150g", "씻어나온 한끼톡톡 150gx10pac"], "option_price_list": ["850원", "7,500원"]},
{"img1": "https://img-cf.kurly.com/shop/data/goods/1581924456857y0.jpg", "name": "대왕님표 여주쌀(추청) 2종", "summary": "작은 쌀알에 응축된 차진 맛! (10kg/4kg)", "price": "34,621원", "discount_rate": "11%", "unit": "1포", "amount": "10kg/4kg", "package": "냉장/종이포장", "made_in": "국산", "img2": "https://img-cf.kurly.com/shop/data/goodsview/20200217/gv30000081639_1.jpg", "description": "집밥의 기본이 되는 밥을 잘 지으려면, 품질 좋은 쌀부터 준비해야겠죠. 전국에서 최초로 쌀 산업 특구로 지정될 만큼 깨끗한 환경과 노하우를 지닌 경기도 여주에서 재배한 추청 품종만 담은 대왕님표 여주쌀이라면 만족스러울 거예요. 추청은 쌀알이 작은 편이고 투명도가 높은데요, 아밀로스 함량이 낮아서 밥을 지었을 때 윤기가 돌고 찰기가 좋죠. 작은 쌀알에 응축된 씹는 맛과 차진 맛이 일품이어서 밥맛이 오랫동안 입안에서 감돌아요. 4kg와 10kg 두 가지 용량으로 준비했으니, 가족 수와 쌀 소비량에 맞춰 선택해 보세요.", "img3": "https://img-cf.kurly.com/shop/data/goodsview/20200217/gv30000081648_1.jpg", "option_name_list": ["대왕님표 여주쌀추청 4kg", "대왕님표 여주쌀추청 10kg"], "option_price_list": ["19,500원", "38,900원"]},
{"img1": "https://img-cf.kurly.com/shop/data/goods/1581659158115y0.jpg", "name": "[장세순] 무농약 발아 찰현미 1.5kg", "summary": "풍부한 영양을 담은 찹쌀", "price": "12,800원", "discount_rate": 0, "unit": "1팩", "amount": "1.5kg", "package": "상온/종이포장", "made_in": "국산", "img2": "https://img-cf.kurly.com/shop/data/goodsview/20200214/gv00000081402_1.jpg", "description": "무농약으로 재배한 찹쌀을 우수한 기술력으로 건강히 싹 틔운 장세순의 발아 찰현미를 소개합니다. 백미에 비해 비교적 식감이 거친 현미는 왕겨만을 벗겨내, 한 톨 안에 풍부한 영양과 생명력이 그대로 담겨 있어요. 현미가 발아하면 딱딱한 조직이 부드러워지고, 싹을 틔우는 데 필요한 다량의 영양소들이 생성돼 맛과 영양이 더욱 풍부해지죠. 입맛을 돌게 하는 찹쌀 특유의 찰기와 톡톡 터지는 식감, 부드럽고 구수한 밥맛이 살아있어요. 물에 따로 불릴 필요도 없어 밥 짓기가 간편하답니다. 부드러운 찹쌀밥으로 건강하고 든든한 식탁을 차려보세요.  ", "img3": "https://img-cf.kurly.com/shop/data/goodsview/20200214/gv40000081409_1.jpg", "option_name_list": [], "option_price_list": []},
{"img1": "https://img-cf.kurly.com/shop/data/goods/1581658048543y0.jpg", "name": "[장세순] 무농약 발아 현미 1.5kg", "summary": "건강하게 키운 부드러운 현미", "price": "9,800원", "discount_rate": 0, "unit": "1봉", "amount": "1.5kg", "package": "상온/종이포장", "made_in": "국산", "img2": "https://img-cf.kurly.com/shop/data/goodsview/20200214/gv40000081379_1.jpg", "description": "현미는 말간 백미에 비해 까끌까끌하여 소화가 잘 되지 않는 단점이 있지만, 쌀의 영양과 생명력을 고스란히 지니고 있어요. 현미가 싹을 틔우면 거친 부분이 부드러워지는 동시에 영양이 극대화되는데요. 건강하게 재배한 무농약 현미를 우수한 발아 공법으로 싹 틔운 장세순의 발아 현미를 준비했습니다. 물에 따로 불릴 필요가 없어 밥 짓기가 무척 수월해요. 부드럽게 톡톡 터지는 식감과 구수한 풍미 덕분에 밥 한 공기가 남다르게 느껴집니다. 맛과 영양을 모두 만족시키는 발아 현미로 건강한 밥상을 준비해보세요. ", "img3": "https://img-cf.kurly.com/shop/data/goodsview/20200214/gv20000081385_1.jpg", "option_name_list": [], "option_price_list": []},
{"img1": "https://img-cf.kurly.com/shop/data/goods/1580720399682y0.jpg", "name": "대왕님표여주쌀(진상) 2종", "summary": "찰진 맛이 일품인 대왕님표 여주쌀(진상미)", "price": "36,900원", "discount_rate": 0, "unit": "포", "amount": "10kg/4kg", "package": "냉장/종이포장", "made_in": "국산", "img2": "https://img-cf.kurly.com/shop/data/goodsview/20200203/gv30000080065_1.jpg", "description": "똑같은 밥이라도 어떤 쌀로 짓느냐에 따라 맛이 천차만별로 달라지죠. 컬리는 좀 더 나은 밥맛을 위해 전국 최초 쌀산업특구로 지정된 여주의 '대왕님표여주쌀'을 준비했어요. 진상 품종의 쌀로 식감이 부드러우면서도 찰기가 가득 느껴지죠. 덕분에 밥맛이 입안에서 오랫동안 감돌아요. 씹으면 씹을수록 쌀 특유의 은근한 단맛과 고소함이 배어 나오는 대왕님표여주쌀을 1~2인 가구도 부담 없는 4kg, 넉넉하게 즐길 수 있는 10kg 두 가지로 준비했으니 필요에 따라 선택해보세요.", "img3": "https://img-cf.kurly.com/shop/data/goodsview/20200203/gv20000080068_1.jpg", "option_name_list": ["대왕님표여주쌀진상 4kg", "대왕님표여주쌀진상 10kg"], "option_price_list": ["20,900원", "36,900원"]},
{"img1": "https://img-cf.kurly.com/shop/data/goods/157829216443y0.jpg", "name": "[청오] 유기농10곡 혼합곡 500g", "summary": "10가지 발아 곡물을 간편하게", "price": "10,500원", "discount_rate": 0, "unit": "1통", "amount": "500g", "package": "상온/종이포장", "made_in": "", "img2": "https://img-cf.kurly.com/shop/data/goodsview/20200106/gv30000076702_1.jpg", "description": "잡곡을 넣어 밥을 지으면 영양소도 풍부해지고 밥맛도 살아난다는 것을 알고는 있지만, 여러 가지 곡물을 일일이 준비하는 과정은 만만치 않아요. 청오건강은 국내에서 유기농으로 재배한 곡물 10가지를 선별하여 알차게 담아낸 제품을 선보입니다. 특수한 발아 공정을 거치며 영양소는 더욱 풍부해지고 찰진 식감을 갖게 되었지요. 씻거나 불리지 않아도 되니 준비하기 훨씬 수월하답니다. 사용과 보관이 편리한 원통형 패키지에 담겨있으니, 쌀밥에 10가지 곡물의 다채로운 맛과 영양을 간편하게 더해보세요.", "img3": "https://img-cf.kurly.com/shop/data/goodsview/20200106/gv00000076705_1.jpg", "option_name_list": [], "option_price_list": []},
{"img1": "https://img-cf.kurly.com/shop/data/goods/1577171474580y0.jpg", "name": "유기농 백옥 찹쌀 500g", "summary": "편리하게 활용하는 찹쌀 한통", "price": "4,600원", "discount_rate": 0, "unit": "1통", "amount": "500g", "package": "냉장/종이포장", "made_in": "국산", "img2": "https://img-cf.kurly.com/shop/data/goodsview/20191224/gv20000075103_1.jpg", "description": "소량으로 여기저기 자주 쓰이는 찹쌀, 많이 사면 묵히게 되고 조금만 사면 모자라서 아쉬워요. 그런 걱정을 덜어드리기 위해 컬리가 유기농 백옥 찹쌀을 준비했습니다. 유기농으로 재배한 건강한 찹쌀이니 안심하고 찹쌀밥이나 죽을 지어 먹기 좋지요. 투명한 용기에 담은 제품이라 밀폐와 보관이 쉽고, 곡물이 얼마나 남았는지도 한눈에 확인할 수 있어요. 고소하고 쫀득한 찹쌀, 필요한 만큼 간편하게 꺼내 쓰세요.", "img3": "https://img-cf.kurly.com/shop/data/goodsview/20191224/gv20000075105_1.jpg", "option_name_list": [], "option_price_list": []},
{"img1": "https://img-cf.kurly.com/shop/data/goods/1577160857814y0.jpg", "name": "유기농 찰진 오곡밥 800g", "summary": "오곡밥을 위한 필수 곡물을 한 번에", "price": "13,800원", "discount_rate": 0, "unit": "1통", "amount": "800g", "package": "냉장/종이포장", "made_in": "국산", "img2": "https://img-cf.kurly.com/shop/data/goodsview/20191224/gv10000074986_1.jpg", "description": "재료 준비가 번거로워 오곡밥 짓기를 망설이셨던 분들을 위해, 다섯 가지의 곡물을 골고루 섞어 한 통에 담았습니다. 찰기를 더하는 찹쌀부터 고소한 적두까지, 다섯 가지 곡물 모두 유기농으로 재배되어 안심하고 먹을 수 있어요. 투명한 용기에 담은 제품이라 밀폐와 보관이 쉽고, 곡물이 얼마나 남았는지도 한눈에 확인할 수 있지요. 재료도 맛도 풍요로운 찰진 오곡밥, 이제 한 통에 담아 간편하게 즐겨보세요.", "img3": "https://img-cf.kurly.com/shop/data/goodsview/20191224/gv40000074989_1.jpg", "option_name_list": [], "option_price_list": []},
{"img1": "https://img-cf.kurly.com/shop/data/goods/1577160733310y0.jpg", "name": "유기농 보리 5곡 세트 800g", "summary": "5가지 보리를 한통으로 간편하게!", "price": "7,000원", "discount_rate": 0, "unit": "1통", "amount": "800g", "package": "냉장/종이포장", "made_in": "국산", "img2": "https://img-cf.kurly.com/shop/data/goodsview/20191224/gv20000074977_1.jpg", "description": "건강을 생각해 일반적인 쌀이 아닌 다양한 곡물로 밥을 짓는 분들 많으실 거예요. 그중에서도 식이섬유와 미네랄이 풍부한 보리는 톡톡 터지는 재미있는 식감으로 꾸준한 사랑을 받고 있죠. 컬리는 익숙한 쌀보리부터 찰진 자수정 보리까지, 5가지의 유기농 보리를 골고루 섞어 담은 제품을 준비했습니다. 투명한 용기에 담은 제품이라 밀폐와 보관이 쉽고, 곡물이 얼마나 남았는지도 한눈에 확인할 수 있지요. 건강한 유기농 보리 5곡, 이제 한통에 담아 간편하게 즐겨보세요.", "img3": "https://img-cf.kurly.com/shop/data/goodsview/20191224/gv30000074982_1.jpg", "option_name_list": [], "option_price_list": []},
{"img1": "https://img-cf.kurly.com/shop/data/goods/1577182276510y0.jpg", "name": "유기농 귀리혼합 10곡 800g", "summary": "간편하게 보관하는 혼합 잡곡!", "price": "13,800원", "discount_rate": 0, "unit": "1통", "amount": "800g", "package": "냉장/종이포장", "made_in": "국산", "img2": "https://img-cf.kurly.com/shop/data/goodsview/20191224/gv30000075264_1.jpg", "description": "단백질, 무기질, 식이섬유 등 영양소가 많은 귀리는 씹을수록 올라오는 고소한 맛과 톡톡 씹히는 식감으로 먹는 즐거움까지 선사하는 곡물이지요. 컬리는 유기농으로 기른 귀리에 9가지 곡물을 더해 다채로운 구성을 갖춘 '귀리 혼합 10곡'을 선보입니다. 비닐 팩이나 포대가 아닌 투명한 원통형 용기에 담겨있는 점이 돋보이는데요. 뚜껑을 여닫아 편리하게 사용한 후 주방 한 켠에 깔끔하게 세워둘 수 있죠. 냉장고 사이드 칸에 쏙 넣어두기에도 좋고요. 온 가족이 먹을 수 있도록 800g 용량으로 준비했으니, 함께 먹는 밥에 넉넉히 넣어 영양가 넘치는 밥을 지어보세요.", "img3": "https://img-cf.kurly.com/shop/data/goodsview/20191224/gv10000075278_1.jpg", "option_name_list": [], "option_price_list": []},
{"img1": "https://img-cf.kurly.com/shop/data/goods/1577183675611y0.jpg", "name": "유기농 찰흑미 혼합 8곡 800g", "summary": "간편하게 보관할 수 있는 혼합 잡곡!", "price": "11,500원", "discount_rate": 0, "unit": "1통", "amount": "800g", "package": "냉장/종이포장", "made_in": "국산", "img2": "https://img-cf.kurly.com/shop/data/goodsview/20191224/gv40000075279_1.jpg", "description": "밥에 든 곡물의 색이 다양할수록 영양소가 골고루 들어 있다고 하죠. 잡곡밥에 쓰이는 곡물 중 가장 뚜렷한 존재감을 드러내는 것은 흑미일 거예요. 컬리는 유기농 농법으로 키운 찰흑미를 중심으로 8가지 곡물을 알차게 포함한 '찰흑미 혼합 8곡' 제품을 소개합니다. 다양한 곡물을 일일이 준비할 필요가 없는 데다가, 투명한 원통형 용기에 담아 보관과 사용의 간편함까지 높인 제품이에요. 주방에 세워두어도 자리를 차지하지 않고, 냉장고 사이드 칸에 쏙 넣어두기에도 좋아요. 넉넉한 용량의 8곡으로 건강한 식단 만들기를 시작해 보세요.", "img3": "https://img-cf.kurly.com/shop/data/goodsview/20191224/gv30000075281_1.jpg", "option_name_list": [], "option_price_list": []},
{"img1": "https://img-cf.kurly.com/shop/data/goods/1577154600995y0.jpg", "name": "[잔다리마을] 볶은 검은콩가루", "summary": "검은콩의 영양을 간편하게", "price": "8,000원", "discount_rate": 0, "unit": "1통", "amount": "220g", "package": "상온/종이포장", "made_in": "", "img2": "https://img-cf.kurly.com/shop/data/goodsview/20191224/gv40000074956_1.jpg", "description": "단백질과 비타민B, 이소플라본이 풍부한 검은콩은 일부러 챙기는 분들이 많죠. 컬리는 콩을 더 간편하게 섭취할 수 있도록 경기도 오산시 세교동에 자리한 마을기업 잔다리마을공동체가 만든 볶은 검은콩가루를 준비했어요. 근방의 농가에서 정성껏 기른 검은콩 서리태를 고온, 고압에서 볶은 다음 수냉 맷돌 방식으로 미세하게 갈아 담은 순수한 제품이랍니다. 국이나 찌개, 볶음요리, 나물무침에 넣으면 풍미가 더해지고 감칠맛이 살아나죠. 우유나 꿀과 함께 미숫가루처럼 타서 그대로 마셔도 좋을 고운 입자에요. 만능 콩가루를 다양하게 활용해 보세요.", "img3": "https://img-cf.kurly.com/shop/data/goodsview/20191224/gv00000074960_1.jpg", "option_name_list": [], "option_price_list": []},
{"img1": "https://img-cf.kurly.com/shop/data/goods/1577155180485y0.jpg", "name": "[잔다리마을] 볶은 청서리태콩가루", "summary": "초록빛 콩의 영양을 간편하게", "price": "7,500원", "discount_rate": 0, "unit": "1통", "amount": "220g", "package": "상온/종이포장", "made_in": "", "img2": "https://img-cf.kurly.com/shop/data/goodsview/20191224/gv00000074967_1.jpg", "description": "껍질이 초록색을 띤 청서리태는 다른 콩에 비해 단맛이 많이 나는 편이고 비린내가 거의 나지 않는 데다 영양까지 풍부하죠. 경기도 오산시 세교동에 자리한 마을기업 잔다리마을공동체는 초록콩을 더 간편하게 섭취할 수 있도록 볶은 청서리태콩가루를 만들었답니다. 근방의 농가에서 정성껏 기른 청서리태를 고온, 고압에서 볶은 다음 수냉 맷돌 방식으로 미세하게 갈아 담은 순수한 제품이랍니다. 국이나 찌개, 볶음요리, 나물무침에 넣으면 풍미가 더해지고 감칠맛이 살아나죠. 우유나 꿀과 함께 미숫가루처럼 타서 그대로 마셔도 좋을 고운 입자에요.", "img3": "https://img-cf.kurly.com/shop/data/goodsview/20191224/gv20000075061_1.jpg", "option_name_list": [], "option_price_list": []},
{"img1": "https://img-cf.kurly.com/shop/data/goods/1577154413920y0.jpg", "name": "[잔다리마을] 볶은 3가지맛콩가루", "summary": "간편하게 섭취하는 3가지 콩", "price": "7,000원", "discount_rate": 0, "unit": "1통", "amount": "220g", "package": "상온/종이포장", "made_in": "", "img2": "https://img-cf.kurly.com/shop/data/goodsview/20191224/gv20000074951_1.jpg", "description": "바쁜 일상에서 건강을 위한 간단한 습관은 영양이 풍부한 콩을 챙기는 것이겠지요. 경기도 오산시 세교동에 자리한 마을기업 잔다리마을공동체는 콩을 더 간편하게 섭취할 수 있도록 3가지 콩을 볶아 만든 콩가루를 준비했답니다. 근방의 농가에서 정성껏 기른 청서리태와 백태, 검은콩을 고온, 고압에서 볶은 다음 수냉 맷돌 방식으로 미세하게 갈아 담은 순수한 제품이랍니다. 국이나 찌개, 볶음요리, 나물무침에 넣으면 풍미가 더해지고 감칠맛이 살아나죠. 우유나 꿀과 함께 미숫가루처럼 타서 그대로 마셔도 좋을 고운 입자에요.", "img3": "https://img-cf.kurly.com/shop/data/goodsview/20191224/gv30000074955_1.jpg", "option_name_list": [], "option_price_list": []},
{"img1": "https://img-cf.kurly.com/shop/data/goods/1577154776907y0.jpg", "name": "[잔다리마을] 볶은 약콩가루", "summary": "약콩의 영양을 간편하게", "price": "8,000원", "discount_rate": 0, "unit": "1통", "amount": "220g", "package": "상온/종이포장", "made_in": "", "img2": "https://img-cf.kurly.com/shop/data/goodsview/20191224/gv20000074961_1.jpg", "description": "알맹이가 작고 쥐의 눈알처럼 생겼다고 하여 이름 붙은 쥐눈이콩은 특히 영양이 풍부하여 약콩이라고도 불리지요. 경기도 오산시 세교동에 자리한 마을기업 잔다리마을공동체는 약콩을 더 간편하게 섭취할 수 있도록 볶은 약콩가루를 만들었답니다. 근방의 농가에서 정성껏 기른 약콩과 검은콩을 고온, 고압에서 볶은 다음 수냉 맷돌 방식으로 미세하게 갈아 담은 순수한 제품이랍니다. 국이나 찌개, 볶음요리, 나물무침에 넣으면 풍미가 더해지고 감칠맛이 살아나죠. 우유나 꿀과 함께 미숫가루처럼 타서 그대로 마셔도 좋을 고운 입자에요.", "img3": "https://img-cf.kurly.com/shop/data/goodsview/20191224/gv30000074965_1.jpg", "option_name_list": [], "option_price_list": []}