{"name": "[누리웰] 동물복지 유정 초란 10구", "img4": "https://img-cf.kurly.com/shop/data/goodsview/20200319/gv40000086176_2.jpg"},
{"name": "[가농바이오] 스마트에그 1+ 특란 10구 (오메가3 함유)", "img4": ""},
{"name": "[가농바이오] 가농금계란 1+등급 특란 20구", "img4": ""},
{"name": "[가농바이오] 가농금계란 1+등급 특란 6구", "img4": ""},
{"name": "[KURLY] 동물복지 반숙란 20구", "img4": "https://img-cf.kurly.com/shop/data/goodsview/20191011/gv00000064210_2.jpg"},
{"name": "[KURLY] 동물복지 반숙란 6구", "img4": "https://img-cf.kurly.com/shop/data/goodsview/20191010/gv40000064143_2.jpg"},
{"name": "[Kurly] 깐 메추리 유정란 450g", "img4": "https://img-cf.kurly.com/shop/data/goodsview/20190823/gv20000060006_2.jpg"},
{"name": "[컬리] 동물복지 백색 유정란 15구", "img4": "https://img-cf.kurly.com/shop/data/goodsview/20190906/gv10000061388_2.jpg"},
{"name": "[가농바이오] 가농금계란 1+ 등급 특란 10구", "img4": ""},
{"name": "[컬리] 동물복지 백색 유정란 10구", "img4": "https://img-cf.kurly.com/shop/data/goodsview/20191023/gv30000065730_2.jpg"},
{"name": "[오랩] 동물복지 유정란으로 만든 요리란 2종", "img4": "https://img-cf.kurly.com/shop/data/goodsview/20190114/gv40000041566_2.jpg"},
{"name": "정직한 훈제란 6구", "img4": "https://img-cf.kurly.com/shop/data/goodsview/20181231/gv10000040453_2.jpg"},
{"name": "정직한 구운란 6구", "img4": "https://img-cf.kurly.com/shop/data/goodsview/20181231/gv30000040449_2.jpg"},
{"name": "[오랩] 요리란(전란) 2종", "img4": "https://img-cf.kurly.com/shop/data/goodsview/20181207/gv00000037670_2.jpg"},
{"name": "[제주애월아빠들] 아침소리 토종유정란 10구", "img4": "https://img-cf.kurly.com/shop/data/goodsview/20191024/gv30000065810_2.jpg"},
{"name": "[컬리] 동물복지 백색 유정란 20구", "img4": "https://img-cf.kurly.com/shop/data/goodsview/20191023/gv40000065665_2.jpg"}