{"name": "[하림] 춘천식 닭갈비 밀키트", "img4": "https://img-cf.kurly.com/shop/data/goodsview/20200401/gv20000088414_2.jpg"},
{"name": "[하림] 궁중식 찜닭 밀키트", "img4": "https://img-cf.kurly.com/shop/data/goodsview/20200401/gv20000088416_2.jpg"},
{"name": "[하림] 태양초 닭볶음탕 밀키트", "img4": "https://img-cf.kurly.com/shop/data/goodsview/20200401/gv30000088422_2.jpg"},
{"name": "[퀸덕] BIG BITE 오키더키 2종", "img4": "https://img-cf.kurly.com/shop/data/goodsview/20200327/gv20000087581_2.jpg"},
{"name": "[CJ프레시웨이] 자연차림 훈제오리", "img4": "https://img-cf.kurly.com/shop/data/goodsview/20200327/gv30000087655_2.jpg"},
{"name": "[다향오리] 덕팸", "img4": "https://img-cf.kurly.com/shop/data/goodsview/20200326/gv40000087350_2.jpg"},
{"name": "[우리땅오리] 무항생제 훈제오리 500g(냉동)", "img4": "https://img-cf.kurly.com/shop/data/goodsview/20200311/gv20000085091_2.jpg"},
{"name": "[체리부로] 골든치킨 텐더스틱", "img4": "https://img-cf.kurly.com/shop/data/goodsview/20200210/gv30000080899_2.jpg"},
{"name": "[체리부로] 골든치킨 봉", "img4": "https://img-cf.kurly.com/shop/data/goodsview/20200210/gv40000080927_2.jpg"},
{"name": "[체리부로] 골든치킨 윙", "img4": "https://img-cf.kurly.com/shop/data/goodsview/20200210/gv10000080884_2.jpg"},
{"name": "[하림] 버팔로 치킨 봉 스파이시", "img4": "https://img-cf.kurly.com/shop/data/goodsview/20200115/gv20000078038_2.jpg"},
{"name": "[그리너스] 닭가슴살 큐브 스테이크 500g", "img4": "https://img-cf.kurly.com/shop/data/goodsview/20200115/gv20000078112_2.jpg"},
{"name": "[올계] 유기농 치킨 커틀렛 300g", "img4": "https://img-cf.kurly.com/shop/data/goodsview/20191217/gv40000073425_2.jpg"},
{"name": "[자연실록] 옛날 통닭 통다리", "img4": "https://img-cf.kurly.com/shop/data/goodsview/20191209/gv00000071854_2.jpg"},
{"name": "[자연실록] 옛날 통닭", "img4": "https://img-cf.kurly.com/shop/data/goodsview/20191209/gv30000071847_2.jpg"},
{"name": "[육심당] 닭다리파 꼬치", "img4": "https://img-cf.kurly.com/shop/data/goodsview/20191017/gv10000064911_2.jpg"}