{"name": "[씨에라] 브라질산 삼겹살 바로구이 500g (냉동)", "img4": "https://img-cf.kurly.com/shop/data/goodsview/20200330/gv20000087796_2.jpg"},
{"name": "[하이포크] 그때 그 삼겹 180g(냉동)", "img4": "https://img-cf.kurly.com/shop/data/goodsview/20200309/gv10000084689_2.jpg"},
{"name": "[씨에라] 브라질산 감자탕용 돈등뼈+돈목뼈", "img4": "https://img-cf.kurly.com/shop/data/goodsview/20200303/gv30000083844_2.jpg"},
{"name": "[하이포크] 한돈 뽈항정살 300g(냉동)", "img4": "https://img-cf.kurly.com/shop/data/goodsview/20200110/gv10000077411_2.jpg"},
{"name": "[모어댄프레쉬] 맥돈 앞다리살 2종 (냉장)", "img4": "https://img-cf.kurly.com/shop/data/goodsview/20191127/gv30000069932_2.jpg"},
{"name": "[모어댄프레쉬] 맥돈 목살 2종 (냉장)", "img4": "https://img-cf.kurly.com/shop/data/goodsview/20191127/gv00000070014_2.jpg"},
{"name": "[모어댄프레쉬] 맥돈 삼겹살 3종 (냉장)", "img4": "https://img-cf.kurly.com/shop/data/goodsview/20191127/gv00000069920_2.jpg"},
{"name": "[모어댄프레쉬] 맥돈 갈비살 구이용 300g(냉장)", "img4": "https://img-cf.kurly.com/shop/data/goodsview/20191127/gv10000070004_2.jpg"},
{"name": "[모어댄프레쉬] 맥돈 갈매기살 구이용 300g(냉장)", "img4": "https://img-cf.kurly.com/shop/data/goodsview/20191127/gv30000069987_2.jpg"},
{"name": "[모어댄프레쉬] 맥돈 등심덧살 구이용 300g(냉장)", "img4": "https://img-cf.kurly.com/shop/data/goodsview/20191127/gv30000069983_2.jpg"},
{"name": "[모어댄프레쉬] 맥돈 항정살 구이용 300g(냉장)", "img4": "https://img-cf.kurly.com/shop/data/goodsview/20191127/gv40000069969_2.jpg"},
{"name": "[모어댄프레쉬] 맥돈 뒷다리살 불고기용 300g(냉장)", "img4": "https://img-cf.kurly.com/shop/data/goodsview/20191127/gv10000069948_2.jpg"},
{"name": "[새벽한돈] 한돈 1등급 냉동 삼겹 300g", "img4": "https://img-cf.kurly.com/shop/data/goodsview/20191126/gv00000069665_2.jpg"},
{"name": "[이베리쿡] 스페인산 이베리코 모둠구이 900g (냉동)", "img4": "https://img-cf.kurly.com/shop/data/goodsview/20191121/gv00000069191_2.jpg"},
{"name": "[제주돼지] 제주 1등급 암퇘지 삼겹살 300g(냉장)", "img4": "https://img-cf.kurly.com/shop/data/goodsview/20191104/gv30000066838_2.jpg"},
{"name": "[제주돼지] 제주 1등급 암퇘지 앞다리 구이 300g(냉장)", "img4": "https://img-cf.kurly.com/shop/data/goodsview/20191104/gv00000066867_2.jpg"}