{"name": "[1855] 미국산 블랙 앵거스 안심 찹스테이크 200g(냉장)", "img4": "https://img-cf.kurly.com/shop/data/goodsview/20200401/gv00000088480_2.jpg"},
{"name": "[1855] 미국산 블랙 앵거스 안심 스테이크 200g(냉장)", "img4": "https://img-cf.kurly.com/shop/data/goodsview/20200401/gv10000088455_2.jpg"},
{"name": "[PPUL] 1++ 한우 화로 등심 구이 150g(냉장)", "img4": "https://img-cf.kurly.com/shop/data/goodsview/20200331/gv30000088162_2.jpg"},
{"name": "[델리치오] 차돌양지 바로구이(냉동)", "img4": "https://img-cf.kurly.com/shop/data/goodsview/20200330/gv40000087820_2.jpg"},
{"name": "[할라비] 뉴질랜드 목초육 안심 다짐육 이유식용 30gX6(냉동)", "img4": "https://img-cf.kurly.com/shop/data/goodsview/20200319/gv10000086261_2.jpg"},
{"name": "[델리치오] 곡물 척아이롤 불고기 300g (냉장)", "img4": "https://img-cf.kurly.com/shop/data/goodsview/20200318/gv40000085952_2.jpg"},
{"name": "[델리치오] 곡물 척아이롤 구이 2종 (냉장)", "img4": "https://img-cf.kurly.com/shop/data/goodsview/20200318/gv00000085958_2.jpg"},
{"name": "[소식] 1등급 한우 설깃,우둔 칼 다짐육 150g(냉장)", "img4": "https://img-cf.kurly.com/shop/data/goodsview/20200311/gv40000085032_2.jpg"},
{"name": "[소식] 1등급 한우 다짐육(목심,설도, 우둔, 앞다리) 200g(냉장)", "img4": "https://img-cf.kurly.com/shop/data/goodsview/20200311/gv30000085049_2.jpg"},
{"name": "[소식] 1등급 한우 정육 불고기(앞다리,우둔,설도) 200g(냉장)", "img4": "https://img-cf.kurly.com/shop/data/goodsview/20200311/gv00000085137_2.jpg"},
{"name": "[미트엔조이] 아스펜 초이스 살치살 구이 400g(냉장)", "img4": "https://img-cf.kurly.com/shop/data/goodsview/20200305/gv30000084269_2.jpg"},
{"name": "[미트엔조이] 아스펜 초이스 척아이롤 국거리 300g(냉장)", "img4": "https://img-cf.kurly.com/shop/data/goodsview/20200305/gv30000084263_2.jpg"},
{"name": "[미트엔조이] 아스펜 초이스 척아이롤 구이 500g(냉장)", "img4": "https://img-cf.kurly.com/shop/data/goodsview/20200305/gv10000084243_2.jpg"},
{"name": "[미트엔조이] 초이스 LA갈비 1.4kg(냉동)", "img4": "https://img-cf.kurly.com/shop/data/goodsview/20200211/gv10000081002_2.jpg"},
{"name": "[미트엔조이] 척아이롤 바로구이 600g(냉동)", "img4": "https://img-cf.kurly.com/shop/data/goodsview/20200211/gv10000080996_2.jpg"},
{"name": "[델리치오] 호주산 목초육 안심 다짐육 250g(냉장)", "img4": "https://img-cf.kurly.com/shop/data/goodsview/20200116/gv00000078236_2.jpg"}