{"name": "[그리츠 시그니처 램] 티본 300g(냉동)", "img4": "https://img-cf.kurly.com/shop/data/goodsview/20191115/gv00000068383_2.jpg"},
{"name": "[그리츠 시그니처 램] 등심 300g(냉동)", "img4": "https://img-cf.kurly.com/shop/data/goodsview/20191115/gv20000068376_2.jpg"},
{"name": "[그리츠 시그니처 램] 프렌치 랙 300g(냉동)", "img4": "https://img-cf.kurly.com/shop/data/goodsview/20191115/gv40000068369_2.jpg"},
{"name": "[델리치오] 양목심 꼬치 구이", "img4": "https://img-cf.kurly.com/shop/data/goodsview/20191011/gv30000064185_2.jpg"},
{"name": "[쥬니] 호주산 프리미엄 램 등심 200g(냉동)", "img4": "https://img-cf.kurly.com/shop/data/goodsview/20190927/gv30000063164_2.jpg"},
{"name": "[쥬니] 호주산 프리미엄 램 프렌치랙 300g(냉동)", "img4": "https://img-cf.kurly.com/shop/data/goodsview/20190927/gv20000063151_2.jpg"},
{"name": "[그리츠 시그니처 램] 양꽃갈비살 300g(냉동)", "img4": "https://img-cf.kurly.com/shop/data/goodsview/20190517/gv10000050397_2.jpg"},
{"name": "[그리츠 시그니처 램] 양갈비 300g(냉동)", "img4": "https://img-cf.kurly.com/shop/data/goodsview/20190517/gv00000050413_2.jpg"},
{"name": "[토마스푸드] 양 목심 샤브샤브(냉동)", "img4": "https://img-cf.kurly.com/shop/data/goodsview/20181120/gv30000036449_2.jpg"},
{"name": "[토마스푸드] 양 목심(냉장)", "img4": "https://img-cf.kurly.com/shop/data/goodsview/20181120/gv00000036445_2.jpg"},
{"name": "[토마스푸드] 양 갈빗살(냉장)", "img4": "https://img-cf.kurly.com/shop/data/goodsview/20181120/gv10000036441_2.jpg"},
{"name": "[토마스푸드] 프렌치드 숄더랙(냉장)", "img4": "https://img-cf.kurly.com/shop/data/goodsview/20180612/gv40000025156_2.jpg"}