{"name": "[미트엔조이] 우삼겹 양념구이", "img4": "https://img-cf.kurly.com/shop/data/goodsview/20200401/gv40000088463_2.jpg"},
{"name": "[고불로186] 돼지 양념구이", "img4": "https://img-cf.kurly.com/shop/data/goodsview/20200327/gv30000087607_2.jpg"},
{"name": "[고불로186] 양념 소왕갈비(호주산)", "img4": "https://img-cf.kurly.com/shop/data/goodsview/20200327/gv30000087591_2.jpg"},
{"name": "[삼원가든] 양념갈비 꽃살", "img4": "https://img-cf.kurly.com/shop/data/goodsview/20200325/gv40000087110_2.jpg"},
{"name": "[늘참] 국내산 고추장 닭갈비", "img4": "https://img-cf.kurly.com/shop/data/goodsview/20200320/gv10000086478_2.jpg"},
{"name": "[달구지푸드] 훈제삼겹 500g", "img4": "https://img-cf.kurly.com/shop/data/goodsview/20200320/gv30000086423_2.jpg"},
{"name": "[달구지푸드] 소 양대창 620g", "img4": "https://img-cf.kurly.com/shop/data/goodsview/20200320/gv20000086393_2.jpg"},
{"name": "[달구지푸드] 훈제 불막창 600g", "img4": "https://img-cf.kurly.com/shop/data/goodsview/20200320/gv10000086390_2.jpg"},
{"name": "[달구지푸드] 훈제 돼지막창 620g", "img4": "https://img-cf.kurly.com/shop/data/goodsview/20200320/gv40000086372_2.jpg"},
{"name": "[달구지푸드] 초벌 돼지막창 620g", "img4": "https://img-cf.kurly.com/shop/data/goodsview/20200320/gv20000086366_2.jpg"},
{"name": "[진실된손맛] 마늘 떡갈비", "img4": "https://img-cf.kurly.com/shop/data/goodsview/20200312/gv40000085282_2.jpg"},
{"name": "[진실된손맛] 한돈 떡갈비", "img4": "https://img-cf.kurly.com/shop/data/goodsview/20200312/gv00000085277_2.jpg"},
{"name": "[푸드밀리] 안동辛찜닭", "img4": "https://img-cf.kurly.com/shop/data/goodsview/20200304/gv30000084012_2.jpg"},
{"name": "[푸드밀리] 매운 양념 닭발", "img4": "https://img-cf.kurly.com/shop/data/goodsview/20200304/gv30000084020_2.jpg"},
{"name": "[푸드밀리] 순한 양념 닭발", "img4": "https://img-cf.kurly.com/shop/data/goodsview/20200304/gv30000084039_2.jpg"},
{"name": "[푸드밀리] 매운 춘천 닭갈비", "img4": "https://img-cf.kurly.com/shop/data/goodsview/20200304/gv30000084061_2.jpg"}