{"name": "[뉴잉글랜드] 제노아 살라미", "img4": "https://img-cf.kurly.com/shop/data/goodsview/20200316/gv20000085774_2.jpg"},
{"name": "[뉴잉글랜드] 소프레사타 살라미", "img4": "https://img-cf.kurly.com/shop/data/goodsview/20200316/gv20000085770_2.jpg"},
{"name": "[뉴잉글랜드] 제노아 슬라이스", "img4": "https://img-cf.kurly.com/shop/data/goodsview/20200316/gv40000085767_2.jpg"},
{"name": "[뉴잉글랜드] 소프레사타 슬라이스", "img4": "https://img-cf.kurly.com/shop/data/goodsview/20200316/gv20000085760_2.jpg"},
{"name": "[뉴잉글랜드] 초리조 슬라이스", "img4": "https://img-cf.kurly.com/shop/data/goodsview/20200316/gv30000085756_2.jpg"},
{"name": "[한어부] 고갈비포 2종", "img4": "https://img-cf.kurly.com/shop/data/goodsview/20200302/gv00000083482_2.jpg"},
{"name": "[선농육공방] 무항생제 레겐스부르거", "img4": "https://img-cf.kurly.com/shop/data/goodsview/20191211/gv00000072390_2.jpg"},
{"name": "[선농육공방] 무항생제 등심햄", "img4": "https://img-cf.kurly.com/shop/data/goodsview/20191211/gv30000072361_2.jpg"},
{"name": "[선농육공방] 무항생제 미트로프", "img4": "https://img-cf.kurly.com/shop/data/goodsview/20191211/gv20000072413_2.jpg"},
{"name": "[존쿡 델리미트] 킬바사 치즈 270g", "img4": "https://img-cf.kurly.com/shop/data/goodsview/20191210/gv00000072106_2.jpg"},
{"name": "[존쿡 델리미트] 전G 베이컨 200g", "img4": "https://img-cf.kurly.com/shop/data/goodsview/20191210/gv10000072108_2.jpg"},
{"name": "[존쿡 델리미트] 세인트루이스 립 드라이럽 홀 타입 1kg (냉동)", "img4": "https://img-cf.kurly.com/shop/data/goodsview/20191129/gv20000070337_2.jpg"},
{"name": "[존쿡 델리미트] 바베큐 홀터키 (칠면조) 4kg (냉동)", "img4": "https://img-cf.kurly.com/shop/data/goodsview/20171204/gv20000013360_2.jpg"},
{"name": "[페라리니] 모르타델라 피스타치오", "img4": "https://img-cf.kurly.com/shop/data/goodsview/20190826/gv00000060205_2.jpg"},
{"name": "[페라리니] 프로슈토 디 파르마 (18개월)", "img4": "https://img-cf.kurly.com/shop/data/goodsview/20190826/gv30000060201_2.jpg"},
{"name": "[싱코 호타스] 이베리코 베요타 하몽", "img4": "https://img-cf.kurly.com/shop/data/goodsview/20190708/gv10000055242_2.jpg"}