{"name": "[삼립] 냉동 베이글 3종", "img4": "https://img-cf.kurly.com/shop/data/goodsview/20200402/gv20000088587_2.jpg"},
{"name": "[근대골목도나쓰] 추억의 찹쌀 드레곤볼 3종", "img4": "https://img-cf.kurly.com/shop/data/goodsview/20200330/gv20000087965_2.jpg"},
{"name": "[크림바바] 시그니처 크림빵 7종", "img4": "https://img-cf.kurly.com/shop/data/goodsview/20200325/gv30000087050_2.jpg"},
{"name": "[치엔바오] 대만 샌드위치 3종", "img4": "https://img-cf.kurly.com/shop/data/goodsview/20200306/gv10000084435_2.jpg"},
{"name": "[근대골목단팥빵] 쑥아빵", "img4": "https://img-cf.kurly.com/shop/data/goodsview/20200304/gv30000083918_2.jpg"},
{"name": "[근대골목단팥빵] 치즈라떼번", "img4": "https://img-cf.kurly.com/shop/data/goodsview/20200304/gv30000083904_2.jpg"},
{"name": "[근대골목단팥빵] 콩떡콩떡빵", "img4": "https://img-cf.kurly.com/shop/data/goodsview/20200304/gv10000083914_2.jpg"},
{"name": "[근대골목단팥빵] 밤콘소프트", "img4": "https://img-cf.kurly.com/shop/data/goodsview/20200304/gv40000083910_2.jpg"},
{"name": "[근대골목단팥빵] 크림치즈빵", "img4": "https://img-cf.kurly.com/shop/data/goodsview/20200304/gv00000083977_2.jpg"},
{"name": "[근대골목단팥빵] 소보루단팥빵", "img4": "https://img-cf.kurly.com/shop/data/goodsview/20200304/gv00000083962_2.jpg"},
{"name": "[근대골목단팥빵] 단팥빵", "img4": "https://img-cf.kurly.com/shop/data/goodsview/20200304/gv00000083951_2.jpg"},
{"name": "[간식엔] 미니 크림치즈 프레첼", "img4": "https://img-cf.kurly.com/shop/data/goodsview/20200220/gv40000082130_2.jpg"},
{"name": "[선물세트] 서울 카스테라 3구", "img4": ""},
{"name": "[서울카스테라] 카스테라 3종", "img4": "https://img-cf.kurly.com/shop/data/goodsview/20200218/gv40000081769_2.jpg"},
{"name": "[따순기미] 바삭촉촉 마늘스틱", "img4": "https://img-cf.kurly.com/shop/data/goodsview/20200211/gv10000080991_2.jpg"},
{"name": "[따순기미] 수박식빵", "img4": "https://img-cf.kurly.com/shop/data/goodsview/20200211/gv30000080990_2.jpg"}