{"name": "[존쿡 델리미트] 와규 파스트라미 100g", "img4": "https://img-cf.kurly.com/shop/data/goodsview/20200130/gv30000079496_2.jpg"},
{"name": "[존쿡 델리미트] 팜프레시 페퍼 베이컨 100g", "img4": "https://img-cf.kurly.com/shop/data/goodsview/20200130/gv20000079597_2.jpg"},
{"name": "[존쿡 델리미트] 팜프레시 목살 베이컨 100g", "img4": "https://img-cf.kurly.com/shop/data/goodsview/20200130/gv20000079600_2.jpg"},
{"name": "[존쿡 델리미트] 팜프레시 컨츄리 베이컨 100g", "img4": "https://img-cf.kurly.com/shop/data/goodsview/20200130/gv30000079590_2.jpg"},
{"name": "[존쿡 델리미트] 팜프레시 잠봉 100g", "img4": "https://img-cf.kurly.com/shop/data/goodsview/20200130/gv00000079502_2.jpg"},
{"name": "[선농육공방] 무항생제 브랏 부어스트", "img4": "https://img-cf.kurly.com/shop/data/goodsview/20191224/gv30000075182_2.jpg"},
{"name": "[선농육공방] 무항생제 비엔나 소시지", "img4": "https://img-cf.kurly.com/shop/data/goodsview/20191224/gv30000075186_2.jpg"},
{"name": "[프라텔리 롱고바디] 버터빈(흰강낭콩)", "img4": "https://img-cf.kurly.com/shop/data/goodsview/20191213/gv40000072773_2.jpg"},
{"name": "[프라텔리 롱고바디] 카넬리니빈", "img4": "https://img-cf.kurly.com/shop/data/goodsview/20191213/gv10000072787_2.jpg"},
{"name": "[프라텔리 롱고바디] 렌즈빈(렌틸콩)", "img4": "https://img-cf.kurly.com/shop/data/goodsview/20191213/gv10000072742_2.jpg"},
{"name": "[프라텔리 롱고바디] 볼로티빈(강낭콩)", "img4": "https://img-cf.kurly.com/shop/data/goodsview/20191213/gv10000072749_2.jpg"},
{"name": "[프라텔리 롱고바디] 이집트빈(병아리콩)", "img4": "https://img-cf.kurly.com/shop/data/goodsview/20191213/gv20000072732_2.jpg"},
{"name": "[존쿡 델리미트] 세인트루이스 립 드라이럽 스타일 500g (냉동)", "img4": "https://img-cf.kurly.com/shop/data/goodsview/20191030/gv20000066460_2.jpg"},
{"name": "[존쿡 델리미트] 세인트루이스 립 텍사스 스타일 800g (소스포함) (냉동)", "img4": "https://img-cf.kurly.com/shop/data/goodsview/20191030/gv10000066465_2.jpg"},
{"name": "[로레토] 블랙 올리브 슬라이스", "img4": "https://img-cf.kurly.com/shop/data/goodsview/20191001/gv10000063517_2.jpg"},
{"name": "[페라리니] 프로슈토 디 파르마 (18개월)", "img4": "https://img-cf.kurly.com/shop/data/goodsview/20190826/gv30000060201_2.jpg"}