{"name": "[서울우유] 국산우유로 만든 버터 240g", "img4": "https://img-cf.kurly.com/shop/data/goodsview/20200402/gv00000088687_2.jpg"},
{"name": "[모어코코] 코코넛 잼 4종", "img4": "https://img-cf.kurly.com/shop/data/goodsview/20200310/gv40000084872_2.jpg"},
{"name": "[BBF] 피비핏 피넛버터 파우더 2종", "img4": "https://img-cf.kurly.com/shop/data/goodsview/20200304/gv20000083966_2.jpg"},
{"name": "[베피노 오첼리] 무염버터", "img4": "https://img-cf.kurly.com/shop/data/goodsview/20200218/gv20000081896_2.jpg"},
{"name": "[파오리] 유기농 포션 버터", "img4": "https://img-cf.kurly.com/shop/data/goodsview/20200207/gv30000080717_2.jpg"},
{"name": "[선물세트] MAMAM 과일잼(100g) 4종 기프트세트", "img4": ""},
{"name": "[MAMAM] 과일잼 (235g) 4종", "img4": "https://img-cf.kurly.com/shop/data/goodsview/20200207/gv10000080615_2.jpg"},
{"name": "[앵커] 포션 버터 가염", "img4": "https://img-cf.kurly.com/shop/data/goodsview/20191125/gv20000069606_2.jpg"},
{"name": "[페이장브레통] 무염 버터 500g", "img4": "https://img-cf.kurly.com/shop/data/goodsview/20191115/gv30000068298_2.jpg"},
{"name": "[밀도] 스프레드 6종", "img4": "https://img-cf.kurly.com/shop/data/goodsview/20191018/gv30000065162_2.jpg"},
{"name": "[초록원] 유기농 딸기잼 580g", "img4": "https://img-cf.kurly.com/shop/data/goodsview/20190917/gv30000062076_2.jpg"},
{"name": "[본마망] 인텐스 프리미엄 잼 3종", "img4": "https://img-cf.kurly.com/shop/data/goodsview/20190902/gv00000060897_2.jpg"},
{"name": "[프리차드] 노르망디 버터 2종", "img4": "https://img-cf.kurly.com/shop/data/goodsview/20190819/gv30000059477_2.jpg"},
{"name": "[르갈] 브르타뉴 버터 2종", "img4": "https://img-cf.kurly.com/shop/data/goodsview/20190722/gv40000056435_2.jpg"},
{"name": "[3SPOON] 수제 과일 잼 3종", "img4": "https://img-cf.kurly.com/shop/data/goodsview/20190710/gv30000055556_2.jpg"},
{"name": "[비브로스] 초콜릿 꿀 3종", "img4": "https://img-cf.kurly.com/shop/data/goodsview/20190711/gv20000055593_2.jpg"}