{"name": "[크래프트하인즈] 슈레드 파마산치즈", "img4": "https://img-cf.kurly.com/shop/data/goodsview/20200406/gv40000089002_2.jpg"},
{"name": "[크래프트하인즈] 슈레드 모짜렐라치즈", "img4": "https://img-cf.kurly.com/shop/data/goodsview/20200406/gv30000089004_2.jpg"},
{"name": "[크래프트하인즈] 프리미엄 크림치즈", "img4": "https://img-cf.kurly.com/shop/data/goodsview/20200406/gv00000089006_2.jpg"},
{"name": "[ZOTT] 타이거 스트링 치즈", "img4": "https://img-cf.kurly.com/shop/data/goodsview/20200331/gv10000088159_2.jpg"},
{"name": "[마일랜드] 뉴질랜드 체다 치즈 3종", "img4": "https://img-cf.kurly.com/shop/data/goodsview/20200323/gv40000086585_2.jpg"},
{"name": "[벨지오이오소] 리코타 치즈", "img4": "https://img-cf.kurly.com/shop/data/goodsview/20200316/gv10000085676_2.jpg"},
{"name": "[알미토] 체리페퍼 위드 크림치즈", "img4": "https://img-cf.kurly.com/shop/data/goodsview/20200309/gv10000084702_2.jpg"},
{"name": "[zott] 모짜렐라 치즈", "img4": ""},
{"name": "[zott] 바질 모짜렐라 치즈", "img4": ""},
{"name": "[빔스터] 110년 전통 고다치즈 3종", "img4": "https://img-cf.kurly.com/shop/data/goodsview/20200116/gv00000078144_2.jpg"},
{"name": "[란다나] 저지 고다 머추어 치즈", "img4": "https://img-cf.kurly.com/shop/data/goodsview/20191231/gv10000076116_2.jpg"},
{"name": "[임실치즈] 임실스트링치즈 2종", "img4": "https://img-cf.kurly.com/shop/data/goodsview/20191219/gv00000073876_2.jpg"},
{"name": "[보스카] 코펜하겐 치즈 나이프 세트", "img4": "https://img-cf.kurly.com/shop/data/goodsview/20191209/gv20000072028_2.jpg"},
{"name": "[보스카] 세미 소프트 치즈 나이프", "img4": "https://img-cf.kurly.com/shop/data/goodsview/20191209/gv40000071988_2.jpg"},
{"name": "[보스카] 치즈 세트 프렌즈", "img4": "https://img-cf.kurly.com/shop/data/goodsview/20191209/gv10000072024_2.jpg"},
{"name": "[그라나롤로] 치즈 크럼블 3종", "img4": "https://img-cf.kurly.com/shop/data/goodsview/20191112/gv00000067766_2.jpg"}