{"name": "[우드앤브릭] 피칸 파이", "img4": "https://img-cf.kurly.com/shop/data/goodsview/20200406/gv00000089124_2.jpg"},
{"name": "[우드앤브릭] 다크 체리 파이", "img4": "https://img-cf.kurly.com/shop/data/goodsview/20200406/gv30000089130_2.jpg"},
{"name": "[삼립] 소프트 에그타르트", "img4": "https://img-cf.kurly.com/shop/data/goodsview/20200402/gv00000088574_2.jpg"},
{"name": "[근대골목도나쓰] 추억의 찹쌀 드레곤볼 3종", "img4": "https://img-cf.kurly.com/shop/data/goodsview/20200330/gv20000087965_2.jpg"},
{"name": "[있을:재] 티라미수", "img4": "https://img-cf.kurly.com/shop/data/goodsview/20200324/gv20000086828_2.jpg"},
{"name": "[나폴레옹] 커스터드 스폰지", "img4": "https://img-cf.kurly.com/shop/data/goodsview/20200320/gv40000086426_2.jpg"},
{"name": "[안티코] 사보이아르디", "img4": "https://img-cf.kurly.com/shop/data/goodsview/20200316/gv40000085591_2.jpg"},
{"name": "[쇼콜리디아] 수줍은 벚꽃 브라우니 2종", "img4": "https://img-cf.kurly.com/shop/data/goodsview/20200316/gv30000085598_2.jpg"},
{"name": "[간식엔] 베이글칩 2종", "img4": "https://img-cf.kurly.com/shop/data/goodsview/20200311/gv40000085150_2.jpg"},
{"name": "[끌레도르] 치즈케익 파인트", "img4": "https://img-cf.kurly.com/shop/data/goodsview/20200305/gv30000084200_2.jpg"},
{"name": "[선물세트] 사층빵집 러브에디션 마카롱 세트", "img4": ""},
{"name": "[나폴레옹] 산딸기 크림치즈 롤", "img4": "https://img-cf.kurly.com/shop/data/goodsview/20200306/gv30000084410_2.jpg"},
{"name": "[카르멘시타] 베이킹용 재료 5종", "img4": "https://img-cf.kurly.com/shop/data/goodsview/20200218/gv00000081796_2.jpg"},
{"name": "[페이브베이커리] 허니아몬드 페스츄리", "img4": "https://img-cf.kurly.com/shop/data/goodsview/20200207/gv20000080655_2.jpg"},
{"name": "[페이브베이커리] 팔미까레", "img4": "https://img-cf.kurly.com/shop/data/goodsview/20200207/gv30000080673_2.jpg"},
{"name": "[페이브베이커리] 쇼콜라 돔", "img4": "https://img-cf.kurly.com/shop/data/goodsview/20200207/gv40000080667_2.jpg"}