{"img1": "https://img-cf.kurly.com/shop/data/goods/1584932055285y0.jpg", "name": "[몸애수호] 어린이홍삼배도라지", "summary": "우리 아이를 위한 영양 한 팩", "price": "14,310원", "discount_rate": "10%", "unit": "1박스", "amount": "100ml x 10포", "package": "상온/종이포장", "made_in": "", "img2": "https://img-cf.kurly.com/shop/data/goodsview/20200323/gv10000086591_1.jpg", "description": "아이들이 마실 음료라면 아이들의 눈과 입맛을 모두 사로잡는 게 중요하지요. 귀여운 패키지에 넣어 아이들도 부담 없이 마실 수 있는 어린이 홍삼 배도라지 즙을 소개해 드릴게요. 국내산 배, 도라지와 6년근 홍삼을 사용하고 설탕 대신 배와 프락토올리고당으로 단맛을 더해 더욱더 영양을 생각한 즙이에요. 휴대가 간편한 파우치 형태로 포장되어 있어, 매일 아침 하나씩 챙겨 주기에도 좋답니다.", "img3": "https://img-cf.kurly.com/shop/data/goodsview/20200323/gv30000086597_1.jpg", "option_name_list": [], "option_price_list": []},
{"img1": "https://img-cf.kurly.com/shop/data/goods/158389989252y0.jpg", "name": "[바삭] 프리즈 크리스피 람부탄", "summary": "열대과일 람부탄을 바삭하게!", "price": "4,000원", "discount_rate": 0, "unit": "1팩", "amount": "25g", "package": "상온/종이포장", "made_in": "", "img2": "https://img-cf.kurly.com/shop/data/goodsview/20200311/gv40000085127_1.jpg", "description": "람부탄은 털 모양의 돌기가 있는 동그란 모양의 열대 과일이에요. 붉고 독특한 겉껍질과 달리 흰색의 과육은 달콤한 과즙을 가득 머금고 있죠. 바삭은 람부탄을 처음 맛보는 분들도 부담 없이 즐길 수 있도록 과일 그대로 동결건조해 바삭한 스낵으로 만들었어요. 한입에 바삭하게 씹혀 입에서 사르르 녹는 람부탄을 즐겨보세요. 가벼운 식감이기에 아이들 간식으로도 더할 나위 없을 거예요. ", "img3": "https://img-cf.kurly.com/shop/data/goodsview/20200311/gv40000085129_1.jpg", "option_name_list": [], "option_price_list": []},
{"img1": "https://img-cf.kurly.com/shop/data/goods/1578377794771y0.jpg", "name": "[아넬라] 짜먹는 아넬라 HOP 3종", "summary": "행복한 시간을 만드는 과일 퓨레", "price": "2,500원", "discount_rate": 0, "unit": "1팩", "amount": "100g", "package": "냉장/종이포장", "made_in": "", "img2": "https://img-cf.kurly.com/shop/data/goodsview/20200107/gv20000076932_1.jpg", "description": "새콤달콤한 과일의 영양을 간편하게, 자주 챙겨주고 싶은 분들이라면 아넬라의 과일 퓨레에 절로 눈이 갈 거예요. 사랑하는 손녀에게 좋은 것을 먹이고 싶은 할아버지의 마음으로 만든 퓨레 제품인데요. 컬리는 아넬라의 퓨레 중에서도 인기가 많은 제품을 골라 짜먹는 타입으로 완성한 아넬라 HOP을 소개할게요. 글로벌 G.A.P 인증을 받은 과일을 원재료로 사용해 믿고 먹을 수 있는 것은 물론, 어떤 첨가물도 없이 담아내 더욱 안심입니다. 실온 보관이 가능하고, 스푼을 준비하는 등의 번거로움이 없어 더욱 요긴하지요. 외출용이나 휴대용으로 구비하면 언제 어디서나 달콤한 맛을 전해줄 수 있을 거예요. ", "img3": "https://img-cf.kurly.com/shop/data/goodsview/20200107/gv30000076940_1.jpg", "option_name_list": [" [아넬라] 짜먹는 아넬라 HOP 사과", " [아넬라] 짜먹는 아넬라 HOP 사과 & 배", "[아넬라] 짜먹는 아넬라 HOP 사과 & 바나나"], "option_price_list": ["2,500원", "2,500원", "2,500원"]},
{"img1": "https://img-cf.kurly.com/shop/data/goods/157741435037y0.jpg", "name": "[몸애수호] 아이튼튼녹용 2종", "summary": "성장기 아이를 위한 녹용 추출물", "price": "16,000원", "discount_rate": 0, "unit": "1박스", "amount": "옵션별 상이", "package": "상온/종이포장", "made_in": "", "img2": "https://img-cf.kurly.com/shop/data/goodsview/20191227/gv30000075548_1.jpg", "description": "녹용 속에는 철, 칼슘, 인, 아미노산 등의 무기질이 함유되어 있어요. 때문에 녹용을 재료로 사용해 만든 각종 식품을 꾸준히 즐겨 찾는 분들도 많으실 텐데요. 컬리는 성장기 어린이를 위한 녹용 추출액을 준비했습니다. 녹용과 6년근 홍삼을 배합하여 추출한 뒤 망고와 사과 농축액을 함께 담아 아이들이 한결 맛있게 먹을 수 있도록 배려했어요. 설탕 대신 유산균의 먹이가 되는 프락토올리고당을 첨가하여 자연스러운 단맛을 자아내지요. 파우치 형태에 포장되어 있기에 섭취와 휴대가 간편할 거예요. ", "img3": "https://img-cf.kurly.com/shop/data/goodsview/20191227/gv00000075556_1.jpg", "option_name_list": ["[몸애수호] 아이튼튼녹용 10포", " [몸애수호] 아이튼튼녹용 30포"], "option_price_list": ["16,000원", "46,000원"]},
{"img1": "https://img-cf.kurly.com/shop/data/goods/1577414048180y0.jpg", "name": "[몸애수호] 어린이녹용 2종", "summary": "아이도 맛있게 즐기는 녹용", "price": "19,900원", "discount_rate": 0, "unit": "1박스", "amount": "옵션별 상이", "package": "상온/종이포장", "made_in": "", "img2": "https://img-cf.kurly.com/shop/data/goodsview/20191227/gv40000075543_1.jpg", "description": "녹용 속에는 철, 칼슘, 인, 아미노산 등의 무기질이 함유되어 있어요. 때문에 녹용을 재료로 사용한 각종 식품을 꾸준히 즐겨 찾는 분들도 많으실 텐데요. 컬리는 자라나는 아이에게 꼭 알맞은 녹용 추출액을 준비했습니다. 녹용과 6년근 홍삼을 배합하여 추출한 뒤 파인애플과 사과 농축액을 함께 담아 아이들이 거부감 없이 맛있게 먹을 수 있도록 했어요. 설탕 대신 유산균의 먹이가 되는 프락토올리고당을 첨가하여 자연스러운 단맛을 자아냈답니다. 7~13세 어린이에게 권할게요. 파우치 형태에 포장되어 있으니 언제 어디서든 간편하게 섭취할 수 있을 거예요. ", "img3": "https://img-cf.kurly.com/shop/data/goodsview/20191227/gv20000075554_1.jpg", "option_name_list": ["[몸애수호] 어린이녹용 10포", "[몸애수호] 어린이녹용 30포"], "option_price_list": ["19,900원", "59,000원"]},
{"img1": "https://img-cf.kurly.com/shop/data/goods/1577412465546y0.jpg", "name": "[또또맘] 리얼 치즈구마 2종", "summary": "아이들이 먹기 편한 고구마와 치즈의 부드러운 조화", "price": "1,750원", "discount_rate": 0, "unit": "1개/ 10개 ", "amount": "20g(1개) / 20g(10개) ", "package": "상온/종이포장", "made_in": "", "img2": "https://img-cf.kurly.com/shop/data/goodsview/20191220/gv10000074318_1.jpg", "description": "아이가 하나씩 쏙 빼 먹기 좋은 건강 간식을 소개할게요. 국내에서 재배한 고구마를 쪄서 만든 또또맘의 리얼이구마예요. 껍질째 찐 고구마의 껍질을 벗겨 수분과 섬유질 등의 영양소가 빠져나가지 않도록 맷돌로 으깬 뒤 뭉치고, 카망베르 치즈를 더해 완성했어요. 식품첨가물을 첨가하지 않고, 10시간동안 65℃의 온도에서 열풍 건조하여 고구마 본연의 단맛을 최대한 보존했습니다. 20g 소용량으로 개별 포장해 휴대도 간편하지요. 외출할 때 아이의 간식으로, 또 출출한 우리 가족의 주전부리로도 제격인 리얼이구마를 컬리에서 만나보세요. ", "img3": "https://img-cf.kurly.com/shop/data/goodsview/20191220/gv30000074390_1.jpg", "option_name_list": ["[또또맘] 리얼치즈구마20gx10개", "[또또맘] 리얼치즈구마20gx1개"], "option_price_list": ["16,900원", "1,750원"]},
{"img1": "https://img-cf.kurly.com/shop/data/goods/1577356913622y0.jpg", "name": "[또또맘] 리얼이구마  2종", "summary": "껍질째 쪄낸 우리아이 고구마 간식", "price": "1,750원", "discount_rate": 0, "unit": "1개/ 10개", "amount": "20g(1개)/ 20g(10개) ", "package": "상온/종이포장", "made_in": "", "img2": "https://img-cf.kurly.com/shop/data/goodsview/20191226/gv20000057775_1.jpg", "description": "아이가 하나씩 쏙 빼 먹기 좋은 건강 간식을 소개할게요. 국내에서 재배한 고구마를 쪄서 만든 또또맘의 리얼이구마예요. 껍질째 찐 고구마의 껍질을 벗겨 수분과 섬유질 등의 영양소가 빠져나가지 않도록 맷돌로 으깬 뒤 뭉쳐 완성했지요. 식품첨가물을 첨가하지 않고, 10시간동안 65℃의 온도에서 열풍 건조하여 고구마 본연의 단맛을 최대한 보존했습니다. 20g 소용량으로 개별 포장해 휴대도 간편해요. 외출할 때 아이의 간식으로, 또 출출한 우리 가족의 주전부리로도 제격인 리얼이구마를 컬리에서 만나보세요. ", "img3": "https://img-cf.kurly.com/shop/data/goodsview/20191226/gv40000075517_1.jpg", "option_name_list": ["[또또맘] 리얼이구마 20gx10개", "[또또맘] 리얼이구마 20gx1개"], "option_price_list": ["16,900원", "1,750원"]},
{"img1": "https://img-cf.kurly.com/shop/data/goods/1574666084875y0.jpg", "name": "[함소아] 홍키통키 프라임 그린 2단계", "summary": "5세부터 7세 어린이용", "price": "84,000원", "discount_rate": "30%", "unit": "1박스", "amount": "15mL * 30포", "package": "상온/종이포장", "made_in": "", "img2": "https://img-cf.kurly.com/shop/data/goodsview/20191125/gv20000069520_1.jpg", "description": "우리 아이 면역력 증진과 피로 개선에 도움을 줄 수 있는 건강기능식품을 만나보세요. 6년근 홍삼농축액을 주원료로 넣고, 부원료로 녹용, 오미자, 도라지 등을 사용한 식물혼합농축액과 버섯추출물을 더한 홍키통키 프라임 그린이랍니다. 어린이전문 함소아의 노하우로 홍삼 특유의 쓴 맛은 줄이고 부원료로 프락토올리고당과 딸기농축액을 넣어 아이들이 한결 맛있게 섭취할 수 있도록 배려했어요. 1포를 기준으로 진세노사이드 Rg1, Rb1 및 Rg3의 합 6.5mg이 들어있으니 면역력이 걱정되는 어린이에게 건네보세요.", "img3": "https://img-cf.kurly.com/shop/data/goodsview/20191125/gv00000069525_1.jpg", "option_name_list": [], "option_price_list": []},
{"img1": "https://img-cf.kurly.com/shop/data/goods/1574668074322y0.jpg", "name": "[함소아] 홍키통키 프라임 블루 3단계", "summary": "8세부터 10세 어린이용", "price": "91,000원", "discount_rate": "30%", "unit": "1박스", "amount": "20mL * 30포", "package": "상온/종이포장", "made_in": "", "img2": "https://img-cf.kurly.com/shop/data/goodsview/20191125/gv40000069542_1.jpg", "description": "우리 아이 면역력 증진과 피로 개선에 도움을 줄 수 있는 건강기능식품을 만나보세요. 6년근 홍삼농축액을 주원료로 넣고, 부원료로 녹용, 지황, 복령 등을 사용한 식물혼합농축액과 버섯추출물을 더한 홍키통키 프라임 블루랍니다. 어린이전문 함소아의 노하우로 홍삼 특유의 쓴 맛은 줄이고 부원료로 프락토올리고당과 블루베리농축액을 넣어 아이들이 한결 맛있게 섭취할 수 있도록 배려했어요. 1포를 기준으로 진세노사이드 Rg1, Rb1 및 Rg3의 합 7.5mg이 들어있으니 면역력이 걱정되는 성장기 어린이에게 건네보세요.", "img3": "https://img-cf.kurly.com/shop/data/goodsview/20191125/gv00000069558_1.jpg", "option_name_list": [], "option_price_list": []},
{"img1": "https://img-cf.kurly.com/shop/data/goods/1574670046152y0.jpg", "name": "[함소아] 홍키통키 프라임 레드 4단계", "summary": "11세부터 13세 어린이용", "price": "98,000원", "discount_rate": "30%", "unit": "1박스", "amount": "20mL * 30포", "package": "상온/종이포장", "made_in": "", "img2": "https://img-cf.kurly.com/shop/data/goodsview/20191125/gv10000069562_1.jpg", "description": "우리 아이 면역력 증진과 피로 개선에 도움을 줄 수 있는 건강기능식품을 만나보세요. 6년근 홍삼농축액을 주원료로 넣고, 부원료로 녹용, 석창포, 복령 등을 사용한 식물혼합농축액과 버섯추출물을 더한 홍키통키 프라임 레드랍니다. 어린이전문 함소아의 노하우로 홍삼 특유의 쓴 맛은 줄이고 부원료로 프락토올리고당과 블루베리농축액을 넣어 아이들이 한결 맛있게 섭취할 수 있도록 배려했어요. 1포를 기준으로 진세노사이드 Rg1, Rb1 및 Rg3의 합 8mg이 들어있으니 면역력이 걱정되는 성장기 어린이에게 건네보세요.", "img3": "https://img-cf.kurly.com/shop/data/goodsview/20191125/gv20000069567_1.jpg", "option_name_list": [], "option_price_list": []},
{"img1": "https://img-cf.kurly.com/shop/data/goods/1574659701419y0.jpg", "name": "[함소아] 함소아 비타민D 1000IU 1통", "summary": "톡 씹어먹는 파인애플맛 비타민D", "price": "22,500원", "discount_rate": "25%", "unit": "1통", "amount": "130mg * 60캡슐", "package": "상온/종이포장", "made_in": "", "img2": "https://img-cf.kurly.com/shop/data/goodsview/20191125/gv20000069449_1.jpg", "description": "야외 활동이 줄고 실내 활동이 늘어나면서 비타민D 합성이 점점 어려워지는 것은 아이들도 예외가 아니예요. 그럴 때는 어린이 전문 함소아의 비타민D 한 알로 간편하게 햇살 에너지를 충전해보세요. 주원료로 스위스 DSM사의 프리미엄 비타민 D3(Quali®-D)를 넣고, 부원료로 율무를 비롯한 4가지 전통 원료를 배합했답니다. 톡 터지는 츄어블 캡슐 형태에 부원료로 달콤한 파인애플맛을 더해 맛있게 섭취할 수 있지요. 1통에 두 달 분량을 채웠으니 비타민D 섭취가 필요할 때 찾아보세요.", "img3": "https://img-cf.kurly.com/shop/data/goodsview/20191125/gv40000069454_1.jpg", "option_name_list": [], "option_price_list": []},
{"img1": "https://img-cf.kurly.com/shop/data/goods/1574657279248y0.jpg", "name": "[함소아] 하루비타민 1개월", "summary": "어린이를 위한 츄어블 비타민", "price": "30,000원", "discount_rate": "40%", "unit": "1박스", "amount": "30포", "package": "상온/종이포장", "made_in": "", "img2": "https://img-cf.kurly.com/shop/data/goodsview/20191125/gv10000069430_1.jpg", "description": "성장기에는 단위 체중 당 영양소 필요량이 높지만 식사만으로는 필요한 영양을 충분히 섭취하기 어렵지요. 그럴 때는 어린이 전문 함소아의 탄탄한 영양설계로 만든 하루비타민을 챙겨보세요. 귀여운 버스 모양의 정제 3알에 성장 발달에 필요한 5가지 기능을 담았답니다. 과일, 채소를 잘 섭취하지 않는 아이나 활동량이 많아 에너지 소모가 큰 아이에게 매일 1포씩 건네보세요. 달콤한 분홍색 칼슘정제를 먼저 먹고 새콤한 노란색 비타민 정제를 섭취하면 더 맛있게 먹을 수 있을 거예요.", "img3": "https://img-cf.kurly.com/shop/data/goodsview/20191125/gv20000069435_1.jpg", "option_name_list": [], "option_price_list": []},
{"img1": "https://img-cf.kurly.com/shop/data/goods/1573538959324y0.jpg", "name": "[아티장비스킷] 2by2 비스킷 4종", "summary": "이야기를 담은 수제 과자", "price": "7,500원", "discount_rate": 0, "unit": "1박스", "amount": "100g", "package": "상온/종이포장", "made_in": "", "img2": "https://img-cf.kurly.com/shop/data/goodsview/20191112/gv00000067838_1.jpg", "description": "동화책을 마주하는 순간만큼 다 자란 마음을 너그럽게 보듬어주는 시간이 있을까요. 동화 속 이야기가 쿠키로 살아난다는 건 상상만으로 즐거운 일이 될 테지요. 2by2의 비스킷 4종은 아이들 가슴에도, 어른들 가슴에도 따스하게 숨 쉬는 명작 동화를 모티프로 만든 수제 과자입니다. 80년의 역사와 기술을 지닌 아티장비스킷은 대를 이어 사용한 오래된 몰드에 반죽을 담아 구워요. 동화 속에서 튀어나온 듯 토끼와 거북이, 까마귀 등을 정교하게 제작한 솜씨가 놀랍습니다. 천연 재료로 만든 것은 물론 바삭하게 부서지는 식감이 좋아 우유, 차, 커피와도 잘 어울립니다. 지나치게 달지 않아 자꾸 집어 먹게 되지요. 원하는 비스킷을 골라 아이와 함께 조곤조곤 이야기하며 즐겁고 유쾌한 시간을 보내세요. ", "img3": "https://img-cf.kurly.com/shop/data/goodsview/20191112/gv10000067846_1.jpg", "option_name_list": ["[아티장비스킷] 바닐라 비스킷", "[아티장비스킷] 토피 비스킷", "[아티장비스킷] 피치 비스킷", "[아티장비스킷] 체리 비스켓"], "option_price_list": ["7,500원", "7,500원", "7,500원", "7,500원"]},
{"img1": "https://img-cf.kurly.com/shop/data/goods/1573539136236y0.jpg", "name": "[아티장비스킷] 2by2 비스킷 틴케이스 2종", "summary": "이야기가 있는 비스킷 선물", "price": "24,000원", "discount_rate": 0, "unit": "1박스", "amount": "옵션별 상이", "package": "상온/종이포장", "made_in": "", "img2": "https://img-cf.kurly.com/shop/data/goodsview/20191112/gv30000067847_1.jpg", "description": "아이들 가슴에도, 어른들 가슴에도 따스하게 숨 쉬는 명작 동화를 쿠키로 즐기는 것은 상상만으로 즐거운 일입니다. 80년의 역사와 기술을 지닌 아티장비스킷은 대를 이어 사용한 몰드에 반죽을 담아 비스킷을 구워요. 노아의 방주에 실린 동물과 사랑에 빠진 부엉이와 고양이의 이야기를 모티프로 동물 모양 비스킷을 만들고 삽화가 그려진 틴케이스에 담았어요. 배 모양의 틴케이스와 런치 박스이자 귀중품 상자를 떠오르게 만드는 틴케이스가 소장 가치를 불러일으킵니다. 이야기의 주인공을 쏙 빼다 닮은 비스킷은 천연 재료로 만든 것은 물론 바삭하게 부서지는 식감이 좋아 우유, 차, 커피와도 잘 어울립니다. 아이와 함께 나눌 수 있는 비스킷을 골라 달콤한 시간을 보낸다면 잊지 못할 소중한 추억을 선물하게 될 거예요.", "img3": "https://img-cf.kurly.com/shop/data/goodsview/20191112/gv00000067853_1.jpg", "option_name_list": ["[아티장비스킷] 노아의 방주 쿠키 틴케이스", "[아티장비스킷] 바닐라 비스켓 틴케이스"], "option_price_list": ["24,000원", "24,000원"]},
{"img1": "https://img-cf.kurly.com/shop/data/goods/158131362532y0.jpg", "name": "[록야] 부드러운 로스팅 콩 25g 3종", "summary": "맛있게 볶아낸 볶음콩 (백태, 검은콩, 초콩)", "price": "1,500원", "discount_rate": 0, "unit": "1봉", "amount": "25g", "package": "상온/종이포장", "made_in": "상품별 상이", "img2": "https://img-cf.kurly.com/shop/data/goodsview/20200210/gv20000080911_1.jpg", "description": "영양 간식이라고 할 때 아몬드, 호두 같은 견과류만 떠올렸었다면, 지금 소개하는 부드러운 로스팅 콩을 만난 뒤부터는 바삭한 볶음콩을 먼저 떠올리게 될 거예요. 국산 백태와 검정콩을 볶아 한 번에 먹기 좋은 소포장에 담은 제품이랍니다. 콩에 잘 흡수되는 특정 적외선의 파장을 이용해 식감을 부드럽게 만들고 고온에서 볶아내어 고소한 풍미를 한껏 끌어올렸어요. 샐러드나 요거트를 먹을 때 토핑으로 올려도 좋고, 곱게 빻아 우유에 섞어 마시기에도 알맞지요. 심심한 입을 달래줄 독특한 간식을 컬리에서 만나보세요.", "img3": "https://img-cf.kurly.com/shop/data/goodsview/20200210/gv30000080941_1.jpg", "option_name_list": ["알콩검콩 25g", " 알콩흰콩 25g", "알콩초콩 25g"], "option_price_list": ["1,900원", "1,500원", "1,700원"]},
{"img1": "https://img-cf.kurly.com/shop/data/goods/1570437357910y0.jpg", "name": "[몸애쏙쏙] 유기농 어린이 배도라지즙 2종", "summary": "달콤하게 시작하는 우리 아이 건강즙", "price": "14,310원", "discount_rate": "10%", "unit": "1상자", "amount": "100mL * 10포", "package": "기타", "made_in": "", "img2": "https://img-cf.kurly.com/shop/data/goodsview/20191007/gv10000063885_1.jpg", "description": "아이들이 먹을 식품이라면 아이들의 눈높이를 맞추는 것이 중요해요. 디자인부터 맛, 그리고 편리함까지 하나하나 신경 쓸게 많지요. 몸애쏙쏙은 아이들을 위한 맞춤형 배도라지즙을 선보입니다. 식품첨가물 없이 계약재배를 통해 수급된 국산 유기농 배와 도라지만을 착즙해 사용한 유기농 어린이 배도라지즙이에요. 아이들의 마음을 사로잡을 아기자기한 캐릭터를 그려 넣었는가 하면, 스파우트 파우치에 담아 마시기 편하도록 만들었어요. 도라지의 쌉싸름한 맛을 어려워하는 아이들을 위한 순한 아이 배도라지즙과 정제수 없이 달콤 쌉싸름함을 오롯이 담아낸 어린이 배도라지즙 2종 중 선택해보세요. 10포 알뜰하게 상자에 담아 보내드리니 선물용으로도 손색없어요.", "img3": "https://img-cf.kurly.com/shop/data/goodsview/20191007/gv10000063912_1.jpg", "option_name_list": ["[몸애쏙쏙] 유기농 순한 아이 배도라지즙", "[몸애쏙쏙] 유기농 어린이 배도라지즙"], "option_price_list": ["15,900원", "16,800원"]}