{"img1": "https://img-cf.kurly.com/shop/data/goods/1577929634835y0.jpg", "name": "[밤보네이처] 물티슈 4종", "summary": "믿고 쓸 수 있는 프리미엄 친환경 물티슈", "price": "850원", "discount_rate": 0, "unit": "EA / BOX", "amount": "옵션별 상이", "package": "상온/종이포장", "made_in": "", "img2": "https://img-cf.kurly.com/shop/data/goodsview/20191231/gv00000075996_1.jpg", "description": "아이의 청결을 위한 물티슈는 피부에 직접 닿는 거라 아무거나 쓸 수는 없지요. 쏟아져 나오는 아기 물티슈 중 안전한 물티슈를 찾기란 쉽지 않아요. 그래서 컬리는 민감한 아이들에게도 안전하게 사용할 수 있는 밤보네이처 물티슈를 가져왔어요. 밤보네이처는 덴마크 왕실에서 사용하는 기저귀 브랜드로 익히 잘 알려져 있죠. 7단계 첨단 정수 시스템으로 거른 정제수와 녹차 추출물이 들어가 자극 없이 순하고, 프리미엄 물티슈 원단을 사용해 안전하답니다. 엠보싱 패턴을 적용해 올록볼록한 쿠션감이 아이의 피부에 닿으면 한결 보드랍게 느껴질 거예요. ", "img3": "https://img-cf.kurly.com/shop/data/goodsview/20191231/gv20000076006_1.jpg", "option_name_list": ["[밤보네이처] 물티슈 휴대용 20매", "[밤보네이처] 물티슈 휴대용 20매*20팩 박스", "[밤보네이처] 물티슈 캡형 72매", " [밤보네이처] 물티슈 캡형 72매*10팩 박스"], "option_price_list": ["850원", "13,900원", "1,890원", "16,900원"]},
{"img1": "https://img-cf.kurly.com/shop/data/goods/1575534474488y0.jpg", "name": "[밤부베베] 솜사탕 사각기저귀 2종", "summary": "육아를 도와주는 만능 아이템", "price": "26,000원", "discount_rate": 0, "unit": "1개", "amount": "", "package": "상온/종이포장", "made_in": "", "img2": "https://img-cf.kurly.com/shop/data/goodsview/20191205/gv20000071437_1.jpg", "description": "천기저귀라는 이름을 가지고 있지만, 어린아이가 있는 집이라면 그 쓰임은 무궁무진해요. 컬리는 대나무 섬유가 들어가 부드러운 밤부베베의 천 기저귀를 소개할게요. 대나무 섬유는 텐셀, 모달과 같은 재생섬유예요. 부드러운 촉감으로 아이의 연약한 피부에 자극을 주지 않죠. 면보다 흡습성이 뛰어나면서 내구성도 좋아요. 크기도 커서 목욕 후 수건으로, 또 속싸개나 가벼운 이불로도 활약을 펼치니 그야말로 만능이라 불러도 아깝지 않죠. 육아 필수품 천기저귀를 2가지 종류로 준비했으니 필요에 따라 골라보세요. ", "img3": "https://img-cf.kurly.com/shop/data/goodsview/20191211/gv00000072470_1.jpg", "option_name_list": ["[밤부베베] 순한대나무 솜사탕[사각]기저귀 5장", "[밤부베베] 순한대나무 솜사탕 [사각]기저귀_디자인 3장"], "option_price_list": ["38,000원", "26,000원"]},
{"img1": "https://img-cf.kurly.com/shop/data/goods/157553917892y0.jpg", "name": "[물따로] 물티슈 2종", "summary": "화학성분이 없어 걱정 없는", "price": "27,300원", "discount_rate": 0, "unit": "1개", "amount": "", "package": "상온/종이포장", "made_in": "", "img2": "https://img-cf.kurly.com/shop/data/goodsview/20191205/gv10000071533_1.jpg", "description": null, "img3": "https://img-cf.kurly.com/shop/data/goodsview/20191205/gv20000071597_1.jpg", "option_name_list": ["[물따로] 오리지날 캡형 / 40매 12팩 60gsm+초순수일반형12팩", "[물따로] 오리지날 스페셜캡형/ 32매 12팩 75gsm+초순수캡형12팩"], "option_price_list": ["27,300원", "31,900원"]},
{"img1": "https://img-cf.kurly.com/shop/data/goods/1575459044567y0.jpg", "name": "[밤부베베] 안심기저귀 커버 6종", "summary": "편안하고 샐 틈 없이 감싸주는", "price": "19,800원", "discount_rate": "10%", "unit": "1개", "amount": "", "package": "상온/종이포장", "made_in": "", "img2": "https://img-cf.kurly.com/shop/data/goodsview/20191204/gv00000071286_1.jpg", "description": "온종일 기저귀를 차고 있는 아이의 엉덩이에 행여 발진이라도 나는 날이면 천기저귀로 바꿔봐야 하나 깊은 고민에 빠지게 되죠. 컬리가 소개하는 밤부베베의 안심기저귀 커버라면 이런 걱정을 덜어줄 수 있을 거예요. 부드럽고 신축성이 우수한 밴드로 피부에 자극이 덜함은 물론, 허벅지에 밀착되어 소변이 새지 않도록 막아주죠. 단추 대신 고급 벨크로를 달아 배기지 않고 체형에 맞게 편하게 착용할 수 있어요. 안심기저귀 커버는 전용 안심 천기저귀와 함께 사용해 보세요.", "img3": "https://img-cf.kurly.com/shop/data/goodsview/20191206/gv00000071701_1.jpg", "option_name_list": ["[밤부베베] 순한대나무 안심기저귀 커버_옐로우 / S", "[밤부베베] 순한대나무 안심기저귀 커버_옐로우 / M", "[밤부베베] 순한대나무 안심기저귀 커버_옐로우 / L", " [밤부베베] 순한대나무 안심기저귀 커버_민트 / S", "[밤부베베] 순한대나무 안심기저귀 커버_민트 / M", "[밤부베베] 순한대나무 안심기저귀 커버_민트 / L"], "option_price_list": ["22,000원", "22,000원", "22,000원", "22,000원", "22,000원", "22,000원"]},
{"img1": "https://img-cf.kurly.com/shop/data/goods/1575453729312y0.jpg", "name": "[밤부베베] 대나무 안심 천기저귀 3종", "summary": "소중한 아이를 위한 수고로움", "price": "36,000원", "discount_rate": 0, "unit": "1개", "amount": "", "package": "상온/종이포장", "made_in": "", "img2": "https://img-cf.kurly.com/shop/data/goodsview/20191204/gv40000071262_1.jpg", "description": "온종일 기저귀를 차고 있는 아이의 엉덩이에 행여 발진이라도 나는 날이면 천기저귀로 바꿔봐야 하나 깊은 고민에 빠지게 되죠. 대나무 섬유로 만들어 부드러운 밤부베베의 안심 천기저귀라면 이런 걱정을 덜어줄 수 있을 거예요. 착용하기 편한 모양새여서 커다란 천기저귀를 빠지지 않도록 여러 번 접을 필요도 없고, 세탁하기도 훨씬 수월하죠. 천기저귀 자체에 샘 방지 기능을 적용했고, 피부와 마찰이 잦은 부분은 부드러운 원단으로 꼼꼼하게 마감했어요. 소변량이 많을 때는 더블러를 덧대서 사용할 수도 있어요. 안심 천기저귀는 전용 커버와 함께 사용해 보세요.", "img3": "https://img-cf.kurly.com/shop/data/goodsview/20191205/gv10000071335_1.jpg", "option_name_list": ["[밤부베베] 순한대나무 안심 천기저귀 3장 / S", "[밤부베베] 순한대나무 안심 천기저귀 3장 / L", "[밤부베베] 순한대나무 안심 천기저귀 더블러"], "option_price_list": ["36,000원", "36,000원", "6,000원"]},
{"img1": "https://img-cf.kurly.com/shop/data/goods/157533652988y0.jpg", "name": "[도담이] 물티슈 5종 (box)", "summary": "온 가족이 함께 쓰는 물티슈", "price": "10,500원", "discount_rate": 0, "unit": "1개", "amount": "", "package": "기타", "made_in": "", "img2": "https://img-cf.kurly.com/shop/data/goodsview/20191203/gv10000070618_1.jpg", "description": null, "img3": "https://img-cf.kurly.com/shop/data/goodsview/20191203/gv30000070637_1.jpg", "option_name_list": [" [도담이] 로즈골드 물티슈 100매 캡형 1BOX", " [도담이] 소프트플레인 물티슈 100매 캡형 1BOX", " [도담이] 소프트플레인 물티슈 100매 리필형 1BOX", "[도담이] 클래식엠보 물티슈 100매 캡형 1BOX", " [도담이] 클래식엠보 물티슈 100매 리필형 1BOX"], "option_price_list": ["10,500원", "11,500원", "11,450원", "14,800원", "12,870원"]},
{"img1": "https://img-cf.kurly.com/shop/data/goods/157493278546y0.jpg", "name": "[밤부베베] 거즈 손수건 4종", "summary": "대나무섬유로 만든 안심 신생아 가재 손수건4종", "price": "13,000원", "discount_rate": 0, "unit": "1개", "amount": "", "package": "상온/종이포장", "made_in": "", "img2": "https://img-cf.kurly.com/shop/data/goodsview/20191128/gv20000070162_1.jpg", "description": "어린아이가 있는 집이라면 거즈 손수건의 쓰임은 무궁무진하죠. 얼굴이나 손을 닦을 때는 물론이고 쌀쌀할 때는 스카프로도 활약을 펼쳐요. 컬리는 대나무 섬유가 들어가 부드러운 밤부베베의 거즈 손수건을 소개할게요. 대나무 섬유는 텐셀, 모달과 같은 재생섬유예요. 부드러운 촉감으로 아이의 연약한 피부에 자극을 주지 않고, 면보다 흡습성이 뛰어난데다 내구성도 좋지요. 오리지널 거즈 손수건부터 대나무 섬유 함량을 높인 센서티브, 도톰한 엠보까지 4가지 종류로 준비했으니 필요에 따라 골라보세요. ", "img3": "https://img-cf.kurly.com/shop/data/goodsview/20191211/gv00000072471_1.jpg", "option_name_list": ["[밤부베베] 순한대나무 솜사탕 거즈손수건 센서티브10장", "[밤부베베] 오리지널 순한 대나무 솜사탕 거즈손수건 10장", "[밤부베베] 순한 대나무 솜사탕 거즈손수건 디자인 6장", "[밤부베베] 순한 대나무 아기풀꽃 엠보손수건 6장40x40cm"], "option_price_list": ["19,000원", "17,000원", "13,000원", "18,000원"]},
{"img1": "https://img-cf.kurly.com/shop/data/goods/1574321749278y0.jpg", "name": "[하기스] 네이처메이드 오가닉 BOX 7종", "summary": "보송보송한 순면 밴드형 기저귀", "price": "68,900원", "discount_rate": 0, "unit": "1개", "amount": "", "package": "기타", "made_in": "", "img2": "https://img-cf.kurly.com/shop/data/goodsview/20191121/gv10000069096_1.jpg", "description": "밀폐된 기저귀 속 습한 환경은 아이의 연약한 피부를 자극하기 마련이죠. 그래서 기저귀의 소재나 통기성, 흡수성 등을 세밀하게 따져 고르게 되는데요. 컬리는 이 조건에 꼭 맞는 하기스의 네이처메이드 오가닉을 선보여요. 기존 하기스의 네이처메이드 라인과 다르게 안쪽 커버에 100% 유기농 순면을 더한 밴드형 기저귀입니다. 흡수력이 좋아 수분을 꽉 잡아주고, 송송 뚫린 에어매쉬 구조의 커버가 습기와 열기를 빠르게 배출시켜 주지요. 샘 방지 포켓을 엉덩이 뒷쪽에 적용해 묽은 변도 새지 않게 도와주고요. 더마테스트의 피부자극테스트도 거쳤으니 안심하고 사용해도 좋아요. 아이의 성장 단계는 물론 국내 남, 여아의 체형을 각각 고려해 디자인을 설계했으니 아이에게 편안함을 선사할 거예요.", "img3": "https://img-cf.kurly.com/shop/data/goodsview/20191121/gv20000069120_1.jpg", "option_name_list": ["[하기스] 네이처메이드 오가닉 1단계 공용 60매 3팩", "[하기스] 네이처메이드 오가닉 2단계 남아 50매 3팩", "[하기스] 네이처메이드 오가닉 2단계 여아 50매 3팩", "[하기스] 네이처메이드 오가닉 3단계 남아 64매 2팩", "[하기스] 네이처메이드 오가닉 3단계 여아 64매 2팩", "[하기스] 네이처메이드 오가닉 4단계 남아 52매 2팩", " [하기스] 네이처메이드 오가닉 4단계 여아 52매 2팩"], "option_price_list": ["68,900원", "68,900원", "68,900원", "68,900원", "68,900원", "68,900원", "68,900원"]},
{"img1": "https://img-cf.kurly.com/shop/data/goods/157162100060y0.jpg", "name": "[리베로] Comfort 밴드형 4종(박스)", "summary": "북유럽 3개국 점유율 1위 브랜드", "price": "79,600원", "discount_rate": 0, "unit": "1개", "amount": "", "package": "상온/종이포장", "made_in": "", "img2": "https://img-cf.kurly.com/shop/data/goodsview/20191021/gv00000065093_1.jpg", "description": "스웨덴, 노르웨이, 덴마크의 유아동 카테고리 내에서 점유율 1위를 차지한 브랜드를 이제 컬리에서 만나보세요. 아이의 성장에 따라 구분해 놓은 단계별 제품마다 북유럽 감성이 함뿍 담겨있는 귀여운 캐릭터 디자인이 입혀진 기저귀랍니다. 깐깐한 북유럽 친환경 인증을 받아 안심하고 사용할 수 있어요. 납작하다고 느낄 정도로 얇아 통기성이 무척 좋으면서도 흡수력도 뛰어나답니다. 안감에 로션 처리를 하지 않아 피부가 민감함 아이들이 쓰기에도 손색이 없을 거예요. ", "img3": "https://img-cf.kurly.com/shop/data/goodsview/20191021/gv20000065228_1.jpg", "option_name_list": ["[리베로] Comfort 밴드형 4단계 60매X4팩,6~11kg 1BOX", "[리베로] Comfort 밴드형 5단계 56매X4팩,9~14kg 1BOX", "[리베로] Comfort 밴드형 6단계 52매X4팩, 12~17kg 1BOX", "[리베로] Comfort 밴드형 7단계 42매X4팩, 25kg 1BOX"], "option_price_list": ["79,600원", "79,600원", "79,600원", "79,600원"]},
{"img1": "https://img-cf.kurly.com/shop/data/goods/1571620881979y0.jpg", "name": "[리베로] Comfort 밴드형 4종(1팩)", "summary": "북유럽 3개국 점유율 1위 브랜드", "price": "21,000원", "discount_rate": 0, "unit": "1개", "amount": "", "package": "상온/종이포장", "made_in": "", "img2": "https://img-cf.kurly.com/shop/data/goodsview/20191021/gv20000065088_1.jpg", "description": "스웨덴, 노르웨이, 덴마크의 유아동 카테고리 내에서 점유율 1위를 차지한 브랜드를 이제 컬리에서 만나보세요. 아이의 성장에 따라 구분해 놓은 단계별 제품마다 북유럽 감성이 함뿍 담겨있는 귀여운 캐릭터 디자인이 입혀진 기저귀랍니다. 깐깐한 북유럽 친환경 인증을 받아 안심하고 사용할 수 있어요. 납작하다고 느낄 정도로 얇아 통기성이 무척 좋으면서도 흡수력도 뛰어나답니다. 안감에 로션 처리를 하지 않아 피부가 민감함 아이들이 쓰기에도 손색이 없을 거예요. ", "img3": "https://img-cf.kurly.com/shop/data/goodsview/20191021/gv00000065226_1.jpg", "option_name_list": ["[리베로] Comfort 밴드형 4단계 60매,6~11kg1팩", "[리베로] Comfort 밴드형 5단계 56매,9~14kg1팩", "[리베로] Comfort 밴드형 6단계 52매, 12~17kg1팩", "[리베로] Comfort 밴드형 7단계 42매, 25kg1팩"], "option_price_list": ["21,000원", "21,000원", "21,000원", "21,000원"]},
{"img1": "https://img-cf.kurly.com/shop/data/goods/1571621207413y0.jpg", "name": "[리베로] UP&GO 팬티형 3종(박스)", "summary": "북유럽 3개국 점유율 1위 브랜드", "price": "79,600원", "discount_rate": 0, "unit": "1개", "amount": "", "package": "상온/종이포장", "made_in": "", "img2": "https://img-cf.kurly.com/shop/data/goodsview/20191021/gv00000065101_1.jpg", "description": "스웨덴, 노르웨이, 덴마크의 유아동 카테고리 내에서 점유율 1위를 차지한 브랜드를 이제 컬리에서 만나보세요. 깐깐한 Nordic Eco Label을 받아 안심하고 사용할 수 있어요. 납작하다고 느낄 정도로 얇아 통기성이 무척 좋으면서도 흡수력도 뛰어나답니다. 마감 부분도 섬세해요. 기저귀 양옆의 봉제선이 바깥으로 빠진 엘라스틱 사이드 패널 디자인으로 아기의 여린 살에 자국이 남지 않게 했지요. 안감에 로션 처리를 하지 않아 피부가 민감함 아이들이 쓰기에도 손색이 없을 거예요. ", "img3": "https://img-cf.kurly.com/shop/data/goodsview/20191021/gv10000065232_1.jpg", "option_name_list": ["[리베로] UP&GO 팬티형 5단계 42매X4팩,10~14kg 1BOX", "[리베로] UP&GO 팬티형 6단계 40매X4팩, 13~20kg 1BOX", "[리베로] UP&GO 팬티형 7단계 36매X4팩, 16~26kg 1BOX"], "option_price_list": ["79,600원", "79,600원", "79,600원"]},
{"img1": "https://img-cf.kurly.com/shop/data/goods/157162110183y0.jpg", "name": "[리베로] UP&GO 팬티형 3종(1팩)", "summary": "북유럽 3개국 점유율 1위 브랜드", "price": "21,000원", "discount_rate": 0, "unit": "1개", "amount": "", "package": "상온/종이포장", "made_in": "", "img2": "https://img-cf.kurly.com/shop/data/goodsview/20191021/gv10000065097_1.jpg", "description": "스웨덴, 노르웨이, 덴마크의 유아동 카테고리 내에서 점유율 1위를 차지한 브랜드를 이제 컬리에서 만나보세요. 깐깐한 Nordic Eco Label을 받아 안심하고 사용할 수 있어요. 납작하다고 느낄 정도로 얇아 통기성이 무척 좋으면서도 흡수력도 뛰어나답니다. 마감 부분도 섬세해요. 기저귀 양옆의 봉제선이 바깥으로 빠진 엘라스틱 사이드 패널 디자인으로 아기의 여린 살에 자국이 남지 않게 했지요. 안감에 로션 처리를 하지 않아 피부가 민감함 아이들이 쓰기에도 손색이 없을 거예요. ", "img3": "https://img-cf.kurly.com/shop/data/goodsview/20200117/gv00000078403_1.jpg", "option_name_list": ["[리베로] UP&GO 팬티형 5단계 42매,10~14kg1팩", "[리베로] UP&GO 팬티형 6단계 40매, 13~20kg1팩", "[리베로] UP&GO 팬티형 7단계 36매, 16~26kg1팩"], "option_price_list": ["21,000원", "21,000원", "21,000원"]},
{"img1": "https://img-cf.kurly.com/shop/data/goods/1572583152450y0.jpg", "name": "[네띠] 팬티형 기저귀 3종 (1팩)", "summary": "자연친화적인 북유럽 기저귀", "price": "14,900원", "discount_rate": 0, "unit": "1팩", "amount": "", "package": "상온/종이포장", "made_in": "", "img2": "https://img-cf.kurly.com/shop/data/goodsview/20191101/gv30000066614_1.jpg", "description": "오죽하면 '기저귀 유목민'이라는 말이 생겨났을까요. 하나의 기저귀에 정착하지 못하고 조금이라도 더 좋은 기저귀를 찾아 헤매고 계신다면, 네띠의 제품을 한 번 사용해 보세요. 동물성 원료 배제, 동물 실험을 일절하지 않아 비건 인증을 받았고, TUV 오스트리아를 통해 재생 가능한 원료(기저귀 패키지 부문)를 사용했다는 점을 확인 받았죠. 스웨덴 천식/알레르기 협회의 기준, 알레르기 유발 물질 및 자극적인 물질이 없는 제품이기도 합니다. 네띠 기저귀는 밴드형과 팬티형으로 나뉘는데요. 이번에 소개하는 제품은 팬티형 기저귀예요. 네띠와 함께 기저귀 유목민 생활에 마침표를 찍어 보세요.", "img3": "https://img-cf.kurly.com/shop/data/goodsview/20191101/gv20000066620_1.jpg", "option_name_list": ["[네띠] 기저귀 팬티형 4단계22매 1팩", "[네띠] 기저귀 팬티형 5단계20매 1팩", " [네띠] 기저귀 팬티형 6단계18매 1팩"], "option_price_list": ["14,900원", "14,900원", "14,900원"]},
{"img1": "https://img-cf.kurly.com/shop/data/goods/1572582923293y0.jpg", "name": "[네띠] 밴드형 기저귀 5종 (1팩)", "summary": "자연친화적인 북유럽 기저귀", "price": "14,900원", "discount_rate": 0, "unit": "1팩", "amount": "", "package": "상온/종이포장", "made_in": "", "img2": "https://img-cf.kurly.com/shop/data/goodsview/20191101/gv10000066606_1.jpg", "description": "오죽하면 '기저귀 유목민'이라는 말이 생겨났을까요. 하나의 기저귀에 정착하지 못하고 조금이라도 더 좋은 기저귀를 찾아 헤매고 계신다면, 네띠의 제품을 한 번 사용해 보세요. 동물성 원료 배제, 동물 실험을 일절하지 않아 비건 인증을 받았고, TUV 오스트리아를 통해 재생 가능한 원료(기저귀 패키지 부문)를 사용했다는 점을 확인 받았죠. 스웨덴 천식/알레르기 협회의 기준, 알레르기 유발 물질 및 자극적인 물질이 없는 제품이기도 합니다. 네띠 기저귀는 밴드형과 팬티형으로 나뉘는데요. 이번에 소개하는 제품은 선택의 폭이 넓은 밴드형 기저귀 5종이에요. 네띠와 함께 기저귀 유목민 생활에 마침표를 찍어 보세요.", "img3": "https://img-cf.kurly.com/shop/data/goodsview/20191101/gv10000066613_1.jpg", "option_name_list": ["[네띠] 기저귀 밴드형 2단계33매 1팩", "[네띠] 기저귀 밴드형 3단계30매 1팩", "[네띠] 기저귀 밴드형 4단계26매 1팩", "[네띠] 기저귀 밴드형 5단계22매 1팩", "[네띠] 기저귀 밴드형 6단계17매 1팩"], "option_price_list": ["14,900원", "14,900원", "14,900원", "14,900원", "14,900원"]},
{"img1": "https://img-cf.kurly.com/shop/data/goods/1570778709195y0.jpg", "name": "[클레보스] 레이온 100% 물티슈 3종(Box)", "summary": "자연에서 생분해되는 저자극 엠보싱 티슈", "price": "11,900원", "discount_rate": 0, "unit": "1상자", "amount": "", "package": "기타", "made_in": "", "img2": "https://img-cf.kurly.com/shop/data/goodsview/20191011/gv00000064235_1.jpg", "description": null, "img3": "https://img-cf.kurly.com/shop/data/goodsview/20191018/gv20000065208_1.jpg", "option_name_list": ["[클레보스]넘버원 민트캡형 74매 10팩 65GSM", "[클레보스]넘버원 프라임캡형 70매 10팩 75GSM", "[클레보스]넘버원 퍼플레드 20매 휴대리필형 15팩 65GSM"], "option_price_list": ["19,500원", "21,900원", "11,900원"]},
{"img1": "https://img-cf.kurly.com/shop/data/goods/1570778433476y0.jpg", "name": "[클레보스] 레이온 100% 물티슈 3종 1팩", "summary": "자연에서 생분해되는 저자극 엠보싱 티슈", "price": "790원", "discount_rate": 0, "unit": "1팩", "amount": "", "package": "상온/종이포장", "made_in": "", "img2": "https://img-cf.kurly.com/shop/data/goodsview/20191011/gv20000064230_1.jpg", "description": null, "img3": "https://img-cf.kurly.com/shop/data/goodsview/20191011/gv20000064271_1.jpg", "option_name_list": ["[클레보스]넘버원 민트캡형 74매 1팩 65GSM", "[클레보스]넘버원 프라임캡형 70매 1팩 75GSM", "[클레보스]넘버원 퍼플레드 20매 휴대리필형 1팩 65GSM"], "option_price_list": ["1,950원", "2,190원", "790원"]}