{"img1": "https://img-cf.kurly.com/shop/data/goods/1585122971331y0.jpg", "name": "[아크로패스] 수딩큐 6매", "summary": "자극받은 피부의 진정을 돕는 패치", "price": "7,920원", "discount_rate": "10%", "unit": "1개", "amount": "", "package": "상온/종이포장", "made_in": "", "img2": "https://img-cf.kurly.com/shop/data/goodsview/20200325/gv20000087213_1.jpg", "description": "야외 활동으로 인해 자극받은 피부는 긁어서 덧나기 쉬워요. 그럴 땐 아크로패스의 수딩큐가 자극된 피부 부위의 진정을 도울 수 있어요. 수딩큐는 하이드로콜로이드 습윤밴드로 피부를 긁지 않도록 보호해요. 피부에 닿으면 녹아드는 머리카락의 1/3 굵기의 미세 바늘이 직접 유효 성분을 전달해 피부 진정을 돕죠. 자극된 피부에 부착하는 만큼 순한 성분으로 구성했으니 안심하고 사용해 보세요. ", "img3": "https://img-cf.kurly.com/shop/data/goodsview/20200325/gv00000087215_1.jpg", "option_name_list": [], "option_price_list": []},
{"img1": "https://img-cf.kurly.com/shop/data/goods/1581924869680y0.jpg", "name": "[아토엔오투] 바른 손소독제 2종", "summary": "언제 어디서나 즐기는 손 위생", "price": "6,600원", "discount_rate": 0, "unit": "1개", "amount": "", "package": "상온/종이포장", "made_in": "", "img2": "https://img-cf.kurly.com/shop/data/goodsview/20200217/gv40000081649_1.jpg", "description": "손에 있는 세균만 제거해도 대부분의 질병 걱정을 조금이나마 덜 수 있지요. 아토엔오투는 살균과 소독은 물론, 피부 건강까지 생각한 바른 손소독제를 준비했습니다. 유해세균을 제거해주는 에탄올과 식물성 보습성분으로 완성한 겔타입의 손소독제예요. 끈적임이 없는 투명한 제형에, 산뜻한 사용감까지 자랑한답니다. 피부 자극이 강하지 않아 아이들과 함께 사용하기에도 손색이 없고요. 일상 속에서 가볍게 펌핑해, 깨끗한 손을 유지해 보세요.", "img3": "https://img-cf.kurly.com/shop/data/goodsview/20200217/gv30000081651_1.jpg", "option_name_list": [" [아토엔오투] 바른 손소독제 100ml", "[아토엔오투] 바른 손소독제 500ml"], "option_price_list": ["6,600원", "19,800원"]},
{"img1": "https://img-cf.kurly.com/shop/data/goods/1579067786455y0.jpg", "name": "[리앤코 소프트] 어린이용 칫솔 2종", "summary": "어린이를 위한 초극세사 칫솔모", "price": "7,225원", "discount_rate": "15%", "unit": "1개", "amount": "", "package": "상온/종이포장", "made_in": "", "img2": "https://img-cf.kurly.com/shop/data/goodsview/20200115/gv20000078050_1.jpg", "description": "영구치가 자라기 시작할 무렵에 양치 습관은 정말로 중요하죠. 지금 소개하는 칫솔은 젖니와 영구치가 섞여 있는 어린이의 구강에 알맞은 제품이에요. 촘촘히 꽂힌 칫솔모를 주목해주세요. 칫솔모 한 가닥의 두께도 0.12mm로 무척 가늘지만, 치아에 가장 많이 닿는 끝부분은 무려 두께 0.01mm로 가공해 솜털 같은 부드러움을 자랑한답니다. 그러면서도 칫솔모를 다발로 묶어 탄성을 보완했기에 양치를 할 때 모가 흐늘거리지 않아요. 입안 구석구석 양치를 할 수 있도록 성인용에 비해 칫솔 헤드를 작게 만든 것도 특징이지요. 두 가지 색으로 준비했으니 아이 취향에 따라 선택해보세요.", "img3": "https://img-cf.kurly.com/shop/data/goodsview/20200115/gv30000078053_1.jpg", "option_name_list": ["[리앤코 소프트] 어린이용 핑크", "[리앤코 소프트] 어린이용 그린"], "option_price_list": ["8,500원", "8,500원"]},
{"img1": "https://img-cf.kurly.com/shop/data/goods/1578896991927y0.jpg", "name": "[선물세트] 블랑101 출산선물세트 3종(무향세제+시그니처 섬유유연제+무향젖병세정제)", "summary": "센스 넘치는 실속 출산 선물", "price": "49,800원", "discount_rate": 0, "unit": "1개", "amount": "", "package": "상온/종이포장", "made_in": "", "img2": "https://img-cf.kurly.com/shop/data/goodsview/20200113/gv00000077690_1.jpg", "description": "출산 선물로 어떤 걸 골라야 할지 고민 중이었다면 블랑101의 '출산선물세트 3종'을 주목해주세요. 아기를 키울 때 꼭 필요한 세 가지 생필품이 들어 있는 실속 선물세트랍니다. 아기의 연약한 피부와 입에 닿는 물건들을 세척하는 제품인 만큼 식물 유래 세정 성분과 식물성 유연 성분을 사용했지요. 덕분에 안전한 세탁, 설거지가 가능해요. 뿐만 아니라 심플하면서도 감각적인 디자인이 돋보이는 패키지는 선물용으로도 손색이 없어요. 센스 넘치는 선물세트로 축하하는 마음을 전달해보세요.", "img3": "https://img-cf.kurly.com/shop/data/goodsview/20200113/gv10000077691_1.jpg", "option_name_list": [], "option_price_list": []},
{"img1": "https://img-cf.kurly.com/shop/data/goods/1578637628552y0.jpg", "name": "[선물세트] 블랑101 출산선물세트 2종(무향세제+무향젖병세정제)", "summary": "성분 걱정 없이 안심하고 건네는", "price": "32,000원", "discount_rate": 0, "unit": "1개", "amount": "", "package": "상온/종이포장", "made_in": "", "img2": "https://img-cf.kurly.com/shop/data/goodsview/20200110/gv00000077511_1.jpg", "description": "컬리는 아기를 키울 때 꼭 필요한 생필품 두 가지를 하나로 묶은 블랑101의 '출산선물세트 2종'을 준비했어요. '출산선물세트 2종'은 무향세제와 무향젖병세정제로 구성되어 있는데요. 무향세제의 경우, 아기 피부에 직접 닿는 물건들을 세탁하는 제품인 만큼 안전기준 적합성도 꼼꼼히 확인받았답니다. 뿐만 아니라 3중 효소가 오염된 부분과 미세먼지를 효과적으로 제거해주지요. 1종 세척제인 무향젖병세정제는 에코서트 인증을 받은 식물 유래 세정 성분이 젖병 속 우유 찌꺼기와 기름기를 말끔하게 닦아내 주고요. 유해 성분 걱정 없는 출산선물세트로 축하하는 마음을 전해보세요.", "img3": "https://img-cf.kurly.com/shop/data/goodsview/20200110/gv00000077522_1.jpg", "option_name_list": [], "option_price_list": []},
{"img1": "https://img-cf.kurly.com/shop/data/goods/1577928895992y0.jpg", "name": "[나떼쌍스] 스위트 아몬드 바디오일", "summary": "100% 천연유래성분의 끈적임 없이 촉촉한 유아 오일", "price": "22,000원", "discount_rate": 0, "unit": "1개", "amount": "100ml", "package": "상온/종이포장", "made_in": "", "img2": "https://img-cf.kurly.com/shop/data/goodsview/20191231/gv20000076037_1.jpg", "description": "보습을 위해 오일만큼 좋은 것도 없지만, 끈끈하고 답답한 느낌 때문에 왠지 잘 사용하지 않게 되죠. 어른들도 그 촉감이 부담스러울 때가 있는데, 연약하고 민감한 아이들의 피부에는 얼마나 답답하게 느껴질까 생각해보면 오일도 아무거나 사용할 수 없죠. 끈적임 없고 흡수력이 좋은 동시에 보습력까지 맞춘 오일을 컬리가 준비했어요. 작은 크기로 휴대하기에도 손색이 없답니다. 건조해진 피부를 위해 100% 천연유래성분의 나떼쌍스 스위트 아몬드 오일을 선택해보세요.", "img3": "https://img-cf.kurly.com/shop/data/goodsview/20191231/gv20000076040_1.jpg", "option_name_list": [], "option_price_list": []},
{"img1": "https://img-cf.kurly.com/shop/data/goods/1576837936712y0.jpg", "name": "[케이맘] 세탁비누&세제&유연제 5종", "summary": "좋은 성분과 세척력을 고루 갖춘", "price": "1,400원", "discount_rate": 0, "unit": "1개", "amount": "", "package": "상온/종이포장", "made_in": "", "img2": "https://img-cf.kurly.com/shop/data/goodsview/20191220/gv40000074550_1.jpg", "description": null, "img3": "https://img-cf.kurly.com/shop/data/goodsview/20191220/gv30000074564_1.jpg", "option_name_list": ["[케이맘] 아기세탁비누아카시아향 1개", "[케이맘] 아기세탁비누허브향 1개", "[케이맘] 제로더스트 친환경 세탁세제 1000ml 무향", "[케이맘] 제로더스트 친환경 세탁세제 1000ml 솝향", "[케이맘] 제로더스트 섬유유연제 1000ml 화이트 플로럴향"], "option_price_list": ["1,400원", "1,400원", "10,300원", "10,300원", "9,800원"]},
{"img1": "https://img-cf.kurly.com/shop/data/goods/1576657564516y0.jpg", "name": "[네네덴트] 무불소치약 50ml", "summary": "유치 관리를 위한 순한 치약", "price": "7,600원", "discount_rate": 0, "unit": "1개", "amount": "", "package": "상온/종이포장", "made_in": "", "img2": "https://img-cf.kurly.com/shop/data/goodsview/20191218/gv00000073655_1.jpg", "description": "아이를 위한 치약을 고를 때는 성분을 하나하나 꼼꼼히 따져보게 되죠. 특히 어린 아이들은 아직 치약을 뱉어내는 데 서툴기 때문에 불소가 없는 치약을 찾게 돼요. 90년 이상 유아만을 위한 구강 케어 제품을 연구해 온 덴티녹스는 불소를 일절 함유하지 않은 '네네덴트 무불소 치약'을 선보였어요. 13%의 자일리톨 성분을 넣어 충치 예방 기능을 보완했답니다. 치아마모도(RDA) 지수도 40으로 낮아 연약한 아이의 치아가 잘 손상되지 않도록 도와줘요. 은은하게 사과 향이 나는 무불소 치약으로 아이에게 거부감 없는 양치질 습관을 만들어보세요.", "img3": "https://img-cf.kurly.com/shop/data/goodsview/20191218/gv00000073658_1.jpg", "option_name_list": [], "option_price_list": []},
{"img1": "https://img-cf.kurly.com/shop/data/goods/1576661467513y0.jpg", "name": "[글랜큐어] 겨울왕국 열냉각시트 3매입", "summary": "뒤척이는 아이를 위한 부착형 시트", "price": "1,700원", "discount_rate": "15%", "unit": "1개", "amount": "", "package": "상온/종이포장", "made_in": "", "img2": "https://img-cf.kurly.com/shop/data/goodsview/20191218/gv30000073715_1.jpg", "description": "이마 위에 올린 수건이 뒤척이는 내내 제자리에 있는 건 쉬운 일이 아니죠. 얼음주머니나 물수건 대신, 겨울왕국 열냉각시트를 사용해보세요. 이마에 붙이는 젤시트로 잦은 움직임에도 불편함 없이 사용할 수 있어요. 젤에 포함된 수분이 열을 흡수하고 발산 시키고, 10시간 가까이 지속되니 수면 시간에 특히 유용하죠. 칭얼거리는 아이를 위한 멋진 겨울왕국 캐릭터도 그려져 있어요. 자주 야외활동을 하는 아이들을 위해 미리 준비해두면 더 든든할 거예요.", "img3": "https://img-cf.kurly.com/shop/data/goodsview/20191218/gv00000073724_1.jpg", "option_name_list": [], "option_price_list": []},
{"img1": "https://img-cf.kurly.com/shop/data/goods/1576566306689y0.jpg", "name": "[글랜큐어] 디즈니/마블 일회용 밴드 4종", "summary": "고르고 모으는 캐릭터 밴드", "price": "990원", "discount_rate": 0, "unit": "1개", "amount": "", "package": "상온/종이포장", "made_in": "", "img2": "https://img-cf.kurly.com/shop/data/goodsview/20191217/gv30000073269_1.jpg", "description": "쉽게 찾아볼 수 있는 평범한 밴드들이 지루하게 느껴지셨던 분들이라면, 글랜큐어 디즈니/마블 일회용 밴드 4종을 만나보세요. 밴드에 그려진 선명한 색감과 세심한 일러스트가 돋보이는 상품이에요. 어느 것 하나 똑같은 디자인이 없어 고르고 모으는 재미도 있죠. 멋지고 귀여운 주인공들은 아이들에게도 인기 만점이에요. 평소 활동량이 많아 여기저기 가벼운 생채기가 나는 아이들을 위해 미리 준비해두면 좋겠죠. 푹신한 쿠션 패드 위에 폴리에틸렌망이 있어 상처를 보호해주고, 통기성과 신축성이 좋아 잦은 움직임에도 편안해요.", "img3": "https://img-cf.kurly.com/shop/data/goodsview/20191217/gv10000073276_1.jpg", "option_name_list": ["[글랜큐어] 푸우 일회용밴드 10매입", "[글랜큐어] 스파이더맨 일회용밴드 8매입", "[글랜큐어] 아이언맨 일회용밴드 8매입", "[글랜큐어] 겨울왕국 일회용밴드 10매입"], "option_price_list": ["990원", "990원", "990원", "990원"]},
{"img1": "https://img-cf.kurly.com/shop/data/goods/157657149380y0.jpg", "name": "[마더케이] 무형광세탁망 원형&사각 3종세트", "summary": "아이 옷을 손상없이 관리하는", "price": "13,000원", "discount_rate": 0, "unit": "1개", "amount": "", "package": "상온/종이포장", "made_in": "", "img2": "https://img-cf.kurly.com/shop/data/goodsview/20191217/gv10000073329_1.jpg", "description": "어린아이의 옷은 소재가 부드럽고 약해서 어른 옷과 따로 세탁하는 편을 권하지요. 그래서 세탁망이 유용하게 쓰이는데요. 컬리는 무형광 시험을 거쳐서 안심하고 사용할 수 있는 마더케이의 무형광 세탁망을 소개할게요. 세탁망 원단은 물론 라벨에도 형광 증백제를 첨가하지 않았어요. 누에고치 형태의 튼튼한 이중 메시 원단이 세탁 시 오염물을 바깥으로 잘 배출하는 동시에 오염물이 세탁물에 다시 붙지 않도록 막아주죠. 세탁 중에 지퍼가 열리지 않도록 이중지퍼와 커버로 마감했어요. 사각 모양과 원형 모양으로 준비했으니 쓰임에 맞게 선택하여 아이 옷을 깔끔하게 관리해 주세요.", "img3": "https://img-cf.kurly.com/shop/data/goodsview/20191217/gv30000073334_1.jpg", "option_name_list": ["[마더케이] 무형광세탁망 원형 3종세트", "[마더케이] 무형광세탁망 사각 3종세트"], "option_price_list": ["13,000원", "13,000원"]},
{"img1": "https://img-cf.kurly.com/shop/data/goods/1576578850302y0.jpg", "name": "[케이맘] 다목적 세정제 3종", "summary": "온 가족이 사용하는 세정제", "price": "4,370원", "discount_rate": "5%", "unit": "1개", "amount": "", "package": "상온/종이포장", "made_in": "", "img2": "https://img-cf.kurly.com/shop/data/goodsview/20191217/gv30000073391_1.jpg", "description": "살림이 하나하나 늘어날 때마다 용도에 맞는 세정제를 구비할 생각을 하면 막막해요. 그럴 땐 케이맘의 다목적 세정제를 활용해보세요. 부모의 마음으로 아이 용품을 만드는 마더케이의 새로운 브랜드, 케이맘은 온 가족이 함께 사용할 수 있는 다목적 세정제 3종을 선보입니다. 유아 식기는 물론 야채나 과일 세정에도 사용할 수 있는 젖병세정제, 아이 욕조부터 부엌까지 두루두루 활용하기 좋은 다목적 클리너, 그리고 옷부터 침구류까지 사용 가능한 얼룩제거제 중 활용도가 높은 것으로 선택해보세요. 식물에서 유래한 계면활성제를 사용해 찬물에도 잘 녹기에 잔여물이 남을까 하는 걱정은 덜어도 된답니다. ", "img3": "https://img-cf.kurly.com/shop/data/goodsview/20191217/gv20000073393_1.jpg", "option_name_list": ["[케이맘] 제로더스트 젖병세정제액상 400ml 그린 올리브향", "[케이맘] 제로더스트 욕조&다목적 클리너 400ml 후르티 플로럴향", "[케이맘] 제로더스트 얼룩제거제 400ml 후르티 플로럴향"], "option_price_list": ["4,600원", "4,600원", "4,600원"]},
{"img1": "https://img-cf.kurly.com/shop/data/goods/1575529224938y0.jpg", "name": "[밤부베베] 톡톡 타올  2종", "summary": "아이 피부에 보드랍게 닿는", "price": "12,420원", "discount_rate": "10%", "unit": "1개", "amount": "", "package": "상온/종이포장", "made_in": "", "img2": "https://img-cf.kurly.com/shop/data/goodsview/20191205/gv00000071432_1.jpg", "description": "아이 피부에 닿는 수건은 아무래도 신경 써서 고르게 되죠. 컬리는 오직 대나무 섬유로만 이뤄져 보드라운 밤부베베의 톡톡 타올을 소개할게요. 대나무 섬유는 텐셀, 모달과 같은 재생섬유로, 대나무 펄프에서 추출한 셀룰로오즈로 만들었어요. 면보다 흡습성이 뛰어나면서 내구성도 좋아요. 무엇보다 무척이나 부드러워서 아이의 연약한 피부에 자극을 주지 않죠. 타올을 저절로 쓰다듬고 있는 자신을 발견하게 될지도 몰라요. 2가지 크기로 준비했으니 필요에 따라 골라보세요. ", "img3": "https://img-cf.kurly.com/shop/data/goodsview/20191205/gv40000071453_1.jpg", "option_name_list": ["[밤부베베] 순한대나무 톡톡 세면타올 40X80cm", "[밤부베베] 순한대나무 톡톡 목욕타올 속싸개겸용"], "option_price_list": ["13,800원", "32,900원"]},
{"img1": "https://img-cf.kurly.com/shop/data/goods/1575854165519y0.jpg", "name": "[아토엔오투] 프리미엄 세탁세제 2종", "summary": "피부 자극 없는 세제", "price": "16,020원", "discount_rate": "10%", "unit": "1개", "amount": "", "package": "상온/종이포장", "made_in": "", "img2": "https://img-cf.kurly.com/shop/data/goodsview/20191204/gv20000071243_1.jpg", "description": "요즘 말하는 좋은 세제의 필수 조건은 피부를 자극하지 않는 순한 성분과 강한 세척력이에요. 이를 위해 아토엔오투가 많은 연구를 거듭해 선택한 성분은 알킬폴리글루코사이드(APG)랍니다. APG는 비 석유계로 옥수수, 감자, 밀 등의 천연 원료에서 추출한 글루코스를 이용해 만들어요. 여러 계면활성제 중에서도 피부 자극이 적고, 세척력은 합성원료 못지 않게 강력하죠. 수용성과 생 분해성이 우수해 옷감에 세제가 남지 않는 것도 특징이에요. 성인 의류는 물론, 영유아 빨래에도 안심하고 사용하세요.", "img3": "https://img-cf.kurly.com/shop/data/goodsview/20191209/gv00000071843_1.jpg", "option_name_list": ["[아토엔오투] 프리미엄 세탁세제_코튼파우더향 970ml", "[아토엔오투] 프리미엄 세탁 세제 970ml"], "option_price_list": ["17,800원", "21,000원"]},
{"img1": "https://img-cf.kurly.com/shop/data/goods/157543414417y0.jpg", "name": "[아토엔오투] 프리미엄 섬유유연제 3종", "summary": "안전하고 향긋한 섬유유연제", "price": "13,320원", "discount_rate": "10%", "unit": "1개", "amount": "970ml", "package": "상온/종이포장", "made_in": "", "img2": "https://img-cf.kurly.com/shop/data/goodsview/20191203/gv20000070968_1.jpg", "description": "섬유유연제는 기분 좋은 향과 보들보들한 촉감을 완성해주는 세탁 아이템이죠. 하지만 헹굼단계에서 넣기 때문에 혹시나 옷에 남지는 않을까 걱정되기도 해요. 이에 컬리는 생분해성이 좋은 천연 양이온 계면활성제를 사용한 유연제를 준비했답니다. 아토엔오투만의 OMS 기술을 적용해 섬유 유연 효과와 정전기 방지 효과를 높였어요. 잔향 지속력도 우수해 외출 후에도 은은하게 피어나는 기분좋은 향기를 느낄 수 있답니다. 고농축 제품으로 적은 양만 사용해도 충분해요. 성인의류는 물론, 영유아 빨래에도 안심하고 사용하세요.", "img3": "https://img-cf.kurly.com/shop/data/goodsview/20191203/gv20000071006_1.jpg", "option_name_list": ["[아토엔오투] 프릴리 스위트 섬유유연제 970ml", "[아토엔오투] 포레스트 프레쉬 섬유유연제  970ml", "[아토엔오투] 프리미엄 섬유유연제_코튼파우더향 970ml"], "option_price_list": ["14,800원", "15,400원", "14,800원"]},
{"img1": "https://img-cf.kurly.com/shop/data/goods/157533652988y0.jpg", "name": "[도담이] 물티슈 5종 (box)", "summary": "온 가족이 함께 쓰는 물티슈", "price": "10,500원", "discount_rate": 0, "unit": "1개", "amount": "", "package": "기타", "made_in": "", "img2": "https://img-cf.kurly.com/shop/data/goodsview/20191203/gv10000070618_1.jpg", "description": null, "img3": "https://img-cf.kurly.com/shop/data/goodsview/20191203/gv30000070637_1.jpg", "option_name_list": [" [도담이] 로즈골드 물티슈 100매 캡형 1BOX", " [도담이] 소프트플레인 물티슈 100매 캡형 1BOX", " [도담이] 소프트플레인 물티슈 100매 리필형 1BOX", "[도담이] 클래식엠보 물티슈 100매 캡형 1BOX", " [도담이] 클래식엠보 물티슈 100매 리필형 1BOX"], "option_price_list": ["10,500원", "11,500원", "11,450원", "14,800원", "12,870원"]}