{"img1": "https://img-cf.kurly.com/shop/data/goods/1583733323853y0.jpg", "name": "[베베쿡] 상온 한우 이유식 2종 (완료기)", "summary": "한우로 만든 이유식(240g, 120gx2입)", "price": "6,300원", "discount_rate": 0, "unit": "1팩", "amount": "240g(120gx2입)", "package": "상온/종이포장", "made_in": "상품별 별도표기", "img2": "https://img-cf.kurly.com/shop/data/goodsview/20200309/gv00000084710_1.jpg", "description": "큰맘 먹고 아이와 여행을 준비할 때, 가장 큰 고민은 이유식을 어떻게 하나인데요. 집에서 만든 이유식은 보관에 특히 신경 써야 하니 즐거운 여행에 걱정거리가 될 수 있죠. 국내산 한우를 넣어 만든 베베쿡의 이유식을 챙겨 보세요. 무, 양파, 배추, 다시마 등 다양한 재료를 넣고 감칠맛 나게 우려낸 야채육수에 국내산 쌀과 한우를 넣고 만들었어요. 멸균공정을 거쳐 보존료 없이도 실온보관이 가능해 수고를 크게 덜어준답니다. 끓는 물이나 전자레인지로 데워주면 간편하고 건강한 한 끼가 될 거예요.", "img3": "https://img-cf.kurly.com/shop/data/goodsview/20200309/gv20000084718_1.jpg", "option_name_list": ["[베베쿡] 한우 청경채 버섯 진밥 120g x 2EA 완료기", "[베베쿡] 한우 단호박 시금치 진밥 120g x 2EA 완료기"], "option_price_list": ["6,300원", "6,300원"]},
{"img1": "https://img-cf.kurly.com/shop/data/goods/1583732005253y0.jpg", "name": "[베베쿡] 상온 한우 이유식 2종 (후기)", "summary": "한우로 만든 이유식 2종(240g, 120gx2개)", "price": "5,780원", "discount_rate": 0, "unit": "1팩", "amount": "240g(120gx2개)", "package": "상온/종이포장", "made_in": "상품별 별도표기", "img2": "https://img-cf.kurly.com/shop/data/goodsview/20200309/gv40000084684_1.jpg", "description": "아기와 외출할 때, 가뜩이나 챙겨야 할 것도 많은 데다 아이 밥은 어떻게 먹일지도 신경 써야 하니 채 문밖을 나서기도 전에 기운을 다 써버리곤 하는데요. 국내산 한우를 넣어 만든 베베쿡의 이유식이라면 마음이 한결 가볍죠. 무, 양파, 배추, 다시마 등 다양한 재료를 넣고 감칠맛 나게 우려낸 야채육수에 국내산 쌀과 한우를 넣고 만들었어요. 멸균공정을 거쳐 보존료 없이도 실온보관이 가능해 수고를 크게 덜어준답니다. 끓는 물이나 전자레인지로 데워주면 간편하고 건강한 한 끼가 될 거예요.", "img3": "https://img-cf.kurly.com/shop/data/goodsview/20200309/gv40000084706_1.jpg", "option_name_list": ["[베베쿡] 한우 모둠 버섯죽 120g x 2EA 후기", "[베베쿡] 한우 청경채 사과죽 120g x 2EA 후기"], "option_price_list": ["5,780원", "5,780원"]},
{"img1": "https://img-cf.kurly.com/shop/data/goods/1583729936493y0.jpg", "name": "[베베쿡] 상온 한우 이유식 2종 (중기)", "summary": "한우로 만든 이유식(240g,120x2입)", "price": "5,400원", "discount_rate": 0, "unit": "1팩", "amount": "240g(120x2입)", "package": "상온/종이포장", "made_in": "상품별 별도표기", "img2": "https://img-cf.kurly.com/shop/data/goodsview/20200309/gv40000084640_1.jpg", "description": "아기와 외출할 때, 가뜩이나 챙겨야 할 것도 많은 데다 아이 밥은 어떻게 먹일지도 신경 써야 하니 채 문밖을 나서기도 전에 기운을 다 써버리곤 하는데요. 국내산 한우를 넣어 만든 베베쿡의 이유식이라면 마음이 한결 가볍죠. 무, 양파, 배추, 다시마 등 다양한 재료를 넣고 감칠맛 나게 우려낸 야채육수에 국내산 쌀과 한우를 넣고 만들었어요. 멸균공정을 거쳐 보존료 없이도 실온보관이 가능해 수고를 크게 덜어준답니다. 끓는 물이나 전자레인지로 데워주면 간편하고 건강한 한 끼가 될 거예요.", "img3": "https://img-cf.kurly.com/shop/data/goodsview/20200309/gv30000084683_1.jpg", "option_name_list": ["[베베쿡] 한우 배추죽 120g x 2EA 중기", "[베베쿡] 한우 브로콜리죽 120g x 2EA 중기"], "option_price_list": ["5,400원", "5,400원"]},
{"img1": "https://img-cf.kurly.com/shop/data/goods/1569834216562y0.jpg", "name": "[마더케이] 실리콘 이유식 스푼 세트", "summary": "BPA free, 열탕소독 가능! 전체 실리콘처리로 안심~", "price": "7,200원", "discount_rate": 0, "unit": "1세트", "amount": "", "package": "상온/종이포장", "made_in": "", "img2": "https://img-cf.kurly.com/shop/data/goodsview/20190930/gv00000063404_1.jpg", "description": "고개를 분주히 움직이는 아기에게 이유식을 먹이다 보면 스푼이 아기의 입가나 잇몸을 찌르는 일이 왕왕 생겨요. 이럴 땐 혹여 상처가 나지는 않을까 마음 졸이기 마련인데요. 컬리가 준비한 마더케이의 실리콘 이유식 스푼이라면 걱정이 없답니다. 치발기와 비슷한 말랑말랑한 질감이에요. 비스페놀 A가 검출되지 않아 입에 넣고 오물거려도 안심이고, 열탕 소독도 가능하기에 위생적으로 쓸 수 있지요. 아이가 직접 쥐어도 쉽게 미끄러지지 않도록 손잡이의 촉감과 두께도 신경 써서 만든 스푼으로 안전한 식사 시간을 누려보세요. ", "img3": "https://img-cf.kurly.com/shop/data/goodsview/20190930/gv30000063410_1.jpg", "option_name_list": [], "option_price_list": []},
{"img1": "https://img-cf.kurly.com/shop/data/goods/1569568082261y0.jpg", "name": "[마더케이] 이유식 저장팩 & 육수보관팩", "summary": "BPA FREE로 중탕은물론,전자레인지사용도 가능", "price": "4,340원", "discount_rate": 0, "unit": "1박스(25매입)", "amount": "", "package": "상온/종이포장", "made_in": "", "img2": "https://img-cf.kurly.com/shop/data/goodsview/20190927/gv20000063066_1.jpg", "description": "저장팩에 담았던 내용물을 가열 전용 용기로 옮기고, 또 식기로 옮겨 담는 불편함이 있었다면 이제 마더케이의 제품을 사용해 보세요. BPA FREE 소재로 중탕은 물론 전자레인지 사용도 가능한 저장팩이랍니다. -20℃부터 110℃까지 견딜 수 있어 냉동 후 가열해도 파손되지 않아요. 내용물을 담을 때와 식기로 옮길 때 각각 다른 위치에 있는 이지컷을 뜯어서 사용하기에 위생적이기도 하지요. 스탠딩 패키지라 냉장고 한 켠에 정갈하게 세워둘 수 있다는 것도 마음에 들 거예요. ", "img3": "https://img-cf.kurly.com/shop/data/goodsview/20190927/gv00000063212_1.jpg", "option_name_list": ["[마더케이] 일회용 이유식저장팩 260ml 25매", "[마더케이] 일회용 육수보관팩 400ml  25매"], "option_price_list": ["4,340원", "5,130원"]},
{"img1": "https://img-cf.kurly.com/shop/data/goods/1554705934120y0.jpg", "name": "[정식품] 우리콩 토들러 두유 6종", "summary": "우리콩만을 사용한 식물성 유아식", "price": "14,900원", "discount_rate": 0, "unit": "품목별 상이(하단참조)", "amount": "품목별 상이(하단참조)", "package": "상온/종이포장", "made_in": "", "img2": "https://img-cf.kurly.com/shop/data/goodsview/20190716/gv10000055907_1.jpg", "description": "아기가 6개월이 되면 동물성과 식물성 영양균형이 중요합니다. 베지밀 인펀트와 토들러는 식물성 영양을 공급하여 한쪽으로만 치우칠 수 있는 아기의 영양이 균형 잡힐 수 있도록 도와줘요. 이 제품은 우리 땅에서 재배한 우리콩만을 사용한 순 식물성 영유아식이랍니다. 우선 성장발달을 돕는 3대 영양소와 13종의 비타민, 10종의 무기질, 모유에 함유된 지방산인 감마리놀렌산을 보강했지요. 뇌세포를 구성하는 주요 성분인 인지질과 DHA, 두뇌와 망막에 존재하는 레시틴도 배합했습니다. 여기에 장내 유익균 생육에 도움이 되는 4종의 식물성 프리바이오틱스 등 각종 영양소를 탄탄하고 세밀하게 설계하여 만든 제품입니다.", "img3": "https://img-cf.kurly.com/shop/data/goodsview/20190716/gv30000055908_1.jpg", "option_name_list": ["[정식] 우리콩 인펀트 1단계 박스", "[정식] 우리콩 인펀트 1단계 낱개", "[정식] 우리콩 토들러 2단계 박스", "[정식] 우리콩 토들러 2단계 낱개", "[정식] 우리콩 토들러 3단계 박스", "[정식] 우리콩 토들러  3단계 낱개"], "option_price_list": ["14,900원", "950원", "14,900원", "950원", "14,900원", "950원"]},
{"img1": "https://img-cf.kurly.com/shop/data/goods/1558333720182y0.jpg", "name": "[마더케이] 분유 저장팩", "summary": "1회 분량의 분유를 보관하는 용기", "price": "5,000원", "discount_rate": 0, "unit": "1박스", "amount": "240ml X 30매입", "package": "상온/종이포장", "made_in": "", "img2": "https://img-cf.kurly.com/shop/data/goodsview/20190520/gv00000050600_1.jpg", "description": "외출 시 번번이 분유 보관통을 가지고 다닌다면 짐만 더 늘어나게 됩니다. 수유를 위해 챙겨야 할 짐이 분유말고도 참 많으니 부담이 될 수밖에 없지요. 간편하고 위생적으로 분유를 보관하고자 한다면 마더케이의 분유 저장팩을 컬리에서 만나보세요. 유해 성분인 벤조페논 등이 검출되지 않아 안심하고 사용할 수 있답니다. 1회 먹을 분량의 분유를 저장팩에 덜어 소분한 뒤 지퍼백으로 밀봉하여 가방에 쏙 넣기만 하면 되는데요. 한 손으로 저장팩을 잡고 젖병에 톡톡 털어 넣을 수 있도록 가볍고 슬림하게 제작되었어요. 저장팩 내부에 정전기 방지 기능이 탑재되었기에 팩 안의 가루가 남김 없이 깔끔하게 젖병에 옮겨 담아집니다. 가벼워서 자꾸만 손이 가는 우리 아이 분유 저장팩, 마더케이의 제품으로 선택해보세요. ", "img3": "https://img-cf.kurly.com/shop/data/goodsview/20190520/gv30000050607_1.jpg", "option_name_list": [], "option_price_list": []},
{"img1": "https://img-cf.kurly.com/shop/data/goods/1555655263690y0.jpg", "name": "[베이비본죽] 완료기 이유식 : 채소&과일", "summary": "12개월 이상 아이를 위한 진밥", "price": "4,900원", "discount_rate": 0, "unit": "1팩", "amount": "200g", "package": "냉장/종이포장", "made_in": "", "img2": "https://img-cf.kurly.com/shop/data/goodsview/20190419/gv20000048004_1.jpg", "description": "12개월 이상, 쑥쑥 커가는 아이에게는 5대 영양소가 고루 있고 편식 예방을 위한 균형 잡힌 식단을 제공해야 해요. 베이비본죽은 죽 전문 기업 본죽이 시작한 이유식 브랜드로, 죽을 끓이던 정성스런 마음과 전문 영양사의 설계를 토대로 완료기 이유식을 선보입니다. 찰기가 느껴지는 진밥 정도의 입자감이 특징인데요. '채소&과일' 메뉴는 각종 비타민과 미네랄 섭취가 필요한 아이를 위해 신경썼지요. 유기농 쌀과 어우러져 알록달록 재료 고유의 풍미가 건강하게 살아 있답니다. 완료기 이유식을 따뜻이 데워 운동량이 늘어나는 아이들에게 따뜻이 건네보세요. ", "img3": "https://img-cf.kurly.com/shop/data/goodsview/20191011/gv20000064261_1.jpg", "option_name_list": ["[베이비본죽] E38. 완료기 백만송이수수진밥", "[베이비본죽] E39. 완료기 애호박두부진밥", " [베이비본죽] E30. 완료기 검은깨고구마진밥", " [베이비본죽] E33. 완료기 버섯잡채진밥", " [베이비본죽] E32. 완료기 아욱양송이진밥", " [베이비본죽] E40. 완료기 시금치치즈리조또", " [베이비본죽] E23. 완료기 고구마삼색진밥", " [베이비본죽] E24. 완료기 치즈감자진밥", " [베이비본죽] E41. 완료기 크림버섯리조또", " [베이비본죽] E31. 완료기 단호박영양진밥"], "option_price_list": ["4,900원", "4,900원", "4,900원", "4,900원", "4,900원", "4,900원", "4,900원", "4,900원", "4,900원", "4,900원"]},
{"img1": "https://img-cf.kurly.com/shop/data/goods/1555654914962y0.jpg", "name": "[베이비본죽] 완료기 이유식 : 해산물", "summary": "12개월 이상 아이를 위한 진밥", "price": "4,900원", "discount_rate": 0, "unit": "1팩", "amount": "200g", "package": "냉장/종이포장", "made_in": "", "img2": "https://img-cf.kurly.com/shop/data/goodsview/20190419/gv20000047847_1.jpg", "description": "12개월 이상, 쑥쑥 커가는 아이에게는 5대 영양소가 고루 있고 편식 예방을 위한 균형 잡힌 식단을 제공해야 해요. 죽 전문 기업 본죽이 시작한 이유식 브랜드, 베이비본죽은 죽을 끓이던 정성스런 마음을 그대로 담아 완료기 이유식을 선보입니다. 찰기가 느껴지는 진밥 정도의 입자감이 특징인데요. '해산물' 메뉴는 운동량이 늘어나는 시기의 아이들에게 5대 영양성분을 골고루 제공하기 위해 생선, 멸치, 연어, 전복 등 바다 재료를 넣어 만든 레시피이죠. 유기농 쌀과 국산 채소가 어우러져 재료 본연의 풍미가 건강히 살아 있답니다. 자라나는 아이들에게 용기째 데워 간편하고 따뜻하게 건네보세요. ", "img3": "https://img-cf.kurly.com/shop/data/goodsview/20191011/gv40000064323_1.jpg", "option_name_list": ["[베이비본죽] E15. 완료기 게살진밥", "[베이비본죽] E21. 완료기 가자미병아리콩진밥", " [베이비본죽] E17. 완료기 흰살생선참나물진밥", " [베이비본죽] E19. 완료기 대게감자진밥", " [베이비본죽] E20. 완료기 연어브로콜리진밥", " [베이비본죽] E16. 완료기 전복미역진밥", " [베이비본죽] E22. 완료기 멸치차조진밥", " [베이비본죽] E45. 완료기 아보카도새우진밥"], "option_price_list": ["4,900원", "4,900원", "4,900원", "4,900원", "4,900원", "4,900원", "4,900원", "4,900원"]},
{"img1": "https://img-cf.kurly.com/shop/data/goods/1555901240263y0.jpg", "name": "[베이비본죽] 완료기 이유식 : 한우&닭&한돈", "summary": "12개월 이상 아이를 위한 진밥", "price": "4,900원", "discount_rate": 0, "unit": "1팩", "amount": "200g", "package": "냉장/종이포장", "made_in": "", "img2": "https://img-cf.kurly.com/shop/data/goodsview/20190422/gv00000048116_1.jpg", "description": "12개월 이상, 쑥쑥 커가는 아이에게는 5대 영양소가 고루 있고 편식 예방을 위한 균형 잡힌 식단을 제공해야 해요. 죽 전문 기업 본죽이 시작한 이유식 브랜드, 베이비본죽은 죽을 끓이던 정성스런 마음을 그대로 담아 완료기 이유식을 선보입니다. 찰기가 느껴지는 진밥 정도의 입자감이 특징인데요. '한우&닭&한돈' 메뉴는 무항생제 한우, 닭, 한돈을 넣어 5대 영양성분 섭취가 용이하도록, 에너지 보충이 충분히 될 수 있도록 신경 썼지요. 유기농 쌀과 산지에서 직접 공수한 신선한 채소들이 알록달록 어우러져 재료 고유의 건강한 풍미가 살아 있답니다. 완료기 이유식을 용기째 데워 운동량이 늘어나는 아이들에게 따뜻이 건네보세요. ", "img3": "https://img-cf.kurly.com/shop/data/goodsview/20191010/gv40000064132_1.jpg", "option_name_list": ["[베이비본죽] E28. 완료기 한우잡채진밥", "[베이비본죽] E02. 완료기 비프스튜진밥", "[베이비본죽] E36. 완료기 닭가슴살녹두진밥", "[베이비본죽] E13. 완료기 치킨카레진밥", "[베이비본죽] E06. 완료기 한우깻잎진밥", "[베이비본죽] E37. 완료기 닭가슴살두부진밥", "[베이비본죽] E25. 완료기 시금치고구마닭진밥", "[베이비본죽] E01. 완료기 한우곤드레진밥", " [베이비본죽] E34. 완료기 구기자영양닭진밥", " [베이비본죽] E46. 완료기 한우두부미역진밥", " [베이비본죽] E26. 완료기 아기설렁탕진밥", " [베이비본죽] E09. 완료기 한우알배추진밥", " [베이비본죽] E08. 완료기 한우콩나물진밥", " [베이비본죽] E29. 완료기 현미적채치킨진밥", " [베이비본죽] E11. 완료기 한우미역들깨진밥", " [베이비본죽] E10. 완료기 한우삼색진밥", " [베이비본죽] E07. 완료기 한우연근애호박진밥", " [베이비본죽] E05. 완료기 한우콩가루진밥", " [베이비본죽] E35. 완료기 닭양송이버섯진밥", " [베이비본죽] E27. 완료기 한우영양진밥", " [베이비본죽] E04. 완료기 한우고사리버섯진밥", " [베이비본죽] E42. 완료기 한우무진밥", " [베이비본죽] E18. 완료기 치킨알라킹진밥", " [베이비본죽] E03. 완료기 한우버섯리조또", " [베이비본죽] E12. 완료기 한우파프리카진밥", " [베이비본죽] E14. 완료기 돈안심새싹채소진밥"], "option_price_list": ["4,900원", "4,900원", "4,900원", "4,900원", "4,900원", "4,900원", "4,900원", "4,900원", "4,900원", "4,900원", "4,900원", "4,900원", "4,900원", "4,900원", "4,900원", "4,900원", "4,900원", "4,900원", "4,900원", "4,900원", "4,900원", "4,900원", "4,900원", "4,900원", "4,900원", "4,900원"]},
{"img1": "https://img-cf.kurly.com/shop/data/goods/1555901864618y0.jpg", "name": "[베이비본죽] 후기 이유식 : 채소&생선", "summary": "9~11개월 아기를 위한 무른 밥", "price": "4,700원", "discount_rate": 0, "unit": "1팩", "amount": "180g", "package": "냉장/종이포장", "made_in": "", "img2": "https://img-cf.kurly.com/shop/data/goodsview/20190422/gv00000048128_1.jpg", "description": "생후 9~11개월 전후가 되면 씹는 운동이 슬슬 활발해지는데요. 쌀의 식감을 느끼고 맛볼 수 있는 후기 이유식 단계는 입자감이 무엇보다 중요해져요. 죽 전문 기업 본죽이 시작한 이유식 브랜드, 베이비본죽은 죽을 끓이던 정성스런 마음을 그대로 담아 입자감이 무른 밥과 두부 굳기 정도가 되는 후기 이유식을 선보입니다. '채소&생선' 메뉴는 섬유질 섭취가 필요한 아이를 위해 채소 위주의 레시피, 또는 입맛이 형성되는 시기인 아이를 위해 생선을 주재료로 활용한 이유식 레시피를 선보여요. 특히나 생선을 활용한 이유식은 육류 알러지가 있는 아이에게도 좋은 대안이 되겠죠?", "img3": "https://img-cf.kurly.com/shop/data/goodsview/20191011/gv10000064159_1.jpg", "option_name_list": ["[베이비본죽] D41. 후기 대구쑥갓죽", "[베이비본죽] D37. 후기 시금치콩나물죽", "[베이비본죽] D28. 후기 병아리콩양송이버섯죽", "[베이비본죽] D39. 후기 양배추흑임자죽", "[베이비본죽] D33. 후기 두부참깨죽", "[베이비본죽] D35. 후기 무버섯감자죽", " [베이비본죽] D32. 후기 감자검은콩죽", " [베이비본죽] D30. 후기 치즈감자죽", " [베이비본죽] D24. 후기 흰살생선느타리버섯죽", " [베이비본죽] D40. 후기 콜리플라워느타리죽", " [베이비본죽] D31. 후기 브로콜리감자계란죽", " [베이비본죽] D26. 후기 가자미콩나물미역죽", " [베이비본죽] D29. 후기 고구마청경채죽", " [베이비본죽] D27. 후기 가자미퀴노아죽", " [베이비본죽] D23. 후기 치즈가자미고구마죽", " [베이비본죽] D38. 후기 시금치표고버섯계란죽", " [베이비본죽] D25. 후기 가자미비트버섯죽", " [베이비본죽] D42. 후기 단호박치즈죽"], "option_price_list": ["4,700원", "4,700원", "4,700원", "4,700원", "4,700원", "4,700원", "4,700원", "4,700원", "4,700원", "4,700원", "4,700원", "4,700원", "4,700원", "4,700원", "4,700원", "4,700원", "4,700원", "4,700원"]},
{"img1": "https://img-cf.kurly.com/shop/data/goods/1555656266613y0.jpg", "name": "[베이비본죽] 후기 이유식 : 한우&닭", "summary": "9~11개월 아기를 위한 무른 밥", "price": "4,700원", "discount_rate": 0, "unit": "1팩", "amount": "180g", "package": "냉장/종이포장", "made_in": "", "img2": "https://img-cf.kurly.com/shop/data/goodsview/20190419/gv10000048032_1.jpg", "description": "생후 9~11개월 전후가 되면 씹는 운동이 슬슬 활발해지는데요. 쌀의 식감을 느끼고 맛볼 수 있는 후기 이유식 단계는 입자감이 무엇보다 중요해져요. 죽 전문 기업 본죽이 시작한 이유식 브랜드, 베이비본죽은 죽을 끓이던 정성스런 마음을 그대로 담아 입자감이 무른 밥과 두부 굳기 정도가 되는 후기 이유식을 선보입니다. '한우&닭' 메뉴는 무항생제 한우와 닭을 주재료로 설계된 레시피예요. 유기농 쌀과 산지에서 직접 공수한 신선한 채소들이 어우러져 건강한 맛을 내지요. 활동량이 늘고 에너지 소모가 많은 아이들에게 따뜻이 데워 건네보세요. ", "img3": "https://img-cf.kurly.com/shop/data/goodsview/20191011/gv00000064325_1.jpg", "option_name_list": ["[베이비본죽] D36. 후기 닭녹두버섯죽", "[베이비본죽] D13. 후기 한우백만송이비타민죽", "[베이비본죽] D11. 후기 한우미역깨죽", "[베이비본죽] D10. 후기 한우가지연두부죽", "[베이비본죽] D19. 후기 숙주아욱닭죽", "[베이비본죽] D14. 후기 한우표고당근죽", "[베이비본죽] D01. 후기 한우병아리콩죽", "[베이비본죽] D05. 후기 한우버섯치즈죽", " [베이비본죽] D34. 후기 가지들깨닭죽", " [베이비본죽] D17. 후기 한우참깨김죽", " [베이비본죽] D07. 후기 한우가지사과죽", " [베이비본죽] D18. 후기 검은콩닭가슴살미역죽", " [베이비본죽] D08. 후기 한우퀴노아케일죽", " [베이비본죽] D06. 후기 한우오이양배추죽", " [베이비본죽] D03. 후기 한우콩나물죽", " [베이비본죽] D12. 후기 한우병아리콩애호박죽", " [베이비본죽] D15. 후기 한우쑥갓두부죽", " [베이비본죽] D43. 후기 누룽지닭죽", " [베이비본죽] D09. 후기 한우브로콜리죽", " [베이비본죽] D45. 후기 한우블루베리죽", " [베이비본죽] D02. 후기 한우양송이잣죽", " [베이비본죽] D04. 후기 한우단호박시금치죽", " [베이비본죽] D22. 후기 단호박시금치닭죽", " [베이비본죽] D16. 후기 한우단호박연근죽", " [베이비본죽] D20. 후기 옥수수치즈닭죽", " [베이비본죽] D21. 후기 렌틸콩미니양배추닭죽"], "option_price_list": ["4,700원", "4,700원", "4,700원", "4,700원", "4,700원", "4,700원", "4,700원", "4,700원", "4,700원", "4,700원", "4,700원", "4,700원", "4,700원", "4,700원", "4,700원", "4,700원", "4,700원", "4,700원", "4,700원", "4,700원", "4,700원", "4,700원", "4,700원", "4,700원", "4,700원", "4,700원"]},
{"img1": "https://img-cf.kurly.com/shop/data/goods/1555654787998y0.jpg", "name": "[베이비본죽] 중기 이유식 : 채소&생선", "summary": "영양 균형을 맞추는 안심 이유식", "price": "4,200원", "discount_rate": 0, "unit": "1팩", "amount": "160g", "package": "냉장/종이포장", "made_in": "", "img2": "https://img-cf.kurly.com/shop/data/goodsview/20190419/gv30000047837_1.jpg", "description": "아이는 생후 7~8개월이 되면 유치로 음식을 씹어서 삼키고, 초기에 비해 많은 양의 이유식을 먹습니다. 이 시기에는 밥의 형태가 어느 정도 보이는 이유식을 주며 다양한 영양소를 충분히 섭취할 수 있도록 해야 하는데요. 매번 다른 이유식을 주어야 한다는 점이 부담스러우셨다면 베이비본죽의 제품을 선택해보세요. 베이비본죽은 죽 전문 기업인 본죽이 시작한 이유식 브랜드입니다. 지금 소개하는 중기 이유식은 다양한 맛, 풍부한 영양소가 담긴 채소와 생선 제품입니다. 잘 어울리는 재료를 세심하게 선별했으니 안심하고 선택하세요.", "img3": "https://img-cf.kurly.com/shop/data/goodsview/20190529/gv30000047846_1.jpg", "option_name_list": ["[베이비본죽] C23. 중기 순두부감자오이죽", "[베이비본죽] C17. 중기 가자미사과근대죽", " [베이비본죽] C27. 중기 비트배죽", " [베이비본죽] C20. 중기 대구표고죽", " [베이비본죽] C18. 중기 가자미애호박죽", " [베이비본죽] C25. 중기 감자콜리플라워죽", " [베이비본죽] C21. 중기 수수버섯죽", " [베이비본죽] C19. 중기 대구비타민고구마죽", " [베이비본죽] C26. 중기 브로콜리양송이감자죽", " [베이비본죽] C28. 중기 차조단호박시금치죽", " [베이비본죽] C24. 중기 단호박고구마죽", " [베이비본죽] C22. 중기 옥수수밤타락죽"], "option_price_list": ["4,200원", "4,200원", "4,200원", "4,200원", "4,200원", "4,200원", "4,200원", "4,200원", "4,200원", "4,200원", "4,200원", "4,200원"]},
{"img1": "https://img-cf.kurly.com/shop/data/goods/1555654647450y0.jpg", "name": "[베이비본죽] 중기 이유식 : 한우&닭", "summary": "중요한 단백질을 채우는 식단", "price": "4,200원", "discount_rate": 0, "unit": "1팩", "amount": "160g", "package": "냉장/종이포장", "made_in": "", "img2": "https://img-cf.kurly.com/shop/data/goodsview/20190419/gv30000047822_1.jpg", "description": "생후 7~8개월이 된 아이는 이제 자유롭게 기어 다니고, 유치로 음식을 씹어 삼킬 수 있습니다. 성장이 점차 빨라지기에 이유식을 통해 철분과 단백질을 적절히 보충해주어야 해요. 이때 아이의 균형 잡힌 식단을 구성하기에 다소 어려움을 느끼고 계신 분이라면 이제는 베이비본죽의 도움을 받아보세요. 베이비본죽은 죽 전문 기업인 본죽이 시작한 이유식 브랜드입니다. 그중 중기 이유식은 생후 7~8개월 아기가 먹는 제품이에요. 한우와 닭 이유식을 준비했으니 혹여나 부족할 수 있는 철분과 단백질을 채워주세요. ", "img3": "https://img-cf.kurly.com/shop/data/goodsview/20190529/gv10000048104_1.jpg", "option_name_list": ["[베이비본죽] C01. 중기 한우가지로메인죽", "[베이비본죽] C02. 중기 한우근대감자죽", "[베이비본죽] C11. 중기 한우강낭콩죽", "[베이비본죽] C15. 중기 적양배추가지닭죽", "[베이비본죽] C16. 중기 배추닭살죽", " [베이비본죽] C06. 중기 한우미역죽", " [베이비본죽] C10. 중기 한우배사과죽", " [베이비본죽] C07. 중기 한우연두부브로콜리죽", " [베이비본죽] C05. 중기 한우양송이죽", " [베이비본죽] C08. 중기 한우시금치새송이죽", " [베이비본죽] C14. 중기 애호박미역닭죽", " [베이비본죽] C09. 중기 한우청경채당근죽", " [베이비본죽] C03. 중기 한우연근시금치죽", " [베이비본죽] C04. 중기 한우배추단호박죽", " [베이비본죽] C13. 중기 단호박콜리플라워닭죽", " [베이비본죽] C12. 중기 옥수수비트닭죽"], "option_price_list": ["4,200원", "4,200원", "4,200원", "4,200원", "4,200원", "4,200원", "4,200원", "4,200원", "4,200원", "4,200원", "4,200원", "4,200원", "4,200원", "4,200원", "4,200원", "4,200원"]},
{"img1": "https://img-cf.kurly.com/shop/data/goods/1555655657961y0.jpg", "name": "[베이비본죽] 초기 이유식 : 한우&닭", "summary": "아이의 성장을 돕는 이유식", "price": "3,700원", "discount_rate": 0, "unit": "1팩", "amount": "160g", "package": "냉장/종이포장", "made_in": "", "img2": "https://img-cf.kurly.com/shop/data/goodsview/20190419/gv10000048036_1.jpg", "description": "생후 5~6개월은 성장 발달이 본격적으로 시작되는 시기입니다. 이때 아기는 이유식을 통해 고형식에 적응할 준비를 마치고 육류를 잘게 다져 넣은 이유식을 먹기 시작해요. 하지만 이유식을 준비할 마음의 여유도 시간도 없으시다면, 베이비본죽의 초기 이유식과 함께하세요. 베이비본죽은 죽 전문 기업인 본죽이 시작한 이유식 브랜드입니다. 그중 초기 이유식은 생후 5~6개월 아기가 먹는 제품이에요. 한우와 닭 이유식을 준비했으니 혹여나 부족할 수 있는 철분과 단백질을 채워주세요. ", "img3": "https://img-cf.kurly.com/shop/data/goodsview/20190529/gv00000048055_1.jpg", "option_name_list": ["[베이비본죽] B15. 초기 고구마닭죽", "[베이비본죽] B05. 초기 한우무죽", " [베이비본죽] B03. 초기 한우적채죽", " [베이비본죽] B04. 초기 한우배죽", " [베이비본죽] B12. 초기 한우김가루죽", " [베이비본죽] B08. 초기 한우청경채죽", " [베이비본죽] B18. 초기 찹쌀비타민닭죽", " [베이비본죽] B13. 초기 브로콜리닭죽", " [베이비본죽] B14. 초기 콜리플라워닭죽", " [베이비본죽] B17. 초기 수수닭죽", " [베이비본죽] B16. 초기 현미닭죽", " [베이비본죽] B06. 초기 한우시금치죽", " [베이비본죽] B07. 초기 한우애호박죽", " [베이비본죽] B11. 초기 한우양배추찹쌀죽", " [베이비본죽] B09. 초기 한우근대죽", " [베이비본죽] B10. 초기 한우수수죽", " [베이비본죽] B02. 초기 한우완두죽", " [베이비본죽] B01. 초기 한우단호박당근죽"], "option_price_list": ["3,700원", "3,700원", "3,700원", "3,700원", "3,700원", "3,700원", "3,700원", "3,700원", "3,700원", "3,700원", "3,700원", "3,700원", "3,700원", "3,700원", "3,700원", "3,700원", "3,700원", "3,700원"]},
{"img1": "https://img-cf.kurly.com/shop/data/goods/1552387659159y0.jpg", "name": "[비박스] 멀티 이유식 머그 4종", "summary": "완료기 이유식을 위한 탁월한 선택", "price": "11,000원", "discount_rate": 0, "unit": "1EA", "amount": "", "package": "상온/종이포장", "made_in": "", "img2": "https://img-cf.kurly.com/shop/data/goodsview/20190312/gv30000044653_1.jpg", "description": "완료기 이유식을 위한 아이의 전용 식기 구입, 고민이 많으실 거예요. 아이에게 안전한 소재로 만든 것인지, 식습관 형성에 좋은 영향을 끼칠지 등 꼼꼼하게 따져볼 점이 많기 때문이에요. 그래서 컬리가 깐깐하게 따져 고른 비박스의 이유식 머그컵을 준비했습니다. 환경호르몬인 BPA, BPS 등이 검출되지 않은 폴리프로필렌, 실리콘 등의 소재를 사용해 제품을 만들었기에 안전하고, 떨어뜨려도 깨지지 않아 다칠 염려를 덜어드리죠. 머그컵은 볼 모양의 형태로 제작돼 이유식은 물론 아이의 간식이나 우유와 같은 음료도 담아 먹기 좋아요. 빨대와 흘림 방지를 위한 실리콘 뚜껑 2종도 함께 구성해 보내드린답니다. 네 가지 색깔로 준비한 비박스의 멀티 이유식 머그컵, 취향에 따라 골라가세요. ", "img3": "https://img-cf.kurly.com/shop/data/goodsview/20190313/gv10000044689_1.jpg", "option_name_list": ["[비박스] 멀티 이유식 머그 오렌지핑크", "[비박스] 멀티 이유식 머그 네온퍼플", "[비박스] 멀티 이유식 머그 아쿠아그린", " [비박스] 멀티 이유식 머그 그레이옐로"], "option_price_list": ["11,000원", "11,000원", "11,000원", "11,000원"]}