{"img1": "https://img-cf.kurly.com/shop/data/goods/1585550466787y0.jpg", "name": "[밤부베베] 방수요 4종", "summary": "고생 덜어주는 고마운 아이템", "price": "43,200원", "discount_rate": 0, "unit": "1개", "amount": "", "package": "상온/종이포장", "made_in": "", "img2": "https://img-cf.kurly.com/shop/data/goodsview/20200330/gv30000087927_1.jpg", "description": "신생아 때부터 기저귀 떼는 연습을 할 때까지, 방수요의 도움이 없었다면 커다란 이불 빨래가 쌓이는 모습을 보면서 절로 한숨이 나왔을지도 몰라요. 밤부베베의 방수요는 바닥 면을 방수 코팅처리해서 요 위에 깔아놓으면 소변이나 물이 새어 나오지 않도록 막아주죠. 아이의 피부에 닿는 부분은 대나무 펄프에서 추출한 셀룰로스로 만든 대나무 섬유 소재라서 무척 보드랍고 자극이 덜하죠. 면보다 흡습성이 뛰어나면서 내구성도 좋아요. 크기와 색상에 따라 4가지 종류로 준비했으니 필요에 따라 선택해 보세요. ", "img3": "https://img-cf.kurly.com/shop/data/goodsview/20200330/gv10000087951_1.jpg", "option_name_list": ["[밤부베베] 순한대나무 이지캐리 방수요바이올렛", "[밤부베베] 순한대나무 이지캐리 방수요옐로우", "[밤부베배] 순한대나무 라지방수요_디자인핑크", "[밤부베배] 순한대나무 라지방수요_디자인민트"], "option_price_list": ["43,200원", "43,200원", "56,700원", "56,700원"]},
{"img1": "https://img-cf.kurly.com/shop/data/goods/1585042346355y0.jpg", "name": "[폴프랜즈] 3개입 K삭스 7세-FREE (190mm~250mm) 7종", "summary": "어린이부터 성인까지 함께 신는 양말", "price": "12,900원", "discount_rate": 0, "unit": "1개", "amount": "", "package": "상온/종이포장", "made_in": "", "img2": "https://img-cf.kurly.com/shop/data/goodsview/20200324/gv40000086980_1.jpg", "description": "온 가족이 한 가지 사이즈의 양말을 신을 수 있다면 얼마나 편리할지 상상해보세요. 빨래를 갤 때도 같은 디자인만 골라 짝을 맞추면 되고, 서랍에서 아무 양말이나 꺼내도 각자의 발에 딱 맞는 거죠. 컬리는 상상을 현실로 만들어 줄 폴프랜즈의 K삭스를 선보일게요. 유치원을 갓 졸업한 어린이부터 성인까지 함께 신는 양말이에요. 폴프랜즈의 기술력으로 원사를 촘촘하게 엮어 신축성이 무척 높으면서도 발을 답답하게 조이지 않는답니다. 다양한 선택지를 준비했으니 취향에 맞게 골라 담아보세요. ", "img3": "https://img-cf.kurly.com/shop/data/goodsview/20200324/gv30000086982_1.jpg", "option_name_list": ["[폴프랜즈] 엘리샤 스니커즈 세트 핑크,옐로우,라이트핑크 - K삭스", "[폴프랜즈] 조이 스니커즈 세트 옐로우그린,화이트,오렌지 - K삭스", "[폴프랜즈] 리버 스니커즈 세트 그레이,네이비,스카이블루 - K삭스", "[폴프랜즈] 루키 콤비 세트 스카이블루+네이비,베이지+오렌지,옐로우+그린 - K삭스", "[폴프랜즈] 올리버 세트 퍼플,베이지,오렌지 - K삭스", "[폴프랜즈] 마이클 세트 그레이,블루,그린 - K삭스", "[폴프랜즈] 제니 세트 아이보리,핑크,옐로우 - K삭스"], "option_price_list": ["12,900원", "12,900원", "12,900원", "13,900원", "13,900원", "13,900원", "13,900원"]},
{"img1": "https://img-cf.kurly.com/shop/data/goods/1585039767551y0.jpg", "name": "[폴프랜즈] 3개입 B삭스 1세-7세(100-190mm) 7종", "summary": "고무줄처럼 탄력적인 원사이즈 삭스", "price": "12,900원", "discount_rate": 0, "unit": "1개", "amount": "", "package": "상온/종이포장", "made_in": "", "img2": "https://img-cf.kurly.com/shop/data/goodsview/20200324/gv00000086943_1.jpg", "description": "아이를 키우는 분은 모두 겪었을 거예요. 조금만 움직여도 벗겨질 듯 낙낙하던 양말이 순식간에 작아지는 경험을 말이죠. 컬리는 사이즈가 변할 때마다 양말을 구매하던 번거로움을 없애줄 폴프랜즈의 B삭스를 준비했어요. 단 한 가지 사이즈지만, 탄력성이 좋은 소재와 조직으로 제작해 1세부터 7세까지 신을 수 있답니다. 신축성이 좋아  발목이나 종아리를 갑갑하게 조이지 않는다는 점도 놀랍죠. 다양한 선택지를 준비했으니 취향에 맞게 골라 담아보세요. ", "img3": "https://img-cf.kurly.com/shop/data/goodsview/20200324/gv40000086946_1.jpg", "option_name_list": ["[폴프랜즈] 엘리샤 스니커즈 세트 핑크,옐로우,라이트핑크 - B삭스", "[폴프랜즈] 조이 스니커즈 세트 옐로우그린,화이트,오렌지 - B삭스", "[폴프랜즈] 리버 스니커즈 세트 그레이,네이비,스카이블루 - B삭스", " [폴프랜즈] 루키 콤비 세트 스카이블루+네이비,베이지+오렌지,옐로우+그린 - B삭스", "[폴프랜즈] 올리버 세트 퍼플,베이지,오렌지 - B삭스", "[폴프랜즈] 마이클 세트 그레이,블루,그린 - B삭스", "[폴프랜즈] 제니 세트 아이보리,핑크,옐로우 - B삭스"], "option_price_list": ["12,900원", "12,900원", "12,900원", "13,900원", "13,900원", "13,900원", "13,900원"]},
{"img1": "https://img-cf.kurly.com/shop/data/goods/1577955894323y0.jpg", "name": "[피셔프라이스] 턱받이 7종", "summary": "깔끔한 이유식 시간을 위한", "price": "4,800원", "discount_rate": 0, "unit": "1개", "amount": "", "package": "상온/종이포장", "made_in": "", "img2": "https://img-cf.kurly.com/shop/data/goodsview/20200102/gv20000076349_1.jpg", "description": "이유식을 하다 보면 아이 옷이 음식물로 더럽혀지기 일쑤이지요. 식사습관을 잘 들이려면 주변이 어지럽혀져도 지켜만 보라지만, 뒷정리와 빨래 생각이 나지 않을 수 없는데요. 컬리는 깔끔한 이유식 시간을 도와줄 피셔프라이스의 턱받이를 소개합니다. 턱받이 아랫부분에 음식물 받이가 있어서 음식물이 옷에 묻거나 바닥에 떨어질 염려가 덜하죠. 착용이 간편해서 재빨리 둘러줄 수 있고, 사용한 후에는 물로 간단하게 씻어낼 수 있어요. 3가지 종류의 턱받이를 준비했으니, 쓰임에 맞게 선택해 보세요. 아이가 턱받이를 착용하였을 때는 보호자가 옆에 있어야 한다는 점, 잊지 마세요.", "img3": "https://img-cf.kurly.com/shop/data/goodsview/20200102/gv20000076365_1.jpg", "option_name_list": ["[피셔프라이스] 실리콘 턱받이 핑크", "[피셔프라이스] 실리콘 턱받이 옐로우", "[피셔프라이스] 받이 분리 턱받이 핑크", "[피셔프라이스] 받이 분리 턱받이 블루", " [피셔프라이스] 조끼식 턱받이 옐로우", " [피셔프라이스] 조끼식 턱받이 핑크", " [피셔프라이스] 조끼식 턱받이 블루"], "option_price_list": ["8,400원", "8,400원", "4,800원", "4,800원", "6,900원", "6,900원", "6,900원"]},
{"img1": "https://img-cf.kurly.com/shop/data/goods/1577932497245y0.jpg", "name": "[피셔프라이스] 온도감지이유스푼(2개세트)", "summary": "안심할 수 있는 이유식 시간", "price": "2,250원", "discount_rate": "10%", "unit": "1개", "amount": "", "package": "상온/종이포장", "made_in": "", "img2": "https://img-cf.kurly.com/shop/data/goodsview/20200102/gv30000076169_1.jpg", "description": "이만하면 충분히 식혔다고 생각했는데, 뜨거운 이유식에 아이가 울음을 터뜨린 당혹스러운 경험이 있다면 똑똑한 스푼의 도움을 받아보세요. 피셔프라이스의 온도감지 이유식 스푼은 40℃ 이상의 음식물이 닿으면 숟가락 끝의 색이 짙은 보라색에서 밝은 자주색으로 변하죠. 스푼의 온도 감지 부분은 열가소성 엘라스토머라는 소재로 만들어졌어요. 실온에서는 고무와 같은 성질을 지녀 아이 입에 자극을 주지 않고, 고온에서는 색이 변하는 특성이 있어 아이에게 주기 직전 얼마나 뜨거운지 체크하기 좋죠. 스푼 2개가 들어있어 하나만 준비해두면 여유 있게 사용할 수 있을 거예요.", "img3": "https://img-cf.kurly.com/shop/data/goodsview/20200102/gv00000076288_1.jpg", "option_name_list": [], "option_price_list": []},
{"img1": "https://img-cf.kurly.com/shop/data/goods/15777604084y0.jpg", "name": "[피셔프라이스] 실리콘 양손 컵 2종", "summary": "트레이닝 컵으로 쓰기 좋은", "price": "7,900원", "discount_rate": 0, "unit": "1개", "amount": "", "package": "상온/종이포장", "made_in": "", "img2": "https://img-cf.kurly.com/shop/data/goodsview/20191231/gv10000075957_1.jpg", "description": "아이가 스스로 젖병을 잡고 먹을 수 있는 시기가 되면, 서서히 컵으로 마실 수 있도록 도와줄 준비가 필요하죠. 피셔프라이스의 양손 컵은 간결한 모양새와 큰 손잡이로 아직 손아귀 힘 조절이 어려운 어린아이가 손을 넣어 잡기 편하게 만들어졌어요. 컵 전체가 실리콘으로 만들어져서 떨어뜨리거나 던져도 안심이고, 아이가 가지고 놀다가 물거나 빨아도 걱정이 없죠. 열탕 소독이 가능함은 물론, 구석구석 깨끗하게 닦을 수 있으니 마음이 놓여요. 두 가지 색상으로 준비했으니, 양손 컵으로 차근차근 젖병 떼기까지 도전해 보세요.", "img3": "https://img-cf.kurly.com/shop/data/goodsview/20200103/gv30000076598_1.jpg", "option_name_list": ["[피셔프라이스] 실리콘 양손 컵 핑크", "[피셔프라이스] 실리콘 양손 컵 블루"], "option_price_list": ["7,900원", "7,900원"]},
{"img1": "https://img-cf.kurly.com/shop/data/goods/1576563985304y0.jpg", "name": "[마더케이] 젖병건조대 2종", "summary": "젖병을 깔끔하게 보관하는", "price": "13,000원", "discount_rate": 0, "unit": "1개", "amount": "", "package": "상온/종이포장", "made_in": "", "img2": "https://img-cf.kurly.com/shop/data/goodsview/20191217/gv30000073243_1.jpg", "description": "아이가 쓴 젖병과 이유식 식기 열탕 소독은 고된 일이지만, 소독을 막 마치고 김이 모락모락 올라오는 젖병들을 건조대에 걸어 놓으면 뿌듯한 마음이 차오르죠. 마더케이의 젖병건조대는 조립형이라서 필요에 따라 건조봉을 다르게 꽂아서 사용할 수 있어요. 젖병에 스크래치가 나지 않도록 건조봉 끝은 둥글게 마감하였죠. 쉽게 조립과 분해가 가능하고 구석구석 깨끗한 세척이 가능해요. 베이지와 네이비 색상으로 준비했으니 취향에 맞게 선택하여 각종 아이 용품으로 복잡해진 주방을 깔끔하게 정리해 보세요.", "img3": "https://img-cf.kurly.com/shop/data/goodsview/20191217/gv30000073249_1.jpg", "option_name_list": ["[마더케이] 젖병건조대_베이지", "[마더케이] 젖병건조대_네이비"], "option_price_list": ["13,000원", "13,000원"]},
{"img1": "https://img-cf.kurly.com/shop/data/goods/1576571200946y0.jpg", "name": "[마더케이] 빨대세척솔 2종세트", "summary": "빨대 세척을 간편하게", "price": "3,900원", "discount_rate": 0, "unit": "1개", "amount": "", "package": "상온/종이포장", "made_in": "", "img2": "https://img-cf.kurly.com/shop/data/goodsview/20191217/gv20000073315_1.jpg", "description": "젖병에서 컵으로 넘어가는 시기, 빨대 꼭지나 빨대 컵은 내용물을 쏟을 염려가 없어서 매우 편리하지만 빨대 속까지 세척하는 것이 일이죠. 컬리가 소개하는 마더케이의 세척솔이라면 빨대를 손쉽게 관리할 수 있어요. 두루두루 사용하기 좋은 빨대컵솔과 작은 크기로 섬세하게 닦을 수 있는 섬세솔 두 가지가 들어 있는 세트에요. 탄력이 좋은 나일론 소재로 구석까지 꼼꼼하게 세척이 가능하고 세척 과정에서 날 수 있는 손상을 줄여 줘요. 빨대 전용 세척솔로 우리 아이 빨대 컵을 깨끗하게 관리해 주세요. ", "img3": "https://img-cf.kurly.com/shop/data/goodsview/20191217/gv30000073320_1.jpg", "option_name_list": [], "option_price_list": []},
{"img1": "https://img-cf.kurly.com/shop/data/goods/157657102491y0.jpg", "name": "[마더케이] 이유식 큐브쏙쏙 3종", "summary": "이유식 준비 필수 아이템", "price": "3,300원", "discount_rate": 0, "unit": "1개", "amount": "", "package": "상온/종이포장", "made_in": "", "img2": "https://img-cf.kurly.com/shop/data/goodsview/20191217/gv00000073304_1.jpg", "description": null, "img3": "https://img-cf.kurly.com/shop/data/goodsview/20191217/gv20000073308_1.jpg", "option_name_list": ["[마더케이] 마더케이 이유식 큐브쏙쏙 7.5ml 16구_S", "[마더케이] 마더케이 이유식 큐브쏙쏙 15ml 9구_M", "[마더케이] 마더케이 이유식 큐브쏙쏙 45ml 4구_L"], "option_price_list": ["3,300원", "3,300원", "3,300원"]},
{"img1": "https://img-cf.kurly.com/shop/data/goods/1576563591438y0.jpg", "name": "[마더케이] 젖병소독집게 2종", "summary": "열탕 소독을 안전하게", "price": "8,700원", "discount_rate": 0, "unit": "1개", "amount": "", "package": "상온/종이포장", "made_in": "", "img2": "https://img-cf.kurly.com/shop/data/goodsview/20191217/gv40000073222_1.jpg", "description": "아이가 쓴 젖병과 이유식 식기 열탕 소독은 고된 일이지만, 소독을 막 마치고 김이 모락모락 올라오는 젖병들을 보고 있으면 뿌듯한 마음이 차오르죠. 컬리는 열탕 소독에 필수품인 마더케이의 젖병소독집게를 준비했어요. 100℃까지 견디는 폴리프로필렌(PP) 소재로 열탕 소독도 할 수 있죠. 집게 안쪽에는 미끄럼방지 고무가 부착되어 있어 젖병은 물론 머그잔처럼 조금 무게가 나가는 물건도 미끄러짐 없이 꽉 잡을 수 있어요. 집게 양쪽을 분리하여 세척할 수 있으니 깔끔하게 사용할 수 있죠. 네이비와 코코아 색상으로 준비했으니 취향에 맞게 선택해 보세요.", "img3": "https://img-cf.kurly.com/shop/data/goodsview/20191217/gv10000073227_1.jpg", "option_name_list": ["[마더케이] 젖병소독집게 네이비", "[마더케이] 젖병소독집게 코코아"], "option_price_list": ["8,700원", "8,700원"]},
{"img1": "https://img-cf.kurly.com/shop/data/goods/1576563788500y0.jpg", "name": "[마더케이] 젖병 세척 브러쉬 3종", "summary": "부드럽고 꼼꼼한 젖병 세척", "price": "10,400원", "discount_rate": 0, "unit": "1개", "amount": "", "package": "상온/종이포장", "made_in": "", "img2": "https://img-cf.kurly.com/shop/data/goodsview/20191217/gv30000073230_1.jpg", "description": "아이 젖병 설거지에 이렇게 시간이 많이 들었나 할 때가 있죠. 그럴 때는 재빨리 거품을 내어 휘리릭 닦아주는 도구의 힘을 빌리는 것이 가장 좋은 방법이에요. 컬리가 준비한 마더케이의 젖병 세척 브러쉬는 젖병뿐만 아니라 빨대컵이나 물병을 세척할 떄는 물론, 아이 식기를 닦을 때도 사용할 수 있어요. 부드럽고 탄력 있는 브러쉬라 깔끔한 세척이 가능하죠. 독일산 고밀도 스펀지로 풍성한 거품을 만들어주는 스펀지 브러쉬와, 빠른 건조와 반영구 사용은 물론 열탕 소독까지 가능한 실리콘 브러쉬로 준비했으니 쓰임에 맞게 선택해 보세요.", "img3": "https://img-cf.kurly.com/shop/data/goodsview/20191217/gv40000073254_1.jpg", "option_name_list": ["[마더케이] 젖병세척브러쉬 2종 세트 코코아", "[마더케이] 실리콘 회전 젖병솔 세트 루비자몽", "[마더케이] 실리콘 회전 젖병솔 세트 코코넛"], "option_price_list": ["10,400원", "10,800원", "10,800원"]},
{"img1": "https://img-cf.kurly.com/shop/data/goods/1576051004363y0.jpg", "name": "[컨스트럭티브 이팅] 유아식기 3종 (주황/불도저)", "summary": "건설 놀이로 즐거운 식사시간", "price": "9,000원", "discount_rate": 0, "unit": "1개", "amount": "", "package": "상온/종이포장", "made_in": "", "img2": "https://img-cf.kurly.com/shop/data/goodsview/20191211/gv20000072429_1.jpg", "description": "아이들 밥 한 번 먹이기, 참 쉽지 않아요. 식탁에 가만히 앉아있지 못하고, 싫어하는 음식이 있으면 아예 먹으려고 하지도 않죠. 컬리는 이런 고민을 조금이나마 덜어줄 수 있는 독특한 유아 식기를 준비했어요. 식사를 재미있는 놀이처럼 즐길 수 있는 공사장 컨셉의 커트러리와 접시, 매트에요. 플라스틱이지만 뜨거운 음식을 담거나 전자레인지에도 사용할 수 있죠. 알록달록한 색감과 창의적인 디자인으로, 3~5세 아이용 식기로 특히 추천해 드려요. 식사에 흥미를 잃은 아이에게 컨스트럭티브 이팅으로 자연스럽게 올바른 식습관을 가지도록 응원해 주세요. ", "img3": "https://img-cf.kurly.com/shop/data/goodsview/20191211/gv20000072438_1.jpg", "option_name_list": ["[컨스트럭티브 이팅] 불도저 식탁 매트", "[컨스트럭티브 이팅] 불도저 스푼 3종 세트", "[컨스트럭티브 이팅] 유아접시 주황색"], "option_price_list": ["9,000원", "16,800원", "14,800원"]},
{"img1": "https://img-cf.kurly.com/shop/data/goods/1576052075222y0.jpg", "name": "[컨스트럭티브 이팅] 유아식기 3종 (보라/가든)", "summary": "정원을 가꾸듯 즐거운 식사 시간", "price": "9,000원", "discount_rate": 0, "unit": "1개", "amount": "", "package": "상온/종이포장", "made_in": "", "img2": "https://img-cf.kurly.com/shop/data/goodsview/20191211/gv40000072441_1.jpg", "description": "아이들 밥 한 번 먹이기, 참 쉽지 않아요. 식탁에 가만히 앉아있지 못하고, 싫어하는 음식이 있으면 아예 먹으려고 하지도 않죠. 컬리는 이런 고민을 조금이나마 덜어줄 수 있는 독특한 유아 식기를 준비했어요. 식사를 재미있는 놀이처럼 즐길 수 있는 정원 컨셉의 커트러리와 접시, 매트에요. 플라스틱이지만 뜨거운 음식을 담거나 전자레인지에도 사용할 수 있죠. 알록달록한 색감과 창의적인 디자인으로, 3~5세 아이용 식기로 특히 추천해 드려요. 식사에 흥미를 잃은 아이에게 컨스트럭티브 이팅으로 자연스럽게 올바른 식습관을 가지도록 응원해 주세요. ", "img3": "https://img-cf.kurly.com/shop/data/goodsview/20191211/gv20000072450_1.jpg", "option_name_list": ["[컨스트럭티브 이팅] 가든 식탁 매트", "[컨스트럭티브 이팅] 가든 스푼 3종 세트", "[컨스트럭티브 이팅] 유아접시 보라색"], "option_price_list": ["9,000원", "14,800원", "16,800원"]},
{"img1": "https://img-cf.kurly.com/shop/data/goods/1576053415341y0.jpg", "name": "[컨스트럭티브 이팅] 유아식기 3종 (초록/공룡)", "summary": "공룡과 함께 즐거운 식사시간", "price": "9,000원", "discount_rate": 0, "unit": "1개", "amount": "", "package": "상온/종이포장", "made_in": "", "img2": "https://img-cf.kurly.com/shop/data/goodsview/20191211/gv10000072458_1.jpg", "description": "아이들 밥 한 번 먹이기, 참 쉽지 않아요. 식탁에 가만히 앉아있지 못하고, 싫어하는 음식이 있으면 아예 먹으려고 하지도 않죠. 컬리는 이런 고민을 조금이나마 덜어줄 수 있는 독특한 유아 식기를 준비했어요. 식사를 재미있는 놀이처럼 즐길 수 있는 공룡 컨셉의 커트러리와 접시, 매트에요. 플라스틱이지만 뜨거운 음식을 담거나 전자레인지에도 사용할 수 있죠. 알록달록한 색감과 창의적인 디자인으로, 3~5세 아이용 식기로 특히 추천해 드려요. 식사에 흥미를 잃은 아이에게 컨스트럭티브 이팅으로 자연스럽게 올바른 식습관을 가지도록 응원해 주세요. ", "img3": "https://img-cf.kurly.com/shop/data/goodsview/20191211/gv00000072467_1.jpg", "option_name_list": ["[컨스트럭티브 이팅] 공룡 식탁 매트", " [컨스트럭티브 이팅] 공룡 스푼 3종 세트", "[컨스트럭티브 이팅] 유아접시 초록색"], "option_price_list": ["9,000원", "14,800원", "16,800원"]},
{"img1": "https://img-cf.kurly.com/shop/data/goods/1574920727815y0.jpg", "name": "[아가드] 부스터 그레이", "summary": "휴대와 보관이 편한 접이식 식탁 의자", "price": "49,000원", "discount_rate": 0, "unit": "1개", "amount": "", "package": "기타", "made_in": "", "img2": "https://img-cf.kurly.com/shop/data/goodsview/20191128/gv40000070109_1.jpg", "description": "이유식을 시작한 아이에게 식탁 의자는 필수지요. 가정에서는 물론 외출을 하거나 여행을 갈 때에도 어김없이 식탁 의자가 필요한데요. 컬리는 폴딩 가능한 접이식 구조로 휴대와 보관이 간편한 아가드의 식탁 의자를 선보입니다. 크기가 아담하고 가벼워 접거나 펴는 등의 사용 부담도 적어요. 식판은 쉽게 탈부착이 가능하여 언제든 깨끗하게 세척할 수 있으니 무척 편하고요. 움직임이 많은 아이들을 안전하게 보호하기 위해 길이 조절이 되는 3점식 안전벨트와 의자 하단, 뒷면에도 벨트가 달려 있는 점도 눈길을 끈답니다. 태어난지 6~36개월 사이의 아이 체형을 고려해 만들었으니 꽤 오래 쓸 수 있을 거예요.", "img3": "https://img-cf.kurly.com/shop/data/goodsview/20191128/gv00000070115_1.jpg", "option_name_list": [], "option_price_list": []},
{"img1": "https://img-cf.kurly.com/shop/data/goods/1574829490474y0.jpg", "name": "[아가드] 마그네토 안전문 화이트", "summary": "자석으로 부드럽게 여닫는 안전문", "price": "49,000원", "discount_rate": 0, "unit": "1개", "amount": "", "package": "상온/종이포장", "made_in": "", "img2": "https://img-cf.kurly.com/shop/data/goodsview/20191127/gv10000069889_1.jpg", "description": "행동 반경이 넓어진 우리 아이 안전을 위해 현관문, 주방 등 집안 곳곳 안전문을 설치하는 것은 더이상 낯선 풍경이 아니에요. 하지만 벽면의 손상이 염려되고, 문을 여닫는 게 번거로워 사용이 꺼려지는 분들 종종 계셨을 거예요. 컬리가 선택한 아가드의 안전문은 자석형 손잡이가 부착돼 문을 부드럽게 여닫을 수 있는 제품입니다. 벽에 길이 조절이 가능한 나사를 위치한 뒤 살살 돌려 단단하게 조이면 안전문이 설치되는데요. 고정 나사에 실리콘 캡이 씌어져 있어 손상의 걱정을 덜어드린답니다. 아이가 쉽게 문을 열지 못하도록 상하 버튼을 동시에 눌러 여는 2중 잠금 장치를 접목한 부분도 마음에 쏙 들어요. 안전문이 필요한 공간의 간격을 정확히 파악한 후 구입하시길 추천할게요. ", "img3": "https://img-cf.kurly.com/shop/data/goodsview/20191127/gv20000069902_1.jpg", "option_name_list": [], "option_price_list": []}