{"img1": "https://img-cf.kurly.com/shop/data/goods/1584079532181y0.jpg", "name": "[프레쉬프로인데] 유기농 브레첼 딘켈, 병아리콩", "summary": "고소하게 즐기는 미니 브레첼", "price": "4,600원", "discount_rate": 0, "unit": "1봉", "amount": "75g", "package": "상온/종이포장", "made_in": "", "img2": "https://img-cf.kurly.com/shop/data/goodsview/20200313/gv00000085440_1.jpg", "description": "귀여운 모양과, 고소하고 짭짤한 맛을 지닌 브레첼은 한 입 간식 또는 술안주로 활용하기 좋은 스낵이지요. 컬리는 유기농 인증을 받아 더욱 건강하게 즐길 수 있는 브레첼을 준비했어요. 딘켈과 병아리콩을 넣어 만들었기에, 진한 고소함이 가득 전해져요. 바삭하게 부서지는 식감과, 브레첼이 지니는 특유의 밀도감이 아주 매력적이랍니다. 담백한 우유, 시원하게 톡 쏘는 맥주와도 환상의 궁합을 자랑하지요. 심심했던 입안을 채워줄 간식으로 프레쉬프로인데의 브레첼을 선택해 보세요. ", "img3": "https://img-cf.kurly.com/shop/data/goodsview/20200313/gv00000085444_1.jpg", "option_name_list": [], "option_price_list": []},
{"img1": "https://img-cf.kurly.com/shop/data/goods/1584079772127y0.jpg", "name": "[프레쉬프로인데] 유기농 스틱 딘켈, 당근", "summary": "딘켈과 당근을 품은 색다른 스낵", "price": "4,900원", "discount_rate": 0, "unit": "1봉", "amount": "75g", "package": "상온/종이포장", "made_in": "", "img2": "https://img-cf.kurly.com/shop/data/goodsview/20200313/gv10000085445_1.jpg", "description": "당근을 싫어하는 아이들 때문에 고민인 분들 많으실 거예요. '당근 공포증'을 지닌 아이들도 당근과 좀 더 친해질 수 있는 방법을 소개합니다. 유기농 인증을 받아 더욱 건강하게 즐길 수 있는 딘켈, 당근 스틱을 준비했어요. 바삭바삭한 식감과 그 속에 품은 당근, 딘켈의 고소하고 달큰한 풍미가 잔잔히 전해집니다. 짭조름한 맛 덕분에, 아이들도 거부감 없이 즐길 수 있는 유기농 간식이지요. 어른들 맥주 안주로도 손색이 없답니다. 프레쉬프로인데의 유기농 스틱으로 오늘의 간식 고민을 해결해 보세요.", "img3": "https://img-cf.kurly.com/shop/data/goodsview/20200313/gv30000085450_1.jpg", "option_name_list": [], "option_price_list": []},
{"img1": "https://img-cf.kurly.com/shop/data/goods/1584080047789y0.jpg", "name": "[프레쉬프로인데] 유기농 뮤슬리 바나나, 사과, 블루베리", "summary": "간편하고 다채로운 아침을 위한", "price": "7,700원", "discount_rate": 0, "unit": "1봉", "amount": "200g", "package": "상온/종이포장", "made_in": "", "img2": "https://img-cf.kurly.com/shop/data/goodsview/20200313/gv40000085451_1.jpg", "description": "뮤슬리는 다양한 곡류와 견과류, 통귀리, 말린 과일을 혼합해 만든 스위스식 시리얼이에요. 스위스 사람들은 뮤슬리를 아침식사용으로 흔히들 즐기고 있지요. 컬리는 유기농 인증을 받아 더욱 건강하게 맛볼 수 있는 뮤슬리 제품을 준비했습니다. 톡톡 터지는 식감과 고소한 맛의 밀, 귀리 플레이크를 풍성히 담아냈어요. 중간중간 씹히는 사과와 블루베리 조각, 달콤한 바나나 분말이 존재감을 뽐냅니다. 우유, 요거트 등 담백하고 고소한 음료에 곁들여 보세요. 오늘의 아침을 더욱 다채롭게 만들어줄 거예요.", "img3": "https://img-cf.kurly.com/shop/data/goodsview/20200313/gv40000085455_1.jpg", "option_name_list": [], "option_price_list": []},
{"img1": "https://img-cf.kurly.com/shop/data/goods/158408028018y0.jpg", "name": "[프레쉬프로인데] 유기농 퍼프 2종", "summary": "아이들을 위한 유기농 스낵", "price": "7,900원", "discount_rate": 0, "unit": "1봉", "amount": "125g", "package": "상온/종이포장", "made_in": "", "img2": "https://img-cf.kurly.com/shop/data/goodsview/20200313/gv10000085456_1.jpg", "description": "아이들을 위해 유기농 간식을 찾고 계셨던 분들은 주목해 주세요. 우유나 요거트에 곁들여 함께 먹기 좋은 유기농 퍼프 스낵을 준비했으니까요. 바삭바삭하게 부서지는 퍼프의 식감이 아주 경쾌하고 재밌답니다. 귀여운 치아가 슬금슬금 나오거나, 씹는 식감을 좋아하는 아이들에게도 인기 만점이지요. 은은한 새콤달콤함이 매력적인 사과, 딸기 퍼프와 고소하고 부드러운 바나나, 바닐라 퍼프 2종을 준비했어요. 소중한 우리 아이들을 위해, 좀 더 건강하게 즐길 수 있는 유기농 퍼프를 선택해 보세요. ", "img3": "https://img-cf.kurly.com/shop/data/goodsview/20200313/gv30000085465_1.jpg", "option_name_list": ["[프레쉬프로인데] 유기농 퍼프 사과, 딸기", "[프레쉬프로인데] 유기농 퍼프 바나나, 바닐라"], "option_price_list": ["7,900원", "7,900원"]},
{"img1": "https://img-cf.kurly.com/shop/data/goods/1583457286571y0.jpg", "name": "[앤쿡] 무항생제 어린이 한우 나주 곰국", "summary": "맑고 깨끗하게 끓인 만능 육수", "price": "15,900원", "discount_rate": 0, "unit": "1상자", "amount": "200g X 8팩", "package": "냉동/종이포장", "made_in": "", "img2": "https://img-cf.kurly.com/shop/data/goodsview/20190409/gv30000046982_1.jpg", "description": "죽이나 미음부터 각종 요리의 육수까지, 아이 식단을 구성하다 보면 잘 끓인 고깃국물이 필요할 때가 참 많아요. 하지만 집에서 육수를 제대로 내기란 쉬운 일이 아니죠. 특히 아이가 먹을 것이라면 더욱 신경이 쓰이는데요. 이런 마음을 읽은 앤쿡은 무항생제 한우와 국산 재료만을 사용하여 누구나 안심하고 선택할 수 있는 나주 곰국을 만들었어요. 가마솥 방식으로 오래 끓인 나주 곰국은 맑은 국물만큼이나 맛도 깔끔합니다. 간을 따로 하지 않아 용도에 맞게 사용하기에도 좋고, 200g씩 알맞게 담아내 마음의 부담도 적지요. 꼭 아이 식단에만 사용하실 필요는 없습니다. 깊은 국물을 원하실 때마다 한 팩씩 뜯어 간편하게 밥상을 차려보세요. ", "img3": "https://img-cf.kurly.com/shop/data/goodsview/20200306/gv30000084385_1.jpg", "option_name_list": [], "option_price_list": []},
{"img1": "https://img-cf.kurly.com/shop/data/goods/1583219996152y0.jpg", "name": "[또또맘] 떼쓰는우리아이엔촉촉꿀밤 50g", "summary": "고소한 밤과 달콤한 꿀의 만남", "price": "2,900원", "discount_rate": 0, "unit": "1개", "amount": "50g", "package": "상온/종이포장", "made_in": "", "img2": "https://img-cf.kurly.com/shop/data/goodsview/20200303/gv30000083803_1.jpg", "description": "아이들을 위한 부드러운 간식을 찾고 있다면, 또또맘의 촉촉 꿀밤을 선택해 보세요. 또또맘은 튼실한 지리산 밤을 선별해, 껍질을 벗긴 뒤 먹기 좋게 삶았는데요. 익힌 밤을 국내산 꿀에 한차례 담가 건강한 단맛과 촉촉한 식감까지 더해주었어요. 50g 소용량으로 포장한 제품이라 언제 어디서든 간편하게 휴대할 수 있답니다. 씹을수록 고소한 맛이 좋아, 아이뿐 아니라 어른들을 위한 간식으로도 좋을 거예요.", "img3": "https://img-cf.kurly.com/shop/data/goodsview/20200303/gv20000083807_1.jpg", "option_name_list": [], "option_price_list": []},
{"img1": "https://img-cf.kurly.com/shop/data/goods/1583222822586y0.jpg", "name": "[또또맘] 리얼구마죽 100gx7입", "summary": "국내산 무농약 고구마로 만든", "price": "15,900원", "discount_rate": 0, "unit": "1팩", "amount": "100g x 7팩 ", "package": "상온/종이포장", "made_in": "", "img2": "https://img-cf.kurly.com/shop/data/goodsview/20200303/gv10000083839_1.jpg", "description": "외출할 때마다 아이의 끼니를 따로 준비하는 일은 꽤 번거로워요. 수고를 덜어줄 또또맘의 리얼구마죽을 소개합니다. 곱게 간 국내산 무농약 고구마와 쌀가루와 찹쌀가루 등을 섞은 뒤, 한차례 끓여 부드러운 죽을 만들었는데요. 100g씩 파우치에 담아 개별로 포장한 상품이라 외출 시에도 간편하게 휴대할 수 있어요. 상온 보관이 가능해 그대로 섭취해도 맛있고, 따뜻하게 데워 먹어도 좋답니다.", "img3": "https://img-cf.kurly.com/shop/data/goodsview/20200303/gv20000083843_1.jpg", "option_name_list": [], "option_price_list": []},
{"img1": "https://img-cf.kurly.com/shop/data/goods/1583218418267y0.jpg", "name": "[또또맘] 탱글떡묵바 200g", "summary": "쌀가루로 반죽한 쫀득한 어묵", "price": "5,500원", "discount_rate": 0, "unit": "1팩", "amount": "40g x 5개입", "package": "냉동/종이포장", "made_in": "", "img2": "https://img-cf.kurly.com/shop/data/goodsview/20200303/gv10000083787_1.jpg", "description": "식사 대용으로 즐길 수 있는 귀여운 어묵바를 소개할게요. 또또맘의 탱글떡묵바는 짭짤한 연육에 밀가루 대신 쌀가루를 섞어 만든 상품인데요. 국산 쌀로 만든 가래떡이 쏙 들어가 있어, 입안 가득 쫄깃한 식감까지 즐길 수 있답니다. 밥투정하는 아이를 위해 또또맘의 탱글떡묵바를 준비해 보세요. 탱글탱글 씹는 맛이 좋아 온 가족을 위한 간편 간식으로도 제격이랍니다.", "img3": "https://img-cf.kurly.com/shop/data/goodsview/20200303/gv20000083800_1.jpg", "option_name_list": [], "option_price_list": []},
{"img1": "https://img-cf.kurly.com/shop/data/goods/1580711722861y0.jpg", "name": "[YOZM] 블루베리 콩포트 그릭요거트", "summary": "보랏빛 매력을 더한 그릭요거트", "price": "4,900원", "discount_rate": 0, "unit": "1팩", "amount": "요거트100g+콩포트30g", "package": "냉장/종이포장", "made_in": "", "img2": "https://img-cf.kurly.com/shop/data/goodsview/20200203/gv20000079997_1.jpg", "description": "새큼한 요거트 위에 어떤 토핑을 곁들여도 맛이 잘 어우러지죠. 컬리는 YOZM의 그릭요거트와 함께 블루베리를 뭉근히 졸여 만든 콩포트를 준비했습니다. 블루베리의 과육에 설탕 대신 자일리톨, 포도주, 레몬즙을 함께 넣고 끓여 콩포트를 완성했지요. 덕분에 블루베리 본연의 새콤달콤함을 자연스럽게 이끌어냈답니다. 크림치즈처럼 꾸덕꾸덕하고 크리미한 질감을 자랑하는 YOZM의 그릭요거트 위에 달콤한 콩포트를 얹어 섞어 드세요. 요거트 본연의 진한 고소함과도 잘 어우러질 거예요. ", "img3": "https://img-cf.kurly.com/shop/data/goodsview/20200203/gv30000080003_1.jpg", "option_name_list": [], "option_price_list": []},
{"img1": "https://img-cf.kurly.com/shop/data/goods/1580711540347y0.jpg", "name": "[YOZM] 스트로베리 콩포트 그릭요거트", "summary": "화사한 달콤함을 끼얹은 그릭요거트", "price": "4,900원", "discount_rate": 0, "unit": "1팩", "amount": "요거트100g + 콩포트30g", "package": "냉장/종이포장", "made_in": "", "img2": "https://img-cf.kurly.com/shop/data/goodsview/20200203/gv10000079989_1.jpg", "description": "새큼한 요거트 위에 어떤 토핑을 곁들여도 맛이 잘 어우러지죠. 컬리는 YOZM의 진한 그릭요거트와 함께 딸기를 뭉근히 졸여 만든 콩포트를 준비했습니다. 딸기의 과육에 설탕 대신 자일리톨, 포도주, 레몬즙을 함께 넣고 끓여 콩포트를 완성했지요. 덕분에 자연스러운 딸기 본연의 달콤함이 한껏 묻어난답니다. 크림치즈처럼 꾸덕꾸덕하고 크리미한 질감을 자랑하는 요거트의 고소함과도 잘 어우러지고요. 요거트 위에 솔솔 뿌려내면 한 입 가득 상큼한 시간이 펼쳐질 거예요.", "img3": "https://img-cf.kurly.com/shop/data/goodsview/20200203/gv00000079994_1.jpg", "option_name_list": [], "option_price_list": []},
{"img1": "https://img-cf.kurly.com/shop/data/goods/1580711937831y0.jpg", "name": "[YOZM] 애플망고패션 콩포트 그릭요거트", "summary": "상큼함이 톡톡 터지는 그릭요거트", "price": "4,900원", "discount_rate": 0, "unit": "1팩", "amount": "요거트100g + 콩포트 30g", "package": "냉장/종이포장", "made_in": "", "img2": "https://img-cf.kurly.com/shop/data/goodsview/20200203/gv00000080006_1.jpg", "description": "새큼한 요거트 위에 어떤 토핑을 곁들여도 맛이 잘 어우러지죠. 컬리는 YOZM의 그릭요거트와 함께 망고, 패션후르츠를 뭉근히 졸여 만든 콩포트를 준비했습니다. 신선한 과육에는 설탕 대신 자일리톨, 포도주를 함께 넣고 끓여 콩포트를 완성했지요. 애플망고의 달큰함과 패션후르츠의 톡톡 터지는 알갱이가 그릭요거트의 토핑 역할을 훌륭하게 해냅니다. 크림치즈처럼 꾸덕꾸덕하고 크리미한 질감을 자랑하는 그릭요거트 위에 새콤달콤한 콩포트를 얹어 섞어 드세요. 요거트 본연의 진한 고소함과도 잘 어우러질 거예요. ", "img3": "https://img-cf.kurly.com/shop/data/goodsview/20200203/gv30000080008_1.jpg", "option_name_list": [], "option_price_list": []},
{"img1": "https://img-cf.kurly.com/shop/data/goods/157853387037y0.jpg", "name": "[아넬라] 과일 퓨레 9종", "summary": "지중해의 자연 담은 과일 한 스푼", "price": "3,900원", "discount_rate": 0, "unit": "1팩", "amount": "100g x 2개입", "package": "냉장/종이포장", "made_in": "", "img2": "https://img-cf.kurly.com/shop/data/goodsview/20200107/gv00000076941_1.jpg", "description": "아삭하고 새콤달콤한 맛을 자랑하는 과일은 영양소도 풍부해 성장기의 아이들에게 아주 좋은 영양 공급원이죠. 아이에게 과일을 더욱 간편하게 자주 챙겨주고 싶다면 아넬라의 생과일 디저트를 기억해 주세요. 사랑하는 손녀에게 좋은 것을 먹이고 싶은 할아버지의 마음으로 만든 제품이에요. 맑고 깨끗한 환경을 자랑하는 지중해 연안의 자연농장에서 재배해 글로벌 G.A.P 인증을 받은 과일을 원재료로 사용해 믿고 먹을 수 있는 것은 물론, 집에서 직접 갈아낸 과일보다 입자가 곱고 어떤 퓨레보다 부드럽지요. 남녀노소 누구나 편하게 즐길 수 있는 자연의 맛을 건강하게 즐겨보세요.", "img3": "https://img-cf.kurly.com/shop/data/goodsview/20200107/gv30000076958_1.jpg", "option_name_list": ["[아넬라] 배", "[아넬라] 사과", "[아넬라] 사과 & 배", "[아넬라] 사과 & 바나나", "[아넬라] 사과 & 당근", "[아넬라] 사과 & 복숭아", "[아넬라] 사과 & 딸기", "[아넬라] 사과 & 망고", "[아넬라] 사과 & 푸룬"], "option_price_list": ["3,900원", "3,900원", "3,900원", "3,900원", "3,900원", "3,900원", "3,900원", "3,900원", "3,900원"]},
{"img1": "https://img-cf.kurly.com/shop/data/goods/1575015850829y0.jpg", "name": "[뉴오리진] a2 플래티넘 900g 3종", "summary": "a2 밀크로 만든 프리미엄 분유(1통/3종)", "price": "55,000원", "discount_rate": 0, "unit": "1통", "amount": "900g", "package": "상온/종이포장", "made_in": "", "img2": "https://img-cf.kurly.com/shop/data/goodsview/20191129/gv10000070405_1.jpg", "description": null, "img3": "https://img-cf.kurly.com/shop/data/goodsview/20191129/gv30000070426_1.jpg", "option_name_list": ["[뉴오리진] a2 플래티넘 1단계", "[뉴오리진] a2 플래티넘 2단계", "[뉴오리진] a2 플래티넘 3단계"], "option_price_list": ["55,000원", "55,000원", "55,000원"]},
{"img1": "https://img-cf.kurly.com/shop/data/goods/1572832366756y0.jpg", "name": "[오루미오] 못난이 핫도그", "summary": "부담없이 먹기 좋은 미니 핫도그! 고구마 맛으로 고소해요", "price": "4,900원", "discount_rate": 0, "unit": "1봉", "amount": "250g (5개입) ", "package": "냉동/종이포장", "made_in": "", "img2": "https://img-cf.kurly.com/shop/data/goodsview/20191104/gv20000066791_1.jpg", "description": "핫도그는 길쭉하면서도 통통한 형태를 하고 있는 경우가 많아요. 일반적인 핫도그 하나를 온전히 먹는 것이 조금 부담스럽게 여겨졌다면 지금 컬리가 소개하는 제품을 눈여겨 봐주세요. 여타의 제품에 비해 길이가 비교적 짧고 크기 역시 조금 작아요. 하지만 반을 갈라보면 반전 매력이 드러난답니다. 빵 반죽에는 달큰한 고구마 다이스가 콕콕 박혀 있고, 큼직한 소시지에는 양파를 넣어 한결 풍성한 감칠맛을 더했거든요. 전자레인지로 데우거나 에어프라이어에 넣을 때는 해동조차 필요 없기에 먹고 싶을 때 곧바로 즐기기 좋을 거예요.", "img3": "https://img-cf.kurly.com/shop/data/goodsview/20191104/gv40000066795_1.jpg", "option_name_list": [], "option_price_list": []},
{"img1": "https://img-cf.kurly.com/shop/data/goods/1567477507191y0.jpg", "name": "가시없는 노르웨이 고등어 350g(냉동)", "summary": "조리와 식사가 간편한 국민 반찬", "price": "7,800원", "discount_rate": 0, "unit": "1팩", "amount": "350g/3개입", "package": "냉동/종이포장", "made_in": "노르웨이산", "img2": "https://img-cf.kurly.com/shop/data/goodsview/20190903/gv00000060571_1.jpg", "description": "고등어 특유의 고소하고 통통한 살점을 맛보면 가히 국민 반찬이라는 수식어가 아깝지 않아요. 하지만 가시를 발라 내는데 서툰 분들은 밥반찬으로 고등어를 쉽게 선택하지 못하는데요. 그럴 땐 컬리가 준비한 가시없는 노르웨이 고등어를 만나보세요. 수작업을 통해 큼직한 뼈는 물론, 자잘하게 입에 걸리는 가시도 꼼꼼히 제거했어요. 고등어 반쪽 분량의 필렛을 하나씩 개별 포장했기에 그때그때 필요한 양만 꺼내서 해동할 수 있답니다. 생선 구이가 생각나는 날, 간편하게 구워 즐겨보세요.", "img3": "https://img-cf.kurly.com/shop/data/goodsview/20190829/gv00000060574_1.jpg", "option_name_list": [], "option_price_list": []},
{"img1": "https://img-cf.kurly.com/shop/data/goods/1564472563657y0.jpg", "name": "[또또맘] 오가닉 아이김 20g(1gx20)", "summary": "햇살과 해품으로 길러낸 유기농 아이김!", "price": "3,900원", "discount_rate": 0, "unit": "1개", "amount": " 20g(1gx20)", "package": "상온/종이포장", "made_in": "", "img2": "https://img-cf.kurly.com/shop/data/goodsview/20190730/gv40000057779_1.jpg", "description": "아이의 식단에 빠질 수 없는 김을 고를 때 가장 중점적으로 고려해야 할 점이 있다면 바로 염도일 거예요. 컬리가 소개하는 또또맘의 오가닉 아이김은 기름이나 소금을 가미하지 않고 만든 제품이에요. 햇빛과 해풍으로 길러낸 국내산 유기농 김을 엄선하여 그대로 구워냈지요. 어떠한 식품 첨가물을 더하지 않고, 옛 자연 방식 그대로 건조한 김만을 재료로 사용해 건강함이 오롯이 전해진답니다. 오가닉 아이김을 소량 담아 개별 포장했으니 아이의 도시락 김으로, 또 식사할 때마다 꺼내어 주세요. ", "img3": "https://img-cf.kurly.com/shop/data/goodsview/20190730/gv40000057828_1.jpg", "option_name_list": [], "option_price_list": []}