{"img1": "https://img-cf.kurly.com/shop/data/goods/1573452045879y0.jpg", "name": "[기장물산] 이유식 육수용 다시팩", "summary": "엄선한 6가지 재료를 담은 순한 육수", "price": "7,800원", "discount_rate": 0, "unit": "1팩", "amount": "10g/10팩", "package": "상온/종이포장", "made_in": "", "img2": "https://img-cf.kurly.com/shop/data/goodsview/20191111/gv00000067625_1.jpg", "description": "이유식을 시작한 우리 아이의 음식에도 깊은 맛이 필요한 법이죠. 컬리는 자극적이지 않고 순한 국물을 우려낼 아이용 육수 다시팩을 준비했어요. 다시마, 멸치, 사과, 쌀, 우엉, 파 6가지 재료를 모두 국산으로 엄선한 뒤 최적의 비율로 배합하여 팩 하나에 담아냈지요. 멸치의 내장을 제거하고, 우엉을 볶는 등 재료를 세심하게 손질하여 비리거나 쓴맛을 최소화했답니다. 팩은 옥수수 전분에서 추출한 원료로 만들어졌기에 안심이고요. 티백 형태라 국물을 우려낸 뒤 건져내기만 하면 맑고도 진한 국물이 금세 완성될 거예요. 이유식이나 아이의 국, 죽 등을 만들 때 손쉽게 활용해보세요. ", "img3": "https://img-cf.kurly.com/shop/data/goodsview/20191111/gv00000067630_1.jpg", "option_name_list": [], "option_price_list": []},
{"img1": "https://img-cf.kurly.com/shop/data/goods/1571982782850y0.jpg", "name": "[그린마운틴] 이유식용 송아지 다짐육 30gx6(냉동)", "summary": "1회 분량씩 간편하게 쓰는 다짐육!(100g 당 판매가: 7,222원)", "price": "13,000원", "discount_rate": 0, "unit": "1팩", "amount": "180g (30gx6개입)", "package": "냉동/종이포장", "made_in": "호주산", "img2": "https://img-cf.kurly.com/shop/data/goodsview/20191025/gv30000065852_1.jpg", "description": "이유식에 넣는 고기를 고를 때는 안전성과 신선함을 꼼꼼히 따져보기 마련이에요. 컬리는 청정 호주에서 오직 목초만을 먹여 자연방목하고, 성장 호르몬도 맞지 않은 깔끔한 송아지 다짐육을 소개할게요. 곡물 사료를 먹이지 않은 데다 특히 지방이 적은 우둔 부위만 선별했기에 기름기가 거의 보이지 않습니다. 게다가 가공을 끝낸 직후부터 쭉 냉동 환경을 유지한 채 24시간 이내에 항공으로 배송하기에 신선도가 떨어질 염려도 적지요. 1회 분량씩 간편하게 쓸 수 있도록 미리 소분하여 포장했으니 더욱 만족스러울 거예요. ", "img3": "https://img-cf.kurly.com/shop/data/goodsview/20191105/gv10000066932_1.jpg", "option_name_list": [], "option_price_list": []},
{"img1": "https://img-cf.kurly.com/shop/data/goods/1568705114110y0.jpg", "name": "곱게다진 새우살", "summary": "국내산 새우살 100%", "price": "10,500원", "discount_rate": 0, "unit": "1개", "amount": "120g / 30g X 4조각입", "package": "냉동/종이포장", "made_in": "", "img2": "https://img-cf.kurly.com/shop/data/goodsview/20190917/gv10000062077_1.jpg", "description": "식재료를 다지는 과정은 별것 아닌 듯 보여도 꽤 많은 시간과 노력이 들어요. 컬리는 식사 준비를 한결 편하게 해줄 다짐 새우살을 소개할게요. 고소한 감칠맛이 매력적인 국산 홍새우살로 만든 제품이랍니다. 단단한 껍질 등을 2회에 걸쳐 꼼꼼히 제거한 뒤, 통통한 새우살만 다짐기로 보드랍게 다졌어요. 이후 필요한 양만큼을 손쉽게 꺼내 쓸 수 있도록 4구 트레이에 30g씩 나누어 담았지요. 죽이나 스튜, 전, 찜 등의 요리에 넣어 다양하게 활용해보세요. 동글동글하게 말아 튀김을 만들어도 좋아요.", "img3": "https://img-cf.kurly.com/shop/data/goodsview/20190917/gv10000062080_1.jpg", "option_name_list": [], "option_price_list": []},
{"img1": "https://img-cf.kurly.com/shop/data/goods/1568704534653y0.jpg", "name": "곱게다진 대구살", "summary": "보드랍게 다져 활용도가 높은", "price": "11,500원", "discount_rate": 0, "unit": "1개", "amount": "120g / 30g X 4조각입", "package": "냉동/종이포장", "made_in": "", "img2": "https://img-cf.kurly.com/shop/data/goodsview/20190917/gv40000062071_1.jpg", "description": "식재료를 다지는 과정은 별것 아닌 듯 보여도 꽤 많은 시간과 노력이 들어요. 컬리는 식사 준비를 한결 편하게 해줄 다짐 대구살을 소개할게요. 담백하고 비린내가 적은 국내산 대구로 만든 제품이랍니다. 가시를 2회에 걸쳐 꼼꼼히 제거한 뒤, 전체의 20%밖에 되지 않는 흰 살 부위만 선별해 다짐기로 보드랍게 다졌어요. 이후 필요한 양만큼을 손쉽게 꺼내 쓸 수 있도록 4구 트레이에 30g씩 나누어 담았지요. 죽이나 스튜, 전, 찜 등의 요리에 넣어 다양하게 활용해보세요. 아이가 처음 맛보는 생선으로도 물론 알맞답니다. ", "img3": "https://img-cf.kurly.com/shop/data/goodsview/20190917/gv10000062074_1.jpg", "option_name_list": [], "option_price_list": []},
{"img1": "https://img-cf.kurly.com/shop/data/goods/1569577984817y0.jpg", "name": "[베이비본죽] 맘편한 유기농 쌀가루 3종", "summary": "간편하게 완성하는 단계별 죽", "price": "4,500원", "discount_rate": 0, "unit": "1박스", "amount": "옵션별 상이", "package": "상온/종이포장", "made_in": "", "img2": "https://img-cf.kurly.com/shop/data/goodsview/20190927/gv20000063228_1.jpg", "description": "아이들은 이유식을 통해 음식의 맛과 식감을 천천히 알아가지요. 때문에 좋은 재료를 사용하는 것은 물론, 월령에 맞는 이유식을 주는 것도 무척이나 중요한데요. 베이비본죽은 아이들의 발달 단계에 알맞도록 입자감을 조절한 유기농 쌀가루 3종을 선보여요. 100% 유기농 백미를 깨끗하게 세척한 후, 한 끼에 알맞은 양으로 담아 스틱에 포장했습니다. 입자감이 거의 없는 보드라운 쌀가루부터, 입자감이 살아 있는 단계까지 총 3종으로 구분해 준비했고요. 안전한 재료로 정성스레 담은 유기농 스틱 쌀가루로 우리 아이의 이유식을 똑똑하게 완성해 보세요. ", "img3": "https://img-cf.kurly.com/shop/data/goodsview/20190927/gv40000063269_1.jpg", "option_name_list": ["[베이비본죽] 초기 쌀가루", "[베이비본죽] 중기 1단계 쌀가루", "[베이비본죽] 중기 2단계 쌀가루"], "option_price_list": ["4,500원", "5,000원", "5,500원"]},
{"img1": "https://img-cf.kurly.com/shop/data/goods/1536914308485y0.jpg", "name": "친환경 완두콩 180g (냉동)", "summary": "일년내내 즐기는 국내산 완두콩(1봉/180g)", "price": "5,500원", "discount_rate": 0, "unit": "1봉", "amount": "180g", "package": "냉동/종이포장", "made_in": "", "img2": "https://img-cf.kurly.com/shop/data/goodsview/20180914/gv40000032168_1.jpg", "description": "완두콩은 연한 식감과 특유의 달큰한 맛이 돋보이는 식재료예요. 그 매력은 밥, 샐러드, 콩자반, 와사비를 넣은 스낵 등 어떤 요리로 만들어도 쉽게 사라지지 않죠. 활용도가 무척 높은 채소지만 제철은 조금 짧은 편이라 5~6월이 지나면 수입산 완두콩을 주로 만나게 돼요. 그래서 컬리는 수확기가 아닐 때에도 국산 완두콩을 드릴 수 있도록 냉동한 제품을 준비했어요. 친환경 무농약 농법으로 재배, 수확한 뒤 콩깍지를 일일이 손으로 벗겼어요. 수작업을 거친만큼 완두콩 사이사이에 섬유질이 섞여있어 더욱 깨끗하고 안전하게 느껴집니다. 손질 후 급속 냉동시켜 신선하게 보내드리니 다양한 방법으로 활용해보세요.", "img3": "https://img-cf.kurly.com/shop/data/goodsview/20180914/gv10000032171_1.jpg", "option_name_list": [], "option_price_list": []},
{"img1": "https://img-cf.kurly.com/shop/data/goods/1557726502758y0.jpg", "name": "유기농 완두콩 600g (냉동)", "summary": "요리의 식감과 색감을 살려주는 유기농 완두콩(1봉/600g)", "price": "5,900원", "discount_rate": 0, "unit": "1봉", "amount": "600g", "package": "냉동/종이포장", "made_in": "유럽(벨기에, 오스트리아, 스페인)", "img2": "https://img-cf.kurly.com/shop/data/goodsview/20190513/gv40000050028_1.jpg", "description": "콩 중에서도 푸른빛 완두콩은 단백질과 비타민 함량이 높기로 유명하지요. 이 때문에 제철에 난 완두콩을 손질해 일부는 먹고 일부는 보관하는 분들이 있을 텐데요. 이번에 소개하는 냉동 유기농 완두콩만 있으면 일일이 완두콩 껍질을 깔 필요 없이 더 자주 더 쉽게 완두콩 요리를 즐길 수 있습니다. 신선한 완두콩을 세척 및 멸균 처리한 뒤 급속 냉동한 제품이에요. 유럽연합(EU)의 유기농 인증을 획득하였기에 아이 이유식 재료로 사랑받고 있기도 하지요. 밥을 지을 때 잊지 않고 조금씩 넣어 먹거나 잎채소 위에 톡톡 뿌려 토핑으로도 활용해 보세요. ", "img3": "https://img-cf.kurly.com/shop/data/goodsview/20190513/gv10000050035_1.jpg", "option_name_list": [], "option_price_list": []},
{"img1": "https://img-cf.kurly.com/shop/data/goods/1556517167310y0.jpg", "name": "[설성목장] 무항생제 한우 고기 육수", "summary": "깐깐한 엄마의 선택!", "price": "2,500원", "discount_rate": 0, "unit": "1팩", "amount": "200g", "package": "냉동/종이포장", "made_in": "", "img2": "https://img-cf.kurly.com/shop/data/goodsview/20190429/gv10000048840_1.jpg", "description": "한 수 다른 맛의 비결은 바로 육수 활용에 있지요. 잘 우러난 육수는 갖은 요리에 깊이를 더합니다. 지금 소개하는 고기 육수는 친환경 방목 아래 무항생제 한우를 생산하는 '설성목장'이 제공해요. 한우 부위 중에서도 기름기 적고 담백한, 사태를 정성껏 우려 만든 고기 육수는 맑은 국물빛 만큼이나 풍미가 깨끗, 깔끔해요. 기름기를 완전히 걷어냈기에 담백하면서도 한우 본연의 구수함이 깊고 은은하게 드러나죠. 조미료 없이도 살아나는 건강한 감칠맛을 느껴보세요. 아이용 미음, 죽의 베이스로는 물론 200g 소포장이니 혼자 사는 분들도 국, 찌개를 맛있고 간편히 끓여낼 수 있답니다. ", "img3": "https://img-cf.kurly.com/shop/data/goodsview/20190429/gv30000048847_1.jpg", "option_name_list": [], "option_price_list": []},
{"img1": "https://img-cf.kurly.com/shop/data/goods/1551236361829y0.jpg", "name": "유기농 다진 연근 60g (냉동)", "summary": "아삭아삭 뿌리 채소의 영양", "price": "4,200원", "discount_rate": 0, "unit": "1개 ", "amount": "60g", "package": "냉동/종이포장", "made_in": "", "img2": "https://img-cf.kurly.com/shop/data/goodsview/20190227/gv40000043904_1.jpg", "description": null, "img3": "https://img-cf.kurly.com/shop/data/goodsview/20190619/gv20000053522_1.jpg", "option_name_list": [], "option_price_list": []},
{"img1": "https://img-cf.kurly.com/shop/data/goods/155123513354y0.jpg", "name": "유기농 다진 비트 60g (냉동)", "summary": "안토시아닌이 풍부한 붉은빛 영양", "price": "3,800원", "discount_rate": 0, "unit": "1개", "amount": "60g", "package": "냉동/종이포장", "made_in": "", "img2": "https://img-cf.kurly.com/shop/data/goodsview/20190227/gv00000043900_1.jpg", "description": "예쁜 빛깔로 눈을 사로 잡는 색깔 채소 비트에는 철분과 엽산, 안토시아닌이 풍성히 들었어요. 아이들 식단에 활용하기도 참 좋답니다. 블럭 형태로 15g씩 4등분 하여 담아낸 '다진 비트'는 따로 손질하지 않고 1회분씩 요리에 바로 사용할 수 있어요. 국내산 유기농 비트를 깨끗이 세척했기에 더욱 안심할 수 있답니다. 더욱이 비트를 살짝 데쳤기에 변질의 위험이 없고, 섬유소의 조직이 연해져 흡수가 잘 되고 본래의 단맛도 은은히 살아 있지요. 닭고기, 소고기, 당근 등의 재료와 함께 죽으로, 주먹밥 등 아이 식단에 이용해 보세요. 남은 분량은 냉동실에 다시 보관하였다가 필요할 때마다 간편히 꺼내어 쓰세요.", "img3": "https://img-cf.kurly.com/shop/data/goodsview/20190619/gv00000053524_1.jpg", "option_name_list": [], "option_price_list": []},
{"img1": "https://img-cf.kurly.com/shop/data/goods/1551234905177y0.jpg", "name": "유기농 다진 아스파라거스 60g (냉동)", "summary": "잘게 다진 파릇한 채소", "price": "7,500원", "discount_rate": 0, "unit": "1개 ", "amount": "60g", "package": "냉동/종이포장", "made_in": "", "img2": "https://img-cf.kurly.com/shop/data/goodsview/20190227/gv00000043895_1.jpg", "description": "파릇한 색과 아삭하고 산뜻한 내음을 품은 아스파라거스에는 식이섬유와 단백질, 비타민, 철분 등의 영양이 고루 들었어요. 아이들 식단에 활용하기도 참 좋답니다. 블럭 형태로 15g씩 4등분 하여 담아낸 '다진 아스파라거스'는 따로 손질하지 않고 1회분씩 요리에 바로 사용할 수 있어요. 국내산 유기농 아스파라거스를 깨끗이 세척했기에 더욱 안심이지요. 살짝 데친 덕에 변질의 위험이 없고, 섬유소의 조직이 연해져 흡수를 도왔답니다. 닭고기, 연두부 등의 재료와 함께 죽, 주먹밥으로 아이 식단에 이용해 보세요. 남은 분량은 냉동실에 다시 보관하였다가 필요할 때마다 간편히 꺼내어 쓰세요.", "img3": "https://img-cf.kurly.com/shop/data/goodsview/20190619/gv30000053526_1.jpg", "option_name_list": [], "option_price_list": []},
{"img1": "https://img-cf.kurly.com/shop/data/goods/1551232880206y0.jpg", "name": "유기농 다진 파프리카 60g 3종 (냉동)", "summary": "화려한 색감, 풍부한 영양", "price": "5,300원", "discount_rate": 0, "unit": "1개 ", "amount": "60g", "package": "냉동/종이포장", "made_in": "", "img2": "https://img-cf.kurly.com/shop/data/goodsview/20190227/gv30000043865_1.jpg", "description": null, "img3": "https://img-cf.kurly.com/shop/data/goodsview/20190619/gv10000053528_1.jpg", "option_name_list": ["유기농 다진 파프리카 빨강", "유기농 다진 파프리카 주황", "유기농 다진 파프리카 노랑"], "option_price_list": ["5,300원", "5,300원", "5,300원"]},
{"img1": "https://img-cf.kurly.com/shop/data/goods/1533263764956y0.jpg", "name": "다진 표고버섯 60g(냉동)", "summary": "영양 가득 쫄깃한 감칠맛", "price": "3,800원", "discount_rate": 0, "unit": "1팩", "amount": "60g 내외 ", "package": "냉동/종이포장", "made_in": "국산", "img2": "https://img-cf.kurly.com/shop/data/goodsview/20180803/gv00000028597_1.jpg", "description": null, "img3": "https://img-cf.kurly.com/shop/data/goodsview/20180803/gv10000028600_1.jpg", "option_name_list": [], "option_price_list": []},
{"img1": "https://img-cf.kurly.com/shop/data/goods/1533265180129y0.jpg", "name": "다짐 광어 80g 내외(냉동)", "summary": "비린내가 적어 두루 쓰기 좋은 재료", "price": "9,800원", "discount_rate": 0, "unit": "1팩", "amount": "80g 내외 ", "package": "냉동/종이포장", "made_in": "국산", "img2": "https://img-cf.kurly.com/shop/data/goodsview/20180803/gv40000028606_1.jpg", "description": null, "img3": "https://img-cf.kurly.com/shop/data/goodsview/20180803/gv20000028609_1.jpg", "option_name_list": [], "option_price_list": []},
{"img1": "https://img-cf.kurly.com/shop/data/goods/1533274678641y0.jpg", "name": "다짐 민어 80g 내외(냉동)", "summary": "부담 없이 사용하는 고급 생선", "price": "9,500원", "discount_rate": 0, "unit": "1팩", "amount": "80g 내외 ", "package": "냉동/종이포장", "made_in": "국산", "img2": "https://img-cf.kurly.com/shop/data/goodsview/20180803/gv00000028614_1.jpg", "description": null, "img3": "https://img-cf.kurly.com/shop/data/goodsview/20180803/gv20000028617_1.jpg", "option_name_list": [], "option_price_list": []},
{"img1": "https://img-cf.kurly.com/shop/data/goods/1532597673882y0.jpg", "name": "[해통령] 천연 혼합 해물분말 3종 (냉장)", "summary": "다양한 해산물에서 우러나는 감칠맛의 향연", "price": "7,000원", "discount_rate": 0, "unit": "1병", "amount": "60g", "package": "냉장/종이포장", "made_in": "", "img2": "https://img-cf.kurly.com/shop/data/goodsview/20180726/gv10000028097_1.jpg", "description": "유아식을 만들거나 식단 관리 차원에서 염분을 조절해야 하는 경우 짜지 않고 건강한 천연 조미료가 더욱 필요해요. 100% 천연 조미료를 컬리가 엄선했답니다. 천연 조미료 시장의 선두주자, 해통령이 제안하는 건강한 천연 조미료를 만나보세요. 해통령이 전하는 ‘천연 혼합 해물 분말’은 이름 그대로 청정자연에서 얻은 채소와 해물을 사용해 만들었어요. 위생적인 HACCP 인증 시설에서 정성스레 손질하고 가공하니 더욱 안심할 수 있답니다. 해물과 채소를 골고루 섞은 혼합 분말인 만큼 다양한 원료에서 우러나는 다채로운 감칠맛이 요리의 품격을 높여준답니다.", "img3": "https://img-cf.kurly.com/shop/data/goodsview/20180726/gv10000028102_1.jpg", "option_name_list": ["[해통령] 야채 해물 분말 60g", "[해통령] 멸치 해물 분말 60g", "[해통령] 가쓰오 해물 분말 60g"], "option_price_list": ["7,000원", "7,000원", "7,000원"]}