{"img1": "https://img-cf.kurly.com/shop/data/goods/1583389940326y0.jpg", "name": "DOG [로투스] 그레인프리 오리 로프 캔", "summary": "곡물은 빼고 영양분은 가득 채운", "price": "5,000원", "discount_rate": 0, "unit": "1개", "amount": "", "package": "상온/종이포장", "made_in": "", "img2": "https://img-cf.kurly.com/shop/data/goodsview/20200305/gv00000084275_1.jpg", "description": "반려견의 주식을 신경 써서 고르는 견주라면, 중요하게 생각하는 기준들이 몇 가지씩 있죠. 로투스의 습식사료라면 어떤 기준을 대어보아도 꽤나 만족스러울 거예요. 글루코사민과 콘드로이틴이 풍부한 녹색입홍합과 오메가 지방산이 풍부한 연어 오일은 물론 각종 비타민과 미네랄을 빈틈없이 채워 넣었거든요. 원육에서 나온 수분 외의 다른 물이나 점증제는 일절 첨가하지 않았답니다. 사람이 손수 고기를 다듬어 캔에 담는 공정 과정까지 무척 안심될 거예요. 그레인 프리 제품인 만큼 식이 관리를 해줄 필요가 있거나 부드러운 음식이 필요할 때 급여해보세요.", "img3": "https://img-cf.kurly.com/shop/data/goodsview/20200305/gv30000084377_1.jpg", "option_name_list": [], "option_price_list": []},
{"img1": "https://img-cf.kurly.com/shop/data/goods/1583376279717y0.jpg", "name": "DOG [로투스] 그레인프리 치킨 로프 캔", "summary": "곡물은 빼고 영양분은 가득 채운", "price": "5,000원", "discount_rate": 0, "unit": "1개", "amount": "", "package": "상온/종이포장", "made_in": "", "img2": "https://img-cf.kurly.com/shop/data/goodsview/20200305/gv10000084092_1.jpg", "description": "반려견의 주식을 신경 써서 고르는 견주라면, 중요하게 생각하는 기준들이 몇 가지씩 있죠. 로투스의 습식사료라면 어떤 기준을 대어보아도 꽤나 만족스러울 거예요. 글루코사민과 콘드로이틴이 풍부한 녹색입홍합과 오메가 지방산이 풍부한 연어 오일은 물론 각종 비타민과 미네랄을 빈틈없이 채워 넣었거든요. 원육에서 나온 수분 외의 다른 물이나 점증제는 일절 첨가하지 않았답니다. 사람이 손수 고기를 다듬어 캔에 담는 공정 과정까지 무척 안심될 거예요. 그레인 프리 제품인 만큼 식이 관리를 해줄 필요가 있거나 부드러운 음식이 필요할 때 급여해보세요.", "img3": "https://img-cf.kurly.com/shop/data/goodsview/20200305/gv00000084376_1.jpg", "option_name_list": [], "option_price_list": []},
{"img1": "https://img-cf.kurly.com/shop/data/goods/1583382047177y0.jpg", "name": "DOG [로투스] 그레인프리 터키 로프 캔", "summary": "곡물은 빼고 영양분은 가득 채운", "price": "5,000원", "discount_rate": 0, "unit": "1개", "amount": "", "package": "상온/종이포장", "made_in": "", "img2": "https://img-cf.kurly.com/shop/data/goodsview/20200305/gv40000084126_1.jpg", "description": "반려견의 주식을 신경 써서 고르는 견주라면, 중요하게 생각하는 기준들이 몇 가지씩 있죠. 로투스의 습식사료라면 어떤 기준을 대어보아도 꽤나 만족스러울 거예요. 글루코사민과 콘드로이틴이 풍부한 녹색입홍합과 오메가 지방산이 풍부한 연어 오일은 물론 각종 비타민과 미네랄을 빈틈없이 채워 넣었거든요. 원육에서 나온 수분 외의 다른 물이나 점증제는 일절 첨가하지 않았답니다. 사람이 손수 고기를 다듬어 캔에 담는 공정 과정까지 무척 안심될 거예요. 그레인 프리 제품인 만큼 식이 관리를 해줄 필요가 있거나 부드러운 음식이 필요할 때 급여해보세요.", "img3": "https://img-cf.kurly.com/shop/data/goodsview/20200305/gv00000084379_1.jpg", "option_name_list": [], "option_price_list": []},
{"img1": "https://img-cf.kurly.com/shop/data/goods/1583387355413y0.jpg", "name": "DOG [로투스] 그레인프리 돼지 로프 캔", "summary": "곡물은 빼고 영양분은 가득 채운", "price": "5,000원", "discount_rate": 0, "unit": "1개", "amount": "", "package": "상온/종이포장", "made_in": "", "img2": "https://img-cf.kurly.com/shop/data/goodsview/20200305/gv40000084203_1.jpg", "description": "반려견의 주식을 신경 써서 고르는 견주라면, 중요하게 생각하는 기준들이 몇 가지씩 있죠. 로투스의 습식사료라면 어떤 기준을 대어보아도 꽤나 만족스러울 거예요. 글루코사민과 콘드로이틴이 풍부한 녹색입홍합과 오메가 지방산이 풍부한 연어 오일은 물론 각종 비타민과 미네랄을 빈틈없이 채워 넣었거든요. 원육에서 나온 수분 외의 다른 물이나 점증제는 일절 첨가하지 않았답니다. 사람이 손수 고기를 다듬어 캔에 담는 공정 과정까지 무척 안심될 거예요. 그레인 프리 제품인 만큼 식이 관리를 해줄 필요가 있거나 부드러운 음식이 필요할 때 급여해보세요.", "img3": "https://img-cf.kurly.com/shop/data/goodsview/20200305/gv40000084378_1.jpg", "option_name_list": [], "option_price_list": []},
{"img1": "https://img-cf.kurly.com/shop/data/goods/1579746401261y0.jpg", "name": "DOG [지위픽] 에어드라이 소고기 2종", "summary": "자연방목 소로 만든 건식사료", "price": "30,900원", "discount_rate": 0, "unit": "1개", "amount": "", "package": "상온/종이포장", "made_in": "", "img2": "https://img-cf.kurly.com/shop/data/goodsview/20200123/gv10000079139_1.jpg", "description": "뉴질랜드에서 온 자연식에 가까운 건식사료를 만나보세요. 지위픽은 넓은 초원에서 일 년 내내 자연 방목하여 키운 양질의 육류와 뉴질랜드 청정해역에서 잡은 자연산 원재료로 반려동물 주식을 만듭니다. 건식사료 하면 떠오르는 동그란 키블이 아니라 육포처럼 얇고 네모진 형태인데요. 키블로 뭉치기 위한 탄수화물을 사용하지 않고 에어드라이 공법으로 원물의 특징과 영양소를 최대한 보존했답니다. 지금 소개하는 제품은 필수 아미노산과 불포화 지방산이 풍부한 소로 만들어졌어요. 영양은 물론이고 진한 향으로 기호성까지 잡은 주식을 찾는다면 지위픽을 추천할게요.", "img3": "https://img-cf.kurly.com/shop/data/goodsview/20200123/gv00000079161_1.jpg", "option_name_list": ["DOG [지위픽] 에어드라이 소고기 454g", "DOG [지위픽] 에어드라이 소고기 1kg"], "option_price_list": ["30,900원", "49,900원"]},
{"img1": "https://img-cf.kurly.com/shop/data/goods/1579746145276y0.jpg", "name": "DOG [지위픽] 에어드라이 트라이프&양고기 2종", "summary": "영양 만점 트라이프가 든 건식사료", "price": "30,900원", "discount_rate": 0, "unit": "1개", "amount": "", "package": "상온/종이포장", "made_in": "", "img2": "https://img-cf.kurly.com/shop/data/goodsview/20200123/gv00000079128_1.jpg", "description": null, "img3": "https://img-cf.kurly.com/shop/data/goodsview/20200123/gv00000079162_1.jpg", "option_name_list": ["DOG [지위픽] 에어드라이 트라이프&양고기 454g", "DOG [지위픽] 에어드라이 트라이프&양고기 1kg"], "option_price_list": ["30,900원", "49,900원"]},
{"img1": "https://img-cf.kurly.com/shop/data/goods/1579746670396y0.jpg", "name": "DOG [지위픽] 에어드라이 양고기 2종", "summary": "자연방목 양으로 만든 건식사료", "price": "30,900원", "discount_rate": 0, "unit": "1개", "amount": "", "package": "상온/종이포장", "made_in": "", "img2": "https://img-cf.kurly.com/shop/data/goodsview/20200123/gv30000079150_1.jpg", "description": "뉴질랜드에서 온 자연식에 가까운 건식사료를 만나보세요. 지위픽은 넓은 초원에서 일 년 내내 자연 방목하여 키운 양질의 육류와 뉴질랜드 청정해역에서 잡은 자연산 원재료로 반려동물 주식을 만듭니다. 건식사료 하면 떠오르는 동그란 키블이 아니라 육포처럼 얇고 네모진 형태인데요. 키블로 뭉치기 위한 탄수화물을 사용하지 않고 에어드라이 공법으로 원물의 특징과 영양소를 최대한 보존했답니다. 지금 소개하는 제품은 식감이 부드럽고 무기질이 풍부한 양고기로 만들어졌어요. 영양은 물론이고 진한 향으로 기호성까지 잡은 주식을 찾는다면 지위픽을 추천할게요.", "img3": "https://img-cf.kurly.com/shop/data/goodsview/20200123/gv00000079152_1.jpg", "option_name_list": ["DOG [지위픽] 에어드라이 양고기 454g", " DOG [지위픽] 에어드라이 양고기 1kg"], "option_price_list": ["30,900원", "49,900원"]},
{"img1": "https://img-cf.kurly.com/shop/data/goods/1579504555549y0.jpg", "name": "DOG [지위픽] 에어드라이 사슴고기 2종", "summary": "자연방목 사슴으로 만든 건식사료", "price": "48,400원", "discount_rate": 0, "unit": "1개", "amount": "", "package": "상온/종이포장", "made_in": "", "img2": "https://img-cf.kurly.com/shop/data/goodsview/20200120/gv10000078732_1.jpg", "description": "뉴질랜드에서 온 자연식에 가까운 건식사료를 만나보세요. 지위픽은 넓은 초원에서 일 년 내내 자연 방목하여 키운 양질의 육류와 뉴질랜드 청정해역에서 잡은 자연산 원재료로 반려동물 주식을 만듭니다. 건식사료 하면 떠오르는 동그란 키블이 아니라 육포처럼 얇고 네모진 형태인데요. 키블로 뭉치기 위한 탄수화물을 사용하지 않고 에어드라이 공법으로 원물의 특징과 영양소를 최대한 보존했답니다. 지금 소개하는 제품은 다른 육류에 비해 지방함량이 낮은 붉은살 고기, 사슴으로 만들어졌어요. 영양은 물론이고 진한 향으로 기호성까지 잡은 주식을 찾는다면 지위픽을 추천할게요.", "img3": "https://img-cf.kurly.com/shop/data/goodsview/20200120/gv20000078745_1.jpg", "option_name_list": ["DOG [지위픽] 에어드라이 사슴고기 454g", "DOG [지위픽] 에어드라이 사슴고기 1kg"], "option_price_list": ["48,400원", "79,900원"]},
{"img1": "https://img-cf.kurly.com/shop/data/goods/1579507041900y0.jpg", "name": "DOG [지위픽] 에어드라이 고등어&양고기 2종", "summary": "뉴질랜드산 고등어로 만든 건식 사료", "price": "33,900원", "discount_rate": 0, "unit": "1개", "amount": "", "package": "상온/종이포장", "made_in": "", "img2": "https://img-cf.kurly.com/shop/data/goodsview/20200120/gv40000078760_1.jpg", "description": "뉴질랜드에서 온 자연식에 가까운 건식사료를 만나보세요. 지위픽은 넓은 초원에서 일 년 내내 자연 방목하여 키운 양질의 육류와 뉴질랜드 청정해역에서 잡은 자연산 원재료로 반려동물 주식을 만듭니다. 건식사료 하면 떠오르는 동그란 키블이 아니라 육포처럼 얇고 네모진 형태인데요. 키블로 뭉치기 위한 탄수화물을 사용하지 않고 에어드라이 공법으로 원물의 특징과 영양소를 최대한 보존했답니다. 지금 소개하는 제품은 오메가3&6 지방산이 풍부한 고등어와, 자연방목한 양고기로 만들어졌어요. 영양은 물론이고 진한 향으로 기호성까지 잡은 주식을 찾는다면 지위픽을 추천할게요.", "img3": "https://img-cf.kurly.com/shop/data/goodsview/20200120/gv00000078773_1.jpg", "option_name_list": ["DOG [지위픽] 에어드라이 고등어&양고기 454g", "DOG [지위픽] 에어드라이 고등어&양고기 1kg"], "option_price_list": ["33,900원", "53,900원"]},
{"img1": "https://img-cf.kurly.com/shop/data/goods/1579505717245y0.jpg", "name": "DOG [지위픽] 에어드라이 닭고기 2종", "summary": "자연방목 닭으로 만든 건식사료", "price": "30,900원", "discount_rate": 0, "unit": "1개", "amount": "", "package": "상온/종이포장", "made_in": "", "img2": "https://img-cf.kurly.com/shop/data/goodsview/20200120/gv30000078746_1.jpg", "description": "뉴질랜드에서 온 자연식에 가까운 건식사료를 만나보세요. 지위픽은 넓은 초원에서 일 년 내내 자연 방목하여 키운 양질의 육류와 뉴질랜드 청정해역에서 잡은 자연산 원재료로 반려동물 주식을 만듭니다. 건식사료 하면 떠오르는 동그란 키블이 아니라 육포처럼 얇고 네모진 형태인데요. 키블로 뭉치기 위한 탄수화물을 사용하지 않고 에어드라이 공법으로 원물의 특징과 영양소를 최대한 보존했답니다. 지금 소개하는 제품은 기호성이 높고 붉은 고기에 민감한 반려동물도 안심할 수 있는 닭고기로 만들어졌어요. 영양은 물론이고 진한 향으로 기호성까지 잡은 주식을 찾는다면 지위픽을 추천할게요.", "img3": "https://img-cf.kurly.com/shop/data/goodsview/20200120/gv40000078757_1.jpg", "option_name_list": ["DOG [지위픽] 에어드라이 닭고기 454g", " DOG [지위픽] 에어드라이 닭고기 1kg"], "option_price_list": ["30,900원", "49,900원"]},
{"img1": "https://img-cf.kurly.com/shop/data/goods/1579160088668y0.jpg", "name": "[나샘] 플로니 소고기 2종", "summary": "소시지 모양의 반려견 주식", "price": "6,500원", "discount_rate": 0, "unit": "1개", "amount": "", "package": "냉동/종이포장", "made_in": "", "img2": "https://img-cf.kurly.com/shop/data/goodsview/20200116/gv00000078246_1.jpg", "description": null, "img3": "https://img-cf.kurly.com/shop/data/goodsview/20200116/gv10000078258_1.jpg", "option_name_list": ["[나샘] 플로니 소고기 샘플러 60g", "[나샘] 플로니 소고기 300g"], "option_price_list": ["6,500원", "30,000원"]},
{"img1": "https://img-cf.kurly.com/shop/data/goods/1578639199714y0.jpg", "name": "[내추로] 그레인프리 오리&블루베리 캔", "summary": "알갱이 형태의 부드러운 습식 캔사료", "price": "4,000원", "discount_rate": 0, "unit": "1개", "amount": "", "package": "상온/종이포장", "made_in": "", "img2": "https://img-cf.kurly.com/shop/data/goodsview/20200110/gv30000077540_1.jpg", "description": "구수한 냄새가 솔솔 나는 습식 캔사료는 뚜껑을 엶과 동시에 반려견이 허겁지겁 달려들 만큼 기호성이 좋은데요. 잘게 으깨진 질감의 사료가 대부분이라 먹고 난 자리와 입 주변 털이 온통 너저분해지기 쉬워요. 내추로의 습식캔은 고기를 동글동글한 알갱이 형태로 만들어 깔끔하고 편안하게 먹을 수 있답니다. 수분 함량이 80%에 달할 만큼 촉촉한 질감의 오리고기 알갱이 사이사이에, 눈으로 확인할 수 있을 만큼 큼직하게 썰어진 채소도 들어있지요. 프리바이오틱스를 비롯해 관절 건강에 도움을 줄 수 있는 글루코사민과 콘드로이틴까지 영양소가 풍부하게 배합되어 있으니 안심하고 급여할 수 있을 거예요.", "img3": "https://img-cf.kurly.com/shop/data/goodsview/20200110/gv30000077546_1.jpg", "option_name_list": [], "option_price_list": []},
{"img1": "https://img-cf.kurly.com/shop/data/goods/157863822889y0.jpg", "name": "[내추로] 그레인프리 닭&고구마 캔", "summary": "알갱이 형태의 부드러운 습식 캔사료", "price": "4,000원", "discount_rate": 0, "unit": "1개", "amount": "", "package": "상온/종이포장", "made_in": "", "img2": "https://img-cf.kurly.com/shop/data/goodsview/20200110/gv10000077525_1.jpg", "description": "구수한 냄새가 솔솔 나는 습식 캔사료는 뚜껑을 엶과 동시에 반려견이 허겁지겁 달려들 만큼 기호성이 좋은데요. 잘게 으깨진 질감의 사료가 대부분이라 먹고 난 자리와 입 주변 털이 온통 너저분해지기 쉬워요. 내추로의 습식캔은 고기를 동글동글한 알갱이 형태로 만들어 깔끔하고 편안하게 먹을 수 있답니다. 수분 함량이 80%에 달할 만큼 촉촉한 질감의 닭고기 알갱이 사이사이에, 눈으로 확인할 수 있을 만큼 큼직하게 썰어진 채소도 들어있지요. 프리바이오틱스를 비롯해 관절 건강에 도움을 줄 수 있는 글루코사민과 콘드로이틴까지 영양소가 풍부하게 배합되어 있으니 안심하고 급여할 수 있을 거예요.", "img3": "https://img-cf.kurly.com/shop/data/goodsview/20200110/gv20000077536_1.jpg", "option_name_list": [], "option_price_list": []},
{"img1": "https://img-cf.kurly.com/shop/data/goods/1571053933563y0.jpg", "name": "[하림 더리얼] 그레인프리 크런치 연어 2종", "summary": "바삭한 식감의 연어 주식", "price": "17,100원", "discount_rate": 0, "unit": "1봉", "amount": "", "package": "상온/종이포장", "made_in": "", "img2": "https://img-cf.kurly.com/shop/data/goodsview/20191014/gv00000064505_1.jpg", "description": "브랜드의 이름만 들어도 좋은 원재료를 사용했을 거라는 느낌이 전해지는 반려견 주식을 컬리가 준비했어요. 구멍이 뽕 뚫린 독특한 도넛 모양과 부담 없이 바삭하게 씹히는 식감이 매력적인 사료랍니다. 불포화지방산이 풍부한 연어 살코기를 중심으로 곡물 대신 병아리콩과 비트식이섬유, 단호박 등을 배합했어요. 기호성과 영양 밸런스를 위해 닭기름을 약간 더한 것도 특징이지요. 어덜트 제품이지만 키블이 무척 단단한 것은 아니기에 물에 살짝 불려주면 이가 약하거나 나이가 많은 반려견도 무리 없이 먹을 수 있을 거예요. ", "img3": "https://img-cf.kurly.com/shop/data/goodsview/20191015/gv30000064517_1.jpg", "option_name_list": ["[하림 더리얼] 그레인프리 크런치 연어 어덜트 1kg", "[하림 더리얼] 그레인프리 크런치 연어 어덜트 2.4kg"], "option_price_list": ["17,100원", "35,100원"]},
{"img1": "https://img-cf.kurly.com/shop/data/goods/1571052928790y0.jpg", "name": "[하림 더리얼] 그레인프리 크런치 소고기 3종", "summary": "바삭한 식감의 소고기 주식", "price": "17,100원", "discount_rate": 0, "unit": "1봉", "amount": "", "package": "상온/종이포장", "made_in": "", "img2": "https://img-cf.kurly.com/shop/data/goodsview/20191014/gv40000064490_1.jpg", "description": "브랜드의 이름만 들어도 좋은 원재료를 사용했을 거라는 느낌이 전해지는 반려견 주식을 컬리가 준비했어요. 구멍이 뽕 뚫린 독특한 도넛 모양과 부담 없이 바삭하게 씹히는 식감이 매력적인 사료랍니다. 영양이 풍부한 소고기를 중심으로 곡물 대신 병아리콩과 완두콩, 단호박 등을 배합했어요. 영양 밸런스를 맞추기 위해 연어분과 닭고기를 가수분해한 단백질 분말까지 더했지요. 반려견이 나이가 들더라도 브랜드를 교체할 필요가 없도록 어덜트, 시니어의 2단계 옵션을 준비했으니 연령에 맞게 선택해 보세요. ", "img3": "https://img-cf.kurly.com/shop/data/goodsview/20191015/gv40000064516_1.jpg", "option_name_list": ["[하림 더리얼] 그레인프리 크런치 소고기 어덜트 1kg", "[하림 더리얼] 그레인프리 크런치 소고기 어덜트 2.4kg", "[하림 더리얼] 그레인프리 크런치 소고기 시니어 1kg"], "option_price_list": ["17,100원", "36,900원", "17,100원"]},
{"img1": "https://img-cf.kurly.com/shop/data/goods/1571048455844y0.jpg", "name": "[하림 더리얼] 그레인프리 크런치 닭고기 4종", "summary": "바삭한 식감의 닭고기 주식", "price": "14,400원", "discount_rate": 0, "unit": "1봉", "amount": "각 1kg/ 2.4kg", "package": "상온/종이포장", "made_in": "", "img2": "https://img-cf.kurly.com/shop/data/goodsview/20191014/gv20000064462_1.jpg", "description": "브랜드의 이름만 들어도 좋은 원재료를 사용했을 거라는 느낌이 전해지는 반려견 주식을 컬리가 준비했어요. 구멍이 뽕 뚫린 독특한 도넛 모양과 부담 없이 바삭하게 씹히는 식감이 매력적인 사료랍니다. 필수 아미노산이 풍부한 닭 살코기를 중심으로 병아리콩, 닭 간, 단호박 등을 배합했어요. 여기에 닭고기를 가수분해한 단백질 분말을 더했기에 영양 흡수와 소화가 조금 더 용이하지요. 반려견이 성장하더라도 브랜드를 교체할 필요가 없도록 퍼피, 어덜트, 시니어의 3단계 옵션을 준비했으니 연령에 맞게 선택해 보세요. ", "img3": "https://img-cf.kurly.com/shop/data/goodsview/20191015/gv20000064514_1.jpg", "option_name_list": ["[하림 더리얼] 그레인프리 크런치 닭고기 퍼피 1kg", "[하림 더리얼] 그레인프리 크런치 닭고기 어덜트 1kg", "[하림 더리얼] 그레인프리 크런치 닭고기 어덜트 2.4kg", "[하림 더리얼] 그레인프리 크런치 닭고기 시니어 1kg"], "option_price_list": ["15,300원", "14,400원", "31,500원", "14,400원"]}