{"img1": "https://img-cf.kurly.com/shop/data/goods/1585284187432y0.jpg", "name": "[벅시캣] 모래 무향 7.26kg", "summary": "무첨가 벤토나이트 모래", "price": "17,000원", "discount_rate": 0, "unit": "1개", "amount": "", "package": "상온/종이포장", "made_in": "", "img2": "https://img-cf.kurly.com/shop/data/goodsview/20200327/gv30000087612_1.jpg", "description": "반려묘가 하루에도 여러 번 들르는 화장실을 좀 더 편안하게 다니기를 바란다면 역시 모래다운 모래, 벤토나이트를 고르게 되지요. 지금 소개하는 벅시캣의 벤토나이트 모래는 향료도 뿌려져있지 않기에 예민한 반려묘에게 더욱 자연에 가까운 환경을 조성해주기 좋답니다. 손으로 벅시캣의 모래를 한줌  쥐었다 흘려보내 보세요. 모래알이 무척 부드럽게 굴러내려 가면서도 손에 먼지를 남기지 않는 걸 확인해볼 수 있는데요. 반려묘의 발바닥에 모래가 콕콕 박혀 사막화 현상을 유발하거나, 호흡기로 먼지를 들이마시진 않을까 하는 하는 걱정을 한층 덜 수 있을 거예요.", "img3": "https://img-cf.kurly.com/shop/data/goodsview/20200327/gv10000087650_1.jpg", "option_name_list": [], "option_price_list": []},
{"img1": "https://img-cf.kurly.com/shop/data/goods/1585204060349y0.jpg", "name": "[할로할로] 밸런스 믹스 파우더 4종", "summary": "영양과 풍미가 풍부한 동결건조 분말", "price": "7,200원", "discount_rate": "10%", "unit": "1개", "amount": "", "package": "상온/종이포장", "made_in": "", "img2": "https://img-cf.kurly.com/shop/data/goodsview/20200326/gv10000087448_1.jpg", "description": "주식만으로는 내 반려동물의 몸에 딱 맞는 영양 밸런스를 맞춰주기 어렵죠. 영양제를 급여하는 대신 자연에서 유래한 원재료들로 영양을 보충해주고 싶다면 할로할로 밸런스 믹스 파우더를 선택해보세요. 순수한 자연 재료만으로 만든 파우더랍니다. 동결건조 공법으로 원재료의 영양과 맛까지 최대한 보존했기에 보양은 물론이고 입맛을 돋워주는 용도로 활용하기 적합해요. 먹이려고 애쓸 필요 없이 평소에 잘 먹는 주식이나 간식에 톡톡 털어 넣어 주기만 하면 되니 참 간편하고요. 육류와 해산물로 만든 제품을 2가지씩 준비했으니, 반려동물의 취향에 맞게 선택해보세요.", "img3": "https://img-cf.kurly.com/shop/data/goodsview/20200326/gv20000087464_1.jpg", "option_name_list": ["[할로할로] 밸런스 믹스 북어 35g", "[할로할로] 밸런스 믹스 연어야채 45g", "[할로할로] 밸런스 믹스 닭가슴살과 무염멸치 45g", "[할로할로] 밸런스 믹스 한우간 50g"], "option_price_list": ["8,000원", "8,000원", "8,000원", "8,000원"]},
{"img1": "https://img-cf.kurly.com/shop/data/goods/1585205688439y0.jpg", "name": "[피단스튜디오] 워터 디스펜서 2종", "summary": "생수병에 조립하는 넓은 그릇", "price": "8,550원", "discount_rate": "10%", "unit": "1개", "amount": "", "package": "상온/종이포장", "made_in": "", "img2": "https://img-cf.kurly.com/shop/data/goodsview/20200326/gv30000087472_1.jpg", "description": "반려동물을 산책시킬 때마다 물병을 세척하고, 물을 옮겨 담는 일은 참 번거로워요. 이런 이유나 위생상의 이유로 매번 새로운 생수병을 휴대하며 급수하는 가정도 많은데요. 생수병에 꽂아 쓰는 워터 디스펜서로 더욱 편리하게 물을 급여해보세요. 생수병의 뚜껑을 닫듯 디스펜서를 돌려 끼워주면 완성입니다. 급수대가 얕고 넓기에 좁고 깊은 컵을 사용하기 어려워하는 반려동물이 사용하기 참 편안하답니다. 내부에 마개가 있어 물이 새지 않는 것도 장점이에요. 산책 가방에 상비해두면, 간혹 물을 챙기는 걸 깜박하더라도 근처 편의점에서 한 병 사오면 그만이겠죠.", "img3": "https://img-cf.kurly.com/shop/data/goodsview/20200326/gv40000087485_1.jpg", "option_name_list": ["[피단스튜디오] 워터 디스펜서 그린", "[피단스튜디오] 워터 디스펜서 브라운"], "option_price_list": ["9,500원", "9,500원"]},
{"img1": "https://img-cf.kurly.com/shop/data/goods/1585206684378y0.jpg", "name": "[피단스튜디오] 휴대용 물병 2종", "summary": "깨끗한 물을 급여하는 간편한 방법", "price": "15,000원", "discount_rate": 0, "unit": "1개", "amount": "", "package": "상온/종이포장", "made_in": "", "img2": "https://img-cf.kurly.com/shop/data/goodsview/20200326/gv30000087486_1.jpg", "description": "준비할 것도 많고 챙길 것도 많은 산책을 좀 더 쉽게 만들어줄 휴대용 물병을 소개할게요. 간편함과 위생을 모두 잡은 피단스튜디오의 휴대용 물병이에요. 보통은 물을 급여하기 위해 별도의 그릇을 챙기거나, 물병의 뚜껑을 분리해 그릇처럼 활용하실 텐데요. 지금 소개하는 물병은 그릇을 준비할 필요도, 뚜껑을 열 필요도 없어요. 전면의 버튼을 한번만 꾹 눌러주면 정수기처럼 내부의 필터를 거쳐 깨끗하게 여과된 물이 그릇 모양의 뚜껑으로 흘러나온답니다. 가벼운데다 용량도 넉넉해 멀리 야외 활동을 갈 때나 다견 가정에서 쓰기에도 좋을 거예요.", "img3": "https://img-cf.kurly.com/shop/data/goodsview/20200326/gv10000087500_1.jpg", "option_name_list": ["[피단스튜디오] 휴대용 물병 그린", "[피단스튜디오] 휴대용 물병 브라운", "[피단스튜디오] 물병 필터 2개입"], "option_price_list": ["15,000원", "15,000원", "5,400원"]},
{"img1": "https://img-cf.kurly.com/shop/data/goods/1585033329436y0.jpg", "name": "PET [어글어글] 전남 나주 유황오리&채소 믹스 스팀", "summary": "무항생제 유황오리와 제주산 채소", "price": "7,000원", "discount_rate": 0, "unit": "1개", "amount": "", "package": "냉동/종이포장", "made_in": "", "img2": "https://img-cf.kurly.com/shop/data/goodsview/20200324/gv30000086864_1.jpg", "description": "순수하게 육류만으로 만든 부드러운 간식을 찾으면서, 채소까지 골고루 급여하고 싶을 땐 어글어글의 스팀을 선택해보세요. 다진 고기에 잘게 썬 채소를 넣고 스팀으로 부드럽게 쪄냈는데요. 가정에서 만든 자연식처럼 원육의 질감과 풍미를 그대로 보존했기에 평소 채소를 가려내는 반려동물도 한 그릇을 순식간에 비워낼 정도랍니다. 더욱 특별한 점은 원재료에 있어요. 무항생제 인증을 받은 유황오리와 화산재를 머금은 비옥한 제주의 토양에서 자란 채소를 엄선했기에 안심하고 급여할 수 있죠. 한눈에 들어오는 깔끔한 재료 구성과 세심한 원산지 선택까지 마음에 쏙 들 거예요.", "img3": "https://img-cf.kurly.com/shop/data/goodsview/20200324/gv00000086880_1.jpg", "option_name_list": [], "option_price_list": []},
{"img1": "https://img-cf.kurly.com/shop/data/goods/1585032379368y0.jpg", "name": "PET [어글어글] 경남 의령 메추리&채소 믹스 스팀", "summary": "보양에 좋은 메추리 한 마리를 통째로", "price": "7,000원", "discount_rate": 0, "unit": "1개", "amount": "", "package": "냉동/종이포장", "made_in": "", "img2": "https://img-cf.kurly.com/shop/data/goodsview/20200324/gv00000086854_1.jpg", "description": "순수하게 육류만으로 만든 부드러운 간식을 찾으면서, 채소까지 골고루 급여하고 싶을 땐 어글어글의 스팀을 선택해보세요. 다진 고기에 잘게 썬 채소를 넣고 스팀으로 부드럽게 쪄냈는데요. 가정에서 만든 자연식처럼 원육의 질감과 풍미를 그대로 보존했기에 평소 채소를 가려내는 반려동물도 한 그릇을 순식간에 비워낼 정도랍니다. 더욱 특별한 점은 원재료에 있어요. 항생제 없이 마늘을 넣은 사료를 먹여 키운 메추리의 살코기는 물론, 내장과 뼈까지 통째로 다져 넣어 보양에 그만이랍니다. 한눈에 들어오는 깔끔한 재료 구성과 세심한 원산지 선택까지 마음에 쏙 들 거예요.", "img3": "https://img-cf.kurly.com/shop/data/goodsview/20200324/gv10000086862_1.jpg", "option_name_list": [], "option_price_list": []},
{"img1": "https://img-cf.kurly.com/shop/data/goods/1585030248899y0.jpg", "name": "PET [어글어글] 제주 말고기&채소 믹스 스팀", "summary": "고단백 말고기와 제주산 친환경 채소", "price": "9,000원", "discount_rate": 0, "unit": "1개", "amount": "", "package": "냉동/종이포장", "made_in": "", "img2": "https://img-cf.kurly.com/shop/data/goodsview/20200324/gv20000086819_1.jpg", "description": "순수하게 육류만으로 만든 부드러운 간식을 찾으면서, 채소까지 골고루 급여하고 싶을 땐 어글어글의 스팀을 선택해보세요. 다진 고기에 잘게 썬 채소를 넣고 스팀으로 부드럽게 쪄냈는데요. 가정에서 만든 자연식처럼 원육의 질감과 풍미를 그대로 보존했기에 평소 채소를 가려내는 반려동물도 한 그릇을 순식간에 비워낼 정도랍니다. 더욱 특별한 점은 원재료에 있어요. 한라산에서 뛰놀며 자란 말고기와, 화산재를 머금은 비옥한 제주의 토양에서 자란 채소를 엄선했기에 안심하고 급여할 수 있죠.  한눈에 들어오는 깔끔한 재료 구성과 세심한 원산지 선택까지 마음에 쏙 들 거예요.", "img3": "https://img-cf.kurly.com/shop/data/goodsview/20200324/gv40000086834_1.jpg", "option_name_list": [], "option_price_list": []},
{"img1": "https://img-cf.kurly.com/shop/data/goods/1585031490225y0.jpg", "name": "PET [어글어글] 제주 흑돼지&채소 믹스 스팀", "summary": "땅에서 자란 흑돼지와 바다에서 난 톳", "price": "8,500원", "discount_rate": 0, "unit": "1개", "amount": "", "package": "냉동/종이포장", "made_in": "", "img2": "https://img-cf.kurly.com/shop/data/goodsview/20200324/gv20000086836_1.jpg", "description": "순수하게 육류만으로 만든 부드러운 간식을 찾으면서, 채소까지 골고루 급여하고 싶을 땐 어글어글의 스팀을 선택해보세요. 다진 고기에 잘게 썬 채소를 넣고 스팀으로 부드럽게 쪄냈는데요. 가정에서 만든 자연식처럼 원육의 질감과 풍미를 그대로 보존했기에 평소 채소를 가려내는 반려동물도 한 그릇을 순식간에 비워낼 정도랍니다. 더욱 특별한 점은 원재료에 있어요. 백돼지에 비해 지방이 적고 고소한 제주 흑돼지를 중심으로 제주도 해녀가 직접 바다에서 채취한 자연산 톳까지 담아냈답니다. 한눈에 들어오는 깔끔한 재료 구성과 세심한 원산지 선택까지 마음에 쏙 들 거예요.", "img3": "https://img-cf.kurly.com/shop/data/goodsview/20200324/gv40000086852_1.jpg", "option_name_list": [], "option_price_list": []},
{"img1": "https://img-cf.kurly.com/shop/data/goods/1584001839401y0.jpg", "name": "[앤블랭크] 캐리어 2종", "summary": "탄탄하고 가벼운 코듀라 소재 캐리어", "price": "168,000원", "discount_rate": 0, "unit": "1개", "amount": "", "package": "상온/종이포장", "made_in": "", "img2": "https://img-cf.kurly.com/shop/data/goodsview/20200312/gv30000085360_1.jpg", "description": "견고한데 가볍기까지 한 캐리어를 찾기란 쉽지 않아요. 하지만 앤블랭크의 캐리어는 외관과 바닥면이 탄탄해 반려동물이 한쪽으로 쏠리지 않는 데다, 손잡이를 잡고 들어보면 위로 쑥 들릴 만큼 가볍답니다. 아웃도어용품에 사용되는 코듀라 소재를 사용했기에 오염에 강하고 상단엔 그물망 형태의 원단을 적용해 반려동물의 답답함을 덜어주었어요. 다양하게 변주해 활용하기에도 좋은데요. 한쪽 손잡이는 길게 늘여 여기저기 걸거나 아웃포켓을 탈착할 수도 있답니다. 차분하고 모던한 컬러감 덕분에 어디에 들고 가도 멋스럽기까지 할 거예요.", "img3": "https://img-cf.kurly.com/shop/data/goodsview/20200312/gv40000085367_1.jpg", "option_name_list": ["[앤블랭크] 캐리어 네이비", "[앤블랭크] 캐리어 그레이"], "option_price_list": ["168,000원", "168,000원"]},
{"img1": "https://img-cf.kurly.com/shop/data/goods/1584003779203y0.jpg", "name": "[앤블랭크] 노즈워크 토이 2종", "summary": "활용도가 다양한 올인원 장난감", "price": "18,000원", "discount_rate": 0, "unit": "1개", "amount": "", "package": "상온/종이포장", "made_in": "", "img2": "https://img-cf.kurly.com/shop/data/goodsview/20200312/gv40000085374_1.jpg", "description": "반려동물이 좋아할 만한 요소는 모두 갖춘 만능 장난감을 소개할게요. 오리의 날개와 악어의 비늘을 노즈워크 공간으로 활용한 섬세한 디자인이 돋보이는 토이예요. 크기가 큼직하기에 덤벼들어 물고 흔들기 좋은 데다, 잡아당기며 터그놀이를 해주기에도 좋지요. 머리 쪽엔 센스있게 삑삑이도 넣어주었답니다. 여기서 끝이 아니에요. 반려동물의 시선을 끄는 데는 간식봉투를 꺼낼 때 나는 소리만한 게 없는데요. 원단 안쪽에 특수한 비닐을 내장해 만질 때마다 바스락거리는 소리가 끊이질 않는답니다. 도무지 지루할 틈이 없는 장난감으로 반려동물의 혼을 쏙 빼놓아보세요.", "img3": "https://img-cf.kurly.com/shop/data/goodsview/20200312/gv30000085383_1.jpg", "option_name_list": ["[앤블랭크] 노즈워크 토이 크로커다일", "[앤블랭크] 노즈워크 토이 플라잉덕"], "option_price_list": ["18,000원", "18,000원"]},
{"img1": "https://img-cf.kurly.com/shop/data/goods/1583817501614y0.jpg", "name": "PET [조공] 릴리프 스틱", "summary": "마음을 케어해주는 특별한 영양 간식", "price": "14,900원", "discount_rate": 0, "unit": "1개", "amount": "", "package": "상온/종이포장", "made_in": "", "img2": "https://img-cf.kurly.com/shop/data/goodsview/20200310/gv40000084877_1.jpg", "description": "간식을 고를 땐 여러 가지 목적이 있지만, 본질적으로는 반려동물이 행복하길 바라는 마음이 가장 크지요. 그동안 반려동물의 기분을 설레게 하는 간식만 보아왔다면, 이번엔 마음을 차분하게 달래 줄 간식을 만나보세요. 수의사의 자문을 받아 개발한 조공의 '릴리프 스틱'에는 보통의 반려동물용 간식에는 들어있지 않은 초유와 발레리안 추출물부터 L-트립토판과 L-테아닌까지 함유되어 있답니다. 닭가슴살을 베이스로 만들어졌기에 급여하기 한결 수월하고요. 반려동물이 스트레스 상황을 마주할 때, 마음의 평온을 찾을 수 있도록 릴리프 스틱을 급여해보세요.", "img3": "https://img-cf.kurly.com/shop/data/goodsview/20200310/gv10000084881_1.jpg", "option_name_list": [], "option_price_list": []},
{"img1": "https://img-cf.kurly.com/shop/data/goods/1583817064903y0.jpg", "name": "PET [조공] 리틀제주 닭가슴살 스틱", "summary": "무항생제 닭고기와 제주산 채소 가득", "price": "5,500원", "discount_rate": 0, "unit": "1개", "amount": "", "package": "상온/종이포장", "made_in": "", "img2": "https://img-cf.kurly.com/shop/data/goodsview/20200310/gv10000084849_1.jpg", "description": "간식을 줄여보려는 가정에서도 짜 먹는 스틱만큼은 포기하기 쉽지 않다고들 하죠. 반려동물에게 직접 건네며 교감할 수 있는 데다, 촉촉한 습식 형태의 간식을 가장 깔끔하고 간편하게 급여할 수 있는 방법이기 때문일 거예요. 컬리는 스틱형 간식을 좀 더 안심하고 급여할 수 있도록, 좋은 원재료를 가득 담은 조공의 '리틀제주 닭가슴살 스틱'을 준비했어요. 무항생제 닭가슴살을 베이스로 청정 제주도에서 해풍을 맞고 자란 채소들을 배합했답니다. 여기에 남해에서 건져 올린 멸치를 더해 기호성을 한층 높였지요. 반려동물의 건강을 챙기면서 기분까지 행복하게 만들어보세요.", "img3": "https://img-cf.kurly.com/shop/data/goodsview/20200310/gv20000084851_1.jpg", "option_name_list": [], "option_price_list": []},
{"img1": "https://img-cf.kurly.com/shop/data/goods/1583817271530y0.jpg", "name": "PET [조공] 리틀제주 말고기 스틱", "summary": "제주 말고기로 만든 짜먹는 간식", "price": "6,000원", "discount_rate": 0, "unit": "1개", "amount": "", "package": "상온/종이포장", "made_in": "", "img2": "https://img-cf.kurly.com/shop/data/goodsview/20200310/gv30000084859_1.jpg", "description": "촉촉한 습식 간식으로는 만나보기 힘든 말고기 간식을 소개할게요. 믿고 먹일 수 있는 좋은 원재료로 건강한 스틱 간식을 만드는 조공의 '리틀제주 말고기 스틱'입니다. 말고기는 육류 중에서도 단백질 함량이 높은 것으로 알려져 있어요. 소고기와 비슷한 맛과 특유의 향으로 반려동물의 구미를 확 잡아당기는데요. 조공은 항생제가 검출되지 않은 말고기를 선별한 후  천혜의 자연환경을 지닌 제주도에서 해풍을 맞고 자란 당근, 애플망고, 브로콜리, 바나나를 골고루 배합했답니다. 반려동물을 위한 특별한 육류 간식으로 선택해보세요.", "img3": "https://img-cf.kurly.com/shop/data/goodsview/20200310/gv20000084861_1.jpg", "option_name_list": [], "option_price_list": []},
{"img1": "https://img-cf.kurly.com/shop/data/goods/1583816876405y0.jpg", "name": "PET [조공] 나 산양유 좋아해 스틱", "summary": "음수량을 높여주는 산양유 간식", "price": "5,000원", "discount_rate": 0, "unit": "1개", "amount": "", "package": "상온/종이포장", "made_in": "", "img2": "https://img-cf.kurly.com/shop/data/goodsview/20200310/gv30000084840_1.jpg", "description": "반려동물의 음수량을 높여줄 방법을 찾고 있다면, 조공의 산양유 스틱을 선택해보세요. 고소한 향이 나는 산양유에 닭가슴살을 배합해 기호성을 한층 높인 제품이에요. 그 자체로도 수분 함량이 90%가 넘는 촉촉한 간식이지만, 물에 개어 급여할 때 더욱 빛을 발하는 간식이랍니다. 믿을 수 있는 원재료를 고집하는 조공답게 산양유는 유기농으로, 베이스는 무항생제로 기른 닭가슴살로, 채소는 무농약 제품으로만 선별해 담았지요. 자연스레 음수량을 높여주면서 산양유 속의 풍성한 영양성분도 함께 섭취할 수 있도록 도와주니 마음에 쏙 들 거예요.", "img3": "https://img-cf.kurly.com/shop/data/goodsview/20200310/gv20000084848_1.jpg", "option_name_list": [], "option_price_list": []},
{"img1": "https://img-cf.kurly.com/shop/data/goods/1583479034920y0.jpg", "name": "[리프홈] 세라믹 규조토 배스매트 4종", "summary": "보송한 발을 위한 단 한 걸음", "price": "55,000원", "discount_rate": 0, "unit": "1개", "amount": "", "package": "상온/종이포장", "made_in": "", "img2": "https://img-cf.kurly.com/shop/data/goodsview/20200306/gv00000084567_1.jpg", "description": null, "img3": "https://img-cf.kurly.com/shop/data/goodsview/20200306/gv30000084568_1.jpg", "option_name_list": ["[리프홈] 배스매트 모자익_브라운", "[리프홈] 배스매트 모자익_핑크", "[리프홈] 배스매트 모자익_블루", "[리프홈] 배스매트 플랫_브라운"], "option_price_list": ["55,000원", "55,000원", "55,000원", "55,000원"]},
{"img1": "https://img-cf.kurly.com/shop/data/goods/1583478151667y0.jpg", "name": "[리프홈] 세라믹 규조토 드라잉볼 3종", "summary": "습기와 냄새를 잡는 기특한 볼", "price": "5,500원", "discount_rate": 0, "unit": "1개", "amount": "", "package": "상온/종이포장", "made_in": "", "img2": "https://img-cf.kurly.com/shop/data/goodsview/20200306/gv40000084504_1.jpg", "description": null, "img3": "https://img-cf.kurly.com/shop/data/goodsview/20200306/gv20000084507_1.jpg", "option_name_list": ["[리프홈] 세라믹 규조토 드라잉볼_미니5개입", "[리프홈] 세라믹 규조토 드라잉볼_탈취볼 M2개입", "[리프홈] 세라믹 규조토 드라잉볼_탈취볼 L1개입"], "option_price_list": ["5,500원", "13,000원", "41,800원"]}