{"img1": "https://img-cf.kurly.com/shop/data/goods/1585204060349y0.jpg", "name": "[할로할로] 밸런스 믹스 파우더 4종", "summary": "영양과 풍미가 풍부한 동결건조 분말", "price": "7,200원", "discount_rate": "10%", "unit": "1개", "amount": "", "package": "상온/종이포장", "made_in": "", "img2": "https://img-cf.kurly.com/shop/data/goodsview/20200326/gv10000087448_1.jpg", "description": "주식만으로는 내 반려동물의 몸에 딱 맞는 영양 밸런스를 맞춰주기 어렵죠. 영양제를 급여하는 대신 자연에서 유래한 원재료들로 영양을 보충해주고 싶다면 할로할로 밸런스 믹스 파우더를 선택해보세요. 순수한 자연 재료만으로 만든 파우더랍니다. 동결건조 공법으로 원재료의 영양과 맛까지 최대한 보존했기에 보양은 물론이고 입맛을 돋워주는 용도로 활용하기 적합해요. 먹이려고 애쓸 필요 없이 평소에 잘 먹는 주식이나 간식에 톡톡 털어 넣어 주기만 하면 되니 참 간편하고요. 육류와 해산물로 만든 제품을 2가지씩 준비했으니, 반려동물의 취향에 맞게 선택해보세요.", "img3": "https://img-cf.kurly.com/shop/data/goodsview/20200326/gv20000087464_1.jpg", "option_name_list": ["[할로할로] 밸런스 믹스 북어 35g", "[할로할로] 밸런스 믹스 연어야채 45g", "[할로할로] 밸런스 믹스 닭가슴살과 무염멸치 45g", "[할로할로] 밸런스 믹스 한우간 50g"], "option_price_list": ["8,000원", "8,000원", "8,000원", "8,000원"]},
{"img1": "https://img-cf.kurly.com/shop/data/goods/1585030248899y0.jpg", "name": "PET [어글어글] 제주 말고기&채소 믹스 스팀", "summary": "고단백 말고기와 제주산 친환경 채소", "price": "9,000원", "discount_rate": 0, "unit": "1개", "amount": "", "package": "냉동/종이포장", "made_in": "", "img2": "https://img-cf.kurly.com/shop/data/goodsview/20200324/gv20000086819_1.jpg", "description": "순수하게 육류만으로 만든 부드러운 간식을 찾으면서, 채소까지 골고루 급여하고 싶을 땐 어글어글의 스팀을 선택해보세요. 다진 고기에 잘게 썬 채소를 넣고 스팀으로 부드럽게 쪄냈는데요. 가정에서 만든 자연식처럼 원육의 질감과 풍미를 그대로 보존했기에 평소 채소를 가려내는 반려동물도 한 그릇을 순식간에 비워낼 정도랍니다. 더욱 특별한 점은 원재료에 있어요. 한라산에서 뛰놀며 자란 말고기와, 화산재를 머금은 비옥한 제주의 토양에서 자란 채소를 엄선했기에 안심하고 급여할 수 있죠.  한눈에 들어오는 깔끔한 재료 구성과 세심한 원산지 선택까지 마음에 쏙 들 거예요.", "img3": "https://img-cf.kurly.com/shop/data/goodsview/20200324/gv40000086834_1.jpg", "option_name_list": [], "option_price_list": []},
{"img1": "https://img-cf.kurly.com/shop/data/goods/1585031490225y0.jpg", "name": "PET [어글어글] 제주 흑돼지&채소 믹스 스팀", "summary": "땅에서 자란 흑돼지와 바다에서 난 톳", "price": "8,500원", "discount_rate": 0, "unit": "1개", "amount": "", "package": "냉동/종이포장", "made_in": "", "img2": "https://img-cf.kurly.com/shop/data/goodsview/20200324/gv20000086836_1.jpg", "description": "순수하게 육류만으로 만든 부드러운 간식을 찾으면서, 채소까지 골고루 급여하고 싶을 땐 어글어글의 스팀을 선택해보세요. 다진 고기에 잘게 썬 채소를 넣고 스팀으로 부드럽게 쪄냈는데요. 가정에서 만든 자연식처럼 원육의 질감과 풍미를 그대로 보존했기에 평소 채소를 가려내는 반려동물도 한 그릇을 순식간에 비워낼 정도랍니다. 더욱 특별한 점은 원재료에 있어요. 백돼지에 비해 지방이 적고 고소한 제주 흑돼지를 중심으로 제주도 해녀가 직접 바다에서 채취한 자연산 톳까지 담아냈답니다. 한눈에 들어오는 깔끔한 재료 구성과 세심한 원산지 선택까지 마음에 쏙 들 거예요.", "img3": "https://img-cf.kurly.com/shop/data/goodsview/20200324/gv40000086852_1.jpg", "option_name_list": [], "option_price_list": []},
{"img1": "https://img-cf.kurly.com/shop/data/goods/1585032379368y0.jpg", "name": "PET [어글어글] 경남 의령 메추리&채소 믹스 스팀", "summary": "보양에 좋은 메추리 한 마리를 통째로", "price": "7,000원", "discount_rate": 0, "unit": "1개", "amount": "", "package": "냉동/종이포장", "made_in": "", "img2": "https://img-cf.kurly.com/shop/data/goodsview/20200324/gv00000086854_1.jpg", "description": "순수하게 육류만으로 만든 부드러운 간식을 찾으면서, 채소까지 골고루 급여하고 싶을 땐 어글어글의 스팀을 선택해보세요. 다진 고기에 잘게 썬 채소를 넣고 스팀으로 부드럽게 쪄냈는데요. 가정에서 만든 자연식처럼 원육의 질감과 풍미를 그대로 보존했기에 평소 채소를 가려내는 반려동물도 한 그릇을 순식간에 비워낼 정도랍니다. 더욱 특별한 점은 원재료에 있어요. 항생제 없이 마늘을 넣은 사료를 먹여 키운 메추리의 살코기는 물론, 내장과 뼈까지 통째로 다져 넣어 보양에 그만이랍니다. 한눈에 들어오는 깔끔한 재료 구성과 세심한 원산지 선택까지 마음에 쏙 들 거예요.", "img3": "https://img-cf.kurly.com/shop/data/goodsview/20200324/gv10000086862_1.jpg", "option_name_list": [], "option_price_list": []},
{"img1": "https://img-cf.kurly.com/shop/data/goods/1585033329436y0.jpg", "name": "PET [어글어글] 전남 나주 유황오리&채소 믹스 스팀", "summary": "무항생제 유황오리와 제주산 채소", "price": "7,000원", "discount_rate": 0, "unit": "1개", "amount": "", "package": "냉동/종이포장", "made_in": "", "img2": "https://img-cf.kurly.com/shop/data/goodsview/20200324/gv30000086864_1.jpg", "description": "순수하게 육류만으로 만든 부드러운 간식을 찾으면서, 채소까지 골고루 급여하고 싶을 땐 어글어글의 스팀을 선택해보세요. 다진 고기에 잘게 썬 채소를 넣고 스팀으로 부드럽게 쪄냈는데요. 가정에서 만든 자연식처럼 원육의 질감과 풍미를 그대로 보존했기에 평소 채소를 가려내는 반려동물도 한 그릇을 순식간에 비워낼 정도랍니다. 더욱 특별한 점은 원재료에 있어요. 무항생제 인증을 받은 유황오리와 화산재를 머금은 비옥한 제주의 토양에서 자란 채소를 엄선했기에 안심하고 급여할 수 있죠. 한눈에 들어오는 깔끔한 재료 구성과 세심한 원산지 선택까지 마음에 쏙 들 거예요.", "img3": "https://img-cf.kurly.com/shop/data/goodsview/20200324/gv00000086880_1.jpg", "option_name_list": [], "option_price_list": []},
{"img1": "https://img-cf.kurly.com/shop/data/goods/1583816876405y0.jpg", "name": "PET [조공] 나 산양유 좋아해 스틱", "summary": "음수량을 높여주는 산양유 간식", "price": "5,000원", "discount_rate": 0, "unit": "1개", "amount": "", "package": "상온/종이포장", "made_in": "", "img2": "https://img-cf.kurly.com/shop/data/goodsview/20200310/gv30000084840_1.jpg", "description": "반려동물의 음수량을 높여줄 방법을 찾고 있다면, 조공의 산양유 스틱을 선택해보세요. 고소한 향이 나는 산양유에 닭가슴살을 배합해 기호성을 한층 높인 제품이에요. 그 자체로도 수분 함량이 90%가 넘는 촉촉한 간식이지만, 물에 개어 급여할 때 더욱 빛을 발하는 간식이랍니다. 믿을 수 있는 원재료를 고집하는 조공답게 산양유는 유기농으로, 베이스는 무항생제로 기른 닭가슴살로, 채소는 무농약 제품으로만 선별해 담았지요. 자연스레 음수량을 높여주면서 산양유 속의 풍성한 영양성분도 함께 섭취할 수 있도록 도와주니 마음에 쏙 들 거예요.", "img3": "https://img-cf.kurly.com/shop/data/goodsview/20200310/gv20000084848_1.jpg", "option_name_list": [], "option_price_list": []},
{"img1": "https://img-cf.kurly.com/shop/data/goods/1583817271530y0.jpg", "name": "PET [조공] 리틀제주 말고기 스틱", "summary": "제주 말고기로 만든 짜먹는 간식", "price": "6,000원", "discount_rate": 0, "unit": "1개", "amount": "", "package": "상온/종이포장", "made_in": "", "img2": "https://img-cf.kurly.com/shop/data/goodsview/20200310/gv30000084859_1.jpg", "description": "촉촉한 습식 간식으로는 만나보기 힘든 말고기 간식을 소개할게요. 믿고 먹일 수 있는 좋은 원재료로 건강한 스틱 간식을 만드는 조공의 '리틀제주 말고기 스틱'입니다. 말고기는 육류 중에서도 단백질 함량이 높은 것으로 알려져 있어요. 소고기와 비슷한 맛과 특유의 향으로 반려동물의 구미를 확 잡아당기는데요. 조공은 항생제가 검출되지 않은 말고기를 선별한 후  천혜의 자연환경을 지닌 제주도에서 해풍을 맞고 자란 당근, 애플망고, 브로콜리, 바나나를 골고루 배합했답니다. 반려동물을 위한 특별한 육류 간식으로 선택해보세요.", "img3": "https://img-cf.kurly.com/shop/data/goodsview/20200310/gv20000084861_1.jpg", "option_name_list": [], "option_price_list": []},
{"img1": "https://img-cf.kurly.com/shop/data/goods/1583817501614y0.jpg", "name": "PET [조공] 릴리프 스틱", "summary": "마음을 케어해주는 특별한 영양 간식", "price": "14,900원", "discount_rate": 0, "unit": "1개", "amount": "", "package": "상온/종이포장", "made_in": "", "img2": "https://img-cf.kurly.com/shop/data/goodsview/20200310/gv40000084877_1.jpg", "description": "간식을 고를 땐 여러 가지 목적이 있지만, 본질적으로는 반려동물이 행복하길 바라는 마음이 가장 크지요. 그동안 반려동물의 기분을 설레게 하는 간식만 보아왔다면, 이번엔 마음을 차분하게 달래 줄 간식을 만나보세요. 수의사의 자문을 받아 개발한 조공의 '릴리프 스틱'에는 보통의 반려동물용 간식에는 들어있지 않은 초유와 발레리안 추출물부터 L-트립토판과 L-테아닌까지 함유되어 있답니다. 닭가슴살을 베이스로 만들어졌기에 급여하기 한결 수월하고요. 반려동물이 스트레스 상황을 마주할 때, 마음의 평온을 찾을 수 있도록 릴리프 스틱을 급여해보세요.", "img3": "https://img-cf.kurly.com/shop/data/goodsview/20200310/gv10000084881_1.jpg", "option_name_list": [], "option_price_list": []},
{"img1": "https://img-cf.kurly.com/shop/data/goods/1583817064903y0.jpg", "name": "PET [조공] 리틀제주 닭가슴살 스틱", "summary": "무항생제 닭고기와 제주산 채소 가득", "price": "5,500원", "discount_rate": 0, "unit": "1개", "amount": "", "package": "상온/종이포장", "made_in": "", "img2": "https://img-cf.kurly.com/shop/data/goodsview/20200310/gv10000084849_1.jpg", "description": "간식을 줄여보려는 가정에서도 짜 먹는 스틱만큼은 포기하기 쉽지 않다고들 하죠. 반려동물에게 직접 건네며 교감할 수 있는 데다, 촉촉한 습식 형태의 간식을 가장 깔끔하고 간편하게 급여할 수 있는 방법이기 때문일 거예요. 컬리는 스틱형 간식을 좀 더 안심하고 급여할 수 있도록, 좋은 원재료를 가득 담은 조공의 '리틀제주 닭가슴살 스틱'을 준비했어요. 무항생제 닭가슴살을 베이스로 청정 제주도에서 해풍을 맞고 자란 채소들을 배합했답니다. 여기에 남해에서 건져 올린 멸치를 더해 기호성을 한층 높였지요. 반려동물의 건강을 챙기면서 기분까지 행복하게 만들어보세요.", "img3": "https://img-cf.kurly.com/shop/data/goodsview/20200310/gv20000084851_1.jpg", "option_name_list": [], "option_price_list": []},
{"img1": "https://img-cf.kurly.com/shop/data/goods/1583473037493y0.jpg", "name": "PET [조공] 보양 오리탕전 스틱", "summary": "뉴질랜드산 분골녹용이 든 영양 간식", "price": "7,800원", "discount_rate": 0, "unit": "1개", "amount": "", "package": "상온/종이포장", "made_in": "", "img2": "https://img-cf.kurly.com/shop/data/goodsview/20200306/gv10000084456_1.jpg", "description": "조공이라는 단어가 무색하지 않은 특별한 간식을 소개할게요. 주인도 챙겨 먹기 힘든 녹용과 6년근 홍삼이 든 짜먹는 스틱 간식이에요. 녹용 중에서도 가장 귀한 부위로 꼽히는 분골을 사용했다는 점이 무척 돋보이는데요. 특허받은 제조 방법으로 만들어, 반려동물의 활기를 증진시키는 데 도움된답니다. 향에 거부감을 느끼지 않도록 고소한 오리고기와 참치를 베이스로 만들어 기호성까지 높지요. 간식을 줄이려 해도 짜먹는 스틱만큼은 포기하기 힘든 견묘주라면 맛과 영양을 모두 잡은 보양 오리탕전을 그냥 지나칠 수 없을 거예요.", "img3": "https://img-cf.kurly.com/shop/data/goodsview/20200306/gv00000084467_1.jpg", "option_name_list": [], "option_price_list": []},
{"img1": "https://img-cf.kurly.com/shop/data/goods/1583473420265y0.jpg", "name": "PET [조공] 보양 삼계탕전 스틱", "summary": "동양적 재료가 가득 든 영양 간식", "price": "5,500원", "discount_rate": 0, "unit": "1개", "amount": "", "package": "상온/종이포장", "made_in": "", "img2": "https://img-cf.kurly.com/shop/data/goodsview/20200306/gv10000084469_1.jpg", "description": "조공이라는 단어가 무색하지 않은 특별한 간식을 소개할게요. 주인도 챙겨 먹기 힘든 녹용을 포함해 동양적 재료를 가득 담은 짜먹는 스틱 간식이에요. 반려동물의 활기 증진에 좋은 특허 제조 방법으로 만들었답니다. 후각이 예민한 반려동물이 거부감을 느끼진 않을까 하는 걱정은 내려놓아도 좋아요. 고소한 향이 나는 닭가슴살을 베이스로 만들어 반려동물의 마음을 사로잡기에 부족함이 없거든요. 맛과 영양을 모두 잡은 스틱 간식이 필요한 견묘주라면 맛과 영양을 모두 잡은 보양 삼계탕전을 선택해보세요.", "img3": "https://img-cf.kurly.com/shop/data/goodsview/20200306/gv20000084483_1.jpg", "option_name_list": [], "option_price_list": []},
{"img1": "https://img-cf.kurly.com/shop/data/goods/1580695694896y0.jpg", "name": "PET [어글어글] 제주 청정 흑돼지 육포", "summary": "촉촉한 제주 특산 흑돼지 간식", "price": "8,000원", "discount_rate": 0, "unit": "1팩", "amount": "", "package": "냉동/종이포장", "made_in": "", "img2": "https://img-cf.kurly.com/shop/data/goodsview/20200203/gv00000079892_1.jpg", "description": "흑돼지는 사람도 제주도에 가면 꼭 먹게 되는 별미인데요. 이제 반려동물에게도 제주도 흑돼지로 만든 육포 간식을 선사해보세요. 돼지고기는 육류 중 비타민B1을 가장 많이 함유하고 있다고 해요. 어글어글은 들판에서 자라나 활동량이 높은 제주도 흑돼지의 뒷다리 사태 부위만을 선별한 후, 지방을 최대한 제거하기 위해 꼼꼼하게 손질하고 있어 더욱 믿음이 가요. 도톰하게 잘라 익혔기에 표면부터 촉촉한 수분감을 느낄 수 있는 것도 장점이죠. 쫄깃쫄깃한 흑돼지 육포로 반려동물의 마음을 사로잡아보세요.", "img3": "https://img-cf.kurly.com/shop/data/goodsview/20200318/gv40000086108_1.jpg", "option_name_list": [], "option_price_list": []},
{"img1": "https://img-cf.kurly.com/shop/data/goods/158069671737y0.jpg", "name": "PET [어글어글] 무항생제 산양유껌", "summary": "신선한 산양유로 만든 부드러운 껌", "price": "9,500원", "discount_rate": 0, "unit": "1팩", "amount": "", "package": "냉동/종이포장", "made_in": "", "img2": "https://img-cf.kurly.com/shop/data/goodsview/20200203/gv20000079899_1.jpg", "description": "산양유는 우유에 비해 수용성 단백질의 함량이 높아 반려동물에게도 안심하고 급여할 수 있는 유제품인데요. 액체로 그릇에 부어 제공하기보다 간식으로 하나씩 간편하게 급여하고 싶다면 '산양유껌'을 추천할게요. 어글어글은 무항생제 인증을 받은 다도유 목장의 신선한 산양유를 사용해 반려동물용 우유껌을 만들고 있어요. 이가 약한 반려동물에 급여하기에도 부담 없는 부드러운 식감을 가지고 있으면서, 말랑말랑하여 씹는 즐거움도 줄 수 있죠. 자견, 자묘부터 나이 든 반려동물까지 산양유의 균형 잡힌 영양소를 간편하게 제공해보세요.", "img3": "https://img-cf.kurly.com/shop/data/goodsview/20200318/gv10000086092_1.jpg", "option_name_list": [], "option_price_list": []},
{"img1": "https://img-cf.kurly.com/shop/data/goods/1580698876956y0.jpg", "name": "PET [어글어글] 무항생제 산양유 치즈", "summary": "활용도 높은 영양 가득 생치즈 간식", "price": "12,000원", "discount_rate": 0, "unit": "1병", "amount": "", "package": "냉동/종이포장", "made_in": "", "img2": "https://img-cf.kurly.com/shop/data/goodsview/20200203/gv20000079906_1.jpg", "description": "포슬포슬 부드럽고 담백한 치즈는 반려동물에게도 인기가 좋은 식품인데요. 유당 때문에 영양이 풍부한 유제품을 급여하지 못하는건 참 아쉬워요. 그럴땐 산양유로 만든 치즈를 선택해보세요. 산양유는 유단백질 중 카제인 단백질인 알파에스-1이 거의 없어 안심하고 급여할 수 있답니다. 특히 어글어글은 항생제를 전혀 사용하지 않는 전남 나주의 다도유 목장의 산양유만을 사용하고 있는 점도 마음에 들 거예요. 부드러운 생치즈라 그대로 급여해도 좋고, 식단과 함께 제공하거나 물에 개어 주는 등 다양하게 변주하여 활용해보세요.", "img3": "https://img-cf.kurly.com/shop/data/goodsview/20200318/gv30000086091_1.jpg", "option_name_list": [], "option_price_list": []},
{"img1": "https://img-cf.kurly.com/shop/data/goods/1580695064757y0.jpg", "name": "PET [어글어글] 제주 청정 말고기 육포", "summary": "촉촉한 제주 특산 말고기 간식", "price": "8,500원", "discount_rate": 0, "unit": "1팩", "amount": "", "package": "냉동/종이포장", "made_in": "", "img2": "https://img-cf.kurly.com/shop/data/goodsview/20200203/gv20000079885_1.jpg", "description": "반려동물에게 특유의 향이 매력적인 말고기 육포를 선물해보세요. 대부분의 지방이 불포화지방산으로 이루어진 말고기 간식은 국내에선 더욱 찾아보기 힘든 귀한 간식인데요. 어글어글의 육포는 제주 한라산 700m에 위치한 목장에서 부대오름을 터전으로 뛰어놀며 풀을 먹고 자란 제주마의 살코기를 사용해 더욱 각별해요. 말고기를 도톰하게 잘라 익혔기에 표면부터 촉촉한 수분감이 느껴지고, 질감 역시 말랑말랑한 것이 매력이죠. 다른 육류에 비해 단백질 함량이 높은 편에 속한다는 점도 마음에 들 거예요.", "img3": "https://img-cf.kurly.com/shop/data/goodsview/20200318/gv40000086109_1.jpg", "option_name_list": [], "option_price_list": []},
{"img1": "https://img-cf.kurly.com/shop/data/goods/1562303707633y0.jpg", "name": "[코시] 호주산 펫밀크 1L", "summary": "넉넉한 용량의 반려동물 전용 우유", "price": "6,300원", "discount_rate": 0, "unit": "1팩", "amount": "1L", "package": "상온/종이포장", "made_in": "", "img2": "https://img-cf.kurly.com/shop/data/goodsview/20190705/gv10000055049_1.jpg", "description": "다견다묘 가정이나 대형 반려동물을 기르는 가정에게 있어서 간식의 퀄리티만큼이나 중요한 것이 바로 양이에요. 소포장 제품은 한 번 급여하기 알맞은 용량이기에 매번 두세 개씩 뜯는 수고를 들여야 했을 텐데요. 컬리가 이번에 선보이는 대용량 펫밀크를 만난다면 한결 간편하게 간식을 준비할 수 있을 거예요. 청정 호주의 넓은 초지에서 자연방목 방식으로 생산한 우유에 유당분해효소를 넣어 반려동물도 소화할 수 있도록 만들었어요. 게다가 멸균처리 과정을 거치기에 개봉 전까지는 상온에 둘 수 있어 더욱 편리하지요. 반려동물의 기호를 고려한 간식은 물론, 음수량을 늘리는 음료로도 활용해보세요. ", "img3": "https://img-cf.kurly.com/shop/data/goodsview/20190705/gv40000055053_1.jpg", "option_name_list": [], "option_price_list": []}