{"img1": "https://img-cf.kurly.com/shop/data/goods/1583132532953y0.jpg", "name": "CAT [로투스] 그레인프리 파테 오리 캔 2종", "summary": "촉촉하고 부드러운 무스 타입 주식 캔", "price": "2,700원", "discount_rate": 0, "unit": "1개", "amount": "", "package": "상온/종이포장", "made_in": "", "img2": "https://img-cf.kurly.com/shop/data/goodsview/20200302/gv30000083520_1.jpg", "description": "입자가 곱고 촉촉한 무스 타입의 습식 캔을 소개할게요. 원물에 가까운 건강한 습식 사료를 먹이고 싶지만, 원재료의 형태가 보이면 먹지 않는 예민한 반려묘나 덩어리진 사료를 먹지 못하는 이가 약한 반려묘에게 급여하기 좋은 사료예요. 반려묘가 소화하기 어려운 곡물은 일절 배제하고, 신장 건강을 위해 마그네슘 함량은 최대한 낮추었답니다. 주식인 만큼 오리고기와 돼지 간을 주원료로 블루베리와 크랜베리, 아스파라거스와 켈프, 모질 관리에 좋은 연어오일과 함께 글루코사민이 풍부한 녹색홍합까지 골고루 배합했으니 무척 만족스러울 거예요.", "img3": "https://img-cf.kurly.com/shop/data/goodsview/20200302/gv30000083529_1.jpg", "option_name_list": ["[로투스] 캣 그레인프리 파테 오리 캔 150g", "[로투스] 캣 그레인프리 파테 오리 캔 78g"], "option_price_list": ["4,000원", "2,700원"]},
{"img1": "https://img-cf.kurly.com/shop/data/goods/1583132875752y0.jpg", "name": "CAT [로투스] 그레인프리 파테 돼지 캔 2종", "summary": "촉촉하고 부드러운 무스 타입 주식 캔", "price": "2,700원", "discount_rate": 0, "unit": "1개", "amount": "", "package": "상온/종이포장", "made_in": "", "img2": "https://img-cf.kurly.com/shop/data/goodsview/20200302/gv40000083530_1.jpg", "description": "입자가 곱고 촉촉한 무스 타입의 습식 캔을 소개할게요. 원물에 가까운 건강한 습식 사료를 먹이고 싶지만, 원재료의 형태가 보이면 먹지 않는 예민한 반려묘나 덩어리진 사료를 먹지 못하는 이가 약한 반려묘에게 급여하기 좋은 사료예요. 반려묘가 소화하기 어려운 곡물은 일절 배제하고, 신장 건강을 위해 마그네슘 함량은 최대한 낮추었답니다. 주식인 만큼 돼지 살코기와 간을 주원료로 블루베리와 크랜베리, 아스파라거스와 켈프, 모질 관리에 좋은 연어오일과 함께 글루코사민이 풍부한 녹색홍합까지 골고루 배합했으니 무척 만족스러울 거예요.", "img3": "https://img-cf.kurly.com/shop/data/goodsview/20200302/gv40000083538_1.jpg", "option_name_list": ["[로투스] 캣 그레인프리 파테 돼지 캔 150g", "[로투스] 캣 그레인프리 파테 돼지 캔 78g"], "option_price_list": ["4,000원", "2,700원"]},
{"img1": "https://img-cf.kurly.com/shop/data/goods/1583130608615y0.jpg", "name": "CAT [로투스] 그레인프리 파테 치킨&야채 캔 2종", "summary": "촉촉하고 부드러운 무스 타입 주식 캔", "price": "2,700원", "discount_rate": 0, "unit": "1개", "amount": "", "package": "상온/종이포장", "made_in": "", "img2": "https://img-cf.kurly.com/shop/data/goodsview/20200302/gv00000083496_1.jpg", "description": "입자가 곱고 촉촉한 무스 타입의 습식 캔을 소개할게요. 원물에 가까운 건강한 습식 사료를 먹이고 싶지만, 원재료의 형태가 보이면 먹지 않는 예민한 반려묘나 덩어리진 사료를 먹지 못하는 이가 약한 반려묘에게 급여하기 좋은 사료예요. 반려묘가 소화하기 어려운 곡물은 일절 배제하고, 신장 건강을 위해 마그네슘 함량은 최대한 낮추었답니다. 주식인 만큼 닭 살코기와 간을 주원료로 블루베리와 크랜베리, 아스파라거스와 켈프, 모질 관리에 좋은 연어오일과 함께 글루코사민이 풍부한 녹색홍합까지 골고루 배합했으니 무척 만족스러울 거예요.", "img3": "https://img-cf.kurly.com/shop/data/goodsview/20200302/gv40000083503_1.jpg", "option_name_list": ["[로투스] 캣 그레인프리 파테 치킨&야채 캔 150g", "[로투스] 캣 그레인프리 파테 치킨&야채 캔 78g"], "option_price_list": ["4,000원", "2,700원"]},
{"img1": "https://img-cf.kurly.com/shop/data/goods/1583130274676y0.jpg", "name": "CAT [로투스] 그레인프리 파테 터키&야채 캔 2종", "summary": "촉촉하고 부드러운 무스 타입 주식 캔", "price": "2,700원", "discount_rate": 0, "unit": "1개", "amount": "", "package": "상온/종이포장", "made_in": "", "img2": "https://img-cf.kurly.com/shop/data/goodsview/20200302/gv30000083483_1.jpg", "description": "입자가 곱고 촉촉한 무스 타입의 습식 캔을 소개할게요. 원물에 가까운 건강한 습식 사료를 먹이고 싶지만, 원재료의 형태가 보이면 먹지 않는 예민한 반려묘나 덩어리진 사료를 먹지 못하는 이가 약한 반려묘에게 급여하기 좋은 사료예요. 반려묘가 소화하기 어려운 곡물은 일절 배제하고, 신장 건강을 위해 마그네슘 함량은 최대한 낮추었답니다. 주식인 만큼 칠면조 살코기와 간을 주원료로 사용하고, 블루베리와 크랜베리, 아스파라거스와 켈프로 비타민과 미네랄을 가득 담았고요. 모질관리에 좋은 연어오일까지 골고루 배합했으니 무척 만족스러울 거예요.", "img3": "https://img-cf.kurly.com/shop/data/goodsview/20200302/gv10000083491_1.jpg", "option_name_list": ["[로투스] 캣 그레인프리 파테 터키&야채 캔 150g", "[로투스] 캣 그레인프리 파테 터키&야채 캔 78g"], "option_price_list": ["4,000원", "2,700원"]},
{"img1": "https://img-cf.kurly.com/shop/data/goods/158313347791y0.jpg", "name": "CAT [로투스] 저스트 쥬시 치킨 스튜 캔", "summary": "수분이 가득한 스튜형 주식 캔", "price": "3,800원", "discount_rate": 0, "unit": "1개", "amount": "", "package": "상온/종이포장", "made_in": "", "img2": "https://img-cf.kurly.com/shop/data/goodsview/20200302/gv20000083547_1.jpg", "description": "반려묘에게 음수량을 채워주기 위해 주식에 물을 타주거나 습식캔을 주어도 잘 먹지 않는다면, 로투스의 저스트쥬시를 선택해보세요. 닭고기의 결이 그대로 살아있고 육수가 넉넉해 스튜나 백숙같은 느낌을 주는 주식이에요. 기계로 갈지 않고 사람 손으로 닭고기를 결결이 찢는 핸드픽 방식으로 제조했기에 원물의 형태를 눈으로 확인할 수 있는데요. 반려묘는 더욱 맛있게 즐길 수 있고 묘주는 마음 놓고 급여할 수 있겠죠. 성분이 좋기로 손꼽히는 브랜드 중 하나인 로투스답게 곡물은 일절 사용하지 않고 미네랄과 비타민은 알차게 채워 넣었으니 안심하고 제공해보세요.", "img3": "https://img-cf.kurly.com/shop/data/goodsview/20200302/gv30000083554_1.jpg", "option_name_list": [], "option_price_list": []},
{"img1": "https://img-cf.kurly.com/shop/data/goods/1583133180165y0.jpg", "name": "CAT [로투스] 저스트 쥬시 돼지 스튜 캔", "summary": "수분이 가득한 수프형 주식 캔", "price": "3,800원", "discount_rate": 0, "unit": "1개", "amount": "", "package": "상온/종이포장", "made_in": "", "img2": "https://img-cf.kurly.com/shop/data/goodsview/20200302/gv20000083539_1.jpg", "description": "반려묘에게 음수량을 채워주기 위해 주식에 물을 타주거나 습식캔을 주어도 잘 먹지 않는다면, 로투스의 저스트쥬시를 선택해보세요. 돼지고기의 결이 그대로 살아있고 육수가 넉넉해 스튜같은 느낌을 주는 주식이에요. 기계로 갈지 않고 사람 손으로 돼지고기를 결결이 찢는 핸드픽 방식으로 제조했기에 원물의 형태를 눈으로 확인할 수 있는데요. 반려묘는 더욱 맛있게 즐길 수 있고 묘주는 마음 놓고 급여할 수 있겠죠. 성분이 좋기로 손꼽히는 브랜드 중 하나인 로투스답게 곡물은 일절 사용하지 않고 미네랄과 비타민은 알차게 채워 넣었으니 안심하고 제공해보세요.", "img3": "https://img-cf.kurly.com/shop/data/goodsview/20200302/gv10000083546_1.jpg", "option_name_list": [], "option_price_list": []},
{"img1": "https://img-cf.kurly.com/shop/data/goods/1579768608174y0.jpg", "name": "CAT [지위픽] 에어드라이 양고기 2종", "summary": "자연방목 양으로 만든 건식사료", "price": "27,900원", "discount_rate": 0, "unit": "1개", "amount": "", "package": "상온/종이포장", "made_in": "", "img2": "https://img-cf.kurly.com/shop/data/goodsview/20200123/gv00000079228_1.jpg", "description": "뉴질랜드에서 온 자연식에 가까운 건식사료를 만나보세요. 지위픽은 넓은 초원에서 일 년 내내 자연 방목하여 키운 양질의 육류와 뉴질랜드 청정해역에서 잡은 자연산 원재료로 반려동물 주식을 만듭니다. 건식사료 하면 떠오르는 동그란 키블이 아니라 육포처럼 얇고 네모진 형태인데요. 키블로 뭉치기 위한 탄수화물을 사용하지 않고 에어드라이 공법으로 원물의 특징과 영양소를 최대한 보존했답니다. 지금 소개하는 제품은 식감이 부드럽고 무기질이 풍부한 양고기로 만들어졌어요. 영양은 물론이고 진한 향으로 기호성까지 잡은 주식을 찾는다면 지위픽을 추천할게요.", "img3": "https://img-cf.kurly.com/shop/data/goodsview/20200123/gv40000079241_1.jpg", "option_name_list": ["CAT [지위픽] 에어드라이 양고기 400g", "CAT [지위픽] 에어드라이 양고기 1kg"], "option_price_list": ["27,900원", "50,900원"]},
{"img1": "https://img-cf.kurly.com/shop/data/goods/1579775418198y0.jpg", "name": "CAT [지위픽] 에어드라이 소고기 2종", "summary": "자연방목 소로 만든 건식사료", "price": "27,900원", "discount_rate": 0, "unit": "1개", "amount": "", "package": "상온/종이포장", "made_in": "", "img2": "https://img-cf.kurly.com/shop/data/goodsview/20200123/gv30000079252_1.jpg", "description": "뉴질랜드에서 온 자연식에 가까운 건식사료를 만나보세요. 지위픽은 넓은 초원에서 일 년 내내 자연 방목하여 키운 양질의 육류와 뉴질랜드 청정해역에서 잡은 자연산 원재료로 반려동물 주식을 만듭니다. 건식사료 하면 떠오르는 동그란 키블이 아니라 육포처럼 얇고 네모진 형태인데요. 키블로 뭉치기 위한 탄수화물을 사용하지 않고 에어드라이 공법으로 원물의 특징과 영양소를 최대한 보존했답니다. 지금 소개하는 제품은 필수 아미노산과 불포화 지방산이 풍부한 소로 만들어졌어요. 영양은 물론이고 진한 향으로 기호성까지 잡은 주식을 찾는다면 지위픽을 추천할게요.", "img3": "https://img-cf.kurly.com/shop/data/goodsview/20200123/gv40000079261_1.jpg", "option_name_list": ["CAT [지위픽] 에어드라이 소고기 400g", "CAT [지위픽] 에어드라이 소고기 1kg"], "option_price_list": ["27,900원", "50,900원"]},
{"img1": "https://img-cf.kurly.com/shop/data/goods/1579509224702y0.jpg", "name": "CAT [지위픽] 에어드라이 사슴고기 400g", "summary": "자연방목 사슴으로 만든 건식사료", "price": "38,320원", "discount_rate": "20%", "unit": "1개", "amount": "", "package": "상온/종이포장", "made_in": "", "img2": "https://img-cf.kurly.com/shop/data/goodsview/20200120/gv20000078777_1.jpg", "description": "뉴질랜드에서 온 자연식에 가까운 건식사료를 만나보세요. 지위픽은 넓은 초원에서 일 년 내내 자연 방목하여 키운 양질의 육류와 뉴질랜드 청정해역에서 잡은 자연산 원재료로 반려동물 주식을 만듭니다. 건식사료 하면 떠오르는 동그란 키블이 아니라 육포처럼 얇고 네모진 형태인데요. 키블로 뭉치기 위한 탄수화물을 사용하지 않고 에어드라이 공법으로 원물의 특징과 영양소를 최대한 보존했답니다. 지금 소개하는 제품은 다른 육류에 비해 지방함량이 낮은 붉은살 고기, 사슴으로 만들어졌어요. 영양은 물론이고 진한 향으로 기호성까지 잡은 주식을 찾는다면 지위픽을 추천할게요.", "img3": "https://img-cf.kurly.com/shop/data/goodsview/20200120/gv30000078789_1.jpg", "option_name_list": [], "option_price_list": []},
{"img1": "https://img-cf.kurly.com/shop/data/goods/1580438804874y0.jpg", "name": "CAT [지위픽] 에어드라이 닭고기 2종", "summary": "자연방목 닭으로 만든 건식사료", "price": "27,900원", "discount_rate": 0, "unit": "1개", "amount": "", "package": "상온/종이포장", "made_in": "", "img2": "https://img-cf.kurly.com/shop/data/goodsview/20200120/gv20000078801_1.jpg", "description": "뉴질랜드에서 온 자연식에 가까운 건식사료를 만나보세요. 지위픽은 넓은 초원에서 일 년 내내 자연 방목하여 키운 양질의 육류와 뉴질랜드 청정해역에서 잡은 자연산 원재료로 반려동물 주식을 만듭니다. 건식사료 하면 떠오르는 동그란 키블이 아니라 육포처럼 얇고 네모진 형태인데요. 키블로 뭉치기 위한 탄수화물을 사용하지 않고 에어드라이 공법으로 원물의 특징과 영양소를 최대한 보존했답니다. 지금 소개하는 제품은 기호성이 높고 붉은 고기에 민감한 반려동물도 안심할 수 있는 닭고기로 만들어졌어요. 영양은 물론이고 진한 향으로 기호성까지 잡은 주식을 찾는다면 지위픽을 추천할게요.", "img3": "https://img-cf.kurly.com/shop/data/goodsview/20200120/gv00000078811_1.jpg", "option_name_list": ["CAT [지위픽] 에어드라이 닭고기 400g", "CAT [지위픽] 에어드라이 닭고기 1kg"], "option_price_list": ["27,900원", "50,900원"]},
{"img1": "https://img-cf.kurly.com/shop/data/goods/1580438848152y0.jpg", "name": "CAT [지위픽] 에어드라이 고등어&양고기 2종", "summary": "뉴질랜드 고등어로 만든 건식사료", "price": "29,900원", "discount_rate": 0, "unit": "1개", "amount": "", "package": "상온/종이포장", "made_in": "", "img2": "https://img-cf.kurly.com/shop/data/goodsview/20200120/gv40000078833_1.jpg", "description": "뉴질랜드에서 온 자연식에 가까운 건식사료를 만나보세요. 지위픽은 넓은 초원에서 일 년 내내 자연 방목하여 키운 양질의 육류와 뉴질랜드 청정해역에서 잡은 자연산 원재료로 반려동물 주식을 만듭니다. 건식사료 하면 떠오르는 동그란 키블이 아니라 육포처럼 얇고 네모진 형태인데요. 키블로 뭉치기 위한 탄수화물을 사용하지 않고 에어드라이 공법으로 원물의 특징과 영양소를 최대한 보존했답니다. 지금 소개하는 제품은 오메가3&6 지방산이 풍부한 고등어와, 자연방목한 양고기로 만들어졌어요. 영양은 물론이고 진한 향으로 기호성까지 잡은 주식을 찾는다면 지위픽을 추천할게요.", "img3": "https://img-cf.kurly.com/shop/data/goodsview/20200120/gv40000078845_1.jpg", "option_name_list": ["CAT [지위픽] 에어드라이 고등어&양고기 400g", "CAT [지위픽] 에어드라이 고등어&양고기 1kg"], "option_price_list": ["29,900원", "55,900원"]},
{"img1": "https://img-cf.kurly.com/shop/data/goods/1578988668453y0.jpg", "name": "[오쥬 바이 로우즈] 치킨 파우치 3종", "summary": "육수와 영양소가 넉넉히 담긴 습식 사료", "price": "3,500원", "discount_rate": 0, "unit": "1개", "amount": "", "package": "상온/종이포장", "made_in": "", "img2": "https://img-cf.kurly.com/shop/data/goodsview/20200108/gv30000077130_1.jpg", "description": "습식사료를 구비해두면 반려묘가 입맛이 없을 때나 물을 잘 마시지 않을 때 유용하게 급여할 수 있지요. 오쥬 바이 로우즈는, 고기를 육즙과 함께 제공하는 음식을 뜻하는 '오쥬'라는 이름대로 닭고기에서 우러난 진한 육수가 넉넉히 담겨있어요. 아연과 마그네슘을 포함한 미네랄과 비타민 A~E 보충제도 들어 있어 반려묘에게 영양을 공급해주기에도 충분하죠. '치킨 파우치'는 필수 아미노산이 풍부한 닭고기를 원육을 갈지 않고 결결이 잘게 찢어 넣은 제품이에요. 옵션별로 잘게 썬 오리고기, 닭고기 간, 호박을 더해주었으니 기호에 맞게 선택해보세요.", "img3": "https://img-cf.kurly.com/shop/data/goodsview/20200108/gv00000077140_1.jpg", "option_name_list": ["[오쥬 바이 로우즈] 치킨&오리 파우치", "[오쥬 바이 로우즈] 치킨&호박 파우치", "[오쥬 바이 로우즈] 치킨&치킨간 파우치"], "option_price_list": ["3,500원", "3,500원", "3,500원"]},
{"img1": "https://img-cf.kurly.com/shop/data/goods/1578468503551y0.jpg", "name": "[오쥬 바이 로우즈] 참치 파우치 2종", "summary": "육수와 영양소가 넉넉히 담긴 습식 사료", "price": "3,500원", "discount_rate": 0, "unit": "1개", "amount": "", "package": "상온/종이포장", "made_in": "", "img2": "https://img-cf.kurly.com/shop/data/goodsview/20200108/gv40000077118_1.jpg", "description": "습식사료를 구비해두면 반려묘가 입맛이 없을 때나 물을 잘 마시지 않을 때 유용하게 급여할 수 있지요. 오쥬 바이 로우즈는, 고기를 육즙과 함께 제공하는 음식을 뜻하는 '오쥬'라는 이름대로 생선에서 우러난 진한 육수가 넉넉히 담겨있어요. 아연과 마그네슘을 포함한 미네랄과 비타민 A~E 보충제도 들어 있어 반려묘에게 영양을 공급해주기에도 충분하죠. '참치 파우치'는 오메가 지방산이 풍부한 참치의 원육을 그대로 담고 있는 제품이에요. 옵션별로 잘게 다진 연어와 고등어도 더해주었으니 기호에 맞게 선택해보세요.", "img3": "https://img-cf.kurly.com/shop/data/goodsview/20200108/gv40000077127_1.jpg", "option_name_list": ["[오쥬 바이 로우즈] 참치&연어 파우치", "[오쥬 바이 로우즈] 참치&고등어 파우치"], "option_price_list": ["3,500원", "3,500원"]},
{"img1": "https://img-cf.kurly.com/shop/data/goods/1571036110300y0.jpg", "name": "[하림 더리얼] 캣 그레인프리 크런치 연어 2종", "summary": "바삭한 매력의 연어 주식", "price": "20,700원", "discount_rate": 0, "unit": "1봉", "amount": "각 1kg", "package": "상온/종이포장", "made_in": "", "img2": "https://img-cf.kurly.com/shop/data/goodsview/20191014/gv20000064407_1.jpg", "description": "브랜드의 이름만 들어도 좋은 원재료를 사용했을 거라는 느낌이 전해지는 반려묘 주식을 컬리가 준비했어요. 반려묘의 연령에 따라 어덜트, 시니어 중 선택할 수 있도록, 고양이의 성장 시기에 따른 균형 잡힌 식단을 꼼꼼하게 설계해 만든 사료예요. 영양소가 풍부한 연어 살코기를 중심으로 완두콩, 병아리콩, 닭 간 등을 사용해 만들었어요. 소화, 흡수가 원활한 분말 형태의 흰살생선도 더해줬답니다. 씹는 족족 바삭바삭한 식감 선사하는 도넛 모양 사료로 반려묘에게 먹는 즐거움을 선물해보세요.", "img3": "https://img-cf.kurly.com/shop/data/goodsview/20191014/gv40000064416_1.jpg", "option_name_list": ["[하림 더리얼] 캣 그레인프리 크런치 연어 어덜트 1kg", "[하림 더리얼] 캣 그레인프리 크런치 연어 시니어 1kg"], "option_price_list": ["20,700원", "20,700원"]},
{"img1": "https://img-cf.kurly.com/shop/data/goods/1571034058152y0.jpg", "name": "[하림 더리얼] 캣 그레인프리 크런치 닭고기 3종", "summary": "바삭바삭 도넛 모양 사료", "price": "18,000원", "discount_rate": 0, "unit": "1봉", "amount": "각 1kg", "package": "상온/종이포장", "made_in": "", "img2": "https://img-cf.kurly.com/shop/data/goodsview/20191014/gv40000064377_1.jpg", "description": "브랜드의 이름만 들어도 좋은 원재료를 사용했을 거라는 느낌이 전해지는 반려묘 주식을 컬리가 준비했어요. 반려묘의 연령에 따라 키튼, 어덜트, 시니어 중 선택할 수 있도록, 고양이의 성장 시기에 따른 균형 잡힌 식단을 꼼꼼하게 설계해 만든 사료예요. 신선한 닭 살코기에 완두콩, 병아리콩, 닭간 등 단백질과 영양이 풍부한 재료들을 사용했고요. 소화, 흡수가 원활한 분말 형태의 흰살생선도 더해줬답니다. 씹는 족족 바삭바삭한 식감 선사하는 도넛 모양 사료로 반려묘에게 먹는 즐거움을 선물해보세요.", "img3": "https://img-cf.kurly.com/shop/data/goodsview/20191014/gv40000064401_1.jpg", "option_name_list": ["[하림 더리얼] 캣 그레인프리 크런치 닭고기 키튼 1kg", "[하림 더리얼] 캣 그레인프리 크런치 닭고기 어덜트 1kg", "[하림 더리얼] 캣 그레인프리 크런치 닭고기 시니어 1kg"], "option_price_list": ["18,900원", "18,000원", "18,000원"]},
{"img1": "https://img-cf.kurly.com/shop/data/goods/1562567002608y0.jpg", "name": "CAT[오메가플러스] 킹연어&소고기 드라이 키블", "summary": "오메가 지방산이 풍부한 주식", "price": "17,000원", "discount_rate": 0, "unit": "1개", "amount": "옵션별 상이", "package": "상온/종이포장", "made_in": "", "img2": "https://img-cf.kurly.com/shop/data/goodsview/20190708/gv20000055172_1.jpg", "description": "반려묘의 피모 관리에 집중하는 시기에는 아무래도 오메가 지방산이 풍부한 식품을 찾게 되지요. 건강식이나 간식을 통해 보충하는 것도 좋지만, 일 급여량이 가장 많은 주식을 바꾸고 싶다면 이 제품을 주목해 주세요. 모든 연어종 중에서 오메가 지방산 함량이 가장 높은 킹연어를 원재료로 한 건식 사료예요. 영양 밸런스를 고려해 오메가3 함량은 2.5%, 오메가6 함량은 2.75%로 설계했지요. 여기에 신선한 소고기 원육을 직접 분쇄하여 넣었기에 어류와 육류 단백질을 고루 섭취할 수 있는 것도 장점이랍니다. 가장 보편적으로 접할 수 있는 사이즈의 키블로 만들었으니 묘종 구분 없이 편하게 급여해보세요.", "img3": "https://img-cf.kurly.com/shop/data/goodsview/20190711/gv00000055581_1.jpg", "option_name_list": ["CAT[오메가플러스] 킹연어&소고기 드라이 키블 40g", "CAT[오메가플러스] 킹연어&소고기 드라이 키블 500g"], "option_price_list": ["1,000원", "17,000원"]}