{"img1": "https://img-cf.kurly.com/shop/data/goods/1585284187432y0.jpg", "name": "[벅시캣] 모래 무향 7.26kg", "summary": "무첨가 벤토나이트 모래", "price": "17,000원", "discount_rate": 0, "unit": "1개", "amount": "", "package": "상온/종이포장", "made_in": "", "img2": "https://img-cf.kurly.com/shop/data/goodsview/20200327/gv30000087612_1.jpg", "description": "반려묘가 하루에도 여러 번 들르는 화장실을 좀 더 편안하게 다니기를 바란다면 역시 모래다운 모래, 벤토나이트를 고르게 되지요. 지금 소개하는 벅시캣의 벤토나이트 모래는 향료도 뿌려져있지 않기에 예민한 반려묘에게 더욱 자연에 가까운 환경을 조성해주기 좋답니다. 손으로 벅시캣의 모래를 한줌  쥐었다 흘려보내 보세요. 모래알이 무척 부드럽게 굴러내려 가면서도 손에 먼지를 남기지 않는 걸 확인해볼 수 있는데요. 반려묘의 발바닥에 모래가 콕콕 박혀 사막화 현상을 유발하거나, 호흡기로 먼지를 들이마시진 않을까 하는 하는 걱정을 한층 덜 수 있을 거예요.", "img3": "https://img-cf.kurly.com/shop/data/goodsview/20200327/gv10000087650_1.jpg", "option_name_list": [], "option_price_list": []},
{"img1": "https://img-cf.kurly.com/shop/data/goods/1585205688439y0.jpg", "name": "[피단스튜디오] 워터 디스펜서 2종", "summary": "생수병에 조립하는 넓은 그릇", "price": "8,550원", "discount_rate": "10%", "unit": "1개", "amount": "", "package": "상온/종이포장", "made_in": "", "img2": "https://img-cf.kurly.com/shop/data/goodsview/20200326/gv30000087472_1.jpg", "description": "반려동물을 산책시킬 때마다 물병을 세척하고, 물을 옮겨 담는 일은 참 번거로워요. 이런 이유나 위생상의 이유로 매번 새로운 생수병을 휴대하며 급수하는 가정도 많은데요. 생수병에 꽂아 쓰는 워터 디스펜서로 더욱 편리하게 물을 급여해보세요. 생수병의 뚜껑을 닫듯 디스펜서를 돌려 끼워주면 완성입니다. 급수대가 얕고 넓기에 좁고 깊은 컵을 사용하기 어려워하는 반려동물이 사용하기 참 편안하답니다. 내부에 마개가 있어 물이 새지 않는 것도 장점이에요. 산책 가방에 상비해두면, 간혹 물을 챙기는 걸 깜박하더라도 근처 편의점에서 한 병 사오면 그만이겠죠.", "img3": "https://img-cf.kurly.com/shop/data/goodsview/20200326/gv40000087485_1.jpg", "option_name_list": ["[피단스튜디오] 워터 디스펜서 그린", "[피단스튜디오] 워터 디스펜서 브라운"], "option_price_list": ["9,500원", "9,500원"]},
{"img1": "https://img-cf.kurly.com/shop/data/goods/1585206684378y0.jpg", "name": "[피단스튜디오] 휴대용 물병 2종", "summary": "깨끗한 물을 급여하는 간편한 방법", "price": "15,000원", "discount_rate": 0, "unit": "1개", "amount": "", "package": "상온/종이포장", "made_in": "", "img2": "https://img-cf.kurly.com/shop/data/goodsview/20200326/gv30000087486_1.jpg", "description": "준비할 것도 많고 챙길 것도 많은 산책을 좀 더 쉽게 만들어줄 휴대용 물병을 소개할게요. 간편함과 위생을 모두 잡은 피단스튜디오의 휴대용 물병이에요. 보통은 물을 급여하기 위해 별도의 그릇을 챙기거나, 물병의 뚜껑을 분리해 그릇처럼 활용하실 텐데요. 지금 소개하는 물병은 그릇을 준비할 필요도, 뚜껑을 열 필요도 없어요. 전면의 버튼을 한번만 꾹 눌러주면 정수기처럼 내부의 필터를 거쳐 깨끗하게 여과된 물이 그릇 모양의 뚜껑으로 흘러나온답니다. 가벼운데다 용량도 넉넉해 멀리 야외 활동을 갈 때나 다견 가정에서 쓰기에도 좋을 거예요.", "img3": "https://img-cf.kurly.com/shop/data/goodsview/20200326/gv10000087500_1.jpg", "option_name_list": ["[피단스튜디오] 휴대용 물병 그린", "[피단스튜디오] 휴대용 물병 브라운", "[피단스튜디오] 물병 필터 2개입"], "option_price_list": ["15,000원", "15,000원", "5,400원"]},
{"img1": "https://img-cf.kurly.com/shop/data/goods/1584001839401y0.jpg", "name": "[앤블랭크] 캐리어 2종", "summary": "탄탄하고 가벼운 코듀라 소재 캐리어", "price": "168,000원", "discount_rate": 0, "unit": "1개", "amount": "", "package": "상온/종이포장", "made_in": "", "img2": "https://img-cf.kurly.com/shop/data/goodsview/20200312/gv30000085360_1.jpg", "description": "견고한데 가볍기까지 한 캐리어를 찾기란 쉽지 않아요. 하지만 앤블랭크의 캐리어는 외관과 바닥면이 탄탄해 반려동물이 한쪽으로 쏠리지 않는 데다, 손잡이를 잡고 들어보면 위로 쑥 들릴 만큼 가볍답니다. 아웃도어용품에 사용되는 코듀라 소재를 사용했기에 오염에 강하고 상단엔 그물망 형태의 원단을 적용해 반려동물의 답답함을 덜어주었어요. 다양하게 변주해 활용하기에도 좋은데요. 한쪽 손잡이는 길게 늘여 여기저기 걸거나 아웃포켓을 탈착할 수도 있답니다. 차분하고 모던한 컬러감 덕분에 어디에 들고 가도 멋스럽기까지 할 거예요.", "img3": "https://img-cf.kurly.com/shop/data/goodsview/20200312/gv40000085367_1.jpg", "option_name_list": ["[앤블랭크] 캐리어 네이비", "[앤블랭크] 캐리어 그레이"], "option_price_list": ["168,000원", "168,000원"]},
{"img1": "https://img-cf.kurly.com/shop/data/goods/1584003779203y0.jpg", "name": "[앤블랭크] 노즈워크 토이 2종", "summary": "활용도가 다양한 올인원 장난감", "price": "18,000원", "discount_rate": 0, "unit": "1개", "amount": "", "package": "상온/종이포장", "made_in": "", "img2": "https://img-cf.kurly.com/shop/data/goodsview/20200312/gv40000085374_1.jpg", "description": "반려동물이 좋아할 만한 요소는 모두 갖춘 만능 장난감을 소개할게요. 오리의 날개와 악어의 비늘을 노즈워크 공간으로 활용한 섬세한 디자인이 돋보이는 토이예요. 크기가 큼직하기에 덤벼들어 물고 흔들기 좋은 데다, 잡아당기며 터그놀이를 해주기에도 좋지요. 머리 쪽엔 센스있게 삑삑이도 넣어주었답니다. 여기서 끝이 아니에요. 반려동물의 시선을 끄는 데는 간식봉투를 꺼낼 때 나는 소리만한 게 없는데요. 원단 안쪽에 특수한 비닐을 내장해 만질 때마다 바스락거리는 소리가 끊이질 않는답니다. 도무지 지루할 틈이 없는 장난감으로 반려동물의 혼을 쏙 빼놓아보세요.", "img3": "https://img-cf.kurly.com/shop/data/goodsview/20200312/gv30000085383_1.jpg", "option_name_list": ["[앤블랭크] 노즈워크 토이 크로커다일", "[앤블랭크] 노즈워크 토이 플라잉덕"], "option_price_list": ["18,000원", "18,000원"]},
{"img1": "https://img-cf.kurly.com/shop/data/goods/1583479034920y0.jpg", "name": "[리프홈] 세라믹 규조토 배스매트 4종", "summary": "보송한 발을 위한 단 한 걸음", "price": "55,000원", "discount_rate": 0, "unit": "1개", "amount": "", "package": "상온/종이포장", "made_in": "", "img2": "https://img-cf.kurly.com/shop/data/goodsview/20200306/gv00000084567_1.jpg", "description": null, "img3": "https://img-cf.kurly.com/shop/data/goodsview/20200306/gv30000084568_1.jpg", "option_name_list": ["[리프홈] 배스매트 모자익_브라운", "[리프홈] 배스매트 모자익_핑크", "[리프홈] 배스매트 모자익_블루", "[리프홈] 배스매트 플랫_브라운"], "option_price_list": ["55,000원", "55,000원", "55,000원", "55,000원"]},
{"img1": "https://img-cf.kurly.com/shop/data/goods/1583478151667y0.jpg", "name": "[리프홈] 세라믹 규조토 드라잉볼 3종", "summary": "습기와 냄새를 잡는 기특한 볼", "price": "5,500원", "discount_rate": 0, "unit": "1개", "amount": "", "package": "상온/종이포장", "made_in": "", "img2": "https://img-cf.kurly.com/shop/data/goodsview/20200306/gv40000084504_1.jpg", "description": null, "img3": "https://img-cf.kurly.com/shop/data/goodsview/20200306/gv20000084507_1.jpg", "option_name_list": ["[리프홈] 세라믹 규조토 드라잉볼_미니5개입", "[리프홈] 세라믹 규조토 드라잉볼_탈취볼 M2개입", "[리프홈] 세라믹 규조토 드라잉볼_탈취볼 L1개입"], "option_price_list": ["5,500원", "13,000원", "41,800원"]},
{"img1": "https://img-cf.kurly.com/shop/data/goods/1577349936238y0.jpg", "name": "[피단스튜디오] 펫큐브 놀이터", "summary": "터널형 놀이터 겸 스크래쳐", "price": "44,550원", "discount_rate": "10%", "unit": "1개", "amount": "", "package": "상온/종이포장", "made_in": "", "img2": "https://img-cf.kurly.com/shop/data/goodsview/20191226/gv40000075435_1.jpg", "description": "알록달록한 피스를 자유롭게 조립해 만드는 '펫큐브 놀이터'를 소개할게요. 좁은 공간에 들어가길 좋아하는 반려묘가 터널을 따라 이리저리 돌아다니고, 원하는 피스 위에 누워 편안히 쉴 수 있는 놀이터에요. 소재가 부직포가 아닌 양모 펠트라는 점에 주목해주세요. 반려묘가 마음껏 펠트를 긁어도 먼지나 가루의 날림이 적어 스크래쳐 겸용으로 사용할 수도 있답니다. 때로는 몸을 감싸는 터널 안에서 안정감을 느끼는 공간으로, 때로는 신나게 놀고 긁으며 스트레스를 푸는 공간으로 활용할 수 있도록 넓은 공간에 배치해주세요.", "img3": "https://img-cf.kurly.com/shop/data/goodsview/20191226/gv40000075452_1.jpg", "option_name_list": [], "option_price_list": []},
{"img1": "https://img-cf.kurly.com/shop/data/goods/1576129185152y0.jpg", "name": "[리큅] 펫푸드 메이커", "summary": "반려동물을 위한 식품건조기", "price": "119,000원", "discount_rate": 0, "unit": "1개", "amount": "", "package": "상온/종이포장", "made_in": "", "img2": "https://img-cf.kurly.com/shop/data/goodsview/20191212/gv00000072582_1.jpg", "description": "반려동물에게 먹일 간식을 손수 만드는 분들 있을 거예요. 컬리는 쿠키나 고구마칩, 육포 등을 만들기 알맞은 식품 건조기를 제안할게요. 꽤 널찍한 트레이를 4층으로 조립할 수 있어 한 번에 넉넉한 양의 간식을 건조할 수 있어요. 히터에 니켈 크롬을 사용해 온도를 세팅하면 곧바로 원하는 온도에 도달, 건조를 시작한답니다. 히터 송출구는 날개형으로 되어 있어 열풍이 1층부터 4층까지 고르게 분산돼요. 전용 실리콘 몰드와 짤주머니에 레시피북까지 보내드리니 반려동물에게 맛있는 수제 간식을 선물해보세요. ", "img3": "https://img-cf.kurly.com/shop/data/goodsview/20191212/gv10000072591_1.jpg", "option_name_list": [], "option_price_list": []},
{"img1": "https://img-cf.kurly.com/shop/data/goods/1575857695799y0.jpg", "name": "[피단스튜디오] 벌룬 장난감 4종", "summary": "자동 회전하는 오뚝이 장난감", "price": "16,000원", "discount_rate": 0, "unit": "1개", "amount": "", "package": "상온/종이포장", "made_in": "", "img2": "https://img-cf.kurly.com/shop/data/goodsview/20191209/gv10000071783_1.jpg", "description": "세상 모든 장난감을 섭렵해도 또 새로운 놀잇감을 찾는 고양를 위해 '벌룬 장난감'을 준비했어요. 전원을 켜면 불규칙적으로 스핀하며 반려묘의 정신을 쏙 빼놓는 장난감이에요. 전원이 꺼지더라도 폼폼이를 톡 건드리면 오뚝이처럼 쓰러졌다가 일어나 호기심을 자극한답니다. 안전을 위한 설계도 빼놓지 않았지요. 철사 대신 말랑말랑 잘 구부러지는 ABS 소재를 사용했음은 물론, 폼폼이와 결합된 부분도 뾰족하지 않도록 둥글게 만들어졌어요. 새로운 장난감으로 반려묘와 더 깊은 유대관계를 쌓아보세요.", "img3": "https://img-cf.kurly.com/shop/data/goodsview/20191206/gv10000071800_1.jpg", "option_name_list": ["[피단스튜디오] 벌룬 장난감 화이트", "[피단스튜디오] 벌룬 장난감 핑크", "[피단스튜디오] 벌룬 장난감 블루", "[피단스튜디오] 벌룬 장난감 리필 3개입"], "option_price_list": ["16,000원", "16,000원", "16,000원", "3,800원"]},
{"img1": "https://img-cf.kurly.com/shop/data/goods/1575623475368y0.jpg", "name": "[피단스튜디오] 이글루 캣 화장실 2종", "summary": "청결하고 아늑한 반려묘 화장실", "price": "80,100원", "discount_rate": "10%", "unit": "1개", "amount": "", "package": "상온/종이포장", "made_in": "", "img2": "https://img-cf.kurly.com/shop/data/goodsview/20191206/gv00000071766_1.jpg", "description": "반려묘가 화장실에서 가지고 나온 모래가 온 집안을 굴러다니는 현상은 모든 집사들의 끝없는 고민거리지요. 지금 소개할 반려묘 화장실은 발에 묻은 모래를 털고 나올 수 있는 발판을 마련해 사막화를 방지해주는 제품이에요. 외부와의 접촉을 최소화한 설계에는 배변 활동 시 예민해지는 고양이에게 심리적 안정감을 선사하려는 배려도 녹아있어요. 이글루 모양의 곡선 디자인은 집안 어디에 두어도 온화한 무드를 더해줄 거예요.", "img3": "https://img-cf.kurly.com/shop/data/goodsview/20191206/gv20000071781_1.jpg", "option_name_list": ["[피단스튜디오] 이글루 캣 화장실 화이트", "[피단스튜디오] 이글루 캣 화장실 퍼플"], "option_price_list": ["89,000원", "89,000원"]},
{"img1": "https://img-cf.kurly.com/shop/data/goods/1575627630716y0.jpg", "name": "[피단스튜디오] 캣리터 스쿱", "summary": "넘어지지 않는 거치대에 보관하는", "price": "16,000원", "discount_rate": 0, "unit": "1개", "amount": "", "package": "상온/종이포장", "made_in": "", "img2": "https://img-cf.kurly.com/shop/data/goodsview/20191206/gv00000071801_1.jpg", "description": "매일같이 쓰는 스쿱을 배변판 근처 어딘가에 적당히 두거나 걸어놓으신 분들께 '캣리터 스쿱'을 추천할게요. 스탠드 거치대 디자인이라 원하는 곳에 자유롭게 둘 수 있고, 사선형 구조라서 넣고 빼기에 편리한 제품이에요. 캣리터 스쿱은 많은 양의 대소변도 한 번에 처리할 수 있는 넉넉한 5cm 깊이를 가지고 있어요. 홀 또한 너무 크지도 작지도 않아 감자와 맛동산을 놓치지 않으면서도 모래는 빠르게 걸러주지요. 실용성은 물론, 모던하고 미니멀한 디자인이라 어느 배변판 근처에 두어도 잘 어울릴 거예요.", "img3": "https://img-cf.kurly.com/shop/data/goodsview/20191206/gv00000071816_1.jpg", "option_name_list": [], "option_price_list": []},
{"img1": "https://img-cf.kurly.com/shop/data/goods/1575612680197y0.jpg", "name": "[지피포우즈] 홀리데이 시리즈 5종", "summary": "반려동물에게 전하는 성탄선물", "price": "6,800원", "discount_rate": "15%", "unit": "1개", "amount": "", "package": "상온/종이포장", "made_in": "", "img2": "https://img-cf.kurly.com/shop/data/goodsview/20191206/gv00000071649_1.jpg", "description": "성탄절의 설렘을 반려동물에게도 전해보세요. 컬리는 지피포우즈의 장난감에 크리스마스 디자인을 입힌 홀리데이 시리즈를 소개할게요. 깨물 때마다 삐익삐익 소리가 나는 귀여운 미니즈 인형과 노즈워크를 할 수 있는 숨은 찾기 장난감을 고루 준비했답니다. 반려견이 마음껏 굴리고 물어뜯어도 쉽게 헤지지 않도록 폴리에스터 소재로 만들고 올이 쉽게 풀리지 않도록 꼼꼼하게 마감했지요. 미니즈는 크리스마스 트리, 산타 양말의 구멍에도 넣을 수 있으니 다양한 옵션을 함께 구매해도 좋을 거예요. ", "img3": "https://img-cf.kurly.com/shop/data/goodsview/20191206/gv00000071676_1.jpg", "option_name_list": [" [지피포우즈] 미니즈 진저맨", " [지피포우즈] 미니즈 루돌프", "[지피포우즈] 미니즈 산타다람쥐", " [지피포우즈] 크리스마스 트리", " [지피포우즈] 산타 양말"], "option_price_list": ["8,000원", "8,000원", "13,000원", "22,000원", "22,000원"]},
{"img1": "https://img-cf.kurly.com/shop/data/goods/157345641830y0.jpg", "name": "[앤블랭크] 캡틴폭스 니트 10종", "summary": "귀여운 여우 캐릭터가 그려진", "price": "64,000원", "discount_rate": 0, "unit": "1개", "amount": "", "package": "상온/종이포장", "made_in": "", "img2": "https://img-cf.kurly.com/shop/data/goodsview/20191111/gv00000067660_1.jpg", "description": "제각기 다양한 포즈를 취하고 있는 귀여운 여우 캐릭터가 그려진 반려동물 니트를 만나보세요. 센스 있는 컬러 조합으로 옷과 반려견을 동시에 돋보이게 만들어 줄 캡틴폭스 니트랍니다. 면 100% 소재로 닿는 느낌이 부드럽고 몸의 굴곡을 따라 여유 있게 늘어나는 신축성을 가지고 있어요. 목과 발목, 밑단 부분은 반려동물이 움직일 때 옷이 펄럭이지 않도록 쫀쫀한 골지 형태로 깔끔하게 마감했지요. 네이비에는 쨍한 주황색의 여우가, 레몬에는 은은한 주황색의 여우가 그려져 있으니 반려동물의 모색과 취향에 따라 골라보세요. ", "img3": "https://img-cf.kurly.com/shop/data/goodsview/20191111/gv00000067663_1.jpg", "option_name_list": ["[앤블랭크] 캡틴폭스 니트 네이비 S", "[앤블랭크] 캡틴폭스 니트 네이비 M", "[앤블랭크] 캡틴폭스 니트 네이비 L", "[앤블랭크] 캡틴폭스 니트 네이비 XL", "[앤블랭크] 캡틴폭스 니트 네이비 2XL", "[앤블랭크] 캡틴폭스 니트 레몬 S", " [앤블랭크] 캡틴폭스 니트 레몬 M", " [앤블랭크] 캡틴폭스 니트 레몬 L", " [앤블랭크] 캡틴폭스 니트 레몬 XL", "[앤블랭크] 캡틴폭스 니트 레몬 2XL"], "option_price_list": ["64,000원", "64,000원", "64,000원", "64,000원", "64,000원", "64,000원", "64,000원", "64,000원", "64,000원", "64,000원"]},
{"img1": "https://img-cf.kurly.com/shop/data/goods/1573454120200y0.jpg", "name": "[앤블랭크] 히포 패딩 10종", "summary": "착용이 간편한 반려동물 패딩", "price": "72,000원", "discount_rate": 0, "unit": "1개", "amount": "", "package": "상온/종이포장", "made_in": "", "img2": "https://img-cf.kurly.com/shop/data/goodsview/20191111/gv30000067637_1.jpg", "description": "반려동물의 몸을 만지지 않아도 간편하게 탈착할 수 있는 특별한 패딩을 컬리가 선보일게요. 포동포동한 하마 캐릭터가 그려져 한층 귀여움을 더하는 패딩 조끼예요. 옷을 펼쳐서 등에 살포시 얹은 뒤 목과 가슴의 연결부만 닫아주면 끝이랍니다. 다리를 들어 올리거나 머리 위로 옷을 뒤집어 씌우지 않아도 되기에 거부감이 적지요. 안쪽 면은 보온성이 좋은 골지형으로, 겉면은 방한에 좋은 반질반질한 소재로 되어 있어 동절기 필수품으로 그만이에요. 가슴 연결부는 벨크로로 되어 있으니 도톰한 이너웨어를 입혔더라도 편하게 착용할 수 있을 거예요. ", "img3": "https://img-cf.kurly.com/shop/data/goodsview/20191111/gv00000067639_1.jpg", "option_name_list": ["[앤블랭크] 히포 패딩 네이비 S", "[앤블랭크] 히포 패딩 네이비 M", "[앤블랭크] 히포 패딩 네이비 L", "[앤블랭크] 히포 패딩 네이비 XL", "[앤블랭크] 히포 패딩 네이비 2XL", "[앤블랭크] 히포 패딩 딥그린 S", "[앤블랭크] 히포 패딩 딥그린 M", "[앤블랭크] 히포 패딩 딥그린 L", "[앤블랭크] 히포 패딩 딥그린 XL", "[앤블랭크] 히포 패딩 딥그린 2XL"], "option_price_list": ["72,000원", "72,000원", "72,000원", "72,000원", "72,000원", "72,000원", "72,000원", "72,000원", "72,000원", "72,000원"]},
{"img1": "https://img-cf.kurly.com/shop/data/goods/1573017304925y0.jpg", "name": "[마이플러피] 더블 버튼 패딩 조끼 18종", "summary": "반려동물을 위한 4온스 경량패딩", "price": "44,000원", "discount_rate": 0, "unit": "1개", "amount": "", "package": "상온/종이포장", "made_in": "", "img2": "https://img-cf.kurly.com/shop/data/goodsview/20191106/gv30000067088_1.jpg", "description": "추위는 타지만 천이 다리에 닿는 것은 참지 못하는 반려동물에게 적당한 옷을 컬리가 가져왔어요. 몸통만을 포근하게 감싸주는 조끼 타입의 패딩이랍니다. 겉은 통풍이 되지 않는 반질반질한 소재로, 안쪽은 보드라운 기모 소재로 되어 있어 무척 따뜻해요. 성장기라도, 갑작스레 체중이 불어도, 이너를 도톰하게 입혔어도 걱정 없도록 똑딱이 버튼을 두 줄로 부착해 사이즈 조절도 용이하지요. 게다가 옷 속에 하네스를 착용해도 리드줄을 연결할 수 있도록 디자인되어 겨울철에 산책을 할 때도 안성맞춤일 거예요.", "img3": "https://img-cf.kurly.com/shop/data/goodsview/20191106/gv30000067123_1.jpg", "option_name_list": ["[마이플러피] 더블 버튼 패딩 조끼 퍼플 S", "[마이플러피] 더블 버튼 패딩 조끼 퍼플 M", "[마이플러피] 더블 버튼 패딩 조끼 퍼플 ML", "[마이플러피] 더블 버튼 패딩 조끼 퍼플 L", "[마이플러피] 더블 버튼 패딩 조끼 퍼플 XL", "[마이플러피] 더블 버튼 패딩 조끼 퍼플 2XL", "[마이플러피] 더블 버튼 패딩 조끼 탠저린 S", "[마이플러피] 더블 버튼 패딩 조끼 탠저린 M", "[마이플러피] 더블 버튼 패딩 조끼 탠저린 ML", "[마이플러피] 더블 버튼 패딩 조끼 탠저린 L", "[마이플러피] 더블 버튼 패딩 조끼 탠저린 XL", "[마이플러피] 더블 버튼 패딩 조끼 탠저린 2XL", "[마이플러피] 더블 버튼 패딩 조끼 옐로우 S", "[마이플러피] 더블 버튼 패딩 조끼 옐로우 M", "[마이플러피] 더블 버튼 패딩 조끼 옐로우 ML", "[마이플러피] 더블 버튼 패딩 조끼 옐로우 L", "[마이플러피] 더블 버튼 패딩 조끼 옐로우 XL", "[마이플러피] 더블 버튼 패딩 조끼 옐로우 2XL"], "option_price_list": ["44,000원", "44,000원", "44,000원", "44,000원", "44,000원", "44,000원", "44,000원", "44,000원", "44,000원", "44,000원", "44,000원", "44,000원", "44,000원", "44,000원", "44,000원", "44,000원", "44,000원", "44,000원"]}