{"img1": "https://img-cf.kurly.com/shop/data/goods/158572118427y0.jpg", "name": "[신일] 스탠드형 선풍기 2종", "summary": "풍성하면서도 조용한 바람", "price": "69,000원", "discount_rate": 0, "unit": "1개", "amount": "", "package": "상온/종이포장", "made_in": "", "img2": "https://img-cf.kurly.com/shop/data/goodsview/20200401/gv40000088427_1.jpg", "description": "날이 더워지면, 선풍기를 꺼내 다가오는 계절을 맞을 준비를 합니다. 에어컨을 틀었다 해도 시원한 바람을 구석구석 전달하려면 선풍기를 함께 틀어야 하니, 선풍기는 여름철 필수 가전에서 빼놓을 수 없죠. 수많은 선풍기 중에서도 신일의 스탠드형 선풍기라면 고민 없이 선택할 수 있어요. 5엽날개로 더 풍성하고 안정적인 바람을 만들어주고, 최소 30분부터 3시간 이상으로 타이머를 설정할 수 있죠. 아이의 숙면을 방해하지 않는 초미세 바람 기능이 있는 초미풍 선풍기와 리모컨으로 사용이 더 편리한 선풍기 2가지를 준비했으니, 생활패턴에 맞게 골라 보세요. ", "img3": "https://img-cf.kurly.com/shop/data/goodsview/20200403/gv10000088701_1.jpg", "option_name_list": ["[신일] 기계식 초미풍 선풍기 SIF-C14SWS", "[신일] 리모컨 선풍기 SIF-14KRWS"], "option_price_list": ["69,000원", "79,000원"]},
{"img1": "https://img-cf.kurly.com/shop/data/goods/1585305780724y0.jpg", "name": "[에비에어] 스마트 휴대용 핸디선풍기 R5 2종", "summary": "내 손안의 여름 필수품", "price": "14,900원", "discount_rate": 0, "unit": "1개", "amount": "", "package": "상온/종이포장", "made_in": "", "img2": "https://img-cf.kurly.com/shop/data/goodsview/20200327/gv20000087742_1.jpg", "description": "이제는 여름 필수품이 되어버린 휴대용 핸디 선풍기. 한여름에는 핸디 선풍기를 손에 쥐지 않고서는 밖에 나가기가 두려울 정도인데요. 에비에어의 핸디선풍기는 바람을 잘게 부숴서 부드러운 바람을 만들어내요. 더 오래 사용할 수 있도록 저전력 모터를 장착하고 소음을 덜어내기 위한 4엽 날개를 달았죠. 짧게는 3시간, 길게는 12시간까지도 사용 가능해요.  밖에서는 손에 들고 다니면서 시원하게, 실내에서는 책상 위에 올려놓고 사용해 보세요.", "img3": "https://img-cf.kurly.com/shop/data/goodsview/20200327/gv10000087748_1.jpg", "option_name_list": ["[에비에어] 스마트 휴대용 핸디선풍기 R5 옐로우", "[에비에어] 스마트 휴대용 핸디선풍기 R5 그레이"], "option_price_list": ["14,900원", "14,900원"]},
{"img1": "https://img-cf.kurly.com/shop/data/goods/1585189746210y0.jpg", "name": "[보만] 각질제거기", "summary": "부드럽고 빠른 각질 제거", "price": "12,900원", "discount_rate": 0, "unit": "1개", "amount": "", "package": "기타", "made_in": "", "img2": "https://img-cf.kurly.com/shop/data/goodsview/20200326/gv40000087327_1.jpg", "description": "양말이나 스타킹에 가려져 있던 발을 드러낼 때가 다가오면 불현듯 발뒤꿈치가 신경쓰이기 시작하는데요. 보만의 각질제거기는 칼날이 아닌 섬세한 크리스탈 롤러가 달려서 안전한 각질 관리가 가능한 제품이에요. 롤러가 분당 3,500회 회전해 각질을 빠르게 제거해주죠. 충전이나 케이블도 필요 없이 AA 건전지만 넣어서 사용하면 되니 아주 간편하기까지 해요.  롤러는 버튼 하나로 분리가 되고, 흐르는 물에 세척해 놓으면 되죠. 부드럽고 깔끔한 각질 관리를 경험해 보세요. ", "img3": "https://img-cf.kurly.com/shop/data/goodsview/20200326/gv20000087332_1.jpg", "option_name_list": [], "option_price_list": []},
{"img1": "https://img-cf.kurly.com/shop/data/goods/1585189568978y0.jpg", "name": "[니드] 마사지건 블랙", "summary": "구석구석 시원하게 풀어주는", "price": "89,000원", "discount_rate": 0, "unit": "1개", "amount": "", "package": "상온/종이포장", "made_in": "", "img2": "https://img-cf.kurly.com/shop/data/goodsview/20200326/gv40000087318_1.jpg", "description": "잔뜩 움츠린 탓인지, 어깨 부분이 잔뜩 뭉쳐있어서 손으로 아무리 주물러도 풀리지 않는다면 마사지건의 도움을 받아 보세요. 니드의 마사지건 블랙은 무선으로 사용할 수 있고, 작은 크기와 가벼운 무게로 사용이 편리하죠. 세 가지 마사지 헤드 중에 선택할 수 있고 3단계로 강도 조절이 가능하니 어깨, 팔, 등, 다리 등 원하는 부분에 맞춰서 고주파 진동으로 마사지를 할 수 있어요. 넉넉한 배터리 용량으로 소형 마사지건 임에도 90분 정도 쓸 수 있죠. 일정 시간 이상 작동하면 자동으로 멈추는 기능까지 만족스러우니, 마사지건으로 구석구석 시원하게 풀어보세요.", "img3": "https://img-cf.kurly.com/shop/data/goodsview/20200326/gv20000087321_1.jpg", "option_name_list": [], "option_price_list": []},
{"img1": "https://img-cf.kurly.com/shop/data/goods/1585131204257y0.jpg", "name": "[LG프라엘] 초음파 4종 풀패키지", "summary": "한 세트로 완성하는 홈케어 루틴", "price": "899,000원", "discount_rate": 0, "unit": "1세트", "amount": "", "package": "기타", "made_in": "", "img2": "https://img-cf.kurly.com/shop/data/goodsview/20200325/gv00000087263_1.jpg", "description": "바뀌는 계절은 피부에서부터 느껴집니다. 여느 때와 같이 스킨케어를 마쳤지만, 여전히 건조함이 사라지지 않는다거나 부쩍 겉도는 듯할 때가 있죠. LG 프라엘은 화장품의 흡수를 도와주고 피부 본연의 힘을 길러줄 수 있는 홈케어 기기예요. 일부러 시간을 내어 관리를 받을 필요 없이 집에서 편하게 꾸준히 사용할 수 있죠. 스킨케어 루틴에 포함하여 꾸준히 사용하다 보면 피부에 차근차근 채워지는 탄력을 느낄 수 있을 거예요. 클렌저부터 LED 마스크까지 스킨케어 전 과정에서 사용할 수 있는 4종류의 기기로 구성된 세트이니 순서에 따라, 또는 피부 컨디션에 맞게 사용해 보세요.", "img3": "https://img-cf.kurly.com/shop/data/goodsview/20200326/gv20000087377_1.jpg", "option_name_list": ["[LG프라엘] 화이트V 초음파 4종 풀패키지 PRALU4S2V", "[LG프라엘] 핑크V 초음파 4종 풀패키지 PRALU4S1V"], "option_price_list": ["899,000원", "899,000원"]},
{"img1": "https://img-cf.kurly.com/shop/data/goods/1585123151134y0.jpg", "name": "[LG프라엘] 4종 풀패키지", "summary": "하나로 충분한 홈케어 세트", "price": "859,000원", "discount_rate": 0, "unit": "1세트", "amount": "", "package": "기타", "made_in": "", "img2": "https://img-cf.kurly.com/shop/data/goodsview/20200325/gv10000087178_1.jpg", "description": "바뀌는 계절은 피부에서부터 느껴집니다. 여느 때와 같이 스킨케어를 마쳤지만, 여전히 건조함이 사라지지 않는다거나 부쩍 겉도는 듯할 때가 있죠. LG 프라엘은 화장품의 흡수를 도와주고 피부 본연의 힘을 길러줄 수 있는 홈케어 기기예요. 일부러 시간을 내어 관리를 받을 필요 없이 집에서 편하게 꾸준히 사용할 수 있죠. 스킨케어 루틴에 포함하여 꾸준히 사용하다 보면 피부에 차근차근 채워지는 탄력을 느낄 수 있을 거예요. 클렌저부터 LED 마스크까지 스킨케어 전 과정에서 사용할 수 있는 4종류의 기기로 구성된 세트이니 순서에 따라, 또는 피부 컨디션에 맞게 사용해 보세요. ", "img3": "https://img-cf.kurly.com/shop/data/goodsview/20200326/gv30000087384_1.jpg", "option_name_list": ["[LG프라엘] 화이트V 4종 풀패키지 PRALS2V", "[LG프라엘] 핑크V 4종 풀패키지 PRALS1V"], "option_price_list": ["859,000원", "859,000원"]},
{"img1": "https://img-cf.kurly.com/shop/data/goods/1585134838290y0.jpg", "name": "[LG프라엘] 기본 단품 구성", "summary": "내가 만드는 홈케어 루틴", "price": "199,000원", "discount_rate": 0, "unit": "1개", "amount": "", "package": "기타", "made_in": "", "img2": "https://img-cf.kurly.com/shop/data/goodsview/20200325/gv10000087273_1.jpg", "description": "바뀌는 계절은 피부에서부터 느껴집니다. 여느 때와 같이 스킨케어를 마쳤지만, 여전히 건조함이 사라지지 않는다거나 부쩍 겉도는 듯할 때가 있죠. LG 프라엘은 화장품의 흡수를 도와주고 피부 본연의 힘을 길러줄 수 있는 홈케어 기기예요. 일부러 시간을 내어 관리를 받을 필요 없이 집에서 편하게 꾸준히 사용할 수 있죠. 평상시 스킨케어에 포함하여 꾸준히 사용하다 보면 피부에 차근차근 채워지는 탄력을 느낄 수 있을 거예요. 클렌저부터 LED 마스크까지 총 6가지 제품이 있으니, 피부 상태와 원하는 효과에 맞춰 선택하여 나만의 스킨케어 루틴을 새로 짜보세요. ", "img3": "https://img-cf.kurly.com/shop/data/goodsview/20200326/gv20000087387_1.jpg", "option_name_list": ["[LG프라엘] 초음파클렌저 BCK1A", "[LG프라엘] 화이트V 듀얼모션클렌저 BCJ2V", "[LG프라엘] 화이트V 갈바닉이온부스터 BBJ2V", "[LG프라엘] 화이트V 토탈타이트업케어 BLJ2V", "[LG프라엘] 화이트V 더마 LED 마스크 BWJ2V", "[LG프라엘] 더마 LED 넥케어 SWL1"], "option_price_list": ["229,000원", "199,000원", "249,000원", "329,000원", "519,000원", "919,000원"]},
{"img1": "https://img-cf.kurly.com/shop/data/goods/1585037344925y0.jpg", "name": "[샤오미] 선풍기 2S(유선)", "summary": "깔끔한 디자인 선풍기", "price": "89,000원", "discount_rate": 0, "unit": "1개", "amount": "", "package": "기타", "made_in": "", "img2": "https://img-cf.kurly.com/shop/data/goodsview/20200324/gv10000086924_1.jpg", "description": "더운 날씨에 내 방 한 켠을 차지하는 고마운 가전 선풍기. 시원한 바람은 물론 깔끔한 집안 분위기까지 책임져 준다면 더할 나위 없을 거예요. 샤오미의 선풍기는 심플한 디자인으로 어느 방에든 산뜻하게 어울릴만한 모습을 갖췄어요. 7엽 날개가 더욱 편안한 바람을 선사하며, 조용한 밀폐형 모터를 사용해 소음 걱정없이 언제든 바람을 느낄 수 있어요. 샤오미 MiHome의 어플을 사용하면 스마트폰으로 전원 작동 뿐 아니라 100단계의 풍속 조절까지 간편하게 조작할 수 있답니다.", "img3": "https://img-cf.kurly.com/shop/data/goodsview/20200326/gv10000087355_1.jpg", "option_name_list": [], "option_price_list": []},
{"img1": "https://img-cf.kurly.com/shop/data/goods/1585042710188y0.jpg", "name": "[아이온오디오] 턴테이블 오디오 Premier LP", "summary": "단 하나의 장비로 즐기는 LP", "price": "189,000원", "discount_rate": 0, "unit": "1개", "amount": "", "package": "상온/종이포장", "made_in": "", "img2": "https://img-cf.kurly.com/shop/data/goodsview/20200324/gv30000086996_1.jpg", "description": "크고 두꺼운 재킷에서 LP판을 꺼내어 턴테이블에 걸고 바늘을 올려 세밀하게 조정하는 과정은 그 자체로써 음악을 오롯이 즐기는 의식과도 같아요. 디지털 음원과 비교하면 분명 음악이 흘러나오기까지 시간은 더 걸리지만, 이런 즐거운 수고로움과 특유의 아날로그 음색이 최근 LP의 인기를 높이기도 했죠. 아이온의 프리미어 LP 턴테이블 오디오는 턴테이블 본연의 기능에 충실하면서도 스피커가 내장되어 있어 복잡한 장비 없이 단지 LP판만 있다면 바로 고유의 사운드를 즐길 수 있죠. 심플한 디자인은 공간에 멋스러움까지 더해줄 거예요. ", "img3": "https://img-cf.kurly.com/shop/data/goodsview/20200324/gv10000087004_1.jpg", "option_name_list": [], "option_price_list": []},
{"img1": "https://img-cf.kurly.com/shop/data/goods/1584957567839y0.jpg", "name": "[하만카돈] 오라스튜디오2 블루투스 스피커", "summary": "시선을 사로잡는 독특함", "price": "198,000원", "discount_rate": 0, "unit": "1개", "amount": "", "package": "기타", "made_in": "", "img2": "https://img-cf.kurly.com/shop/data/goodsview/20200323/gv20000086724_1.jpg", "description": null, "img3": "https://img-cf.kurly.com/shop/data/goodsview/20200323/gv20000086733_1.jpg", "option_name_list": [], "option_price_list": []},
{"img1": "https://img-cf.kurly.com/shop/data/goods/1584955686424y0.jpg", "name": "[하만카돈] 오닉스 스튜디오5 블루투스 스피커 2종", "summary": "무엇 하나 빠지지 않는 스피커", "price": "218,000원", "discount_rate": 0, "unit": "1개", "amount": "", "package": "기타", "made_in": "", "img2": "https://img-cf.kurly.com/shop/data/goodsview/20200323/gv00000086716_1.jpg", "description": "풍부한 음감을 지녔으면서도 집에서 부담 없이 편하게 쓸 수 있는 첫 블루투스 스피커를 고심 중이었다면, 지금 소개하는 하만카돈의 오닉스 스튜디오5가 후회 없는 선택이 될 거예요. 오디오 명가 하만카돈 특유의 단단한 저음과 선명하고 깨끗한 고음을 오롯이 즐길 수 있죠. 또 원형을 추구한 완성도 있는 외형은 어디에 두어도 세련됨을 더해 줄 거예요. 최대 8시간 무선으로 쓸 수 있으니 집안 곳곳으로 옮겨서 사용하거나, 테라스에 놓고 공간을 음악으로 채워 보세요.", "img3": "https://img-cf.kurly.com/shop/data/goodsview/20200323/gv00000086722_1.jpg", "option_name_list": ["[하만카돈] ONYX STUDIO5_블루", "[하만카돈] ONYX STUDIO5_블랙"], "option_price_list": ["218,000원", "218,000원"]},
{"img1": "https://img-cf.kurly.com/shop/data/goods/1585186645690y0.jpg", "name": "[하만카돈] 사이테이션 ONE 블루투스 오디오", "summary": "감각과 스마트함을 모두 갖춘", "price": "283,000원", "discount_rate": 0, "unit": "1개", "amount": "", "package": "기타", "made_in": "", "img2": "https://img-cf.kurly.com/shop/data/goodsview/20200323/gv10000086673_1.jpg", "description": "오디오 명가 하만카돈의 사이테이션 시리즈는 오디오 애호가들로부터 큰 사랑을 받아온, 그야말로 하만카돈을 상징하는 이름이기도 합니다. 그런 사이테이션이, 오랜 노하우가 결집한 품격있는 사운드에 구글 어시스턴트로 스마트함까지 갖춘 블루투스 스피커로 가장 진화된 모습을 완성했어요. 스칸디나비아 디자인의 패브릭을 입은 사이테이션은 마치 하나의 오브제처럼 정돈된 모습이에요. 사이테이션 ONE은 작은 방이나 발코니에 두고 크기를 뛰어넘는 시원시원한 음색을 즐겨 보세요.", "img3": "https://img-cf.kurly.com/shop/data/goodsview/20200323/gv10000086681_1.jpg", "option_name_list": [], "option_price_list": []},
{"img1": "https://img-cf.kurly.com/shop/data/goods/1584683596891y0.jpg", "name": "[JBL] 아동용 블루투스 헤드폰 2종", "summary": "우리 아이 청력보호를 겸하는", "price": "52,900원", "discount_rate": 0, "unit": "1개", "amount": "", "package": "기타", "made_in": "", "img2": "https://img-cf.kurly.com/shop/data/goodsview/20200320/gv10000086470_1.jpg", "description": "아이와 함께 떠나는 장거리 여행. 비행기를 타야 한다면 지루한 비행시간을 무사히 지나도록 도와줄 수 있는 비장의 무기를 찾게 되는데요. 청력 보호 기능까지 갖춘 JBL 아동용 블루투스 헤드폰을 만나보세요. 갑작스럽게 큰 소리가 나서 청력에 무리가 가지 않도록 최대 음량이 85dB를 넘지 않도록 했죠. 이착륙 시 방음용 헤드폰으로도 사용할 수 있어요. 오래 써도 괜찮을 가벼운 무게와 착용감까지 만족스러워요. 통통 튀는 두 가지 컬러로 준비했으니, 마음에 드는 색으로 직접 고르게 해도 좋겠죠.", "img3": "https://img-cf.kurly.com/shop/data/goodsview/20200320/gv10000086480_1.jpg", "option_name_list": ["[JBL] JR300BT_블루", "[JBL] JR300BT_핑크"], "option_price_list": ["52,900원", "52,900원"]},
{"img1": "https://img-cf.kurly.com/shop/data/goods/1584688100156y0.jpg", "name": "[JBL] 펄스4_블루투스 스피커 2종", "summary": "나도 모르게 빠져드는 라이트쇼", "price": "269,000원", "discount_rate": 0, "unit": "1개", "amount": "", "package": "기타", "made_in": "", "img2": "https://img-cf.kurly.com/shop/data/goodsview/20200320/gv40000086508_1.jpg", "description": "귀는 물론 눈까지 즐거운 팔방미인 스피커가 있어요. JBL의 펄스4에는 보통의 블루투스 스피커에서는 찾아보기 힘든 다채롭고도 자연스러운 색감의 라이트쇼를 즐길 수 있는 특별함이 있죠. 캠핑가서 모닥불 대신 펄스4를 지그시 쳐다봐도 될 정도라고 하죠. 또 휴대하기 좋은 크기의 블루투스 스피커에서 뿜어져 나오는 소리라고 믿기 어려운 탄탄한 출력을 자랑해요. JBL 특유의 묵직한 저음도 그대로 즐길 수 있어요. 다양한 매력의 펄스4 하나면 넓은 공간도 음악으로 가득 채울 수 있을 거예요.", "img3": "https://img-cf.kurly.com/shop/data/goodsview/20200320/gv40000086538_1.jpg", "option_name_list": ["[JBL] PULSE4_화이트", "[JBL] PULSE4_블랙"], "option_price_list": ["269,000원", "269,000원"]},
{"img1": "https://img-cf.kurly.com/shop/data/goods/158469453325y0.jpg", "name": "[JBL] 플립5_블루투스 스피커 6종", "summary": "어디서나 즐거움을 더해줄 스피커", "price": "124,900원", "discount_rate": 0, "unit": "1개", "amount": "", "package": "기타", "made_in": "", "img2": "https://img-cf.kurly.com/shop/data/goodsview/20200320/gv20000086539_1.jpg", "description": "소풍을 갈 때나, 자전거를 탈 때 음악과 함께라면 더 즐거운 시간을 만들 수 있죠. JBL의 블루투스 스피커 플립5는 가벼운 무게와 선명한 색감은 물론, 스크래치에도 색상 유지력이 뛰어나 야외에서 그 매력이 빛을 발해요. 한 손에 쏙 들어오는 작은 텀블러 크기의 스피커에서 뿜어져 나오는 소리라고 믿기 어려운 탄탄한 출력을 자랑해요. JBL 특유의 묵직한 저음을 더욱 강조하여 진동하는 베이스를 눈으로도 확인할 수 있어요. 플립5로 어디에서나 마음 놓고 입체감 있는 사운드를 채워 보세요.", "img3": "https://img-cf.kurly.com/shop/data/goodsview/20200320/gv40000086553_1.jpg", "option_name_list": ["[JBL] FLIP5_민트", "[JBL] FLIP5_화이트", "[JBL] FLIP5_핑크", "[JBL] FLIP5_레드", "[JBL] FLIP5_블루", "[JBL] FLIP5_블랙"], "option_price_list": ["124,900원", "124,900원", "124,900원", "124,900원", "124,900원", "124,900원"]},
{"img1": "https://img-cf.kurly.com/shop/data/goods/1584673298950y0.jpg", "name": "[유닉스] 전문가용 헤어 드라이기 2종", "summary": "퀵 드라잉을 위한 선택", "price": "49,800원", "discount_rate": 0, "unit": "1개", "amount": "", "package": "기타", "made_in": "", "img2": "https://img-cf.kurly.com/shop/data/goodsview/20200320/gv40000086379_1.jpg", "description": "유닉스의 드라이기를 처음 보면 먼저 그 디자인에 눈길을 빼앗길 거예요. 은은한 광택을 머금은 바디와 타공 없이 깔끔한 흡입구의 세련미가 돋보이거든요. 성능도 무척 만족스러워요. 스타일링을 위한 약한 바람부터 1,650W 급의 강력한 바람까지 다양하게 쏘아낸답니다. 다수의 날개를 촘촘히 배열해서 만든 시로코팬을 장착해 소음이 비교적 적은 것도 특징이에요. 바람을 넓게 분산시키는 스윙 노즐을 활용해 두피 속까지 빠르게 말릴 수 있으니 바쁜 아침에 특히 유용할 거랍니다. ", "img3": "https://img-cf.kurly.com/shop/data/goodsview/20200320/gv40000086392_1.jpg", "option_name_list": ["[유닉스] 전문가용 헤어 드라이기 블랙 / UN-1880S", "[유닉스] 전문가용 헤어 드라이기 화이트 / UN-1881M"], "option_price_list": ["49,800원", "49,800원"]}