{"img1": "https://img-cf.kurly.com/shop/data/goods/1585212165873y0.jpg", "name": "[퀸나] 티파니 에어프라이어 2.3L", "summary": "깔끔한 디자인의 소형 에어프라이어", "price": "49,000원", "discount_rate": 0, "unit": "1개", "amount": "", "package": "상온/종이포장", "made_in": "", "img2": "https://img-cf.kurly.com/shop/data/goodsview/20200326/gv40000087523_1.jpg", "description": "가전제품을 고를 때 디자인을 중시하는 분이라면 퀸나의 제품이 눈에 쏙 들어올 거예요. 깔끔한 세로 음각과 광택이 없는 화이트, 블랙 컬러가 잘 어우러진 에어프라이어거든요. 복잡한 버튼을 누를 필요 없이, 다이얼을 돌려 온도를 설정하고 시간을 맞추면 작동을 시작한답니다. 뜨거운 열에 노출되는 내부는 불소수지코팅을 한 철로, 손잡이 연결부는 스테인리스로 만들어 안심이 되죠. 좁은 주방이나 원룸에 놓기 알맞은 에어프라이어를 찾고 있었다면 퀸나의 제품을 권해드릴게요. ", "img3": "https://img-cf.kurly.com/shop/data/goodsview/20200326/gv10000087532_1.jpg", "option_name_list": ["[퀸나] 티파니 에어프라이어 2.3L 블랙", "[퀸나] 티파니 에어프라이어 2.3L 화이트"], "option_price_list": ["49,000원", "49,000원"]},
{"img1": "https://img-cf.kurly.com/shop/data/goods/1585045415411y0.jpg", "name": "[비스카] 마이 키친 폴딩 전기포트", "summary": "간편하게 접어서 휴대하는 전기포트", "price": "29,900원", "discount_rate": 0, "unit": "1개", "amount": "", "package": "기타", "made_in": "", "img2": "https://img-cf.kurly.com/shop/data/goodsview/20200324/gv30000087008_1.jpg", "description": "위생문제로 숙소에 있는 전기포트를 마음 편히 쓰지 못하는 분들 많을 거예요. 그럴 때는 크로스백이나 백팩에도 쏙 들어가는 비스카의 폴딩 전기포트를 준비해보세요. 간단히 따뜻한 차나 커피를 끓여 마시기에 딱 알맞게 설계됐어요. 몸통은 뜨거운 물이 닿아도 안전하고, 여러 번 접고 펴도 쉽게 손상되지 않는 실리콘수지 재질로 되어 있지요. 바닥면은 물론 스테인리스로 되어 있어 안심이랍니다. 해외여행이나 캠핑, 낚시를 갈 때 유용히 써보세요.", "img3": "https://img-cf.kurly.com/shop/data/goodsview/20200327/gv20000087741_1.jpg", "option_name_list": [], "option_price_list": []},
{"img1": "https://img-cf.kurly.com/shop/data/goods/1585052188953y0.jpg", "name": "[라헨느] 가열식 올인원 초고속 블렌더", "summary": "블렌딩은 강하게 가열은 손쉽게", "price": "249,000원", "discount_rate": 0, "unit": "1개", "amount": "", "package": "기타", "made_in": "", "img2": "https://img-cf.kurly.com/shop/data/goodsview/20200325/gv00000087018_1.jpg", "description": "부드러운 수프나 죽을 만들 때 블렌더를 이용하면 식재료를 곱게 분쇄할 수 있어요. 하지만 여기서 끝이 아니지요. 손질한 식재료를 냄비로 옮겨 뭉근하게 끓여야만 제대로 된 음식이 완성되곤 합니다. 분쇄 따로 가열 따로 하느라 번거로웠다면, 라헨느의 올인원 블렌더를 만나 보세요. 강력한 분쇄력을 자랑할 뿐만 아니라 최대 80도까지 가열이 되거든요. 용기의 소재 또한 무거운 유리가 아니라 젖병의 소재로 각광받는 트라이탄. 소재와 기능 모두 고려한 라헨느 블렌더가 조리 시간은 줄이고, 조리하는 재미는 키워 줄 거예요.", "img3": "https://img-cf.kurly.com/shop/data/goodsview/20200325/gv10000087255_1.jpg", "option_name_list": [], "option_price_list": []},
{"img1": "https://img-cf.kurly.com/shop/data/goods/1585025066486y0.jpg", "name": "[리큅] 에어프라이어 3.5L", "summary": "1인 가구를 위한 소형 에어프라이어", "price": "69,000원", "discount_rate": 0, "unit": "1개", "amount": "", "package": "기타", "made_in": "", "img2": "https://img-cf.kurly.com/shop/data/goodsview/20200324/gv30000086795_1.jpg", "description": "기름 없이 음식을 조리하는 에어프라이어 본연의 기능을 손쉽게 누리고 싶은 분께 적당한 제품이 있어요. 다이얼을 돌려 온도와 시간만 설정하면 작동이 시작되는 리큅의 소형 에어프라이어입니다. 간편하지만 중요한 부분은 빠짐없이 챙겼어요. 음식이 직접 닿는 내부는 불소수지 코팅한 철을, 열이 전해지는 손잡이 이음매는 스테인리스로 제작했죠. 디자인도 깔끔해 어떤 주방에 놓아도 자연스레 스며들 거예요. ", "img3": "https://img-cf.kurly.com/shop/data/goodsview/20200324/gv30000086803_1.jpg", "option_name_list": [], "option_price_list": []},
{"img1": "https://img-cf.kurly.com/shop/data/goods/1585031258728y0.jpg", "name": "[솔러스에어] 테이블팬 2종 (무선충전)", "summary": "무선충전이 가능한 테이블 선풍기", "price": "27,900원", "discount_rate": 0, "unit": "1개", "amount": "", "package": "기타", "made_in": "", "img2": "https://img-cf.kurly.com/shop/data/goodsview/20200324/gv00000086843_1.jpg", "description": "핸디형 선풍기를 쓰자니 바람의 세기가 아쉽고, 대형 선풍기를 쓰자니 공간 차지가 부담스러울 때가 있죠. 솔러스에어의 테이블팬은 그런 고민을 시원하게 해결해줄 거예요. 테이블에 놓고 사용하기 좋은 아담한 사이즈지만, 성능은 대형 선풍기 못지 않답니다. 또 무선충전용 도크가 있어 충전이 매우 간편하고, 완충 시 최대  18시간까지 무선으로 사용할 수 있어요. 이제 사무실, 방 안 어디서든 시원한 바람을 즐겨보세요.", "img3": "https://img-cf.kurly.com/shop/data/goodsview/20200324/gv10000086850_1.jpg", "option_name_list": ["[솔러스에어] 테이블팬 화이트", "[솔러스에어] 테이블팬 그레이"], "option_price_list": ["27,900원", "27,900원"]},
{"img1": "https://img-cf.kurly.com/shop/data/goods/1584597327440y0.jpg", "name": "[비스카] UV LED 멀티 수저살균기 VK-CS290Y", "summary": "마음 놓이는 편리한 수저 관리", "price": "29,900원", "discount_rate": 0, "unit": "1개", "amount": "", "package": "기타", "made_in": "", "img2": "https://img-cf.kurly.com/shop/data/goodsview/20200319/gv40000086244_1.jpg", "description": "청결에 더욱 신경 쓰게 되는 요즘, 매일 우리 입에 닿는 수저도 결코 소홀하게 관리할 수 없죠. 비스카의 수저살균기라면, 일부러 짬을 내어 소독하지 않아도 간편하게 수저를 살균할 수 있어요. 설거지 후 수저통처럼 꽂아놓기만 하면, 바닥 면의 LED가 자외선을 쏘아 살균하고, 건조 열판이 55도의 온도에서 건조까지 해주죠. 온 가족의 수저는 물론, 가위와 같은 작은 조리도구나 우리 아이 젖꼭지에도 사용할 수 있어요. 자리도 차지하지 않는 슬림한 살균기로 수저를 꼼꼼하게 관리해 보세요.", "img3": "https://img-cf.kurly.com/shop/data/goodsview/20200319/gv10000086250_1.jpg", "option_name_list": [], "option_price_list": []},
{"img1": "https://img-cf.kurly.com/shop/data/goods/1584436028780y0.jpg", "name": "[도메틱] 트로피쿨 차량용 냉온장고 2종", "summary": "든든한 캠핑 아이템", "price": "230,000원", "discount_rate": 0, "unit": "1개", "amount": "", "package": "기타", "made_in": "", "img2": "https://img-cf.kurly.com/shop/data/goodsview/20200317/gv40000085932_1.jpg", "description": "캠핑에서만 느낄 수 있는 즐거움이라면, 모두가 둘러앉아 즐기는 맛있는 음식을 빼놓을 수 없죠. 그래서 아이스박스는 캠핑의 필수품인데요. 도메틱의 차량용 냉온장고라면 열심히 챙긴 음료와 식재료를 믿고 맡길 수 있죠. 전원에 연결하거나 차량용 시가잭에 연결해서 사용할 수 있고, 주변 온도와 비교하여 25℃를 낮출 수 있죠. 견고한 단열구조로 성능을 끌어올렸고, 에너지 효율도 높아요. 두 가지 용량으로 준비했으니, 넉넉한 공간에 가득 싣고 떠나보세요.", "img3": "https://img-cf.kurly.com/shop/data/goodsview/20200317/gv00000085942_1.jpg", "option_name_list": ["[도메틱] 트로피쿨 캠핑 냉온장고 TC21", "[도메틱] 트로피쿨 캠핑 냉온장고 TC35"], "option_price_list": ["230,000원", "260,000원"]},
{"img1": "https://img-cf.kurly.com/shop/data/goods/1583310810118y0.jpg", "name": "[제니퍼룸] 마카롱 밥솥 플러스", "summary": "조금 더 커진 마카롱 밥솥", "price": "85,900원", "discount_rate": 0, "unit": "1개", "amount": "", "package": "상온/종이포장", "made_in": "", "img2": "https://img-cf.kurly.com/shop/data/goodsview/20200304/gv30000084045_1.jpg", "description": "이름답게 귀여운 파스텔컬러와 아담한 사이즈로 인기를 끌었던 마카롱 미니 밥솥에 이어, 제니퍼룸이 선보이는 새 밥솥을 만나보세요. 겉으로 보이는 크기는 별로 바뀌지 않은듯 하지만 제품을 열어보면 큼직해진 내솥이 보여요. 약 2~3인분의 밥을 지을 수 있던 미니와 달리 최대 4인분 정도의 조리가 가능하지요. 세라믹 코팅보다 고열과 수분에 더 강한 다이킹 코팅을 입힌 것도 큰 변화랍니다. 자동 조리도 백미, 죽을 포함해 잡곡, 이유식까지 가능해졌어요. 한층 더 넉넉하고 간편해진 마카롱 밥솥을 갖추어 보세요. ", "img3": "https://img-cf.kurly.com/shop/data/goodsview/20200304/gv30000084073_1.jpg", "option_name_list": ["[제니퍼룸] 마카롱 밥솥 플러스 화이트", "[제니퍼룸] 마카롱 밥솥 플러스 핑크", "[제니퍼룸] 마카롱 밥솥 플러스 블랙"], "option_price_list": ["85,900원", "85,900원", "85,900원"]},
{"img1": "https://img-cf.kurly.com/shop/data/goods/158322106111y0.jpg", "name": "[바이마르] 멀티 그릴", "summary": "식탁 위에서 가열부터 보온까지", "price": "48,000원", "discount_rate": 0, "unit": "", "amount": "", "package": "상온/종이포장", "made_in": "", "img2": "https://img-cf.kurly.com/shop/data/goodsview/20200303/gv30000083829_1.jpg", "description": "정성 들여 한 요리가 식사 도중에 식는 데에 아쉬움을 느꼈다면, 컬리가 준비한 바이마르의 멀티 그릴로 해결해 보세요. 식탁에 올려놓고 쓰기 알맞은 크기로 두루두루 활용이 가능한 기특한 그릴이랍니다. 프라이팬에서 음식을 조리한 다음 옮길 필요도 없고 저온부터 고온까지 간편한 온도조절 기능으로 여러 가지 요리가 가능해요. 3중 코팅 팬으로 눌어붙을 걱정도 없죠. 고기나 생선을 굽는 것은 물론, 떡볶이나 볶음밥 등 간편식도 바로 조리하여 내내 따뜻하게 즐겨보세요. ", "img3": "https://img-cf.kurly.com/shop/data/goodsview/20200303/gv20000083838_1.jpg", "option_name_list": [], "option_price_list": []},
{"img1": "https://img-cf.kurly.com/shop/data/goods/1583229709589y0.jpg", "name": "[제니퍼룸] 투슬라이스 토스터기시리즈", "summary": "다양한 빵을 간편하게 데우는", "price": "39,900원", "discount_rate": 0, "unit": "1개", "amount": "", "package": "상온/종이포장", "made_in": "", "img2": "https://img-cf.kurly.com/shop/data/goodsview/20200303/gv30000083874_1.jpg", "description": "빵을 데울 때는 역시 전용 토스터기만한 게 없죠. 컬리는 제니퍼룸의 투슬라이스 토스터기를 준비했어요. 레트로 느낌이 매력적인 토스터기의 안을 들여다보면, 넓은 투입구가 2개 있어서 다양한 두께의 식빵과 베이글 슬라이스를 넣을 수 있죠. 토스트 기능은 물론 얼어있는 식빵이나 와플, 베이글 슬라이스를 부드럽게 구울 수 있는 해동 기능, 크고 울퉁불퉁한 빵을 재가열할 수 있는 팝업 받침대를 모두 갖춰서 빵의 상태와 모양에 따라 알맞게 활용할 수 있어요. 제니퍼룸 토스터기로 간편하게 브런치를 즐겨 보세요. ", "img3": "https://img-cf.kurly.com/shop/data/goodsview/20200303/gv20000083883_1.jpg", "option_name_list": ["[제니퍼룸] 투슬라이스 토스터기시리즈 올리브", "[제니퍼룸] 투슬라이스 토스터기시리즈 화이트"], "option_price_list": ["39,900원", "39,900원"]},
{"img1": "https://img-cf.kurly.com/shop/data/goods/1583133912697y0.jpg", "name": "[리큅] 미니생활밥솥", "summary": "미니멀한 사이즈와 넉넉한 용량", "price": "69,000원", "discount_rate": 0, "unit": "1개", "amount": "", "package": "상온/종이포장", "made_in": "", "img2": "https://img-cf.kurly.com/shop/data/goodsview/20200302/gv40000083555_1.jpg", "description": "좁은 주방에도 쏙 들어가는 미니멀한 크기이면서도 4인분의 밥을 넉넉히 지어내는 밥솥을 소개할게요. 편의성과 기능성을 중시하는 리큅이 만든 제품답게 숨어 있는 장점들이 보입니다. 조그마한데도 밥솥 본연의 기능에 탕, 찜 요리까지 가능해요. 모드를 선택하는 조작부는 기계를 잘 다루지 못하는 분들도 손쉽게 쓸 수 있게 직관적인 형태를 하고 있지요. 전용 주걱과 계량컵이 동봉되는 점도 마음에 들어요. 뚜껑 안쪽의 커버는 탈부착이 가능하니 늘 청결하게 사용할 수 있을 거예요. ", "img3": "https://img-cf.kurly.com/shop/data/goodsview/20200302/gv30000083563_1.jpg", "option_name_list": ["[리큅] 밥솥 미니생활밥솥 블랙", "[리큅] 밥솥 미니생활밥솥 화이트"], "option_price_list": ["69,000원", "69,000원"]},
{"img1": "https://img-cf.kurly.com/shop/data/goods/1582705679241y0.jpg", "name": "[라헨느] 뉴 더퀸 오븐 에어프라이어 16L", "summary": "대용량 에어프라이어가 필요한 순간", "price": "138,570원", "discount_rate": "7%", "unit": "1개", "amount": "", "package": "상온/종이포장", "made_in": "", "img2": "https://img-cf.kurly.com/shop/data/goodsview/20200226/gv00000082937_1.jpg", "description": null, "img3": "https://img-cf.kurly.com/shop/data/goodsview/20200226/gv00000082954_1.jpg", "option_name_list": [], "option_price_list": []},
{"img1": "https://img-cf.kurly.com/shop/data/goods/1582700786313y0.jpg", "name": "[라헨느] 더 퀸 스테인레스 무선 전기주전자 1.5 2종", "summary": "주전자 본연의 기능에 충실한", "price": "29,900원", "discount_rate": 0, "unit": "1개", "amount": "", "package": "상온/종이포장", "made_in": "", "img2": "https://img-cf.kurly.com/shop/data/goodsview/20200226/gv00000082889_1.jpg", "description": "복잡한 기능이 다양하게 붙어있는 것보다는 본연의 역할에 충실하고 작동이 간단한 가전을 선호하는 분들이 많아요. 지금 소개하는 전기주전자가 바로 그런 제품이에요. 받침에 전원을 연결하고, 주전자에 물을 받고, 버튼을 누르면 곧바로 작동이 시작되죠. 사용이 간편하다고 해도 꼭 필요한 것은 챙겼어요. 위생과 안전을 위해 뜨거운 물이 닿는 내부 소재를 스테인리스 스틸 304로 입혔답니다. 한 번에 1.5L의 넉넉한 양을 끓일 수 있으니 더욱 만족스러울 거예요. ", "img3": "https://img-cf.kurly.com/shop/data/goodsview/20200226/gv10000082898_1.jpg", "option_name_list": ["[라헨느] 더 퀸 스테인레스 무선 전기주전자 1.5 / 블랙", "[라헨느] 더 퀸 스테인레스 무선 전기주전자 1.5 / 화이트"], "option_price_list": ["29,900원", "29,900원"]},
{"img1": "https://img-cf.kurly.com/shop/data/goods/157612585148y0.jpg", "name": "[리큅] 에어 프라이어 12L", "summary": "에어 프라이어와 오븐을 더한 제품", "price": "139,000원", "discount_rate": 0, "unit": "1개", "amount": "", "package": "상온/종이포장", "made_in": "", "img2": "https://img-cf.kurly.com/shop/data/goodsview/20191212/gv10000072510_1.jpg", "description": "올인원이라는 말이 이만큼 어울리는 가전이 있을까요? 에어 프라이어는 물론, 오븐과 식품 건조 기능까지 갖춘 만능 조리기구를 만나보세요. 도어에 넓게 내열유리를 부착해 바스켓을 닫아도 조리가 얼마나 진행되었는지 눈으로 확인이 가능한 제품이랍니다. 트레이부터 통돌이, 바베큐 꼬치에 이르기까지 다양한 조리용 구성품을 함께 보내드리기에 활용 범위도 무척 넓어요. 에어 프라이어가 필요했던 분은 물론이고, 좁은 주방에 놓아 다방면으로 쓸 조리기구를 찾는 1인 가구에게도 꼭 알맞을 거예요. ", "img3": "https://img-cf.kurly.com/shop/data/goodsview/20200401/gv40000088507_1.jpg", "option_name_list": [], "option_price_list": []},
{"img1": "https://img-cf.kurly.com/shop/data/goods/1576141367663y0.jpg", "name": "[리큅] 미미쿡", "summary": "오래 조리하는 요리에 꼭 필요한", "price": "129,000원", "discount_rate": 0, "unit": "1개", "amount": "", "package": "상온/종이포장", "made_in": "", "img2": "https://img-cf.kurly.com/shop/data/goodsview/20191212/gv20000072645_1.jpg", "description": "정말로 맛있는 음식의 맛을 표현하는 한자식 표현인 美味(미미)를 붙인 간편한 조리 기구를 만나보세요. 뭉근하게 끓이거나 오래 우려내야 해서 불앞을 떠나지 못하는 요리를 할 때 꼭 알맞은 제품이에요. 전원 코드를 연결하고 버튼 몇 개만 꼭꼭 누르면 알아서 조리를 시작하고, 조리가 끝나면 5시간 동안 자동으로 보온이 된답니다. 음식이 닿는 내솥 전체는 도자기 재질로 만들어 오래 열을 가해도 걱정이 없어요. 가정에서 둥글레 등을 넣어 직접 물을 끓여 마실 때 사용해도 좋을 거예요.", "img3": "https://img-cf.kurly.com/shop/data/goodsview/20191212/gv20000072653_1.jpg", "option_name_list": [], "option_price_list": []},
{"img1": "https://img-cf.kurly.com/shop/data/goods/1576139027237y0.jpg", "name": "[리큅] 식품 건조기 2종", "summary": "모던한 디자인의 식품 건조기", "price": "259,000원", "discount_rate": 0, "unit": "1개", "amount": "", "package": "상온/종이포장", "made_in": "", "img2": "https://img-cf.kurly.com/shop/data/goodsview/20191212/gv10000072606_1.jpg", "description": "흔히 볼 수 있는 투명한 트레이식 식품 건조기의 평범한 디자인이 아쉬웠다면, 지금 컬리가 소개하는 제품을 눈여겨 봐주세요. 매끄러운 곡선형 디자인과 세련된 무광 컬러의 조화가 돋보이는 리큅의 제품이랍니다. 식품이 직접 닿는 트레이를 스테인리스로 만들어 안심이 돼요. 사용법도 직관적입니다. 다이얼을 꾹 눌러 켜고, 적당한 모드를 선택한 뒤 한 번 더 눌러주기만 하면 끝이지요. 동봉된 사용 설명서에 과일부터 육류, 어류, 청국장에 이르기까지 다양한 재료에 알맞은 레시피가 안내되어 있으니 마음껏 활용해보세요. ", "img3": "https://img-cf.kurly.com/shop/data/goodsview/20191212/gv40000072620_1.jpg", "option_name_list": ["[리큅] 식 건조기 화이트", "[리큅] 식 건조기 블랙"], "option_price_list": ["259,000원", "259,000원"]}