{"name": "[내츄럴스파이스] 타임럽드", "img4": "https://img-cf.kurly.com/shop/data/goodsview/20200306/gv30000084431_2.jpg"},
{"name": "[내츄럴스파이스] 생강분말", "img4": "https://img-cf.kurly.com/shop/data/goodsview/20200306/gv20000084423_2.jpg"},
{"name": "[내츄럴스파이스] 커리파우더", "img4": "https://img-cf.kurly.com/shop/data/goodsview/20200306/gv10000084419_2.jpg"},
{"name": "[내츄럴스파이스] 강황분", "img4": "https://img-cf.kurly.com/shop/data/goodsview/20200306/gv40000084427_2.jpg"},
{"name": "[BBF] 피비핏 피넛버터 파우더 2종", "img4": "https://img-cf.kurly.com/shop/data/goodsview/20200304/gv20000083966_2.jpg"},
{"name": "[키알라] 유기농 와플 믹스", "img4": "https://img-cf.kurly.com/shop/data/goodsview/20200130/gv10000079621_2.jpg"},
{"name": "[올리] 유기농 현미 크런치롤 번들(4개)", "img4": "https://img-cf.kurly.com/shop/data/goodsview/20200107/gv20000076874_2.jpg"},
{"name": "[올리]  유기농 현미 크런치롤", "img4": "https://img-cf.kurly.com/shop/data/goodsview/20200107/gv00000076869_2.jpg"},
{"name": "[브레드가든] 귀여운 쿠키믹스 2종", "img4": "https://img-cf.kurly.com/shop/data/goodsview/20191216/gv40000073069_2.jpg"},
{"name": "[마포식품] 만두피 3종", "img4": "https://img-cf.kurly.com/shop/data/goodsview/20191212/gv40000072554_2.jpg"},
{"name": "[브레드가든] 슈가파우더 2종", "img4": "https://img-cf.kurly.com/shop/data/goodsview/20191111/gv30000067613_2.jpg"},
{"name": "[브레드가든] 아몬드분말 60g", "img4": "https://img-cf.kurly.com/shop/data/goodsview/20191111/gv20000067647_2.jpg"},
{"name": "[오뚜기] 3일숙성카레 고형 100g 2종", "img4": "https://img-cf.kurly.com/shop/data/goodsview/20190520/gv20000050553_2.jpg"},
{"name": "[온니컴퍼니] 온니스틱 3종", "img4": "https://img-cf.kurly.com/shop/data/goodsview/20190513/gv20000050009_2.jpg"},
{"name": "[니신] 핫케익 믹스", "img4": "https://img-cf.kurly.com/shop/data/goodsview/20190321/gv10000045254_2.jpg"},
{"name": "[쌀집아줌마] 쪄서볶은 약콩가루", "img4": "https://img-cf.kurly.com/shop/data/goodsview/20190318/gv20000044933_2.jpg"}