{"name": "[키드브로스] 천연 꿀", "img4": "https://img-cf.kurly.com/shop/data/goodsview/20200325/gv00000087126_2.jpg"},
{"name": "[올리] 아카시아꿀 (1+등급)", "img4": "https://img-cf.kurly.com/shop/data/goodsview/20200302/gv40000083635_2.jpg"},
{"name": "[올리] 야생화꿀 (1+등급)", "img4": "https://img-cf.kurly.com/shop/data/goodsview/20200302/gv40000083629_2.jpg"},
{"name": "[신안더솔트] 테이블 솔트 5종", "img4": "https://img-cf.kurly.com/shop/data/goodsview/20200228/gv30000083425_2.jpg"},
{"name": "[신안더솔트] 신안 토판염 200g", "img4": "https://img-cf.kurly.com/shop/data/goodsview/20200228/gv40000083402_2.jpg"},
{"name": "[신안더솔트] 신안 3년 묵은 천일염 500g", "img4": "https://img-cf.kurly.com/shop/data/goodsview/20200228/gv10000083406_2.jpg"},
{"name": "[YOZM] 허니스틱 10포", "img4": "https://img-cf.kurly.com/shop/data/goodsview/20191218/gv00000073507_2.jpg"},
{"name": "[라빠르쉐] 혼합 각설탕 (개별포장)", "img4": "https://img-cf.kurly.com/shop/data/goodsview/20191016/gv20000064693_2.jpg"},
{"name": "[대니시비키퍼스] 로모섬의 꿀 3종", "img4": "https://img-cf.kurly.com/shop/data/goodsview/20191128/gv30000070146_2.jpg"},
{"name": "[대니시비키퍼스] 로모섬의 봄꿀, 여름꿀, 가을꿀 세트", "img4": "https://img-cf.kurly.com/shop/data/goodsview/20191128/gv10000070160_2.jpg"},
{"name": "[라빠르쉐] 브라운 각설탕 250g", "img4": "https://img-cf.kurly.com/shop/data/goodsview/20191016/gv10000064684_2.jpg"},
{"name": "[라빠르쉐] 화이트 각설탕 250g", "img4": "https://img-cf.kurly.com/shop/data/goodsview/20191016/gv40000064688_2.jpg"},
{"name": "[라빠르쉐] 비정제 가루설탕 750g", "img4": "https://img-cf.kurly.com/shop/data/goodsview/20191016/gv40000064678_2.jpg"},
{"name": "[콤비타] 뉴질랜드 마누카꿀 3종", "img4": "https://img-cf.kurly.com/shop/data/goodsview/20200406/gv10000088985_2.jpg"},
{"name": "[멜리티온] 그리스 타임허니", "img4": "https://img-cf.kurly.com/shop/data/goodsview/20190708/gv40000055129_2.jpg"},
{"name": "[랑네제] 독일 아카시아 허니콤", "img4": "https://img-cf.kurly.com/shop/data/goodsview/20190418/gv20000047886_2.jpg"}