{"name": "[오뚜기] 방앗간 참기름 200mL", "img4": "https://img-cf.kurly.com/shop/data/goodsview/20200228/gv00000083232_2.jpg"},
{"name": "[BBF] 유기농 정제 코코넛 오일 458ml", "img4": "https://img-cf.kurly.com/shop/data/goodsview/20200303/gv00000083672_2.jpg"},
{"name": "[BBF] 유기농 버진 코코넛 오일 458ml", "img4": "https://img-cf.kurly.com/shop/data/goodsview/20200303/gv10000083679_2.jpg"},
{"name": "[카르보넬] 엑스트라 버진 올리브 오일 2종", "img4": "https://img-cf.kurly.com/shop/data/goodsview/20200302/gv10000083433_2.jpg"},
{"name": "[파미고] 엑스트라 버진 올리브 오일 500ml", "img4": "https://img-cf.kurly.com/shop/data/goodsview/20200218/gv40000081744_2.jpg"},
{"name": "[가브로] 유기농 엑스트라 버진 올리브 오일 2종", "img4": "https://img-cf.kurly.com/shop/data/goodsview/20200205/gv00000080392_2.jpg"},
{"name": "[사조해표] 해바라기유 2종", "img4": "https://img-cf.kurly.com/shop/data/goodsview/20200113/gv20000077668_2.jpg"},
{"name": "[사조해표] 포도씨유 2종", "img4": "https://img-cf.kurly.com/shop/data/goodsview/20200113/gv20000077661_2.jpg"},
{"name": "[쿠엔즈버킷] 들기름 2종", "img4": "https://img-cf.kurly.com/shop/data/goodsview/20200109/gv30000077194_2.jpg"},
{"name": "[아카르도] 일소토크리보 엑스트라 버진(2019-2020햇올리브)", "img4": "https://img-cf.kurly.com/shop/data/goodsview/20191231/gv30000076056_2.jpg"},
{"name": "[꾸악] 블랙 로얄 엑스트라버진500ml (2019-2020햇올리브)", "img4": "https://img-cf.kurly.com/shop/data/goodsview/20191226/gv00000075494_2.jpg"},
{"name": "[꾸악] 화이트 삐구알 엑스트라버진500ml (2019-2020햇올리브)", "img4": "https://img-cf.kurly.com/shop/data/goodsview/20191226/gv40000075472_2.jpg"},
{"name": "[알마자라스] 파르께올리바 마라스카 엑스트라버진500ml", "img4": "https://img-cf.kurly.com/shop/data/goodsview/20200106/gv40000076820_2.jpg"},
{"name": "[알마자라스]링콘 델라 수베티카 유기농엑스트라버진 2종(2019-2020햇올리브)", "img4": "https://img-cf.kurly.com/shop/data/goodsview/20200106/gv30000076835_2.jpg"},
{"name": "[히스파수르] 클래식 엑스트라 버진 2종", "img4": "https://img-cf.kurly.com/shop/data/goodsview/20200106/gv30000076748_2.jpg"},
{"name": "[히스파수르] 실버 엑스트라 버진 아르베키나 250ml", "img4": "https://img-cf.kurly.com/shop/data/goodsview/20200106/gv40000076740_2.jpg"}