{"name": "[진미] 우리찹쌀 비빔양념장 280g", "img4": "https://img-cf.kurly.com/shop/data/goodsview/20200318/gv00000086037_2.jpg"},
{"name": "[진미] 우리쌀 쌈장", "img4": "https://img-cf.kurly.com/shop/data/goodsview/20200318/gv40000086027_2.jpg"},
{"name": "[진미] 우리쌀 된장", "img4": "https://img-cf.kurly.com/shop/data/goodsview/20200318/gv20000086033_2.jpg"},
{"name": "[진미] 우리찹쌀 고추장", "img4": "https://img-cf.kurly.com/shop/data/goodsview/20200318/gv30000086032_2.jpg"},
{"name": "[일호식] 소고기볶음 고추장 (냉동)", "img4": "https://img-cf.kurly.com/shop/data/goodsview/20200312/gv40000085328_2.jpg"},
{"name": "[일호식] 두부쌈장 (냉동)", "img4": "https://img-cf.kurly.com/shop/data/goodsview/20200312/gv00000085296_2.jpg"},
{"name": "[권영원 소담정찬] 황기 고추장 400g", "img4": "https://img-cf.kurly.com/shop/data/goodsview/20200217/gv00000081517_2.jpg"},
{"name": "[다담] 찌개 양념장 6종", "img4": "https://img-cf.kurly.com/shop/data/goodsview/20200210/gv00000080860_2.jpg"},
{"name": "[풀무원] 다진마늘 2종", "img4": "https://img-cf.kurly.com/shop/data/goodsview/20200121/gv00000078963_2.jpg"},
{"name": "[소보꼬] 한우볶음고추장 2종", "img4": "https://img-cf.kurly.com/shop/data/goodsview/20191230/gv40000075738_2.jpg"},
{"name": "[소보꼬] 전복볶음고추장", "img4": "https://img-cf.kurly.com/shop/data/goodsview/20191230/gv10000075745_2.jpg"},
{"name": "[소보꼬] 새우볶음고추장", "img4": "https://img-cf.kurly.com/shop/data/goodsview/20191230/gv00000075750_2.jpg"},
{"name": "[소보꼬] 한우볶음고추장 Air (기내용)", "img4": "https://img-cf.kurly.com/shop/data/goodsview/20191230/gv00000075733_2.jpg"},
{"name": "[바로끄] 바로 끓여먹는 한우볶음된장(250g)", "img4": "https://img-cf.kurly.com/shop/data/goodsview/20191230/gv40000075755_2.jpg"},
{"name": "[와이낫] 이탈리안 드레싱 소스 3종", "img4": "https://img-cf.kurly.com/shop/data/goodsview/20191226/gv10000075318_2.jpg"},
{"name": "[비비베르데] 유기농 발효 사과식초", "img4": "https://img-cf.kurly.com/shop/data/goodsview/20191226/gv20000075392_2.jpg"}