{"name": "[타이시아] 쌀국수 3종", "img4": "https://img-cf.kurly.com/shop/data/goodsview/20200403/gv10000088709_2.jpg"},
{"name": "[마포식품] 生메밀맛 국수", "img4": "https://img-cf.kurly.com/shop/data/goodsview/20200331/gv20000088217_2.jpg"},
{"name": "[마포식품] 生냉사리", "img4": "https://img-cf.kurly.com/shop/data/goodsview/20200331/gv40000088228_2.jpg"},
{"name": "[마포식품] 生칼국수", "img4": "https://img-cf.kurly.com/shop/data/goodsview/20200331/gv10000088223_2.jpg"},
{"name": "[오뚜기] 라면사리 멀티 (110gX5)", "img4": "https://img-cf.kurly.com/shop/data/goodsview/20200226/gv30000082846_2.jpg"},
{"name": "[풀무원] 생칼국수", "img4": "https://img-cf.kurly.com/shop/data/goodsview/20200219/gv30000082045_2.jpg"},
{"name": "[오뚜기] 채황 라면 4입", "img4": "https://img-cf.kurly.com/shop/data/goodsview/20200214/gv30000081477_2.jpg"},
{"name": "[디벨라] 동압출 숏파스타 6종", "img4": "https://img-cf.kurly.com/shop/data/goodsview/20200203/gv40000079940_2.jpg"},
{"name": "[디벨라] 동압출 롱파스타 4종", "img4": "https://img-cf.kurly.com/shop/data/goodsview/20200203/gv20000079944_2.jpg"},
{"name": "[알도] 오징어먹물 치타리네", "img4": "https://img-cf.kurly.com/shop/data/goodsview/20191220/gv20000074321_2.jpg"},
{"name": "[알도] 치타리네", "img4": "https://img-cf.kurly.com/shop/data/goodsview/20191220/gv00000074330_2.jpg"},
{"name": "[알치네로] 이탈리아 유기농 베이비 파스타", "img4": "https://img-cf.kurly.com/shop/data/goodsview/20191230/gv00000075767_2.jpg"},
{"name": "[몰리자나] 이탈리아 파스타 5종", "img4": "https://img-cf.kurly.com/shop/data/goodsview/20200102/gv00000076312_2.jpg"},
{"name": "[무띠] 이탈리아 홈메이드 파스타 소스 3종", "img4": "https://img-cf.kurly.com/shop/data/goodsview/20191210/gv40000072126_2.jpg"},
{"name": "[지롤로모니] 유기농 숏 파스타 2종", "img4": "https://img-cf.kurly.com/shop/data/goodsview/20191128/gv30000070216_2.jpg"},
{"name": "[지롤로모니] 유기농 롱 파스타 2종", "img4": "https://img-cf.kurly.com/shop/data/goodsview/20191128/gv00000070225_2.jpg"}