{"name": "[잔스] 네덜란드 마요네즈 2종", "img4": "https://img-cf.kurly.com/shop/data/goodsview/20200406/gv00000089158_2.jpg"},
{"name": "[샤멜] 홀스래디쉬 2종", "img4": "https://img-cf.kurly.com/shop/data/goodsview/20200403/gv00000088715_2.jpg"},
{"name": "[내츄럴스파이스] 분말후추 2종", "img4": "https://img-cf.kurly.com/shop/data/goodsview/20200320/gv20000086441_2.jpg"},
{"name": "[오뚜기] 강황가루 2종", "img4": "https://img-cf.kurly.com/shop/data/goodsview/20200326/gv40000087398_2.jpg"},
{"name": "[타바스코] 핫소스 2종", "img4": "https://img-cf.kurly.com/shop/data/goodsview/20200325/gv00000087258_2.jpg"},
{"name": "[타바스코] 스리라차 소스 300g", "img4": "https://img-cf.kurly.com/shop/data/goodsview/20200326/gv30000087477_2.jpg"},
{"name": "[마이노멀] 키토 알룰로스", "img4": "https://img-cf.kurly.com/shop/data/goodsview/20200326/gv40000087405_2.jpg"},
{"name": "[내츄럴스파이스] 후추 그라인더 2종", "img4": "https://img-cf.kurly.com/shop/data/goodsview/20200320/gv40000086522_2.jpg"},
{"name": "[내츄럴스파이스] 클로브 (정향)", "img4": "https://img-cf.kurly.com/shop/data/goodsview/20200320/gv40000086449_2.jpg"},
{"name": "[내츄럴스파이스] 오레가노 럽드", "img4": "https://img-cf.kurly.com/shop/data/goodsview/20200320/gv40000086453_2.jpg"},
{"name": "[내츄럴스파이스] 굵은후추", "img4": "https://img-cf.kurly.com/shop/data/goodsview/20200320/gv20000086436_2.jpg"},
{"name": "[마산] 친수칠리소스 250g", "img4": "https://img-cf.kurly.com/shop/data/goodsview/20200320/gv20000086378_2.jpg"},
{"name": "[라베키아] 발사믹 비네거 3종", "img4": "https://img-cf.kurly.com/shop/data/goodsview/20200316/gv00000085828_2.jpg"},
{"name": "[라베키아] 애플&시트러스 발사믹 비네거", "img4": "https://img-cf.kurly.com/shop/data/goodsview/20200316/gv30000085829_2.jpg"},
{"name": "[라베키아] 발사믹 비네거 브론즈라벨 (20년산)", "img4": "https://img-cf.kurly.com/shop/data/goodsview/20200316/gv00000085685_2.jpg"},
{"name": "[타이댄서] 태국 마요 소스 4종", "img4": "https://img-cf.kurly.com/shop/data/goodsview/20200309/gv00000084656_2.jpg"}