{"name": "[주전부리연구소] 샌드위치 치즈어포 120g", "img4": "https://img-cf.kurly.com/shop/data/goodsview/20200401/gv20000088476_2.jpg"},
{"name": "[주전부리연구소] 스윗 허니버터오징어 140g", "img4": "https://img-cf.kurly.com/shop/data/goodsview/20200401/gv00000088466_2.jpg"},
{"name": "[주전부리연구소] 엄마손맛 백진미 180g", "img4": "https://img-cf.kurly.com/shop/data/goodsview/20200401/gv10000088460_2.jpg"},
{"name": "[주전부리연구소] 내맘속에 오징어 100g", "img4": "https://img-cf.kurly.com/shop/data/goodsview/20200401/gv10000088452_2.jpg"},
{"name": "[아라움] 오징어 흰다리 150g", "img4": "https://img-cf.kurly.com/shop/data/goodsview/20200331/gv20000088264_2.jpg"},
{"name": "[아라움] 오징어 몸통 120g", "img4": "https://img-cf.kurly.com/shop/data/goodsview/20200331/gv40000088144_2.jpg"},
{"name": "[아라움] 바베큐 오징어 100g", "img4": "https://img-cf.kurly.com/shop/data/goodsview/20200331/gv40000088099_2.jpg"},
{"name": "[아라움] 구운 참오징어 100g", "img4": "https://img-cf.kurly.com/shop/data/goodsview/20200331/gv40000088093_2.jpg"},
{"name": "[아라움] 부드러운명태알포 120g", "img4": "https://img-cf.kurly.com/shop/data/goodsview/20200331/gv30000088312_2.jpg"},
{"name": "[아라움] 다시마 쥐포 150g", "img4": "https://img-cf.kurly.com/shop/data/goodsview/20200331/gv00000088283_2.jpg"},
{"name": "[아라움] 도톰한쥐포 230g", "img4": "https://img-cf.kurly.com/shop/data/goodsview/20200331/gv10000088198_2.jpg"},
{"name": "[아라움] 국산 쥐포 230g", "img4": "https://img-cf.kurly.com/shop/data/goodsview/20200331/gv20000088244_2.jpg"},
{"name": "[씨투게더] 땅콩버터 오징어", "img4": "https://img-cf.kurly.com/shop/data/goodsview/20200331/gv20000088253_2.jpg"},
{"name": "[우주] 훈연디포리 300g(냉동)", "img4": "https://img-cf.kurly.com/shop/data/goodsview/20200302/gv00000083505_2.jpg"},
{"name": "[우주] 훈연멸치 300g(냉동)", "img4": "https://img-cf.kurly.com/shop/data/goodsview/20200302/gv10000083518_2.jpg"},
{"name": "[주전부리연구소] 어린 시절 쥐치포 200g", "img4": "https://img-cf.kurly.com/shop/data/goodsview/20200210/gv10000080806_2.jpg"}