{"name": "[기장물산] 기장산 뿌리다시마", "img4": "https://img-cf.kurly.com/shop/data/goodsview/20200330/gv30000088029_2.jpg"},
{"name": "[씨투게더] 신지도 자른 다시마", "img4": "https://img-cf.kurly.com/shop/data/goodsview/20200330/gv30000088044_2.jpg"},
{"name": "[기장물산] 유기인증 자른미역", "img4": "https://img-cf.kurly.com/shop/data/goodsview/20200330/gv20000087990_2.jpg"},
{"name": "[만전김] 두번구워 더욱 바삭한 만전 김밥용김", "img4": "https://img-cf.kurly.com/shop/data/goodsview/20200326/gv00000087364_2.jpg"},
{"name": "[선물세트] 만전김 미니언즈 김세트", "img4": ""},
{"name": "[만전김] 두번 구워 더욱 바삭한 삼각김밥용 김 2종", "img4": "https://img-cf.kurly.com/shop/data/goodsview/20200225/gv20000082577_2.jpg"},
{"name": "[만전김] 갓구운 곱창돌김 전장 2종", "img4": "https://img-cf.kurly.com/shop/data/goodsview/20200207/gv20000080702_2.jpg"},
{"name": "[만전김] 갓구운 파래김 전장 2종", "img4": "https://img-cf.kurly.com/shop/data/goodsview/20200207/gv00000080731_2.jpg"},
{"name": "[만전김] 갓구운 재래김 전장 2종", "img4": "https://img-cf.kurly.com/shop/data/goodsview/20200207/gv30000080738_2.jpg"},
{"name": "[광천김] 유기농김(도시락김) 3개입", "img4": "https://img-cf.kurly.com/shop/data/goodsview/20200120/gv30000078712_2.jpg"},
{"name": "[한성]토굴숙성 광천새우젓 250g(냉장)", "img4": "https://img-cf.kurly.com/shop/data/goodsview/20200110/gv10000077400_2.jpg"},
{"name": "[삼삼물산] 녹차로 씻어낸 매생이 120g(냉장)", "img4": "https://img-cf.kurly.com/shop/data/goodsview/20200107/gv40000076916_2.jpg"},
{"name": "[광천김] 광천 파래김 (도시락김) 16개입", "img4": "https://img-cf.kurly.com/shop/data/goodsview/20191224/gv30000074994_2.jpg"},
{"name": "[광천김] 핑크퐁 키즈김자반 40g", "img4": "https://img-cf.kurly.com/shop/data/goodsview/20191224/gv20000075221_2.jpg"},
{"name": "[광천김] 핑크퐁 키즈김(도시락김) 9개입", "img4": "https://img-cf.kurly.com/shop/data/goodsview/20191224/gv20000075171_2.jpg"},
{"name": "[광천김] 핑크퐁 키즈김(미니도시락김) 2종", "img4": "https://img-cf.kurly.com/shop/data/goodsview/20191224/gv30000075021_2.jpg"}