{"name": "[해원에스디] 바이오플락 국산 생물 새우 300g(생물)", "img4": "https://img-cf.kurly.com/shop/data/goodsview/20200203/gv10000080027_2.jpg"},
{"name": "[Ozen] MSC 인증 바나나 새우 800g (냉동)", "img4": "https://img-cf.kurly.com/shop/data/goodsview/20200203/gv20000079966_2.jpg"},
{"name": "[우주] 국산 새우살 200g(냉동)", "img4": "https://img-cf.kurly.com/shop/data/goodsview/20200122/gv30000079017_2.jpg"},
{"name": "[해물공食] ASC인증 친환경 손질새우 2종", "img4": "https://img-cf.kurly.com/shop/data/goodsview/20200121/gv40000078908_2.jpg"},
{"name": "[SAMSAM HEAYO] 동태가 맑탕 860g(냉장)", "img4": "https://img-cf.kurly.com/shop/data/goodsview/20191210/gv00000072111_2.jpg"},
{"name": "[바븐] 던지네스 크랩 2종 1마리(생물)", "img4": "https://img-cf.kurly.com/shop/data/goodsview/20191209/gv20000071845_2.jpg"},
{"name": "[SAMSAM HEAYO] 감바스 알 아히요 315g(냉장)", "img4": "https://img-cf.kurly.com/shop/data/goodsview/20191203/gv00000070648_2.jpg"},
{"name": "[바븐] 캐나다 랍스타 2종 1마리 (예약일 수령, 생물)", "img4": "https://img-cf.kurly.com/shop/data/goodsview/20191202/gv00000070511_2.jpg"},
{"name": "[Sea to Table] 손질 빅사이즈 새우 250g (냉동)", "img4": "https://img-cf.kurly.com/shop/data/goodsview/20191126/gv30000069662_2.jpg"},
{"name": "[Sea to Table] 손질 자숙 왕새우 250g (냉동)", "img4": "https://img-cf.kurly.com/shop/data/goodsview/20191126/gv30000069652_2.jpg"},
{"name": "필립스 크랩 2종", "img4": "https://img-cf.kurly.com/shop/data/goodsview/20191014/gv20000064439_2.jpg"},
{"name": "[PRIDE] 냉동 새우 3종(냉동)", "img4": "https://img-cf.kurly.com/shop/data/goodsview/20191014/gv40000064376_2.jpg"},
{"name": "도화새우", "img4": "https://img-cf.kurly.com/shop/data/goodsview/20190905/gv00000061377_2.jpg"},
{"name": "[마켓베라즈] 생새우 2종(냉동)", "img4": "https://img-cf.kurly.com/shop/data/goodsview/20190611/gv10000052745_2.jpg"},
{"name": "[마켓베라즈] 자숙새우 2종(냉동)", "img4": "https://img-cf.kurly.com/shop/data/goodsview/20190611/gv40000052735_2.jpg"},
{"name": "블랙타이거 새우 500g(냉동)", "img4": "https://img-cf.kurly.com/shop/data/goodsview/20190604/gv30000052144_2.jpg"}