{"name": "[씨투게더] 세네갈 갈치(냉동)", "img4": "https://img-cf.kurly.com/shop/data/goodsview/20200331/gv40000088114_2.jpg"},
{"name": "[우주] 은빛 제주 통갈치 (대) 330g 내외(냉동)", "img4": "https://img-cf.kurly.com/shop/data/goodsview/20200403/gv10000088744_2.jpg"},
{"name": "[우주] 은빛 제주 통갈치(특) 420g 내외(냉동)", "img4": "https://img-cf.kurly.com/shop/data/goodsview/20200403/gv10000088738_2.jpg"},
{"name": "[우주] 은빛제주통갈치(특대) 600g 내외(냉동)", "img4": "https://img-cf.kurly.com/shop/data/goodsview/20200403/gv00000088732_2.jpg"},
{"name": "[Easy Cook] 오늘은 국산 홍어회 (날개+몸통) 100g(냉장)", "img4": "https://img-cf.kurly.com/shop/data/goodsview/20200401/gv20000088443_2.jpg"},
{"name": "[Easy Cook] 오늘은 노르웨이 홍어회 (날개) 100g(냉장)", "img4": "https://img-cf.kurly.com/shop/data/goodsview/20200401/gv40000088439_2.jpg"},
{"name": "[마켓베라즈] 손질 도다리 600g(냉장)", "img4": "https://img-cf.kurly.com/shop/data/goodsview/20200401/gv00000088382_2.jpg"},
{"name": "[은하수산] 도다리 세꼬시 150g", "img4": "https://img-cf.kurly.com/shop/data/goodsview/20200324/gv00000086969_2.jpg"},
{"name": "[은하수산] 보리 숭어회 150g", "img4": "https://img-cf.kurly.com/shop/data/goodsview/20200324/gv30000086935_2.jpg"},
{"name": "[어부네] 참가자미 2종(냉동)", "img4": "https://img-cf.kurly.com/shop/data/goodsview/20200323/gv20000086687_2.jpg"},
{"name": "[어부네] 도다리 2종(냉동)", "img4": "https://img-cf.kurly.com/shop/data/goodsview/20200323/gv10000086727_2.jpg"},
{"name": "[심플리웨스트코스트] 자연산 은대구 스테이크 포션", "img4": "https://img-cf.kurly.com/shop/data/goodsview/20200324/gv00000086749_2.jpg"},
{"name": "[법성포참맛] 더 커진 프리미엄 영광굴비 110g(냉동)", "img4": "https://img-cf.kurly.com/shop/data/goodsview/20200318/gv00000085945_2.jpg"},
{"name": "[삼삼해물] 봄 도다리 2종", "img4": "https://img-cf.kurly.com/shop/data/goodsview/20190318/gv10000044935_2.jpg"},
{"name": "[마켓베라즈] 절단 코다리 450g(냉동)", "img4": "https://img-cf.kurly.com/shop/data/goodsview/20200318/gv30000086055_2.jpg"},
{"name": "[Sea to Table] 물회", "img4": "https://img-cf.kurly.com/shop/data/goodsview/20190401/gv20000046350_2.jpg"}