{"name": "[한팟] 대구 매운탕 845g(냉장)", "img4": "https://img-cf.kurly.com/shop/data/goodsview/20200402/gv30000088680_2.jpg"},
{"name": "[한팟] 알알이 가득 알탕 745g", "img4": "https://img-cf.kurly.com/shop/data/goodsview/20200402/gv30000088670_2.jpg"},
{"name": "[마켓베라즈] 광어 서더리 미역국 528g(냉장)", "img4": "https://img-cf.kurly.com/shop/data/goodsview/20200401/gv30000088393_2.jpg"},
{"name": "[한팟] 해물탕 850g(냉장)", "img4": "https://img-cf.kurly.com/shop/data/goodsview/20200401/gv10000088465_2.jpg"},
{"name": "[한팟] 속이시원한 동태탕 945g(냉장)", "img4": "https://img-cf.kurly.com/shop/data/goodsview/20200401/gv10000088472_2.jpg"},
{"name": "[인네이처] 속풀이 해장국 3종", "img4": "https://img-cf.kurly.com/shop/data/goodsview/20200327/gv00000087660_2.jpg"},
{"name": "[SAMSAM HEAYO] 미나리 오징어전 365g(냉장)", "img4": "https://img-cf.kurly.com/shop/data/goodsview/20200326/gv30000087456_2.jpg"},
{"name": "[SAMSAM HEAYO] 냉이 바지락 된장찌개 588g(냉장)", "img4": "https://img-cf.kurly.com/shop/data/goodsview/20200326/gv00000087492_2.jpg"},
{"name": "[SAMSAM HEAYO] 미나리 소라 초무침 279.5g(냉장)", "img4": "https://img-cf.kurly.com/shop/data/goodsview/20200326/gv00000087432_2.jpg"},
{"name": "[SAMSAM HEAYO] 미나리 새우전 425g(냉장)", "img4": "https://img-cf.kurly.com/shop/data/goodsview/20200325/gv30000087221_2.jpg"},
{"name": "[SAMSAM HEAYO] 미나리 오징어 초무침 209.5g(냉장)", "img4": "https://img-cf.kurly.com/shop/data/goodsview/20200325/gv20000087251_2.jpg"},
{"name": "[SAMSAM HEAYO] 미나리 문어 초무침 234.5g(냉장)", "img4": "https://img-cf.kurly.com/shop/data/goodsview/20200325/gv10000087191_2.jpg"},
{"name": "[장담그는청년들] 복분자 양념게장 500g(냉동)", "img4": "https://img-cf.kurly.com/shop/data/goodsview/20200323/gv10000086658_2.jpg"},
{"name": "[장담그는청년들] 맑은 간장 게장 400g(냉동)", "img4": "https://img-cf.kurly.com/shop/data/goodsview/20200323/gv30000086651_2.jpg"},
{"name": "[삼삼물산] 양념 멍게 무침 180g(냉장)", "img4": "https://img-cf.kurly.com/shop/data/goodsview/20200319/gv10000086227_2.jpg"},
{"name": "[삼삼물산] 양념 꼬막 무침 180g(냉장)", "img4": "https://img-cf.kurly.com/shop/data/goodsview/20200319/gv20000086222_2.jpg"}