{"name": "[마켓베라즈] 아르헨티나 자연산 홍새우 2종(냉동)", "img4": "https://img-cf.kurly.com/shop/data/goodsview/20200406/gv20000089177_2.jpg"},
{"name": "[은하수산] 국산 대왕흰다리 손질새우 300g(냉동)", "img4": "https://img-cf.kurly.com/shop/data/goodsview/20200330/gv40000087983_2.jpg"},
{"name": "[윤슬] 오만둥이 180g(냉장)", "img4": "https://img-cf.kurly.com/shop/data/goodsview/20200325/gv10000087158_2.jpg"},
{"name": "[윤슬] 벌교 앞바다 새꼬막 900g(생물)", "img4": "https://img-cf.kurly.com/shop/data/goodsview/20200326/gv20000087511_2.jpg"},
{"name": "[윤슬] 대구곤이 250g(냉장)", "img4": "https://img-cf.kurly.com/shop/data/goodsview/20200325/gv10000087086_2.jpg"},
{"name": "[윤슬] 명태알 250g(냉장)", "img4": "https://img-cf.kurly.com/shop/data/goodsview/20200325/gv30000087066_2.jpg"},
{"name": "[윤슬] 논우렁살 180g(냉장)", "img4": "https://img-cf.kurly.com/shop/data/goodsview/20200325/gv10000087071_2.jpg"},
{"name": "[윤슬] 새우살 180g(냉장)", "img4": "https://img-cf.kurly.com/shop/data/goodsview/20200325/gv40000087077_2.jpg"},
{"name": "[윤슬] 꼬리새우살 180g(냉장)", "img4": "https://img-cf.kurly.com/shop/data/goodsview/20200325/gv20000087083_2.jpg"},
{"name": "[윤슬] 바지락살 180g(생물)", "img4": "https://img-cf.kurly.com/shop/data/goodsview/20200325/gv40000087053_2.jpg"},
{"name": "[어부네] 봄 암꽃게", "img4": "https://img-cf.kurly.com/shop/data/goodsview/20200323/gv30000086697_2.jpg"},
{"name": "[삼삼해물] 자연산 비단 가리비", "img4": "https://img-cf.kurly.com/shop/data/goodsview/20190320/gv10000045149_2.jpg"},
{"name": "[삼삼해물] 국산 개불", "img4": "https://img-cf.kurly.com/shop/data/goodsview/20180305/gv10000018865_2.jpg"},
{"name": "[해원에스디] 국산 생물 관자 300g(생물)", "img4": "https://img-cf.kurly.com/shop/data/goodsview/20200310/gv10000084973_2.jpg"},
{"name": "[삼삼해물] 자연산 해삼 300g(냉장)", "img4": "https://img-cf.kurly.com/shop/data/goodsview/20180330/gv40000020655_2.jpg"},
{"name": "[삼삼해물] 왕 바지락 2종 (냉장)", "img4": "https://img-cf.kurly.com/shop/data/goodsview/20200228/gv10000083411_2.jpg"}