{"img1": "https://img-cf.kurly.com/shop/data/goods/1583464201620y0.jpg", "name": "[내츄럴스파이스] 타임럽드", "summary": "진한 향기를 품은 만능 허브", "price": "4,500원", "discount_rate": 0, "unit": "1통", "amount": "24g", "package": "상온/종이포장", "made_in": "", "img2": "https://img-cf.kurly.com/shop/data/goodsview/20200306/gv00000084430_1.jpg", "description": "향신료는 익숙한 요리라도 톡톡 뿌려만 주면 풍미를 확 끌어내 주지요. 때문에 여러 향신료를 구비해두고 요리의 완성도를 높이고 싶을 때 꺼내 사용하곤 합니다. 컬리가 소개하는 내츄럴스파이스의 향신료로 미식의 진수를 경험해 보세요. 지금 만나볼 제품은 타임럽드인데요. 향기가 백리까지도 간다고 하여, 동양에서는 '백리향'이라는 이름을 얻었어요. 요리에 살짝만 더해주어도 입안 가득히 향긋함을 선사한답니다. 바싹 말린 타임 잎을 바스라지도록 문질러 담은 상품이라, 간편하게 활용할 수 있어 더 만족스러워요.", "img3": "https://img-cf.kurly.com/shop/data/goodsview/20200306/gv10000084433_1.jpg", "option_name_list": [], "option_price_list": []},
{"img1": "https://img-cf.kurly.com/shop/data/goods/1583463897478y0.jpg", "name": "[내츄럴스파이스] 생강분말", "summary": "은은하게 전해지는 알싸한 향기", "price": "4,500원", "discount_rate": 0, "unit": "1병", "amount": "48g", "package": "상온/종이포장", "made_in": "", "img2": "https://img-cf.kurly.com/shop/data/goodsview/20200306/gv00000084422_1.jpg", "description": "향신료는 익숙한 요리라도 톡톡 뿌려만 주면 풍미를 확 끌어내 주지요. 때문에 여러 향신료를 구비해두고 요리의 완성도를 높이고 싶을 때 꺼내 사용하곤 합니다. 컬리가 소개하는 내츄럴스파이스의 향신료로 미식의 진수를 경험해 보세요. 지금 만나볼 제품은 만능 향신료, 생강분말인데요. 아릿하면서도 달큰한 맛을 품고 있어, 따뜻하게 차를 끓이거나 향긋한 쿠키를 위한 재료로 사용해도 좋아요. 육류나 생선 요리에 활용하면 냄새를 깔끔하게 잡아줄 거예요.", "img3": "https://img-cf.kurly.com/shop/data/goodsview/20200306/gv00000084425_1.jpg", "option_name_list": [], "option_price_list": []},
{"img1": "https://img-cf.kurly.com/shop/data/goods/1583463739770y0.jpg", "name": "[내츄럴스파이스] 커리파우더", "summary": "개성 넘치는 향신료들의 향연", "price": "4,300원", "discount_rate": 0, "unit": "1병", "amount": "52g", "package": "상온/종이포장", "made_in": "", "img2": "https://img-cf.kurly.com/shop/data/goodsview/20200306/gv20000084418_1.jpg", "description": "향신료는 익숙한 요리라도 톡톡 뿌려만 주면 풍미를 확 끌어내 주지요. 때문에 여러 향신료를 구비해두고 요리의 완성도를 높이고 싶을 때 꺼내 사용하곤 합니다. 컬리가 소개하는 내츄럴스파이스의 향신료로 미식의 진수를 경험해 보세요. 지금 만나볼 제품은 팔색조 매력을 가진 커리파우더입니다. 커리파우더는 터머릭, 코리앤더, 팬넬, 겨자, 큐민 등을 섞어 만든 혼합 향신료인데요. 개성 넘치는 재료들이 한데 모인 덕분에 독특한 향미를 느낄 수 있지요. 간단한 볶음밥부터 까다로운 해물 요리까지, 다양한 요리에 폭넓게 사용해 보세요.", "img3": "https://img-cf.kurly.com/shop/data/goodsview/20200306/gv40000084421_1.jpg", "option_name_list": [], "option_price_list": []},
{"img1": "https://img-cf.kurly.com/shop/data/goods/1583464050732y0.jpg", "name": "[내츄럴스파이스] 강황분", "summary": "황급빛 강화의 톡 쏘는 매력", "price": "3,300원", "discount_rate": 0, "unit": "1병", "amount": "58g", "package": "상온/종이포장", "made_in": "", "img2": "https://img-cf.kurly.com/shop/data/goodsview/20200306/gv20000084426_1.jpg", "description": "향신료는 익숙한 요리라도 톡톡 뿌려만 주면 풍미를 확 끌어내 주지요. 때문에 여러 향신료를 구비해두고 요리의 완성도를 높이고 싶을 때 꺼내 사용하곤 합니다. 컬리가 소개하는 내츄럴스파이스의 향신료로 미식의 진수를 경험해 보세요. 지금 만나볼 제품은 다재다능한 향신료, 강황분입니다. 강황은 흔히 커리의 주재료로 알려져 있는데요. 달콤하면서도 씁쓸한 향이 좋아, 파스타나 튀김 반죽, 흰쌀밥에 첨가해 다양하게 즐길 수 있지요. 진한 노란빛을 품고 있어 요리에 고운 색감을 물들이고 싶을 때도 유용하답니다.", "img3": "https://img-cf.kurly.com/shop/data/goodsview/20200306/gv00000084429_1.jpg", "option_name_list": [], "option_price_list": []},
{"img1": "https://img-cf.kurly.com/shop/data/goods/1583295733303y0.jpg", "name": "[BBF] 피비핏 피넛버터 파우더 2종", "summary": "물에 타면 피넛버터! 샐러드,팬케이크,스무디, 땅콩우유 등으로 활용가능한 피넛파우더", "price": "11,200원", "discount_rate": 0, "unit": "1개", "amount": "227g / 425g ", "package": "상온/종이포장", "made_in": "", "img2": "https://img-cf.kurly.com/shop/data/goodsview/20200304/gv10000083964_1.jpg", "description": "꾸덕꾸덕한 텍스처와 진한 고소함을 품은 땅콩버터, 좀 더 가벼운 마음으로 즐기고 싶다면 BBF의 피넛버터 파우더를 만나보세요. 땅콩, 코코넛 팜 슈가 그리고 소금만을 사용해 완성한 피넛버터 분말이에요.로스팅한 땅콩의 지방은 쏙 빼내고 단백질을 더한 후, 고운 분말로 분쇄해 담아냈답니다. 지방과 칼로리 걱정 없이, 물만 더해주면 손쉽게 땅콩버터를 만들 수 있지요. 여기에 바나나와 함께 스무디로 즐기거나, 베이킹에 활용하기에도 손색 없고요. 일반과 유기농 제품으로 준비했으니, 취향에 맞게 골라 진한 고소함을 누려보세요.", "img3": "https://img-cf.kurly.com/shop/data/goodsview/20200304/gv10000083967_1.jpg", "option_name_list": ["[BBF] 피비핏 피넛버터 파우더  227g", "[BBF] 피비핏 유기농 피넛버터 파우더 425g"], "option_price_list": ["11,200원", "28,700원"]},
{"img1": "https://img-cf.kurly.com/shop/data/goods/1580361003913y0.jpg", "name": "[키알라] 유기농 와플 믹스", "summary": "계량이 필요 없는 홈메이드 와플", "price": "9,500원", "discount_rate": 0, "unit": "1통", "amount": "345g", "package": "상온/종이포장", "made_in": "", "img2": "https://img-cf.kurly.com/shop/data/goodsview/20200203/gv40000079620_1.jpg", "description": "가정에 와플 기계가 있다고 하더라도 와플의 맛을 제대로 내기가 어렵죠. 재료 준비와 반죽을 위한 계량부터 일단 쉽지가 않은데요. 호주의 유기농 곡물 가공 브랜드, 키알라의 유기농 와플 믹스로 반죽을 간편하게 완성해 보세요. 용기에 우유를 붓고 위 아래로 흔들기만 하면 반죽이 완성되는 제품입니다. 주재료인 밀가루, 설탕, 해라라기씨유를 모두 유기농으로 사용했기에 아이들에게도 안심하고 권할 수 있어요. 와플 기계에 반죽을 넣고 노릇하게 구워 내기만 하면 와플이 눈 앞에 금세 펼쳐질 거랍니다. 생크림, 시럽, 과일 등 기호에 맞는 토핑을 곁들여 디저트나 브런치 테이블을 근사하게 한상 차려보세요.", "img3": "https://img-cf.kurly.com/shop/data/goodsview/20200130/gv00000079633_1.jpg", "option_name_list": [], "option_price_list": []},
{"img1": "https://img-cf.kurly.com/shop/data/goods/1578372906235y0.jpg", "name": "[올리] 유기농 현미 크런치롤 번들(4개)", "summary": "국내산 유기농 현미를 사용한 유기농 현미 크런치롤", "price": "11,000원", "discount_rate": 0, "unit": "1세트", "amount": "100g(8개입) x 4개 ", "package": "상온/종이포장", "made_in": "", "img2": "https://img-cf.kurly.com/shop/data/goodsview/20200107/gv10000076873_1.jpg", "description": "국내산 유기농 현미를 사용해 건강까지 생각한 간식을 소개할게요. '유기농 현미 크런치롤'은 현미를 뻥튀기로 만든 다음, 유기농 쌀 시럽으로 버무려낸 강정이에요. 바삭바삭한 식감이 매력적일 뿐 아니라 씹으면 씹을수록 건강하게 고소한 맛이 배어 나와 자꾸만 손이 가지요. 자극적이지 않은 은은한 단맛 덕분에 아이, 어른 모두 함께 즐기기에도 제격이랍니다. 간식 하나를 살 때도 늘 넉넉하게 구비해두어야 하는 4인 이상 가구도 마음 놓고 즐길 수 있도록 네 봉을 한 묶음으로 구성했으니, 부족함 없이 꺼내 먹어 보세요.", "img3": "https://img-cf.kurly.com/shop/data/goodsview/20200108/gv20000077035_1.jpg", "option_name_list": [], "option_price_list": []},
{"img1": "https://img-cf.kurly.com/shop/data/goods/1578372744833y0.jpg", "name": "[올리]  유기농 현미 크런치롤", "summary": "국내산 유기농 현미를 사용한 유기농 현미 크런치롤", "price": "3,000원", "discount_rate": 0, "unit": "1봉 ", "amount": "100g (8개입) ", "package": "상온/종이포장", "made_in": "", "img2": "https://img-cf.kurly.com/shop/data/goodsview/20200107/gv00000076868_1.jpg", "description": "국내산 유기농 현미를 사용해 건강까지 생각한 간식을 소개할게요. '유기농 현미 크런치롤'은 현미를 뻥튀기로 만든 다음, 유기농 쌀 시럽으로 버무려낸 강정이에요. 바삭바삭한 식감이 매력적일 뿐 아니라 씹으면 씹을수록 건강하게 고소한 맛이 배어 나와 자꾸만 손이 가지요. 자극적이지 않은 은은한 단맛 덕분에 아이, 어른 모두 함께 즐기기에도 제격이랍니다. 봉 모양으로 잘라내 한 손으로 잡고 먹기에도 편한 '유기농 현미 크런치롤'을 입이 심심할 때마다 하나씩 꺼내 먹어 보세요.", "img3": "https://img-cf.kurly.com/shop/data/goodsview/20200108/gv00000077034_1.jpg", "option_name_list": [], "option_price_list": []},
{"img1": "https://img-cf.kurly.com/shop/data/goods/1576486184852y0.jpg", "name": "[브레드가든] 귀여운 쿠키믹스 2종", "summary": "나만의 소중한 홈메이드 쿠키", "price": "4,790원", "discount_rate": 0, "unit": "1박스", "amount": "옵션별 상이", "package": "상온/종이포장", "made_in": "", "img2": "https://img-cf.kurly.com/shop/data/goodsview/20191216/gv10000073068_1.jpg", "description": "정확한 계량이 중요한 홈베이킹을 어렵다고 느끼는 분들이 많으실텐데요. 컬리가 홈베이킹 초보자도 누구나 쉽게 만들 수 있는 브레드가든의 귀여운 쿠키믹스를 가져왔어요. 재미있는 비주얼의 진저브레드 쿠키와 호불호가 갈리지 않는 버터 쿠키 2가지인데요. 진저브레드 쿠키믹스에는 쿠키커터와 데코용 초코펜, 버터 쿠키믹스에는 짤주머니와 깍지가 함께 들어있어 따로 구매할 필요가 없죠. 브레드가든의 쿠키믹스는 가격과 용량이 부담스럽지 않아 소소한 홈파티나 이벤트를 준비하는 분들에게 안성맞춤이에요. 사랑하는 사람들에게 쿠키믹스로 직접 만든 애교만점 쿠키를 선물해 보세요.", "img3": "https://img-cf.kurly.com/shop/data/goodsview/20191216/gv30000073077_1.jpg", "option_name_list": ["[브레드가든] 진저브레드쿠키믹스", "[브레드가든] 사르르마법쿠키믹스"], "option_price_list": ["5,490원", "4,790원"]},
{"img1": "https://img-cf.kurly.com/shop/data/goods/1576126133567y0.jpg", "name": "[마포식품] 만두피 3종", "summary": "3가지 크기의 냉장 만두피", "price": "3,500원", "discount_rate": 0, "unit": "1봉", "amount": "옵션별 상이", "package": "냉장/종이포장", "made_in": "", "img2": "https://img-cf.kurly.com/shop/data/goodsview/20191212/gv30000072546_1.jpg", "description": "만두의 맛을 좌우하는 요소로 만두소만큼이나 만두피의 역할도 중요해요. 쉽게 찢어지지 않으면서 손으로 빚은 듯 부드러운 질감을 지닌 만두피가 만두의 격을 한층 높여주지요. 컬리는 이에 부합하는 만두피를 찾았어요. 40년동안 한결같은 솜씨로 만두피를 빚어내는 마포식품의 제품입니다. 생만두피기에 해동이 별도로 필요가 없고, 말랑말랑한 상태로 만두를 바로 만들 수 있어 좋아요. 만두피를 크기별로 준비했으니 한 입 크기의 만두부터 왕만두까지 원하는 스타일의 만두를 빚어보세요. ", "img3": "https://img-cf.kurly.com/shop/data/goodsview/20191212/gv10000072644_1.jpg", "option_name_list": ["[마포식] 떡만두피", "[마포식] 손만두피", "[마포식] 왕만두피"], "option_price_list": ["3,500원", "3,800원", "4,200원"]},
{"img1": "https://img-cf.kurly.com/shop/data/goods/1573451417839y0.jpg", "name": "[브레드가든] 슈가파우더 2종", "summary": "홈베이킹의 달달한 마무리", "price": "1,290원", "discount_rate": 0, "unit": "1개", "amount": "100g / 210g", "package": "상온/종이포장", "made_in": "", "img2": "https://img-cf.kurly.com/shop/data/goodsview/20191111/gv30000067591_1.jpg", "description": "홈베이킹의 마무리로 슈가파우더보다 탁월한 선택이 또 있을까요. 잘 구워진 빵이나 케이크 위에 솔솔 뿌리면 마치 달콤한 하얀 눈이 내리는 것 같죠. 컬리가 소개하는 브레드가든의 슈가파우더는 설탕 비율을 높게 잡아 텁텁함을 최소화했어요. 베이킹에서 장식용으로 써도 좋고, 부드러운 쿠키류를 반죽할 때 설탕 대신 사용해 보세요. 100g과 210g 두 가지 용량으로 준비했으니, 필요에 따라 선택하여 요긴하게 활용해 보세요.", "img3": "https://img-cf.kurly.com/shop/data/goodsview/20191111/gv40000067646_1.jpg", "option_name_list": ["[브레드가든] 슈가파우더 100g", "[브레드가든] 슈가파우더 210g"], "option_price_list": ["1,290원", "3,790원"]},
{"img1": "https://img-cf.kurly.com/shop/data/goods/1573454268418y0.jpg", "name": "[브레드가든] 아몬드분말 60g", "summary": "홈베이킹 필수 재료", "price": "2,490원", "discount_rate": 0, "unit": "1팩", "amount": "60g", "package": "상온/종이포장", "made_in": "", "img2": "https://img-cf.kurly.com/shop/data/goodsview/20191111/gv10000067594_1.jpg", "description": "오븐에서 빵과 과자 굽는 고소한 냄새가 집안에 솔솔 풍길 때면 포근함과 행복함마저 느껴지죠. 컬리는 베이킹에 요긴하게 쓰이는 아몬드 분말을 가져왔어요. 전분을 섞지 않고 아몬드만을 곱게 갈아서 만들었죠. 마카롱에는 필수 재료이고, 파운드 케이크, 마들렌 등 거의 모든 종류의 쿠키나 발효를 하지 않는 빵에 넣어 구워보세요. 밀가루만 사용했을 때 보다 고소한 맛과 부드러운 맛이 살아나요. 소용량으로 준비했으니 남길 걱정도 적고, 지퍼백 포장이라 보관도 편리해요. 홈메이드 주스를 만들 때에도, 아이스크림과 요거트에도 올려서 다양하게 활용해 보세요.", "img3": "https://img-cf.kurly.com/shop/data/goodsview/20191115/gv00000068346_1.jpg", "option_name_list": [], "option_price_list": []},
{"img1": "https://img-cf.kurly.com/shop/data/goods/1560748561895y0.jpg", "name": "[순수람] 유기농 새싹보리분말 2종", "summary": "녹색 에너지를 가득 품은 보리 분말!", "price": "7,380원", "discount_rate": "10%", "unit": "1통", "amount": "50g /110g", "package": "상온/종이포장", "made_in": "", "img2": "https://img-cf.kurly.com/shop/data/goodsview/20190617/gv30000053275_1.jpg", "description": "새싹보리는 보리에서 싹을 틔운 뒤 10cm 내외로 자란 어린 잎을 뜻해요. 아직 다 자라지 않은 어린 잎, 새싹보리는 보리 씨앗이 가지고 있는 영양을 고이 지녔죠. 각종 비타민과 칼슘은 물론 핵심 영양성분으로 알려진 폴리코사놀과 폴리페놀 등을 풍성히 함유했답니다. 컬리가 소개하는 새싹보리 분말은 십여년을 농업 연구에 매진한 천춘진 박사가 유기농으로 직접 키워낸 제품이에요. 곱고 미세하게 간 분말 형태라 섭취가 용이하고, 활용도도 보다 높지요. 동결건조했기에 새싹보리 특유의 신선한 내음과 뒤로 번지는 구수한 향, 영양까지 안전하게 지켜냈어요. 밥숟가락으로 하루 한 스푼의 양이면 적당하답니다. 녹색의 고운, 새싹보리 분말이 지닌 순수한 풍미를 온전히 즐겨보세요. ", "img3": "https://img-cf.kurly.com/shop/data/goodsview/20190617/gv30000053279_1.jpg", "option_name_list": [" [순수람] 유기농 새싹보리분말 110g", "[순수람] 유기농 새싹보리분말 50g"], "option_price_list": ["16,500원", "8,200원"]},
{"img1": "https://img-cf.kurly.com/shop/data/goods/1558321374874y0.jpg", "name": "[오뚜기] 3일숙성카레 고형 100g 2종", "summary": "3일 숙성의 마법, 오뚜기 숙성 카레(1팩/25gX4개)", "price": "1,980원", "discount_rate": 0, "unit": "팩", "amount": "100g/25gX4개입", "package": "상온/종이포장", "made_in": "별도표기", "img2": "https://img-cf.kurly.com/shop/data/goodsview/20190520/gv00000050552_1.jpg", "description": null, "img3": "https://img-cf.kurly.com/shop/data/goodsview/20191018/gv20000065207_1.jpg", "option_name_list": ["[오뚜기] 3일숙성카레 고형 순한맛 100G", "[오뚜기] 3일숙성카레 고형 약간매운맛 100G"], "option_price_list": ["1,980원", "1,980원"]},
{"img1": "https://img-cf.kurly.com/shop/data/goods/15577244611y0.jpg", "name": "[온니컴퍼니] 온니스틱 3종", "summary": "활기찬 내일을 위한 영양 분말", "price": "16,900원", "discount_rate": 0, "unit": "1박스", "amount": "12g X 10포", "package": "상온/종이포장", "made_in": "", "img2": "https://img-cf.kurly.com/shop/data/goodsview/20190513/gv00000050008_1.jpg", "description": "영양소가 풍부하게 함유된 원물의 가치를 듣고 있으면 고개가 절로 끄덕여지지만, 막상 살뜰하게 챙겨 먹기가 마음처럼 쉽지만은 않아요. 바쁜 일상에 치여 제 몸 하나 건사하는 것조차 어려울 때가 많기 때문이죠. 온니스틱은 바쁜 현대인의 영양 균형을 고려하여 유기농 위주로 엄선한 원물 9가지를 분말로 만든 제품입니다. 그린, 레드, 옐로 세 가지 색으로 건강 콘셉트를 달리하여 분말을 고루 섞은 뒤 각각 나눠 담았지요. 식이섬유의 보고라고 불리는 타이거넛츠부터 케일, 링곤베리 등을 영하 40도에서 급속 동결한 뒤 건조하여 원물의 영양분을 최대한 지켜낸 분말이랍니다. 온니스틱 분말을 한 번 먹기 좋은 분량으로 소포장했으니 언제 어디서든 우유나 요거트에 톡톡 뿌려 간편하게 섭취해보세요.  ", "img3": "https://img-cf.kurly.com/shop/data/goodsview/20190513/gv10000050016_1.jpg", "option_name_list": [" [온니컴퍼니] 온니스틱 그린", "[온니컴퍼니] 온니스틱 레드", " [온니컴퍼니] 온니스틱 옐로"], "option_price_list": ["16,900원", "16,900원", "16,900원"]},
{"img1": "https://img-cf.kurly.com/shop/data/goods/1552893507673y0.jpg", "name": "[니신] 핫케익 믹스", "summary": "폭신폭신함에 반하게 되는 일본풍 핫케이크!", "price": "8,000원", "discount_rate": 0, "unit": "1봉", "amount": "180g X 3개입", "package": "상온/종이포장", "made_in": "", "img2": "https://img-cf.kurly.com/shop/data/goodsview/20190318/gv30000044974_1.jpg", "description": "보기만 해도 포근하고 보들보들한 감촉으로 시선을 압도하는 디저트가 있어요. 일본인들에게는 소울푸드로 통하는 핫케이크예요. 특별한 재료가 들어가진 않지만 계량이나 재료 준비가 은근히 귀찮아 눈으로만 즐겼던 경험 한 번쯤 있으실 텐데요. 컬리가 준비한 제품은 일본 제분 브랜드, 니신이 선보이는 '핫케익 믹스'입니다. 달걀, 우유, 그리고 핫케이크 믹스만으로 손쉽게 일본식 핫케이크를 즐길 수 있도록 준비했지요. 반죽을 달군 팬에 부어 구우면 몽글몽글 부풀어 오르는 핫케이크의 모습이 눈앞에 펼쳐진답니다. 완성된 핫케이크 자체에서 은은한 단맛이 감돌테니 버터 하나만 얹어 깊은 풍미를 만끽해보세요. ", "img3": "https://img-cf.kurly.com/shop/data/goodsview/20190318/gv10000044981_1.jpg", "option_name_list": [], "option_price_list": []}