{"img1": "https://img-cf.kurly.com/shop/data/goods/1585113810527y0.jpg", "name": "[키드브로스] 천연 꿀", "summary": "록키 산맥의 청정 자연을 담은 꿀", "price": "26,000원", "discount_rate": 0, "unit": "1병", "amount": "275g", "package": "상온/종이포장", "made_in": "", "img2": "https://img-cf.kurly.com/shop/data/goodsview/20200325/gv30000087118_1.jpg", "description": "캐나다에서 꾸준히 사랑받고 있는 키드브로스의 천연 꿀을 소개합니다. 천연 꿀은 벌들이 활동하는 환경과 밀원에 따라 그 풍미에서 차이를 보이는데요. 키드브로스는 청정하기로 유명한 캐나다 록키 산맥 인근에서 채밀한 꿀을 담았어요. 부드럽게 떠올리는 크림 제형의 상품이라 빵이나 크래커에 쓱쓱 발라 달콤하게 즐기기에 제격이랍니다. 많이 달지 않고 마무리가 깔끔해 누구나 부담없이 즐길 수 있을 거예요.", "img3": "https://img-cf.kurly.com/shop/data/goodsview/20200325/gv00000087127_1.jpg", "option_name_list": [], "option_price_list": []},
{"img1": "https://img-cf.kurly.com/shop/data/goods/1583143671889y0.jpg", "name": "[올리] 아카시아꿀 (1+등급)", "summary": "아카시아 향을 머금은 꿀", "price": "18,500원", "discount_rate": 0, "unit": "1개", "amount": "500g", "package": "상온/종이포장", "made_in": "", "img2": "https://img-cf.kurly.com/shop/data/goodsview/20200302/gv40000083634_1.jpg", "description": "안심하고 사용할 수 있는 벌꿀을 찾고 있다면, 축산물품질평가원에서 1+ 등급을 받은 올리의 아카시아 꿀을 추천드려요. 튜브 타입의 용기에 포장한 상품이라, 간편하게 보관하고 사용할 수 있어 더욱 만족스럽지요. 미온수에 녹여 차를 만들거나 요리에 첨가해 건강한 단맛을 즐겨 보세요. 아카시아 나무의 꽃에서 채밀한 꿀이라, 입안을 감도는 은은한 향긋함까지 느낄 수 있을 거예요.", "img3": "https://img-cf.kurly.com/shop/data/goodsview/20200302/gv30000083640_1.jpg", "option_name_list": [], "option_price_list": []},
{"img1": "https://img-cf.kurly.com/shop/data/goods/1583143442230y0.jpg", "name": "[올리] 야생화꿀 (1+등급)", "summary": "(잡화꿀/꽃꿀) 남다른 향미가 매력적인 꿀!", "price": "17,500원", "discount_rate": 0, "unit": "1개", "amount": "500g", "package": "상온/종이포장", "made_in": "", "img2": "https://img-cf.kurly.com/shop/data/goodsview/20200302/gv10000083628_1.jpg", "description": "안심하고 사용할 수 있는 벌꿀을 찾고 있다면, 축산물품질평가원에서 1+ 등급을 받은 올리의 야생화 꿀을 추천드려요. 튜브 타입의 용기에 포장한 상품이라, 간편하게 보관하고 사용할 수 있어 더욱 만족스럽지요. 미온수에 녹여 차를 만들거나 요리에 첨가해 건강한 단맛을 즐겨 보세요. 각양각색의 꽃에서 모은 야생화 꿀이라 입안을 감싸는 달콤한 향미까지도 일품이랍니다.", "img3": "https://img-cf.kurly.com/shop/data/goodsview/20200302/gv30000083631_1.jpg", "option_name_list": [], "option_price_list": []},
{"img1": "https://img-cf.kurly.com/shop/data/goods/1582887020904y0.jpg", "name": "[신안더솔트] 테이블 솔트 5종", "summary": "취향대로 감칠맛을 더하는 소금", "price": "7,000원", "discount_rate": 0, "unit": "1병", "amount": "80g", "package": "상온/종이포장", "made_in": "국산", "img2": "https://img-cf.kurly.com/shop/data/goodsview/20200228/gv40000083424_1.jpg", "description": "갯벌이 드넓게 펼쳐진 전라남도 신안군은 우수한 품질의 천일염을 생산하는 대표적인 특산지예요. 신안더솔트의 전용 염전에서 공들여 생산한 천일염에, 다양한 재료를 더하여 다채롭게 구성한 테이블 솔트 5종을 선보입니다. 채소 가루를 단순히 섞지 않고, 천일염 알갱이 하나하나를 재료로 코팅했어요. 덕분에, 국물 요리에 사용해도 지저분하게 건더기가 뜨지 않아 깔끔한 맛을 자랑한답니다. 깨끗한 바닷물을 자연 건조하여 얻은 천일염과 토판염, 짭짤한 염생식물 함초를 입힌 함초소금, 마늘과 파로 감칠맛을 더한 마늘소금, 이국적인 허브들을 함께 담은 BBQ용 소금까지 총 5가지를 준비했습니다. 취향과 용도에 맞게, 오늘의 요리에 손쉽게 활용해 보세요.", "img3": "https://img-cf.kurly.com/shop/data/goodsview/20200320/gv10000086510_1.jpg", "option_name_list": [], "option_price_list": []},
{"img1": "https://img-cf.kurly.com/shop/data/goods/1582880182728y0.jpg", "name": "[신안더솔트] 신안 토판염 200g", "summary": "청정 갯벌에서 얻은 고품질 소금", "price": "7,800원", "discount_rate": 0, "unit": "1봉", "amount": "200g", "package": "상온/종이포장", "made_in": "국산", "img2": "https://img-cf.kurly.com/shop/data/goodsview/20200228/gv00000083401_1.jpg", "description": "토판염은 천일염 종류 중 하나로, 청정 갯벌에서 자연적으로 얻어낸 소금을 말하는데요. 자연 조건을 적극적으로 활용해 만들어내기 때문에, 인공적인 방식보다 생산하기 어렵고 생산량도 매우 적답니다. 컬리가 서해안의 대표적인 천일염 특산지, 전라남도 신안군에서 채취한 우수한 품질의 토판염을 준비했습니다. 자연 그대로의 갯벌에서 채염하여 전체적으로 연한 회색빛이 돌며, 소량만으로도 고유의 풍미가 가득 전해지지요. 안심하고 사용할 수 있는 신안 토판염을 다양한 요리에 두루두루 활용해 보세요. ", "img3": "https://img-cf.kurly.com/shop/data/goodsview/20200228/gv10000083404_1.jpg", "option_name_list": [], "option_price_list": []},
{"img1": "https://img-cf.kurly.com/shop/data/goods/1582881700355y0.jpg", "name": "[신안더솔트] 신안 3년 묵은 천일염 500g", "summary": "오랜 시간 공들여 얻은 소금", "price": "3,900원", "discount_rate": 0, "unit": "1봉", "amount": "500g", "package": "상온/종이포장", "made_in": "국산", "img2": "https://img-cf.kurly.com/shop/data/goodsview/20200228/gv40000083405_1.jpg", "description": "갯벌이 드넓게 펼쳐진 전라남도 신안군은 우수한 품질의 천일염을 생산하는 대표적인 특산지예요. 신안군의 깨끗한 바닷물과 시원한 갯바람 등 청정 자연으로부터 얻어낸 양질의 천일염을 컬리가 선보입니다. 신안더솔트의 전용 염전에서 맑은 바닷물을 3년간 자연 건조시켜, 쓴맛을 유발하는 간수 및 불순물을 말끔히 제거했어요. 덕분에 쓴맛과 짠맛이 줄어들고 고소함과 부드러움이 깊어져, 천일염의 풍미가 한껏 업그레이드 되었답니다. 성공적인 요리를 위해 절대 놓칠 수 없는 소금, 이제는 신안더솔트의 천일염으로 다양한 요리에 맛을 더해보세요. ", "img3": "https://img-cf.kurly.com/shop/data/goodsview/20200228/gv30000083409_1.jpg", "option_name_list": [], "option_price_list": []},
{"img1": "https://img-cf.kurly.com/shop/data/goods/1576637818388y0.jpg", "name": "[YOZM] 허니스틱 10포", "summary": "간편하게 뜯어 쓰는 아카시아꿀", "price": "7,000원", "discount_rate": 0, "unit": "1박스", "amount": "10개입(7g*10ea)", "package": "냉장/종이포장", "made_in": "국내산", "img2": "https://img-cf.kurly.com/shop/data/goodsview/20191218/gv40000073506_1.jpg", "description": "자연스러운 달콤함을 선사하는 꿀을 즐기는 방법은 참으로 다양해요. 그중에서도 그릭요거트에 꿀을 뿌리면 요거트의 새콤한 맛과 어우러지면서 풍미를 배가시키는 훌륭한 역할을 하죠. 꾸덕꾸덕한 질감을 자랑하는 그릭요거트로 사랑받는 YOZM은 허니바이허니와 손잡고 꿀을 간편한 스틱에 소분하여 담았어요. 국내산지 곳곳에서 채밀한 향긋한 아카시아꿀 100%이지요. 따뜻한 차에 타서 마셔도 좋고, 그릭요거트에 그대로 뿌리거나 견과류 또는 그래놀라를 더하여 함께 즐겨 보세요.", "img3": "https://img-cf.kurly.com/shop/data/goodsview/20191218/gv00000073514_1.jpg", "option_name_list": [], "option_price_list": []},
{"img1": "https://img-cf.kurly.com/shop/data/goods/1571201585744y0.jpg", "name": "[라빠르쉐] 혼합 각설탕 (개별포장)", "summary": "백설탕과 황설탕을 한 번에", "price": "13,900원", "discount_rate": 0, "unit": "1상자", "amount": "250g", "package": "상온/종이포장", "made_in": "", "img2": "https://img-cf.kurly.com/shop/data/goodsview/20191016/gv40000064692_1.jpg", "description": "설탕은 우리 생활에서 반드시 필요한 식재료 중 하나예요. 적당량 사용하면 음식의 깊은 감칠맛을 이끌어주지요. 컬리는 인도양 레위니옹섬의 사탕수수를 통해 자연의 맛을 살린 라빠르쉐 혼합 각설탕을 준비했습니다. 백설탕과 황설탕을 고르게 담아 취향에 따라 골라 사용할 수 있는 상품이에요. 각설탕을 하나하나 개별 포장했기에 위생적이면서도 휴대와 보관까지 간편하답니다. 라빠르쉐 설탕만의 가장 큰 특징은 보다 깔끔하고 섬세한 단맛에 있는데요. 커피나 티 등 어디에 넣어도 음료 고유의 향을 해치지 않으니 두고두고 사용해보세요.", "img3": "https://img-cf.kurly.com/shop/data/goodsview/20191016/gv40000064696_1.jpg", "option_name_list": [], "option_price_list": []},
{"img1": "https://img-cf.kurly.com/shop/data/goods/1574923857853y0.jpg", "name": "[대니시비키퍼스] 로모섬의 꿀 3종", "summary": "덴마크의 계절이 담긴 특별한 꿀", "price": "58,000원", "discount_rate": 0, "unit": "1병", "amount": "225g", "package": "상온/종이포장", "made_in": "", "img2": "https://img-cf.kurly.com/shop/data/goodsview/20191128/gv40000070057_1.jpg", "description": null, "img3": "https://img-cf.kurly.com/shop/data/goodsview/20191128/gv00000070145_1.jpg", "option_name_list": ["[대니시비키퍼스] 로모섬의 봄꿀", "[대니시비키퍼스] 로모섬의 여름꿀", "[대니시비키퍼스] 로모섬의 가을꿀"], "option_price_list": ["58,000원", "58,000원", "68,000원"]},
{"img1": "https://img-cf.kurly.com/shop/data/goods/1574924579667y0.jpg", "name": "[대니시비키퍼스] 로모섬의 봄꿀, 여름꿀, 가을꿀 세트", "summary": "덴마크의 계절을 모두 느낄 수 있는", "price": "164,000원", "discount_rate": 0, "unit": "1세트", "amount": "225g X 3", "package": "상온/종이포장", "made_in": "", "img2": "https://img-cf.kurly.com/shop/data/goodsview/20191128/gv20000070066_1.jpg", "description": null, "img3": "https://img-cf.kurly.com/shop/data/goodsview/20191128/gv10000070159_1.jpg", "option_name_list": [], "option_price_list": []},
{"img1": "https://img-cf.kurly.com/shop/data/goods/1571201116440y0.jpg", "name": "[라빠르쉐] 브라운 각설탕 250g", "summary": "황금빛 프리미엄 각설탕", "price": "6,500원", "discount_rate": 0, "unit": "1상자", "amount": "250g", "package": "상온/종이포장", "made_in": "", "img2": "https://img-cf.kurly.com/shop/data/goodsview/20191016/gv00000064683_1.jpg", "description": "설탕은 우리 생활에서 반드시 필요한 식재료 중 하나예요. 적당량 사용하면 음식의 깊은 감칠맛을 이끌어주지요. 컬리는 인도양 레위니옹섬의 사탕수수를 통해 자연의 맛을 살린 라빠르쉐 브라운 각설탕을 준비했습니다. 원당에 열을 가해 천연 캐러멜의 깊은 풍미가 더해진 상품이에요. 틀에 넣어 굳힌 후 부수었기에 뷸규칙한 형태를 띠고 있는데요. 이러한 불규칙함이 바로 라빠르쉐만의 독특한 매력이라고 할 수 있어요. 라빠르쉐 브라운 각설탕 고유의 가공되지 않은 자연스러운 황금빛깔을 확인해보세요.", "img3": "https://img-cf.kurly.com/shop/data/goodsview/20191016/gv40000064686_1.jpg", "option_name_list": [], "option_price_list": []},
{"img1": "https://img-cf.kurly.com/shop/data/goods/157120127752y0.jpg", "name": "[라빠르쉐] 화이트 각설탕 250g", "summary": "깔끔하고 섬세한 단맛", "price": "6,500원", "discount_rate": 0, "unit": "1상자", "amount": "250g", "package": "상온/종이포장", "made_in": "", "img2": "https://img-cf.kurly.com/shop/data/goodsview/20191016/gv00000064687_1.jpg", "description": "설탕은 우리 생활에서 반드시 필요한 식재료 중 하나예요. 적당량 사용하면 음식의 깊은 감칠맛을 이끌어주지요. 컬리는 인도양 레위니옹섬의 사탕수수를 통해 자연의 맛을 살린 라빠르쉐 화이트 각설탕을 준비했습니다. 사탕수수 설탕의 군더더기 없는 깔끔한 단맛이 일품인 상품이에요. 틀에 넣어 굳힌 후 부수었기에 뷸규칙한 형태를 띠고 있는데요. 이러한 불규칙함이 바로 라빠르쉐만의 독특한 매력이라고 할 수 있답니다. 라빠르쉐 화이트 각설탕으로 설탕 본연의 자연스러운 단맛을 느껴보세요. 어디에 넣든 음식 고유의 맛과 함께 은은한 달콤함을 만끽할 수 있을 거예요.", "img3": "https://img-cf.kurly.com/shop/data/goodsview/20191016/gv10000064690_1.jpg", "option_name_list": [], "option_price_list": []},
{"img1": "https://img-cf.kurly.com/shop/data/goods/1571194898411y0.jpg", "name": "[라빠르쉐] 비정제 가루설탕 750g", "summary": "맛과 향, 실용성을 고루 갖춘", "price": "9,500원", "discount_rate": 0, "unit": "1팩", "amount": "750g", "package": "상온/종이포장", "made_in": "", "img2": "https://img-cf.kurly.com/shop/data/goodsview/20191016/gv30000064677_1.jpg", "description": "설탕은 우리 생활에서 반드시 필요한 식재료 중 하나예요. 적당량 사용하면 음식의 깊은 감칠맛을 이끌어주지요. 컬리는 인도양 레위니옹섬의 사탕수수 원당으로 만든 라빠르쉐 비정제 가루설탕을 준비했어요. 설탕 고유의 깔끔하고 풍부한 맛과 향을 오롯이 품고 있는 상품이에요. 스탠드업 파우치에 담겨있어 보관이 간편한 것은 물론, 열고 닫을 수 있는 뚜껑이 있어 실용적이기까지 하답니다. 고혹적인 금빛 색상을 뽐내는 라빠르쉐 비정제 가루설탕을 만나보세요.", "img3": "https://img-cf.kurly.com/shop/data/goodsview/20191016/gv40000064680_1.jpg", "option_name_list": [], "option_price_list": []},
{"img1": "https://img-cf.kurly.com/shop/data/goods/1568104172263y0.jpg", "name": "[콤비타] 뉴질랜드 마누카꿀 4종", "summary": "청정한 자연을 담은 프리미엄 꿀", "price": "40,800원", "discount_rate": "15%", "unit": "1병", "amount": "250g", "package": "상온/종이포장", "made_in": "", "img2": "https://img-cf.kurly.com/shop/data/goodsview/20190910/gv30000061731_1.jpg", "description": "꿀은 이제 더이상 달콤함만을 위한 재료가 아니에요. 건강을 위해 꾸준히 꿀을 챙겨 드시는 분들도 있을 정도지요. 컬리가 준비한 콤비타 뉴질랜드 마누카꿀은 말 그대로 뉴질랜드에서만 자라는 마누카꽃에서 채취한 꿀이에요. 직접 운영하거나 계약을 맺은 양봉장에서 엄선한 상품만을 공급받아 만든 프리미엄 제품이라고 할 수 있지요. 마누카꿀 협회의 엄격한 테스트를 거쳐 정식으로 수출을 허가받은 UMF(Unique manuka factor) 승인을 받았으니 믿고 드셔도 좋답니다. UMF 등급에 따라 네 가지 상품을 준비했으니 목적에 따라 선택해보세요. 그냥 드셔도 되고, 미지근한 물에 타 꿀차로 즐기셔도 좋아요.", "img3": "https://img-cf.kurly.com/shop/data/goodsview/20200317/gv00000085833_1.jpg", "option_name_list": [" [콤비타] 마누카꿀 UMF 5+", " [콤비타] 마누카꿀 UMF 10+", "[콤비타] 마누카꿀 UMF 15+", "[콤비타] 마누카꿀 UMF 20+"], "option_price_list": ["48,000원", "82,000원", "138,000원", "230,000원"]},
{"img1": "https://img-cf.kurly.com/shop/data/goods/1562548584585y0.jpg", "name": "[멜리티온] 그리스 타임허니", "summary": "그윽한 타임허니향을 가득담은 2019년 햇꿀!", "price": "36,000원", "discount_rate": "25%", "unit": "1병", "amount": "250g", "package": "상온/종이포장", "made_in": "", "img2": "https://img-cf.kurly.com/shop/data/goodsview/20190708/gv00000055128_1.jpg", "description": "흔히 백리향이라 불리는 타임 꽃은 상쾌한 소나무 향을 자랑하는 귀한 식물입니다. 양봉업이 발달한 그리스에서는, 타임 꽃에 벌들이 모아둔 꿀로 '타임허니'를 만들어요. 지중해의 청정한 환경을 담은 천연재료로 만들어 더욱 고급스러운 풍미를 지닌 꿀이지요. 특히나 지금 소개드리는 타임허니는 올해 채집한 햇꿀로, 그윽한 타임향을 가득 머금고 있는 제품이에요. 한 스푼씩 물에 타 드시거나, 치즈 등 향이 있는 음식에 얹어 즐겨보세요. 주변 분들에게 감사의 마음을 전하는 용도로도 꼭 알맞답니다.  ", "img3": "https://img-cf.kurly.com/shop/data/goodsview/20190708/gv30000055132_1.jpg", "option_name_list": [], "option_price_list": []},
{"img1": "https://img-cf.kurly.com/shop/data/goods/1555578870480y0.jpg", "name": "[랑네제] 독일 아카시아 허니콤", "summary": "천연 벌집을 품은 독일에서 가장 사랑받는 꿀!", "price": "47,000원", "discount_rate": 0, "unit": "1통", "amount": "500g", "package": "상온/종이포장", "made_in": "", "img2": "https://img-cf.kurly.com/shop/data/goodsview/20190418/gv30000047885_1.jpg", "description": null, "img3": "https://img-cf.kurly.com/shop/data/goodsview/20190418/gv10000047894_1.jpg", "option_name_list": [], "option_price_list": []}