{"img1": "https://img-cf.kurly.com/shop/data/goods/1582854262243y0.jpg", "name": "[오뚜기] 방앗간 참기름 200mL", "summary": "맛과 향이 진한 참기름(200mL/병)", "price": "9,780원", "discount_rate": 0, "unit": "병", "amount": "200mL", "package": "상온/종이포장", "made_in": "별도표기", "img2": "https://img-cf.kurly.com/shop/data/goodsview/20200228/gv10000083200_1.jpg", "description": "비빔밥, 나물 반찬 등 요리의 고소한 감칠맛에 참기름이 빠질 수 없지요. 매일 쓰는 참기름으로 오뚜기의 방앗간 참기름을 선택해 보세요. 달달 볶은 참깨에서 기름을 짜낸 뒤, 1회 여과한 참기름을 담은 상품인데요. 최소한의 제조 과정을 거친 참기름, 그대로를 담아 진한 색과 향을 자랑한답니다. 오뚜기 방앗간 참기름을 활용해, 요리에 부드러운 고소함을 더해보세요.", "img3": "https://img-cf.kurly.com/shop/data/goodsview/20200228/gv40000083233_1.jpg", "option_name_list": [], "option_price_list": []},
{"img1": "https://img-cf.kurly.com/shop/data/goods/1583200644578y0.jpg", "name": "[BBF] 유기농 정제 코코넛 오일 458ml", "summary": "유기농 압착코코넛 오일 100%", "price": "10,900원", "discount_rate": 0, "unit": "1개", "amount": "458ml", "package": "상온/종이포장", "made_in": "", "img2": "https://img-cf.kurly.com/shop/data/goodsview/20200303/gv00000083671_1.jpg", "description": "하루 동안 우리는 생각보다 많은 양의 기름을 사용해요. 내 몸에 좀 더 이로운 기름을 찾는다면 BBF의 코코넛 오일을 추천할게요. 유기농으로 재배한 코코넛을 저온 압착한 뒤 정제 과정을 거쳐 담아냈어요. 코코넛 특유의 향을 최소화하면서도, 발연점을 높여 요리용으로 활용하기에 꼭 알맞은 오일이지요. USDA 유기농 인증까지 받은 제품이라 더욱 믿고 사용할 수 있고요. 식용유 대신 일상의 각종 볶음, 구이용 오일로 활용하세요. 더 이상 기름을 사용하는 요리가 두렵지 않을 거예요.", "img3": "https://img-cf.kurly.com/shop/data/goodsview/20200303/gv40000083677_1.jpg", "option_name_list": [], "option_price_list": []},
{"img1": "https://img-cf.kurly.com/shop/data/goods/1583201103801y0.jpg", "name": "[BBF] 유기농 버진 코코넛 오일 458ml", "summary": "유기농 압착코코넛 버진 100%", "price": "13,900원", "discount_rate": 0, "unit": "1개", "amount": "458ml", "package": "상온/종이포장", "made_in": "", "img2": "https://img-cf.kurly.com/shop/data/goodsview/20200303/gv00000083678_1.jpg", "description": "하루 동안 우리는 생각보다 많은 양의 기름을 사용해요. 내 몸에 좀 더 이로운 기름을 찾는다면 BBF의 코코넛 오일을 추천할게요. 유기농으로 재배한 코코넛을 저온 압착 공법으로 담아냈습니다. 정제하지 않은 버진 오일로, 코코넛 특유의 신선한 향과 달콤한 맛이 그대로 살아있답니다. USDA 인증까지 받은 유기농 제품이라 더욱 믿고 사용할 수 있고요. 식용유나 버터, 설탕 대신 일상의 요리에 더해보세요. 립밤이나 바디용 오일로 활용하기에도 좋아요. 쓰임새 좋은 버진 코코넛 오일과 함께, 향긋하고 건강한 일상을 꾸려보세요. ", "img3": "https://img-cf.kurly.com/shop/data/goodsview/20200303/gv40000083685_1.jpg", "option_name_list": [], "option_price_list": []},
{"img1": "https://img-cf.kurly.com/shop/data/goods/1583112348287y0.jpg", "name": "[카르보넬] 엑스트라 버진 올리브 오일 2종", "summary": "150년 전통의 스페인 올리브 오일", "price": "5,500원", "discount_rate": 0, "unit": "1개 ", "amount": "250ml/500ml ", "package": "상온/종이포장", "made_in": "", "img2": "https://img-cf.kurly.com/shop/data/goodsview/20200302/gv20000083432_1.jpg", "description": "올리브오일을 자주 드시는 분이라면 용도에 맞게 몇 가지 제품을 갖추고 있을 거예요. 이번에 소개하는 엑스트라 버진은 요리에 듬뿍듬뿍 사용하기 좋은 부담 없는 옵션이에요. 그렇다고 해서 맛이 부족한 건 아니예요. 혀 위에서 굴려보면 엑스트라 버진이라는 이름에 걸맞게 싱그러운 향과 은은한 매캐함이 감돈답니다. 빛에 산화되지 않도록 짙은 녹색 패키지에 병입한 것도 마음에 들죠. 250mL와 500mL를 준비했으니 필요한 용량으로 골라 담아보세요. ", "img3": "https://img-cf.kurly.com/shop/data/goodsview/20200302/gv00000083436_1.jpg", "option_name_list": ["[카르보넬] 엑스트라 버진 올리브 오일250ml", "[카르보넬] 엑스트라 버진 올리브 오일500ml"], "option_price_list": ["5,500원", "9,800원"]},
{"img1": "https://img-cf.kurly.com/shop/data/goods/1582000256940y0.jpg", "name": "[파미고] 엑스트라 버진 올리브 오일 500ml", "summary": "신선한 허브향과 부드러운 목넘김", "price": "5,900원", "discount_rate": 0, "unit": "1병", "amount": "500ml", "package": "상온/종이포장", "made_in": "", "img2": "https://img-cf.kurly.com/shop/data/goodsview/20200218/gv10000081743_1.jpg", "description": "파미고는 합리적인 가격으로 질 좋은 올리브 오일을 선보이는 스페인 브랜드예요. '농부(Farmer)'와 '친구(Amigo)'라는 뜻을 지닌 이름처럼, 편안하게 즐길 수 있는 오일을 선보이고 있지요. 이번에는 스페인산 피쿠알 올리브 등을 블렌딩해, 냉압착 방식으로 완성한 엑스트라 버진을 준비했어요. 맛과 향을 그대로 유지하기 위해 어두운 컬러의 병에 담아냈는데요. 향이 지나치게 강하지 않아, 샐러드나 요리 등에 두루 활용하기에도 꼭 알맞습니다. 부담 없이 엑스트라 버진 오일의 풍미를 더해보세요. ", "img3": "https://img-cf.kurly.com/shop/data/goodsview/20200218/gv10000081745_1.jpg", "option_name_list": [], "option_price_list": []},
{"img1": "https://img-cf.kurly.com/shop/data/goods/1580894152184y0.jpg", "name": "[가브로] 유기농 엑스트라 버진 올리브 오일 2종", "summary": "풋토마토의 향기와 고소한 감칠맛", "price": "14,400원", "discount_rate": "20%", "unit": "1병", "amount": "", "package": "상온/종이포장", "made_in": "", "img2": "https://img-cf.kurly.com/shop/data/goodsview/20200205/gv40000080391_1.jpg", "description": "가브로는 이탈리아 남부 코센자 지방에서 올리브 농장을 운영하며 오일을 만드는 브랜드입니다. 다양한 오일 중에서도 지금 소개하는 제품은 세 종류의 토착 품종 올리브를 블렌딩해 밸런스가 좋고 풍부한 맛을 내는 엑스트라 버진이에요. 올리브 수확 후 8시간 이내에 냉압착하고, 완성된 올리브 오일은 낮은 산도를 유지하기 위해 스테인리스 통에서 보관하다가 필요할 때마다 병입하지요. 이탈리아 ICEA의 유기농 인증도 받았으니 조금 더 건강하게 올리브오일을 즐기고 싶은 분께 꼭 알맞을 거예요. ", "img3": "https://img-cf.kurly.com/shop/data/goodsview/20200205/gv30000080395_1.jpg", "option_name_list": ["[가브로] 유기농 엑스트라 버진 올리브 오일 250ml", "[가브로] 유기농 엑스트라 버진 올리브 오일 500ml"], "option_price_list": ["18,000원", "30,000원"]},
{"img1": "https://img-cf.kurly.com/shop/data/goods/1578895573678y0.jpg", "name": "[사조해표] 해바라기유 2종", "summary": "활용도 높은 깔끔담백 식용유", "price": "2,300원", "discount_rate": 0, "unit": "1병", "amount": "품목별 상이 (하단 참조)", "package": "상온/종이포장", "made_in": "", "img2": "https://img-cf.kurly.com/shop/data/goodsview/20200113/gv30000077667_1.jpg", "description": "음식의 풍미를 한층 높여주는 식용유는 요리에 빼놓을 수 없는 식재료인데요. 저마다 발연점과 함유 성분, 향이 다르기에 요리마다 적합한 식용유를 선택하는 것이 중요해요. 유럽 3대 유종으로 꼽히는 해바라기유는 발연점이 무척 높은 편에 속해 볶음이나 부침, 구이 요리 등에 안심하고 사용할 수 있죠. 정제유 특유의 맑고 은은한 맛과 향을 지닌 것도 특징인데요. 재료 고유의 맛을 해치지 않으면서 자연스레 어우러지기에 샐러드 드레싱이나 소스로도 사용할 수 있어요. 각종 요리에 다재다능한 역할을 자랑하는 해바라기유를 더해 더욱 풍성한 맛을 연출해보세요.", "img3": "https://img-cf.kurly.com/shop/data/goodsview/20200113/gv20000077672_1.jpg", "option_name_list": ["[사조해표] 해바라기유 500mL", "[사조해표] 해바라기유 900mL"], "option_price_list": ["2,300원", "3,100원"]},
{"img1": "https://img-cf.kurly.com/shop/data/goods/1578894028735y0.jpg", "name": "[사조해표] 포도씨유 2종", "summary": "발연점이 높은 스페인산 포도씨유", "price": "3,200원", "discount_rate": 0, "unit": "1병", "amount": "품목별 상이 (하단 참조)", "package": "상온/종이포장", "made_in": "", "img2": "https://img-cf.kurly.com/shop/data/goodsview/20200113/gv30000077660_1.jpg", "description": "음식의 풍미를 한층 높여주는 식용유는 요리에 빼놓을 수 없는 식재료인데요. 저마다 발연점과 함유 성분, 향이 다르기에 요리마다 적합한 식용유를 선택하는 것이 중요해요. 포도씨유는 식용유 중에서도 발연점이 무척 높아 잘 타지 않기에 부침이나 튀김과 같은 고온 가열 요리에 딱 적합하지요. 콜레스테롤이 없고 불포화지방산인 리놀렌산이 많다는 점도 튀김 요리 시 포도씨유를 찾게 되는 이유일 거예요. 화창한 지중해 연안에서 온 100% 포도씨유로 건강한 요리를 만들어보세요.", "img3": "https://img-cf.kurly.com/shop/data/goodsview/20200113/gv10000077665_1.jpg", "option_name_list": ["[사조해표] 포도씨유 500mL", "[사조해표] 포도씨유 900mL"], "option_price_list": ["3,200원", "5,600원"]},
{"img1": "https://img-cf.kurly.com/shop/data/goods/1578533986627y0.jpg", "name": "[쿠엔즈버킷] 들기름 2종", "summary": "저온 압착으로 향은 덜고 맛은 깊어진", "price": "12,000원", "discount_rate": 0, "unit": "1병", "amount": "옵션별 상이", "package": "상온/종이포장", "made_in": "", "img2": "https://img-cf.kurly.com/shop/data/goodsview/20200109/gv10000077193_1.jpg", "description": null, "img3": "https://img-cf.kurly.com/shop/data/goodsview/20200109/gv10000077196_1.jpg", "option_name_list": ["[쿠엔즈버킷] 들기름 100ml", "[쿠엔즈버킷] 들기름 200ml"], "option_price_list": ["12,000원", "22,000원"]},
{"img1": "https://img-cf.kurly.com/shop/data/goods/1577351328669y0.jpg", "name": "[아카르도] 일소토크리보 엑스트라 버진(2019-2020햇올리브)", "summary": "[이탈리아 햇올리브] 싱그러운 풍미와 버터같은 식감", "price": "100,000원", "discount_rate": 0, "unit": "1병", "amount": "500ml", "package": "상온/종이포장", "made_in": "", "img2": "https://img-cf.kurly.com/shop/data/goodsview/20191226/gv00000075459_1.jpg", "description": "노첼라라 델 벨리체는 이탈리아의 시칠리아 지역에서 주로 재배하는 품종이에요. 완전히 익었을 때 먹으면 부드러운 버터의 풍미가 돋보이는 올리브죠. 아카르도는 이 올리브가 큼직하게 여물기 전에 핸드 피킹한 뒤 냉압착으로 착유한 엑스트라 버진을 만들었어요. 알이 작아 소량의 오일만 착유되지만 늘 맛보던 버터향에 싱그러운 풍미가 더해져 새로운 느낌이랍니다. 산도 0.2%의 신선함이 오롯이 전달되도록 햇빛이 침투하지 못하는 스테인리스 병에 담아 더욱 특별하죠. 양쪽으로 활짝 펼쳐지는 고급스러운 패키지에 담았으니 선물하기에도 손색이 없을 거예요. ", "img3": "https://img-cf.kurly.com/shop/data/goodsview/20191231/gv20000076057_1.jpg", "option_name_list": [], "option_price_list": []},
{"img1": "https://img-cf.kurly.com/shop/data/goods/1577353719351y0.jpg", "name": "[꾸악] 블랙 로얄 엑스트라버진500ml (2019-2020햇올리브)", "summary": "[스페인 햇올리브] 싱그러운 향기와 스모키한 여운", "price": "42,900원", "discount_rate": "35%", "unit": "1개", "amount": "500ml", "package": "상온/종이포장", "made_in": "", "img2": "https://img-cf.kurly.com/shop/data/goodsview/20191226/gv40000075493_1.jpg", "description": "시에라 델 까졸라 지역의 토착 품종인 로얄 품종 올리브로 만든 독특한 엑스트라버진을 소개할게요. 과실이 익어갈수록 아름다운 핑크빛으로 물들기에 '로얄'이라는 이름을 붙였다고 해요. 꾸악은 보통 싱그러운 풍미를 위해 올리브를 일찍 수확해요. 하지만 이 제품만은 분홍빛과 함께 스며드는 아로마를 담기 위해 얼리 하비스트 막바지에 살짝 익은 올리브를 수확해서 쓴답니다. 신선한 엑스트라버진의 매캐한 목넘김을 익혀가는 단계라면, 스모키한 여운을 남기는 블랙 로얄로 가볍게 시작해보세요. ", "img3": "https://img-cf.kurly.com/shop/data/goodsview/20191226/gv40000075499_1.jpg", "option_name_list": [], "option_price_list": []},
{"img1": "https://img-cf.kurly.com/shop/data/goods/1577352634764y0.jpg", "name": "[꾸악] 화이트 삐구알 엑스트라버진500ml (2019-2020햇올리브)", "summary": "[스페인 햇올리브] 갓 깍은 잔디의 푸릇한 향", "price": "42,900원", "discount_rate": "35%", "unit": "1개", "amount": "500ml", "package": "상온/종이포장", "made_in": "", "img2": "https://img-cf.kurly.com/shop/data/goodsview/20191226/gv10000075471_1.jpg", "description": "엑스트라버진은 모두 목넘김이 무척 맵고 아릿할 거라는 고정관념을 깨줄 제품을 컬리가 준비했어요. 잔디밭에서 불어오는 바람을 맞는 듯 푸릇하고 싱그러운 풍미를 머금고 있지만 매캐함이 과하지 않은 화이트 피쿠알 엑스트라버진입니다. 진하고 쌉쌀한 맛을 가진 피쿠알(Picual) 품종 올리브로 만들었지만 꾸악만의 기술력으로 비교적 마일드한 퍼포먼스를 완성했지요. 엑스트라버진의 매력을 천천히 알아가는 입문자라면 특히 마음에 들 거예요. 오리가 연상되는 귀여운 디자인의 병에 넉넉한 양을 담았으니 매일매일 즐겨보세요. ", "img3": "https://img-cf.kurly.com/shop/data/goodsview/20191226/gv30000075473_1.jpg", "option_name_list": [], "option_price_list": []},
{"img1": "https://img-cf.kurly.com/shop/data/goods/1578293439650y0.jpg", "name": "[알마자라스] 파르께올리바 마라스카 엑스트라버진500ml", "summary": "잘 익은 과일과 쌉쌀함의 밸런스", "price": "19,800원", "discount_rate": 0, "unit": "1병", "amount": "500mL", "package": "상온/종이포장", "made_in": "", "img2": "https://img-cf.kurly.com/shop/data/goodsview/20200106/gv00000076726_1.jpg", "description": "스페인 안달루시아 지방의 대표 올리브 품종인 호지블랑카와 피쿠도를 블랜딩한 엑스트라버진을 소개할게요. 첫 향이 프루티한 편이에요. 과일향이 도드라지는 호지블랑카의 특성이 먼저 느껴지고 피쿠도의 쌉쌀한 풍미가 뒤따른답니다. 산도 0.18%의 신선함을 유지하기 위해 어두운 병 패키지를 선택한 것도 특징이죠. 과일, 풀, 매캐함의 밸런스가 잘 맞기에 초심자도 맛있게 먹을 수 있을 거예요. 매일 한 스푼씩 올리브 오일을 챙겨 먹고 싶을 때 선택해도 좋아요. ", "img3": "https://img-cf.kurly.com/shop/data/goodsview/20200106/gv00000076734_1.jpg", "option_name_list": [], "option_price_list": []},
{"img1": "https://img-cf.kurly.com/shop/data/goods/157829181898y0.jpg", "name": "[알마자라스]링콘 델라 수베티카 유기농엑스트라버진 2종(2019-2020햇올리브)", "summary": "[스페인 햇올리브] 월드베스트 유기농부문 1위 !  D.O.P 햇올리브!", "price": "48,000원", "discount_rate": 0, "unit": "1병", "amount": "250ml/500ml", "package": "상온/종이포장", "made_in": "", "img2": "https://img-cf.kurly.com/shop/data/goodsview/20200106/gv10000076706_1.jpg", "description": "스페인 안달루시아 지방의 대표 올리브 품종인 호지블랑카를 냉압착한 엑스트라버진을 소개할게요. 2017년부터 3년 연속 World's Best Olive Oils에서 GOLD를 수상한 제품이에요. 호지블랑카 특유의 과일향과 쌉쌀함, 매캐함을 오롯이 담고 있어 일각에서는 와인과도 같다는 평을 받고 있답니다. 목이 긴 형태의 세련된 패키지도 눈길을 끌지요. 산도 0.14%로 신선함의 극한을 맛보고 싶을 때 더욱 안성맞춤일 거예요. 전 세계 미슐랭 셰프들의 감탄을 자아낸 엑스트라버진을 지금 만나보세요.", "img3": "https://img-cf.kurly.com/shop/data/goodsview/20200106/gv20000076712_1.jpg", "option_name_list": [" [알마자라스] 링콘 델라 수베티카 유기농엑스트라버진 250ml", "[알마자라스] 링콘 델라 수베티카 유기농엑스트라버진 500ml"], "option_price_list": ["48,000원", "79,000원"]},
{"img1": "https://img-cf.kurly.com/shop/data/goods/1578293827902y0.jpg", "name": "[히스파수르] 클래식 엑스트라 버진 2종", "summary": "[MD추천] 무화과의 향과 가벼운 쌉쌀함", "price": "10,200원", "discount_rate": "15%", "unit": "1병", "amount": "옵션별 상이", "package": "상온/종이포장", "made_in": "", "img2": "https://img-cf.kurly.com/shop/data/goodsview/20200106/gv40000076747_1.jpg", "description": "엑스트라버진의 일반적인 특징은 싱그러운 향과 매캐한 목넘김이지요. 컬리는 여기에 쌉쌀함이 가미되어 한층 다채로운 풍미를 자랑하는 제품을 준비했어요. 스페인 시에라 수베티카 국립 공원에서 수확한 덜 익은 올리브를 냉압착한 오일이랍니다. 스페인을 대표하는 세 품종의 올리브를 블렌딩해 대중적이면서도 파워풀한 맛을 자랑해요. 산도 0.25%의 신선함이 오롯이 전달되도록 어두운 색의 병에 담은 것도 특징이죠. 본연의 향을 느끼기 좋도록 차가운 요리에 쓰기를 권해드리며, 가열 요리에 넣을 때는 서빙 직전 살짝 뿌려보세요. ", "img3": "https://img-cf.kurly.com/shop/data/goodsview/20200106/gv30000076749_1.jpg", "option_name_list": ["[히스파수르]클래식 엑스트라 버진 올리브 오일 250ml", "[히스파수르]클래식 엑스트라 버진 올리브 오일 500ml"], "option_price_list": ["12,000원", "21,000원"]},
{"img1": "https://img-cf.kurly.com/shop/data/goods/1578293664193y0.jpg", "name": "[히스파수르] 실버 엑스트라 버진 아르베키나 250ml", "summary": "달콤한 과일의 풍미와 쌉쌀함", "price": "21,600원", "discount_rate": "10%", "unit": "1병", "amount": "250mL", "package": "상온/종이포장", "made_in": "", "img2": "https://img-cf.kurly.com/shop/data/goodsview/20200106/gv10000076739_1.jpg", "description": "아르베키나 품종 올리브의 매력은 신선하면서도 풍성한 과일향이랍니다. 지금 소개하는 히스파수르의 실버 엑스트라버진은 아르베키나를 단독으로 사용해 본연의 향을 진하게 느낄 수 있는 제품이에요. 스페인 시에라 수베티카 국립 공원에서 수확한 덜 익은 올리브를 냉압착해서 담았습니다. 산도 0.25%의 신선함이 오롯이 전달되도록 어두운 색의 병에 담은 것도 특징이죠. 요리에 써도 물론 좋지만, 프루티한 향이 지배적인 만큼 디저트류와 페어링해도 잘 어울릴 거예요. ", "img3": "https://img-cf.kurly.com/shop/data/goodsview/20200106/gv10000076741_1.jpg", "option_name_list": [], "option_price_list": []}