{"img1": "https://img-cf.kurly.com/shop/data/goods/158450796393y0.jpg", "name": "[진미] 우리찹쌀 비빔양념장 280g", "summary": "입맛 돋워주는 새콤달콤함", "price": "6,500원", "discount_rate": 0, "unit": "1병", "amount": "280g", "package": "상온/종이포장", "made_in": "별도 표기", "img2": "https://img-cf.kurly.com/shop/data/goodsview/20200318/gv30000086028_1.jpg", "description": "맛있는 양념을 더해주면 평범한 요리도 특별해지지요. 밥부터 국수 요리까지, 두루 활용하는 양념으로 진미의 우리찹쌀 비빔양념장을 선택해 보세요. 우리찹쌀 비빔양념장은 밀가루 없이 국산 찹쌀과 고춧가루 등을 넣어 만든 제품인데요. 여기에 다섯 가지 국산 과일로 만든 농축액을 첨가해 매력적인 감칠맛을 자랑해요. 자극적이지 않은 새콤달콤함이 좋아 어떤 요리와도 찰떡궁합이랍니다.", "img3": "https://img-cf.kurly.com/shop/data/goodsview/20200318/gv30000086051_1.jpg", "option_name_list": [], "option_price_list": []},
{"img1": "https://img-cf.kurly.com/shop/data/goods/1584507203465y0.jpg", "name": "[진미] 우리쌀 쌈장", "summary": "쌈 요리를 위한 필수 재료", "price": "5,950원", "discount_rate": 0, "unit": "1통", "amount": "300g", "package": "상온/종이포장", "made_in": "별도 표기", "img2": "https://img-cf.kurly.com/shop/data/goodsview/20200318/gv10000086015_1.jpg", "description": "요리의 맛을 살려주는 양념으로 짭짤한 쌈장을 빼놓을 수 없지요. 고기나 쌈을 먹을 때 사용하는 쌈장으로 진미의 우리쌀 쌈장을 선택해 보세요. 우리쌀 쌈장은 밀가루 없이 국산 대두와 쌀로 만들어, 텁텁함은 줄고 감칠맛은 깊어졌어요. 여기에 마늘, 양파, 청양고추 등 갖은 양념을 첨가해 더 맛있게 즐길 수 있답니다. 잼 형태의 용기로 포장한 상품이라, 편리하게 사용하고 보관할 수 있어 더욱 만족스러울 거예요.", "img3": "https://img-cf.kurly.com/shop/data/goodsview/20200318/gv00000086018_1.jpg", "option_name_list": [], "option_price_list": []},
{"img1": "https://img-cf.kurly.com/shop/data/goods/1584507349711y0.jpg", "name": "[진미] 우리쌀 된장", "summary": "두루 사용하는 구수한 된장", "price": "4,950원", "discount_rate": "10%", "unit": "1통", "amount": "300g", "package": "상온/종이포장", "made_in": "별도 표기", "img2": "https://img-cf.kurly.com/shop/data/goodsview/20200318/gv40000086019_1.jpg", "description": "짭짤하고 고소한 된장은 나물무침부터 찌개 요리까지, 주방에서 빠질 수 없는 필수 식재료지요. 매일 쓰는 된장으로 진미의 우리쌀 된장을 선택해 보세요. 우리쌀 된장은 밀가루 없이 국산 대두와 쌀을 넣어 만든 제품인데요. 덕분에 입에 착 감기는 구수함과 깔끔한 감칠맛을 자랑한답니다. 잼 형태의 용기로 포장한 상품이라, 편리하게 사용하고 보관할 수 있어 더욱 만족스러울 거예요.", "img3": "https://img-cf.kurly.com/shop/data/goodsview/20200318/gv40000086022_1.jpg", "option_name_list": [], "option_price_list": []},
{"img1": "https://img-cf.kurly.com/shop/data/goods/1584507447469y0.jpg", "name": "[진미] 우리찹쌀 고추장", "summary": "국산 찹쌀로 만든 매콤 고추장", "price": "6,900원", "discount_rate": 0, "unit": "1통", "amount": "320g", "package": "상온/종이포장", "made_in": "별도 표기", "img2": "https://img-cf.kurly.com/shop/data/goodsview/20200318/gv40000086023_1.jpg", "description": "매콤 짭짤한 고추장은 반찬부터 볶음 요리까지, 다양하게 사용되는 만능 재료지요. 매일 쓰는 고추장으로 진미의 우리찹쌀 고추장을 선택해 보세요. 우리찹쌀 고추장은 밀가루 없이 국산 찹쌀과 고춧가루를 넣어 만든 제품인데요. 덕분에 찰진 식감과 깔끔한 감칠맛을 자랑한답니다. 잼 형태의 용기로 포장한 상품이라, 편리하게 사용하고 보관할 수 있어 더욱 만족스러울 거예요.", "img3": "https://img-cf.kurly.com/shop/data/goodsview/20200318/gv20000086026_1.jpg", "option_name_list": [], "option_price_list": []},
{"img1": "https://img-cf.kurly.com/shop/data/goods/1583992496393y0.jpg", "name": "[일호식] 소고기볶음 고추장 (냉동)", "summary": "입에 착 감기는 남다른 감칠맛", "price": "6,300원", "discount_rate": 0, "unit": "1통", "amount": "150g", "package": "냉동/종이포장", "made_in": "", "img2": "https://img-cf.kurly.com/shop/data/goodsview/20200312/gv20000085327_1.jpg", "description": "반찬부터 국까지, 고추장은 어디든 활용할 수 있는 만능 양념장이죠. 고추장만으로도 맛있는데, 일호식은 소고기를 넣고 달달 볶아 볶음 고추장을 만들었어요. 짭짤한 양념장에 고소한 고기 기름이 배어있어 더 깊은 감칠맛을 느낄 수 있답니다. 작게 썬 소고기와 표고버섯은 야들하니 씹는 재미까지 더해주지요. 쌈 채소뿐 아니라, 비빔밥이나 면 요리에 곁들이는 양념장으로 활용해도 좋을 거예요.", "img3": "https://img-cf.kurly.com/shop/data/goodsview/20200312/gv00000085331_1.jpg", "option_name_list": [], "option_price_list": []},
{"img1": "https://img-cf.kurly.com/shop/data/goods/1583989002111y0.jpg", "name": "[일호식] 두부쌈장 (냉동)", "summary": "담백하게 즐기는 이색 쌈장", "price": "4,900원", "discount_rate": 0, "unit": "1통", "amount": "150g", "package": "냉동/종이포장", "made_in": "", "img2": "https://img-cf.kurly.com/shop/data/goodsview/20200312/gv00000085295_1.jpg", "description": "자극적인 맛의 쌈장이 부담스러웠던 분들이라면, 일호식의 두부쌈장을 만나보세요. 일호식은 되직한 된장 양념에 작게 썬 두부를 섞어 쌈장을 만들었는데요. 국산 대두로 만든 두부를 사용해, 담백한 맛과 부드러운 식감이 일품이랍니다. 고기나 쌈 채소에 곁들여도 좋지만 따뜻한 쌀밥에 넣고 쓱 비벼 먹어도 맛있지요. 고소하고도 슴슴한 맛이 좋아 밥 한 그릇을 금세 비울 수 있을 거예요.", "img3": "https://img-cf.kurly.com/shop/data/goodsview/20200312/gv10000085299_1.jpg", "option_name_list": [], "option_price_list": []},
{"img1": "https://img-cf.kurly.com/shop/data/goods/1581914456763y0.jpg", "name": "[권영원 소담정찬] 황기 고추장 400g", "summary": "구수한 풍미가 깃든 고추장", "price": "15,000원", "discount_rate": 0, "unit": "1통", "amount": "400g", "package": "냉장/종이포장", "made_in": "별도 표기", "img2": "https://img-cf.kurly.com/shop/data/goodsview/20200217/gv20000081516_1.jpg", "description": "고추장은 쓰임새가 무척 다양하지만 막상 맛을 세심히 따져 고르지는 않게 되지요. 하지만 잘 만든 고추장을 한 번 맛보고 나면 생각이 달라질 텐데요. 권영원 소담정찬의 황기 고추장을 컬리에서 만나보세요. 고춧가루와 황기 분말, 메주가루, 옥수수 조청 등을 절묘하게 배합하여 담근 고추장이랍니다. 뒷맛이 한결 깔끔한 데다 구수한 풍미와 감칠맛이 배어 있기에 요리에 맛을 더 끌어올릴 수 있어요. 각종 양념 재료로 사용되는 것은 물론 고기나 채소를 찍어 먹을 때 꺼내도 유용할 거예요.  ", "img3": "https://img-cf.kurly.com/shop/data/goodsview/20200217/gv40000081519_1.jpg", "option_name_list": [], "option_price_list": []},
{"img1": "https://img-cf.kurly.com/shop/data/goods/1581303042222y0.jpg", "name": "[다담] 찌개 양념장 6종", "summary": "원하는 재료와 함께 뚝딱 끓여내는 간편 찌개!", "price": "1,480원", "discount_rate": 0, "unit": "1봉", "amount": "제품별상이", "package": "냉장/종이포장", "made_in": "", "img2": "https://img-cf.kurly.com/shop/data/goodsview/20200210/gv20000080837_1.jpg", "description": "매일같이 식탁에 올라오는 찌개지만, 사실 마음에 딱 맞는 깊은 맛을 내기란 쉬운 일이 아니죠. 바쁠 때 간편하게 찌개를 완성할 수 있는 다담의 찌개 양념장을 소개할게요. 어울리는 다양한 채소와 두부만 준비한 다음, 양념과 물을 넣고 끓이기만 하면 언제 어디서나 찌개가 뚝딱 완성되는 유용한 양념장이죠. 물 조절에 실패할 일이 없도록 봉지에 표시선을 두었으니 계량컵도 필요없어요. 냉이 된장찌개부터 강된장, 집에서 맛을 내기 힘든 부대찌개까지 6가지 양념장을 준비했으니, 가벼운 마음으로 여러 가지 찌개를 차려내 보세요.", "img3": "https://img-cf.kurly.com/shop/data/goodsview/20200210/gv40000080839_1.jpg", "option_name_list": ["[다담] 정통된장찌개 양념", "[다담] 냉이된장찌개 양념", "[다담] 우렁강된장 양념", "[다담] 순두부찌개 양념", "[다담] 청국장찌개 양념", "[다담] 부대찌개 양념"], "option_price_list": ["1,480원", "1,480원", "1,480원", "1,480원", "1,480원", "1,480원"]},
{"img1": "https://img-cf.kurly.com/shop/data/goods/1579585740700y0.jpg", "name": "[풀무원] 다진마늘 2종", "summary": "간편하게 사용하는 다진마늘", "price": "3,200원", "discount_rate": 0, "unit": "1개", "amount": "옵션별 상이", "package": "냉장/종이포장", "made_in": "", "img2": "https://img-cf.kurly.com/shop/data/goodsview/20200121/gv40000078962_1.jpg", "description": "국이나 볶음 요리를 할 때, 더 깊은 맛을 내기 위해 마늘을 찾게 되는데요. 마늘의 껍질을 까고 요리에 알맞게 다져내는 일은 참 번거롭지요. 수고를 덜어줄 풀무원의 다진마늘 2종을 소개합니다. 알이 튼실한 국산 마늘을 곱게 다진 뒤, 사용이 간편한 용기에 포장한 제품이에요. 용도와 사용 빈도에 따라 고를 수 있도록 두 가지 타입의 제품을 준비했답니다. 풀무원의 다진마늘을 활용하여, 더 쉽고 편리하게 요리해 보세요.", "img3": "https://img-cf.kurly.com/shop/data/goodsview/20200121/gv30000078964_1.jpg", "option_name_list": ["[풀무원] 다진마늘 튜브 80g", "[풀무원] 국산 다진마늘 150g"], "option_price_list": ["3,200원", "4,780원"]},
{"img1": "https://img-cf.kurly.com/shop/data/goods/1577674512742y0.jpg", "name": "[소보꼬] 한우볶음고추장 2종", "summary": "소고기가 소복소복 씹히는 고추장", "price": "15,000원", "discount_rate": 0, "unit": "BT", "amount": "250g", "package": "냉장/종이포장", "made_in": "", "img2": "https://img-cf.kurly.com/shop/data/goodsview/20191230/gv00000075737_1.jpg", "description": "볶음 고추장은 하나 가지고 있으면 쓰임이 참 높아요. 각종 요리의 양념에 사용되는 것은 물론 따뜻한 밥에 슥슥 비벼 먹기만 해도 별미지요. 컬리가 소개하는 볶음 고추장은 한우가 넉넉히 사용되어 한층 깊은 장맛을 자아내는 고추장이에요. 전통과 현대의 조화를 추구하는 브랜드, 소보꼬가 전하는 제품입니다. 고온의 솥에 고추장과 잘게 썬 한우를 볶아냈기에 소복소복 씹히는 소고기의 매력이 한층 돋보일 거예요. 매콤달콤한 오리지널 고추장과 강력한 매운맛을 선사할 리얼핫 고추장 2종으로 준비했으니 취향에 따라 골라가세요. ", "img3": "https://img-cf.kurly.com/shop/data/goodsview/20191230/gv00000075743_1.jpg", "option_name_list": ["[소보꼬] 한우볶음고추장 오리지널", "[소보꼬] 한우볶음고추장 리얼핫"], "option_price_list": ["14,000원", "15,000원"]},
{"img1": "https://img-cf.kurly.com/shop/data/goods/1577674676117y0.jpg", "name": "[소보꼬] 전복볶음고추장", "summary": "전복의 깊은 풍미가 깃든", "price": "21,000원", "discount_rate": 0, "unit": "BT", "amount": "250g", "package": "냉장/종이포장", "made_in": "", "img2": "https://img-cf.kurly.com/shop/data/goodsview/20191230/gv00000075744_1.jpg", "description": "볶음 고추장은 하나 가지고 있으면 쓰임이 참 높아요. 각종 요리의 양념에 사용되는 것은 물론 따뜻한 밥에 슥슥 비벼 먹기만 해도 별미니까요. 컬리는 해산물의 짙은 풍미가 어우러진 볶음고추장을 소개할게요. 전통과 현대의 조화를 추구하는 브랜드, 소보꼬가 전하는 전복볶음고추장이에요. 고온의 솥에 고추장과 잘게 썬 국산 전복을 함께 볶아냈기에 한층 깊은 장맛을 선사합니다. 평소 볶음고추장을 즐겨 드시는 분이라면 전복볶음고추장이 전하는 색다른 풍미를 느껴보세요. ", "img3": "https://img-cf.kurly.com/shop/data/goodsview/20191230/gv40000075748_1.jpg", "option_name_list": [], "option_price_list": []},
{"img1": "https://img-cf.kurly.com/shop/data/goods/1577674256528y0.jpg", "name": "[소보꼬] 한우볶음고추장 Air (기내용)", "summary": "언제 어디서든 간편하게 즐기는", "price": "14,900원", "discount_rate": 0, "unit": "PK", "amount": "30g x 8ea", "package": "냉장/종이포장", "made_in": "", "img2": "https://img-cf.kurly.com/shop/data/goodsview/20191230/gv10000075732_1.jpg", "description": "따뜻한 밥에 볶음 고추장을 슥슥 비벼 먹기만 해도 별미예요. 전통과 현대의 조화를 추구하는 브랜드, 소보꼬는 여행 시 챙겨 가기 좋은 한우볶음고추장 세트를 기획했어요. 볶음 고추장은 한우가 넉넉히 사용되어 한층 깊은 장맛을 자아내는데요. 스틱 형태의 패키지에 소용량을 담아 포장했어요. 기내에 반입할 수 있는 것은 물론 밥 한 공기에 뿌려 먹기에 딱 알맞은 사이즈를 자랑하지요. 장기간 출장을 갈 때 챙겨 가거나 외국인 친구에게 한국의 맛을 전할 선물로도 추천하고 싶어요.", "img3": "https://img-cf.kurly.com/shop/data/goodsview/20191230/gv10000075736_1.jpg", "option_name_list": [], "option_price_list": []},
{"img1": "https://img-cf.kurly.com/shop/data/goods/1577674980559y0.jpg", "name": "[바로끄] 바로 끓여먹는 한우볶음된장(250g)", "summary": "소고기가 선사하는 깊은 장맛", "price": "14,000원", "discount_rate": 0, "unit": "BT", "amount": "250g", "package": "냉장/종이포장", "made_in": "", "img2": "https://img-cf.kurly.com/shop/data/goodsview/20191230/gv30000075754_1.jpg", "description": "바로끄는 바로 끓여 먹는 된장을 일컫는 말이에요. 전통과 현대의 조화를 추구하는 브랜드, 소보꼬가 만든 된장에 붙여진 이름이기도 하지요. 두루두루 활용도가 좋은 한우볶음된장을 컬리에서 만나보세요. 한우를 잘게 썬 뒤 고온의 솥에 된장과 멸치가루, 새우가루, 표고버섯 등을 함께 넣고 휘리릭 볶아낸 된장입니다. 된장찌개와 강된장을 손쉽게 만들 수 있는 것은 물론 그 자체로 쌈장의 역할을 대신해줄 테니 하나쯤 꼭 챙겨두세요.", "img3": "https://img-cf.kurly.com/shop/data/goodsview/20191231/gv00000076026_1.jpg", "option_name_list": [], "option_price_list": []},
{"img1": "https://img-cf.kurly.com/shop/data/goods/1577326403817y0.jpg", "name": "[와이낫] 이탈리안 드레싱 소스 3종", "summary": "요리의 품격을 높여줄 만능 소스", "price": "3,500원", "discount_rate": 0, "unit": "1병", "amount": "150mL", "package": "상온/종이포장", "made_in": "", "img2": "https://img-cf.kurly.com/shop/data/goodsview/20191226/gv10000075317_1.jpg", "description": "'드레싱 소스는 샐러드에만 뿌려 먹어야 한다'는 고정관념을 깨줄 제품을 소개할게요. 100년이 넘는 전통을 자랑하는 이탈리안 와인 브랜드, 와이낫의 이탈리안 드레싱 소스 3종입니다. 와인 브랜드가 만든 드레싱 소스답게 와인 식초를 넣고 만들었죠. 컬리는 요리에 활용도가 높은 세 가지 제품을 준비했는데요. 상큼한 풍미를 돋우어줄 레몬 소스부터 강렬함을 머금은 트러플 소스, 로즈마리와 마늘의 조화가 돋보이는 갈릭 앤 로즈마리까지 다양하게 만나보세요. 샐러드부터 스테이크까지 여러 가지 요리에 넣어 품격을 높여보세요.", "img3": "https://img-cf.kurly.com/shop/data/goodsview/20191226/gv10000075322_1.jpg", "option_name_list": ["와이낫 트러플 소스", " 와이낫 레몬 소스", "와이낫 갈릭 앤 로즈마리"], "option_price_list": ["3,500원", "3,500원", "3,500원"]},
{"img1": "https://img-cf.kurly.com/shop/data/goods/1577340541937y0.jpg", "name": "[비비베르데] 유기농 스위트콘", "summary": "유럽의 까다오운 유기농 인증을 거친 NON GMO 유기농 옥수수 스위트콘", "price": "3,500원", "discount_rate": 0, "unit": "1통", "amount": "160g / 고형량 140g", "package": "상온/종이포장", "made_in": "", "img2": "https://img-cf.kurly.com/shop/data/goodsview/20191226/gv10000075375_1.jpg", "description": "톡톡 터지는 스위트콘을 걱정 없이 마음껏 즐기고 싶다면, 비비베르데를 만나보세요. 이탈리아의 대표적인 소비자협동조합 'Coop'의 사랑을 한 몸에 받는 유기농 브랜드, 비비베르데의 유기농 스위트콘입니다. 유럽의 까다로운 유기농 인증을 거친 옥수수만을 사용할 뿐더러, 갓 수확한 옥수수를 즉시 가공해 스위트콘으로 만드는데요. 어떤 식품첨가물도 넣지 않고 빚어냈기에 안심하고 즐길 수 있답니다. 자연스러운 옥수수 본연의 풍미가 살아있어, 생으로 섭취해도 알알이 탱글한 식감이 전해지지요. 이유식, 샐러드, 콘치즈, 수프 등 원하는 요리에 다채롭게 활용해 보세요.", "img3": "https://img-cf.kurly.com/shop/data/goodsview/20191226/gv30000075378_1.jpg", "option_name_list": [], "option_price_list": []},
{"img1": "https://img-cf.kurly.com/shop/data/goods/1577342505216y0.jpg", "name": "[비비베르데] 유기농 발효 사과식초", "summary": "시간을 머금은 톡 쏘는 새콤함!", "price": "8,500원", "discount_rate": 0, "unit": "1병", "amount": "500mL", "package": "상온/종이포장", "made_in": "", "img2": "https://img-cf.kurly.com/shop/data/goodsview/20191226/gv40000075391_1.jpg", "description": "사과는 맛이며 영양까지 어느 것 하나 빼놓을 수 없는 과일이지요. 컬리가 소개하는 비비베르데의 식초는 유기농 사과의 영양이 그대로 녹아있는 발효 식초예요. 발효 과정에서 자연스레 생성되는 '초모'가 바로 특별함을 만듭니다. 정제 과정이나 저온 살균을 거치지 않아 초모가 그대로 살아 있는데요. 덕분에 유기산과 펙틴, 칼륨 등 미네랄을 고스란히 즐길 수 있지요. 정성스레 재배한 유기농 사과임은 물론, 식품첨가물 없이 완성해 더욱 안심하고 즐길 수 있고요. 드레싱으로 만들어 요리에 더하거나, 그대로 물에 타 드셔보세요. 기분좋은 신맛과 함께 새콤한 풍미를 즐길 수 있을 거예요. ", "img3": "https://img-cf.kurly.com/shop/data/goodsview/20191226/gv20000075397_1.jpg", "option_name_list": [], "option_price_list": []}