{"img1": "https://img-cf.kurly.com/shop/data/goods/1585638260289y0.jpg", "name": "[마포식품] 生메밀맛 국수", "summary": "구수한 풍미의 메밀맛 생면", "price": "2,700원", "discount_rate": "10%", "unit": "1봉", "amount": "450g", "package": "냉장/종이포장", "made_in": "", "img2": "https://img-cf.kurly.com/shop/data/goodsview/20200331/gv20000088216_1.jpg", "description": "메밀 국수는 구수한 맛이 매력적이지만, 다소 거칠고 끊기는 식감을 가지고 있죠. 그렇다면 메밀 향은 느껴지면서도 쫄깃하고 부드러운 국수는 어떨까요. 마포식품은 정통 수타면 비법을 사용한 생면에 메밀 특유의 맛을 더해 메밀맛 국수를 만들었어요. 입 안 가득 퍼지는 메밀 맛과 생면의 탱글한 식감까지 풍성하게 즐길 수 있답니다. 이제 다양한 메밀 국수 요리를 집에서도 간편하게 조리해보세요. ", "img3": "https://img-cf.kurly.com/shop/data/goodsview/20200401/gv20000088488_1.jpg", "option_name_list": [], "option_price_list": []},
{"img1": "https://img-cf.kurly.com/shop/data/goods/1585638483458y0.jpg", "name": "[마포식품] 生냉사리", "summary": "두께가 얇고 쫄깃한 생면", "price": "2,660원", "discount_rate": "5%", "unit": "1봉", "amount": "450g", "package": "냉장/종이포장", "made_in": "", "img2": "https://img-cf.kurly.com/shop/data/goodsview/20200331/gv00000088227_1.jpg", "description": "소면과 같이 얇은 두께의 면을 신선한 생면으로 맛보고 싶다면, 마포식품의 냉사리를 추천할게요. 마포식품의 40년 전통 수타면 비법으로 만드는 냉사리는 강력분이 첨가되어 더욱 쫄깃한 식감을 자랑해요. 그러면서도 면을 만드는 데 꼭 필요한 재료 이외의 식품첨가물은 전혀 들어가지 않아 안심하고 즐길 수 있지요. 냉사리를 끓는 물에 간단히 삶아 씻어준 후 취향에 따라 다양한 요리로 맛보세요. 새콤한 비빔국수나 뜨끈한 잔치국수, 곰탕에 넣는 면 사리까지 탱탱한 생면 하나로 더욱 근사해질 거예요.", "img3": "https://img-cf.kurly.com/shop/data/goodsview/20200401/gv30000088487_1.jpg", "option_name_list": [], "option_price_list": []},
{"img1": "https://img-cf.kurly.com/shop/data/goods/1582692733607y0.jpg", "name": "[오뚜기] 라면사리 멀티 (110gX5)", "summary": "언제 어디서나 활용도 만점 라면사리(110gx5개입)", "price": "1,490원", "discount_rate": 0, "unit": "봉", "amount": "110gx5개입", "package": "상온/종이포장", "made_in": "별도표기", "img2": "https://img-cf.kurly.com/shop/data/goodsview/20200226/gv30000082845_1.jpg", "description": "찌개나 전골을 먹을 때, 건더기를 다 먹은 후에도 어쩐지 속이 허전함을 느꼈던 적이 있었을 텐데요. 그럴 때 오뚜기 라면사리를 넣어, 요리를 더 푸짐하게 즐겨보세요. 요리를 다 먹어갈 즘에 라면사리를 넣고 한소끔 끓여주면 완성이지요. 꼬들꼬들한 면에 국물이 배어 들어, 마지막까지 만족스럽게 즐길 수 있을 거예요.", "img3": "https://img-cf.kurly.com/shop/data/goodsview/20200226/gv30000082848_1.jpg", "option_name_list": [], "option_price_list": []},
{"img1": "https://img-cf.kurly.com/shop/data/goods/1582093412372y0.jpg", "name": "[풀무원] 생칼국수", "summary": "간편하게 사용하는 생면", "price": "2,000원", "discount_rate": 0, "unit": "1봉", "amount": "320g", "package": "냉장/종이포장", "made_in": "", "img2": "https://img-cf.kurly.com/shop/data/goodsview/20200219/gv00000082042_1.jpg", "description": "쫄깃한 면 요리를 집에서도 즐기고 싶다면, 풀무원의 생칼국수를 선택해 보세요. 손으로 반죽한 것처럼 자연스러운 모양과 탱글한 식감이 매력적인 생면인데요. 오래 끓여도 쉽게 끊어지지 않아 마지막까지 맛있게 먹을 수 있지요. 생칼국수를 활용해 바지락이나 닭고기 등, 다양한 재료를 넣고 뜨끈한 칼국수 한 그릇을 만들어 보세요. 2인에 딱 맞는 소용량으로 포장된 상품이라 남길 걱정 없이 즐길 수 있어 더욱 편리하답니다.", "img3": "https://img-cf.kurly.com/shop/data/goodsview/20200219/gv20000082046_1.jpg", "option_name_list": [], "option_price_list": []},
{"img1": "https://img-cf.kurly.com/shop/data/goods/1581668481685y0.jpg", "name": "[오뚜기] 채황 라면 4입", "summary": "비건인증을 받은 채황 라면 4입 (110g x 4EA)", "price": "3,980원", "discount_rate": 0, "unit": "1봉", "amount": "110gx4개입", "package": "상온/종이포장", "made_in": "별도표기", "img2": "https://img-cf.kurly.com/shop/data/goodsview/20200214/gv00000081476_1.jpg", "description": "비건이거나 동물성 재료에 민감한 분이라면 라면 섭취는 당연히 꺼릴 수밖에 없죠. 오뚜기의 채황 라면이라면 이야기가 조금 달라질 텐데요. 동물성 원료는 일절 사용하지 않고, 채소로 담백하고 깔끔하게 국물을 우려낸 라면이기 때문이에요. 감칠맛의 비결인 고기 대신 표고버섯을 넣어 그 맛을 깊숙이 채워 넣었답니다. 비건 인증까지 획득한 제품이니 마음 놓고 드셔도 좋아요. 라면을 부담 없이 드시고 싶은 날, 채황 라면 한 그릇이라면 만족스러울 거예요. ", "img3": "https://img-cf.kurly.com/shop/data/goodsview/20200214/gv20000081480_1.jpg", "option_name_list": [], "option_price_list": []},
{"img1": "https://img-cf.kurly.com/shop/data/goods/1580702729775y0.jpg", "name": "[디벨라] 동압출 숏파스타 6종", "summary": "소스가 잘 스며드는 숏파스타", "price": "3,600원", "discount_rate": 0, "unit": "1봉", "amount": "옵션별 상이", "package": "상온/종이포장", "made_in": "", "img2": "https://img-cf.kurly.com/shop/data/goodsview/20200203/gv20000079932_1.jpg", "description": "파스타 면을 만들 때 재료와 건조 과정 만큼이나 면의 압출 방식도 중요해요. 어떤 성형 틀에 면을 뽑느냐에 따라 면의 삶기나 소스의 배임 정도 등이 확연히 달라지지요. 120년 전통의 파스타 명가, 디벨라는 동압출 방식으로 파스타 면을 완성합니다. 면이 쉽게 퍼지지 않도록 돕는 세몰리나 듀럼밀만을 재료로 사용하여 반죽을 만들고, 청동 재질의 틀로 면을 뽑아내요. 표면이 거칠어지기에 소스가 잘 스며들고, 면의 굵기도 일정하여 파스타 면이 균일하게 삶아진다는 점을 눈으로 확인할 수 있을 거예요. 그중에서도 다채로운 모양으로 빚어낸 숏파스타를 6가지로 선보일게요. 어울리는 소스를 더해 나만의 파스타를 완성해 보세요. ", "img3": "https://img-cf.kurly.com/shop/data/goodsview/20200203/gv30000079941_1.jpg", "option_name_list": ["[디벨라] 동압출 펜네", "[디벨라] 동압출 푸실리", "[디벨라] 동압출 엘리코이달리", "[디벨라] 동압출 카바텔리", "[디벨라] 동압출 뇨케티 사르디", "[디벨라] 동압출 판타체"], "option_price_list": ["3,600원", "3,600원", "3,600원", "3,600원", "3,600원", "3,600원"]},
{"img1": "https://img-cf.kurly.com/shop/data/goods/1580702928430y0.jpg", "name": "[디벨라] 동압출 롱파스타 4종", "summary": "", "price": "2,900원", "discount_rate": 0, "unit": "1봉", "amount": "옵션별 상이", "package": "상온/종이포장", "made_in": "", "img2": "https://img-cf.kurly.com/shop/data/goodsview/20200203/gv20000079927_1.jpg", "description": "좋은 파스타 면의 기준을 논할 때 재료나 건조 과정 만큼이나 면의 압출 방식도 중요해요. 어떤 성형 틀에 면을 뽑느냐에 따라 면의 삶기나 소스의 배임 정도 등이 확연히 달라지는데, 이는 파스타의 맛을 좌우하지요. 120년 전통의 파스타 명가, 디벨라는 동압출 방식으로 파스타 면을 완성합니다. 면이 쉽게 퍼지지 않도록 돕는 세몰리나 듀럼밀만을 재료로 사용하여 반죽을 만들고, 청동 재질의 틀로 면을 길게 뽑아내요. 표면이 거칠어지기에 소스가 잘 스며들고, 면의 굵기도 일정하여 파스타 면이 균일하게 삶아진다는 점을 눈으로 확인할 수 있을 거예요. 쓰임새가 높은 4가지의 롱파스타를 골라 준비했으니 그 맛의 차이를 실감해 보세요. ", "img3": "https://img-cf.kurly.com/shop/data/goodsview/20200203/gv40000079946_1.jpg", "option_name_list": [" [디벨라] 동압출 스파게티", "[디벨라] 동압출 스파게토니", "[디벨라] 동압출 링귀네", "[디벨라] 동압출 콰드라티"], "option_price_list": ["2,900원", "2,900원", "2,900원", "2,900원"]},
{"img1": "https://img-cf.kurly.com/shop/data/goods/1580954752197y0.jpg", "name": "[알도] 오징어먹물 치타리네", "summary": "바다향을 더한 이탈리안 파스타", "price": "13,500원", "discount_rate": 0, "unit": "1팩", "amount": "250g", "package": "상온/종이포장", "made_in": "", "img2": "https://img-cf.kurly.com/shop/data/goodsview/20200206/gv40000074320_1.jpg", "description": "색다른 파스타를 찾고 있었다면, 새까만 오징어 먹물로 색을 내어 반질반질한 윤기가 도는 파스타는 어떨까요. 컬리가 선보이는 파스타 디 알도의 파스타는 이탈리아 중북부, 아드리아 해안에 자리한 마르케 지방의 전통적인 에그 파스타 중에서도 높은 수준의 파스타의 전형을 보여주죠. 물 없이 계란과 듀럼밀의 배아를 분쇄한 세몰리나로만 반죽하고 오징어 먹물을 더했어요. 삶으면 더욱 새까맣게 되는 파스타의 색이 매력적이죠. 또 면을 삶는 동안 김에서 바다내음이 배어나 조리하는 시간마저도 즐거울 거예요. 누구나 맛있게 조리할 수 있는 알도의 파스타로 전문가 못지않은 솜씨를 뽐내 보세요.", "img3": "https://img-cf.kurly.com/shop/data/goodsview/20191220/gv30000074323_1.jpg", "option_name_list": [], "option_price_list": []},
{"img1": "https://img-cf.kurly.com/shop/data/goods/1580955679563y0.jpg", "name": "[알도] 치타리네", "summary": "균형잡힌 이탈리안 에그 파스타", "price": "12,500원", "discount_rate": 0, "unit": "1팩", "amount": "250g", "package": "상온/종이포장", "made_in": "", "img2": "https://img-cf.kurly.com/shop/data/goodsview/20200206/gv20000074329_1.jpg", "description": "파스타 요리는 좋은 파스타 면을 선택하는 것으로부터 시작한다고 하죠. 컬리가 선보이는 파스타 디 알도의 파스타는 이탈리아 중북부, 아드리아 해안에 자리한 마르케 지방의 전통적인 에그 파스타 중에서도 높은 수준의 파스타의 전형을 보여주죠. 물 없이 계란과 듀럼밀의 배아를 분쇄한 세몰리나로만 반죽하고, 저온에서 자연 건조를 거쳤어요. 알도의 치타리네는 개성이 뚜렷한 소스와 잘 어우러지기도 하지만, 파스타 자체의 맛이 풍부하고 면발이 살아 있는 듯해요. 누구나 맛있게 조리할 수 있는 파스타로 전문가 못지않은 솜씨를 뽐내 보세요.", "img3": "https://img-cf.kurly.com/shop/data/goodsview/20191220/gv10000074333_1.jpg", "option_name_list": [], "option_price_list": []},
{"img1": "https://img-cf.kurly.com/shop/data/goods/1577682514291y0.jpg", "name": "[알치네로] 이탈리아 유기농 베이비 파스타", "summary": "스펠트 밀로 만든 아이를 위한 별 모양 파스타!", "price": "7,600원", "discount_rate": 0, "unit": "1팩", "amount": "500g", "package": "상온/종이포장", "made_in": "", "img2": "https://img-cf.kurly.com/shop/data/goodsview/20191230/gv40000075766_1.jpg", "description": "아이들은 파스타를 참 좋아해요. 각양각색의 면을 가지고 장난을 치거나 호로록 먹는 모습은 웃음을 자아내지요. 컬리는 내 아이에게 마음 놓고 줄 수 있는 알치네로의 유기농 파스타를 소개할게요. 알치네로는 이탈리아 각 지역에서 생산된 유기농 농산물만을 엄선하여 원재료로 사용하는데요. 아주 오래된 밀 품종인 유기농 스펠트밀을 사용했음은 물론, 깜찍한 별 모양으로 만든 매우 작은 크기의 파스타라서 흥미를 유발하죠. 깨끗한 맛의 유기농 베이비 파스타로 아이에게 즐거운 식탁을 선사하세요.", "img3": "https://img-cf.kurly.com/shop/data/goodsview/20191230/gv20000075770_1.jpg", "option_name_list": [], "option_price_list": []},
{"img1": "https://img-cf.kurly.com/shop/data/goods/1575956657994y0.jpg", "name": "[무띠] 이탈리아 홈메이드 파스타 소스 3종", "summary": "갓 수확한 토마토 맛 그대로! 손쉽게 완성하는 이탈리아의 맛", "price": "4,900원", "discount_rate": 0, "unit": "1병", "amount": "400g", "package": "상온/종이포장", "made_in": "", "img2": "https://img-cf.kurly.com/shop/data/goodsview/20191210/gv00000072125_1.jpg", "description": "1899년부터 토마토 하나에만 집중해온 브랜드가 있습니다. 바로 이탈리아의 토마토 가공품 브랜드 무띠인데요, 'Only tomato, much more than tomato'를 외치며 최고의 토마토를 재배하는 데 힘쓰고 있죠. 컬리가 준비한 무띠의 '이탈리아 홈메이드 파스타 소스 3종'은 이런 사명 아래 자란 이탈리아산 토마토만을 사용해 만들어졌어요. 완숙 상태의 토마토를 최적 시기에 수확했을 뿐만 아니라, 수확한 토마토가 가공되기까지의 시간을 줄여 품질을 지켰답니다. 보존료를 첨가하지 않아 안심하고 즐길 수 있을 거예요.", "img3": "https://img-cf.kurly.com/shop/data/goodsview/20191210/gv00000072131_1.jpg", "option_name_list": ["[무띠] 페퍼론치노 칠리 소스", "[무띠] 파르미지아노 레지아노 치즈 소스", "[무띠] 올리브 소스"], "option_price_list": ["4,900원", "4,900원", "4,900원"]},
{"img1": "https://img-cf.kurly.com/shop/data/goods/1574933348469y0.jpg", "name": "[지롤로모니] 유기농 숏 파스타 2종", "summary": "유기농 듀럼밀로 뽑아낸 일품 면", "price": "3,900원", "discount_rate": 0, "unit": "1개", "amount": "", "package": "상온/종이포장", "made_in": "", "img2": "https://img-cf.kurly.com/shop/data/goodsview/20191128/gv10000070211_1.jpg", "description": "이탈리아인에게 스파게티 면은 쌀과 같은 존재죠. 유기농 쌀이 높은 대접을 받는 것처럼 유기농 스파게티도 특별할 수 밖에 없는데요. 지롤로모니는 자신들이 직접 관리하는 농장에서 유기농으로 재배한 듀럼밀만을 가지고 면을 만들어 냅니다. 밀 재배는 물론이고 도정과 건조까지 관할하여 깐깐하게 품질에 신경을 쓰지요. 건조 시간이 오래 걸리더라도 '저온 건조'를 고수하여 듀럼밀 고유의 풍미를 보존하는 것도 지롤로모니의 철학입니다. 이번에 소개하는 지롤로모니의 파스타는 면 자체가 짧고 귀여운 데다가 소스가 잘 스며들어 요리에 두루두루 활용하기 제격이에요. ", "img3": "https://img-cf.kurly.com/shop/data/goodsview/20191128/gv20000070221_1.jpg", "option_name_list": [" [지롤로모니] 유기농 펜네", "[지롤로모니] 유기농 푸실리"], "option_price_list": ["3,900원", "3,900원"]},
{"img1": "https://img-cf.kurly.com/shop/data/goods/157493367256y0.jpg", "name": "[지롤로모니] 유기농 롱 파스타 2종", "summary": "당당한 이탈리안 유기농 파스타", "price": "3,900원", "discount_rate": 0, "unit": "1개", "amount": "", "package": "상온/종이포장", "made_in": "", "img2": "https://img-cf.kurly.com/shop/data/goodsview/20191128/gv10000070224_1.jpg", "description": "이탈리아인에게 스파게티 면은 쌀과 같은 존재죠. 유기농 쌀이 높은 대접을 받는 것처럼 유기농 스파게티도 특별할 수 밖에 없는데요. 지롤로모니는 자신들이 직접 관리하는 농장에서 유기농으로 재배한 듀럼밀만을 가지고 면을 만들어 냅니다. 밀 재배는 물론이고 도정과 건조까지 관할하여 깐깐하게 품질에 신경을 쓰지요. 건조 시간이 오래 걸리더라도 '저온 건조'를 고수하여 듀럼밀 고유의 풍미를 보존하는 것도 지롤로모니의 철학입니다. 지롤로모니의 롱 파스타 면으로 요리를 해보세요. 면을 삶아보면 면발 자체가 탄탄하고 소스와의 조화가 뛰어나다는 걸 알 수 있을 거예요. ", "img3": "https://img-cf.kurly.com/shop/data/goodsview/20191128/gv20000070233_1.jpg", "option_name_list": ["[지롤로모니] 유기농 스파게티", "[지롤로모니] 유기농 스파게티니"], "option_price_list": ["3,900원", "3,900원"]},
{"img1": "https://img-cf.kurly.com/shop/data/goods/1574148017846y0.jpg", "name": "[모노키친] 차슈가 들어간 미소라멘", "summary": "구수하고 든든한 한 그릇 요리", "price": "10,500원", "discount_rate": 0, "unit": "1팩", "amount": "450g", "package": "냉동/종이포장", "made_in": "", "img2": "https://img-cf.kurly.com/shop/data/goodsview/20191119/gv30000068672_1.jpg", "description": "미소라멘은 진하게 우러난 돼지 육수에 미소의 구수함까지 더해진 메뉴예요. 느끼함을 말끔하게 잡아주면서도 깊은 육수의 맛은 그대로 간직하고 있기 때문에 인기가 많지요. 컬리는 집에서 간편하게 드실 수 있는 모노키친의 차슈가 들어간 미소라멘을 준비했습니다. 탱글한 면의 식감 그대로 담아낸 생면과 미소 소스. 여기서 그치지 않고 고명으로 올려 드실 수 있는 차슈와 대파까지 함께 보내드리는 상품이에요. 조리법에 간편해 요리 초보자 분들도 손쉽게 만들어 드실 수 있답니다. 번거로움과는 거리를 두면서도 완성도 높은 한 그릇 요리를 맛보고 싶은 날을 위해 준비해보세요.", "img3": "https://img-cf.kurly.com/shop/data/goodsview/20191119/gv30000068676_1.jpg", "option_name_list": [], "option_price_list": []},
{"img1": "https://img-cf.kurly.com/shop/data/goods/157414811956y0.jpg", "name": "[모노키친] 차슈가 들어간 돈꼬츠라멘", "summary": "손쉽게 즐기는 사골의 깊은 맛", "price": "10,500원", "discount_rate": 0, "unit": "1팩", "amount": "450g", "package": "냉동/종이포장", "made_in": "", "img2": "https://img-cf.kurly.com/shop/data/goodsview/20191119/gv00000068677_1.jpg", "description": "라멘은 호로록 가볍게 먹을 수 있음과 동시에, 진한 육수와 고명의 든든함까지 느낄 수 있는 메뉴인데요. 모노키친은 간편하게 끓여 드실 수 있는 차슈가 들어간 돈꼬츠라멘을 선보입니다. 뽀얀 돼지 사골 육수가 전하는 깊고 진한 고소함을 그대로 느낄 수 있는 상품이에요. 면의 탱글탱글한 식감까지 놓치지 않기 위해 가늘고 얇은 생면을 선택했지요. 요리 초보자들도 손쉽게 완성할 수 있을 정도로 조리법 또한 단순하답니다. 이름 그대로 간장에 절인 감칠맛 나는 차슈까지 함께 보내드리니, 고명 준비에 대한 시름을 조금 덜어내셔도 좋아요.", "img3": "https://img-cf.kurly.com/shop/data/goodsview/20191119/gv10000068681_1.jpg", "option_name_list": [], "option_price_list": []},
{"img1": "https://img-cf.kurly.com/shop/data/goods/157370057879y0.jpg", "name": "[안원당] 진새우탕면", "summary": "메밀면과 새우의 이색 만남", "price": "12,900원", "discount_rate": 0, "unit": "1봉(2인분)", "amount": "1.6kg", "package": "냉동/종이포장", "made_in": "", "img2": "https://img-cf.kurly.com/shop/data/goodsview/20191114/gv20000068174_1.jpg", "description": "개운한 감칠맛이 감도는 민물새우탕은 어디서나 쉽게 접하기 힘든 음식이에요. 컬리는 민물새우탕을 모티브로 완성한 한 그릇 면 요리를 선보입니다. 전국 팔도의 특색있는 요리를 새롭게 풀어낸 브랜드, 안원당의 진새우탕면이에요. 건새우를 푹 우려낸 육수에 새우, 양파, 미나리 등 채소를 넣고 깊은 맛을 끌어올렸는데요. 여기에 깔끔한 뒷맛과 칼칼함을 위해 토마토 페이스트와 고춧가루를 더했답니다. 준비한 메밀면을 끓는 육수에 넣으면 색다른 맛과 식감이 전해지지요. 건새우 특유의 풍미를 좋아하시는 분이라면 진새우탕면이 무척 매력있게 느껴질 거예요. ", "img3": "https://img-cf.kurly.com/shop/data/goodsview/20191114/gv00000068179_1.jpg", "option_name_list": [], "option_price_list": []}