{"img1": "https://img-cf.kurly.com/shop/data/goods/1584680893187y0.jpg", "name": "[내츄럴스파이스] 분말후추 2종", "summary": "요리에 맞게 골라쓰는 후추", "price": "3,800원", "discount_rate": 0, "unit": "1개", "amount": "흑후추(49g)/백후추(58g)", "package": "상온/종이포장", "made_in": "", "img2": "https://img-cf.kurly.com/shop/data/goodsview/20200320/gv00000086440_1.jpg", "description": "향신료는 익숙한 요리라도 톡톡 뿌려만 주면 풍미를 확 끌어내 주지요. 컬리가 소개하는 내츄럴스파이스의 향신료로 미식의 진수를 경험해 보세요. 지금 만나볼 제품은 통후추를 곱게 갈아 만든 분말후추인데요. 보편적으로 사용하는 흑후추에 더해 이색적인 매력의 백후추까지, 두 가지 상품을 준비했어요. 흑후추는 톡 쏘는 진한 향으로 소고기와 좋은 궁합을 자랑하고요. 백후추는 흑후추에 비해 향미가 부드러워 크림소스나 국물 요리에 잘 어울린답니다. 원하는 용도에 맞추어 선택해 보세요.", "img3": "https://img-cf.kurly.com/shop/data/goodsview/20200320/gv20000086442_1.jpg", "option_name_list": ["[내츄럴스파이스] 흑후추분말", "[내츄럴스파이스] 백후추분말"], "option_price_list": ["3,800원", "3,800원"]},
{"img1": "https://img-cf.kurly.com/shop/data/goods/1585200545459y0.jpg", "name": "[오뚜기] 강황가루 2종", "summary": "진한 노란빛과 매콤한 향기를 품고 있는 강황가루(48g/120g)", "price": "3,480원", "discount_rate": 0, "unit": "1통", "amount": "48g/120g", "package": "상온/종이포장", "made_in": "상품별 별도표기", "img2": "https://img-cf.kurly.com/shop/data/goodsview/20200326/gv10000087397_1.jpg", "description": "특별한 요리를 위한 포인트 재료로 강황 가루를 권해 드려요. 강황은 진한 노란빛과 매콤한 향기를 품고 있는 향신료인데요. 음식에 고운 색감을 물들이거나 향긋함을 더하고 싶을 때 참 유용하지요. 필요한 만큼 덜어 다양한 요리에 두루 활용해 보세요. 육류나 생선 요리의 냄새를 제거할 때 활용해도 좋고, 쌀을 불린 물에 살짝 뿌려 노란빛의 밥을 지어도 맛있을 거예요.", "img3": "https://img-cf.kurly.com/shop/data/goodsview/20200326/gv00000087399_1.jpg", "option_name_list": ["[오뚜기] 강황 48g", "[오뚜기] 강황 120g"], "option_price_list": ["3,480원", "6,980원"]},
{"img1": "https://img-cf.kurly.com/shop/data/goods/1585127875115y0.jpg", "name": "[타바스코] 핫소스 2종", "summary": "입맛을 돋우는 매력적인 매운맛(60mL/150mL)", "price": "3,490원", "discount_rate": 0, "unit": "1병", "amount": "60mL/150mL", "package": "상온/종이포장", "made_in": "상품별 별도표기", "img2": "https://img-cf.kurly.com/shop/data/goodsview/20200325/gv10000087257_1.jpg", "description": "매운맛 소스의 대명사, 타바스코 핫소스는 1868년 출시된 이후부터 현재까지도 많은 사랑을 받고 있어요. 새큼하면서도 혀끝이 얼얼해지는 매운맛이 입맛을 톡톡히 돋워 주지요. 피자를 비롯하여 치킨이나 파스타 등의 기름진 음식에 뿌리면 느끼한 맛을 잡아 주어 아주 유용하답니다. 두 가지 용량으로 준비했으니 필요에 따라 골라서 즐겨 보세요.", "img3": "https://img-cf.kurly.com/shop/data/goodsview/20200325/gv20000087259_1.jpg", "option_name_list": ["[타바스코] 핫소스 60ml", "[타바스코] 핫소스 150ml"], "option_price_list": ["3,490원", "5,680원"]},
{"img1": "https://img-cf.kurly.com/shop/data/goods/1585204922309y0.jpg", "name": "[타바스코] 스리라차 소스 300g", "summary": "매콤함에 감칠맛을 더한 스리라차 소스(300g/1병)", "price": "4,800원", "discount_rate": 0, "unit": "1병", "amount": "300g", "package": "상온/종이포장", "made_in": "상품별 별도표기", "img2": "https://img-cf.kurly.com/shop/data/goodsview/20200326/gv30000087476_1.jpg", "description": "일반적인 핫소스가 새콤한 매운맛이라면, 스리라차 소스는 마늘이 더해져 감칠맛이 느껴져요. 입맛을 당기게 하는 새콤함과 혀끝이 살짝 얼얼해지는 매콤함도 매력적이지요. 어딘지 모르게 심심한 음식에 곁들여 주기만 해도 더욱 풍부한 맛으로 즐길 수 있답니다. 스테이크, 치킨 등의 육류 요리나 튀김, 볶음 요리 등 특별한 매운맛이 필요한 모든 순간에 활용해 보세요.", "img3": "https://img-cf.kurly.com/shop/data/goodsview/20200326/gv00000087478_1.jpg", "option_name_list": [], "option_price_list": []},
{"img1": "https://img-cf.kurly.com/shop/data/goods/1585201631724y0.jpg", "name": "[마이노멀] 키토 알룰로스", "summary": "칼로리 걱정없이 달콤함을 지켜요", "price": "8,900원", "discount_rate": 0, "unit": "BT", "amount": "485g", "package": "상온/종이포장", "made_in": "", "img2": "https://img-cf.kurly.com/shop/data/goodsview/20200326/gv40000087403_1.jpg", "description": "알룰로스는 천연 유래 당 성분으로, 칼로리가 높은 설탕 대신 가벼운 단맛을 찾는 분들께 최근 각광받고 있어요. 무화과, 포도 등 자연에서 발견되는 성분으로 미국 FDA에서 GRAS(Generally Recognized As Safe)로 그 안전성을 인증받은 감미료이기도 하죠. 오늘 컬리가 소개하는 마이노멀의 키토 알룰로스는 칼로리는 낮지만 설탕 대비 약 두 배의 당도를 자랑해 반만 사용해도 같은 단맛을 낼 수 있답니다. 알룰로스가 선사하는 꿀같은 달콤함, 칼로리 걱정없이 마음껏 느껴보세요.", "img3": "https://img-cf.kurly.com/shop/data/goodsview/20200326/gv30000087421_1.jpg", "option_name_list": [], "option_price_list": []},
{"img1": "https://img-cf.kurly.com/shop/data/goods/1584687499332y0.jpg", "name": "[내츄럴스파이스] 후추 그라인더 2종", "summary": "직접 갈아 사용하는 후추", "price": "5,400원", "discount_rate": 0, "unit": "1병", "amount": "53g", "package": "상온/종이포장", "made_in": "", "img2": "https://img-cf.kurly.com/shop/data/goodsview/20200320/gv30000086520_1.jpg", "description": "바로 갈아 사용하는 후추만큼 진한 맛과 향을 품은 향신료가 없지요. 그라인더에 후추를 그대로 담은 제품으로 요리에 향긋함을 더해보세요. 그라인더 용기에 잘 건조한 통후추를 담은 상품인데요. 톡 쏘는 향미로 다양한 요리에 두루 사용되는 흑후추는 물론이고요. 다양한 풍미를 느낄 수 있는 흑색, 백색, 녹색 그리고 적색까지, 4색 혼합후추까지 준비했답니다. 필요할 때 바로 갈아 후추의 신선한 향미를 만끽해 보세요.", "img3": "https://img-cf.kurly.com/shop/data/goodsview/20200320/gv00000086523_1.jpg", "option_name_list": ["[내츄럴스파이스] 4색 혼합후추 그라인더", "[내츄럴스파이스] 통 흑후추 그라인더"], "option_price_list": ["5,900원", "5,400원"]},
{"img1": "https://img-cf.kurly.com/shop/data/goods/158468108199y0.jpg", "name": "[내츄럴스파이스] 클로브 (정향)", "summary": "꽃봉오리가 품은 매콤달콤한 향", "price": "4,500원", "discount_rate": 0, "unit": "1병", "amount": "36g", "package": "상온/종이포장", "made_in": "", "img2": "https://img-cf.kurly.com/shop/data/goodsview/20200320/gv40000086448_1.jpg", "description": "향신료는 익숙한 요리라도 톡톡 뿌려만 주면 풍미를 확 끌어내 주지요. 때문에 여러 향신료를 구비해두고 요리의 완성도를 높이고 싶을 때 꺼내 사용하곤 합니다. 컬리가 소개하는 내츄럴스파이스의 향신료로 미식의 진수를 경험해 보세요. 지금 만나볼 제품은 향신료 중에서 유일하게 꽃봉오리를 쓰는 클로브(정향)입니다. 얼얼할 만큼 화한 향을 지녀 고기의 잡내를 잡는 데 탁월한 역할을 한답니다. 달콤한 맛과도 잘 어울리니 푸딩, 케이크, 밀크티 등 디저트의 향을 낼 때도 활용해보세요. ", "img3": "https://img-cf.kurly.com/shop/data/goodsview/20200320/gv40000086450_1.jpg", "option_name_list": [], "option_price_list": []},
{"img1": "https://img-cf.kurly.com/shop/data/goods/1584681181236y0.jpg", "name": "[내츄럴스파이스] 오레가노 럽드", "summary": "민트처럼 향긋하고 스파이시한", "price": "3,300원", "discount_rate": 0, "unit": "1병", "amount": "15g", "package": "상온/종이포장", "made_in": "", "img2": "https://img-cf.kurly.com/shop/data/goodsview/20200320/gv40000086452_1.jpg", "description": "향신료는 익숙한 요리라도 톡톡 뿌려만 주면 풍미를 확 끌어내 주지요. 때문에 여러 향신료를 구비해두고 요리의 완성도를 높이고 싶을 때 꺼내 사용하곤 합니다. 컬리가 소개하는 내츄럴스파이스의 향신료로 미식의 진수를 경험해 보세요. 지금 만나볼 제품은 오레가노 럽드입니다. '꽃 박하' 혹은 '산에서 자라는 민트'라는 별칭처럼 화하게 매콤한 향미와, 특유의 쌉쌀함을 안고 있는 산뜻함이 느껴져요. 유럽에서는 주로 소스와 드레싱의 재료로 사용하거나, 강한 향으로 치즈나 고기의 느끼함을 잡기 위해 뿌리는 재료랍니다. 토마토 요리와도 무척 잘 어울리니 피자, 파스타, 오믈렛 등 다양한 요리에 활용해보세요.", "img3": "https://img-cf.kurly.com/shop/data/goodsview/20200320/gv30000086454_1.jpg", "option_name_list": [], "option_price_list": []},
{"img1": "https://img-cf.kurly.com/shop/data/goods/1584680769945y0.jpg", "name": "[내츄럴스파이스] 굵은후추", "summary": "톡 쏘는 향기의 진함이 남다른 후추", "price": "3,800원", "discount_rate": 0, "unit": "1병", "amount": "46g", "package": "상온/종이포장", "made_in": "", "img2": "https://img-cf.kurly.com/shop/data/goodsview/20200320/gv10000086435_1.jpg", "description": "향신료는 익숙한 요리라도 톡톡 뿌려만 주면 풍미를 확 끌어내 주지요. 때문에 여러 향신료를 구비해두고 요리의 완성도를 높이고 싶을 때 꺼내 사용하곤 합니다. 컬리가 소개하는 내츄럴스파이스의 향신료로 미식의 진수를 경험해 보세요. 지금 만나볼 제품은 굵은후추인데요. 통 흑후추를 가볍게 갈아 만든 상품이라, 오독한 식감과 톡 쏘는 진한 향이 살아있어요. 덕분에 육류나 생선의 잡내를 제거하는데 탁월하답니다. 매콤한 맛이 좋아 부드러운 크림 파스타와도 완벽한 궁합을 자랑해요.", "img3": "https://img-cf.kurly.com/shop/data/goodsview/20200320/gv40000086438_1.jpg", "option_name_list": [], "option_price_list": []},
{"img1": "https://img-cf.kurly.com/shop/data/goods/1584673021312y0.jpg", "name": "[마산] 친수칠리소스 250g", "summary": "매콤, 새콤! 입맛을 돋워 주는 만능 소스", "price": "1,900원", "discount_rate": "5%", "unit": "1병", "amount": "250g", "package": "상온/종이포장", "made_in": "", "img2": "https://img-cf.kurly.com/shop/data/goodsview/20200320/gv30000086377_1.jpg", "description": "친수칠리소스는 베트남 여행을 가면 꼭 하나씩은 캐리어에 담아 와야 한다는 필수 기념품으로도 유명한데요. 집에서도 손쉽게 베트남 현지의 맛을 더해 주는 소스이기 때문이지요. 매콤하면서도 새콤한 맛이 입맛을 돋워 주어, 볶음 요리나 튀김 요리에 다양하게 활용하기도 좋답니다. 마요네즈 또는 땅콩소스와 섞으면 부드럽고 고소한 맛이 더해져 색다른 매력을 맛보실 수 있을 거예요.", "img3": "https://img-cf.kurly.com/shop/data/goodsview/20200320/gv30000086386_1.jpg", "option_name_list": [], "option_price_list": []},
{"img1": "https://img-cf.kurly.com/shop/data/goods/1584340541127y0.jpg", "name": "[라베키아] 발사믹 비네거 3종", "summary": "다양한 향으로 개성을 더한 발사믹", "price": "27,300원", "discount_rate": 0, "unit": "1병", "amount": "100mL", "package": "상온/종이포장", "made_in": "", "img2": "https://img-cf.kurly.com/shop/data/goodsview/20200316/gv30000085723_1.jpg", "description": "똑같은 향을 더한 발사믹이라도 입안에서 굴려보면 그 깊이감이 조금씩 달라요. 이는 베이스로 사용한 발사믹의 품질에서 오는 차이랍니다. 컬리는 라베키아의 고품질 발사믹을 베이스로 한 제품을 소개할게요. 30년간 나무 배럴에서 숙성해 농밀한 점도와 부드러운 단맛이 인상적인 골든라벨에 제각기 바닐라, 딸기, 무화과 향을 더했어요. 샐러드는 물론이고 치즈, 크래커, 생햄, 빵 등 어떤 재료와 만나도 잘 어울린답니다. 달콤한 풍미가 지배적이니 아이스크림에 살짝 올려도 좋을 거예요. ", "img3": "https://img-cf.kurly.com/shop/data/goodsview/20200316/gv00000085732_1.jpg", "option_name_list": ["[라베키아] 딸기 발사믹 비네거", "[라베키아] 바닐라 발사믹 비네거", "[라베키아] 무화과 발사믹 비네거"], "option_price_list": ["27,300원", "27,300원", "27,300원"]},
{"img1": "https://img-cf.kurly.com/shop/data/goods/158434611891y0.jpg", "name": "[라베키아] 애플&시트러스 발사믹 비네거", "summary": "사과 원액을 듬뿍 넣은 발사믹", "price": "23,400원", "discount_rate": 0, "unit": "1병", "amount": "100mL", "package": "상온/종이포장", "made_in": "", "img2": "https://img-cf.kurly.com/shop/data/goodsview/20200316/gv40000085791_1.jpg", "description": "사과 주스나 사과 향을 살짝 가미한 발사믹은 이제 잊어도 좋아요. 지금 선보이는 라베키아의 제품은 사과즙을 졸여 만든 사과 원액을 60%까지 채워 무척 진한 과일향을 즐길 수 있거든요. 베이스로는 나무 배럴에서 20년의 숙성을 거치며 단맛과 신맛이 조화를 이룬 블루라벨을 선택한 것도 만족스럽지요. 샐러드는 물론이고 치즈, 크래커, 생햄, 빵 등 어떤 재료에 올려도 맛있게 먹을 수 있어요. 사과향은 돼지고기에 특히 잘 어울리니 육류 요리에도 페어링 해 보세요. ", "img3": "https://img-cf.kurly.com/shop/data/goodsview/20200316/gv20000085794_1.jpg", "option_name_list": [], "option_price_list": []},
{"img1": "https://img-cf.kurly.com/shop/data/goods/1584339484683y0.jpg", "name": "[라베키아] 발사믹 비네거 브론즈라벨 (20년산)", "summary": "향나무 배럴과 시간이 자아낸 맛", "price": "74,000원", "discount_rate": 0, "unit": "1병", "amount": "250mL", "package": "상온/종이포장", "made_in": "", "img2": "https://img-cf.kurly.com/shop/data/goodsview/20200316/gv30000085684_1.jpg", "description": "그간 샐러드와 잘 어울리는 발사믹을 주로 즐겼다면, 이번에는 육류 요리와 페어링 하기 좋은 제품을 만나보세요. 전통적인 수제 방식을 고집하는 브랜드답게 나무 배럴을 이용해 숙성한 발사믹이에요.  여러 종류의 나무 배럴을 순환하지 않고 오직 향나무 배럴에서만 머무르게 한 것이 특징이지요. 이렇게 완성된 브론즈라벨 발사믹은 20년의 시간이 자아낸 농밀한 질감과 향나무 특유의 알싸한 풍미를 가지고 있답니다. 소, 닭, 오리고기는 물론, 육향이 진한 양고기와의 페어링도 만족스러우니 다양하게 활용해보세요. ", "img3": "https://img-cf.kurly.com/shop/data/goodsview/20200316/gv10000085706_1.jpg", "option_name_list": [], "option_price_list": []},
{"img1": "https://img-cf.kurly.com/shop/data/goods/1583728350537y0.jpg", "name": "[타이댄서] 태국 마요 소스 4종", "summary": "고소하면서도 달콤하게 즐기는 이색 소스", "price": "4,500원", "discount_rate": 0, "unit": "1통", "amount": "200ml", "package": "상온/종이포장", "made_in": "", "img2": "https://img-cf.kurly.com/shop/data/goodsview/20200309/gv20000084655_1.jpg", "description": "어떤 소스를 곁들이는지에 따라 평범한 요리도 특별하게 즐길 수 있지요. 색다른 조합이 매력적인 타이댄서 태국 마요 소스 4종을 소개합니다. 간단한 튀김부터 스테이크 등 어떤 요리에 뿌려도 찰떡궁합을 자랑하는 상품이에요. 고소하면서도 달콤한 스위트칠리 마요부터 개운함이 매력적인 스리라차 와사비까지, 알차게 4종을 준비했으니 취향에 맞게 골라보세요.", "img3": "https://img-cf.kurly.com/shop/data/goodsview/20200310/gv30000084963_1.jpg", "option_name_list": ["[타이댄서] 스리라차 마요", "[타이댄서] 스리라차 와사비", "[타이댄서] 스위트칠리 마요", "[타이댄서] 와사비 마요"], "option_price_list": ["4,500원", "4,500원", "4,500원", "4,500원"]},
{"img1": "https://img-cf.kurly.com/shop/data/goods/1583728666713y0.jpg", "name": "[오뚜기] 백세카레 100g 3종(분말)", "summary": "강황과 향신료를 넣어 더 진해진 오뚜기 백세카레(100g/봉)", "price": "2,380원", "discount_rate": 0, "unit": "봉", "amount": "100g", "package": "상온/종이포장", "made_in": "상품별 별도표기", "img2": "https://img-cf.kurly.com/shop/data/goodsview/20200309/gv40000084667_1.jpg", "description": "백세카레는 4.36%의 강황 분말이 함유되어 있어, 진한 노란빛과 깊은 감칠맛을 자랑하는 카레예요. 여기에 로즈마리와 월계수잎을 더했기에 향긋함은 배가 되었답니다. 분말 타입의 오뚜기 백세카레로 나에게 딱 맞는 카레를 만들어 보세요. 원하는 만큼 덜어 간편하게 사용하니 적은 양을 요리할 때도 부담 없어요. 감자, 양파 등의 채소나 육류, 해산물을 곁들여 따뜻한 카레 한 그릇을 만들어도 좋을 거예요.", "img3": "https://img-cf.kurly.com/shop/data/goodsview/20200309/gv00000084670_1.jpg", "option_name_list": ["오뚜기 백세카레 순한맛 100g", "오뚜기 백세카레 약간매운맛 100g", "오뚜기 백세카레 매운맛 100g"], "option_price_list": ["2,380원", "2,380원", "2,380원"]},
{"img1": "https://img-cf.kurly.com/shop/data/goods/1583728416624y0.jpg", "name": "[오뚜기] 바몬드카레 골드 100g 3종(분말)", "summary": "토마토, 사과 등 과일 분말이 함유되어 있는 바몬드카레(100g/봉)", "price": "2,380원", "discount_rate": 0, "unit": "봉", "amount": "100g", "package": "상온/종이포장", "made_in": "상품별 별도표기", "img2": "https://img-cf.kurly.com/shop/data/goodsview/20200309/gv30000084659_1.jpg", "description": "바몬드카레 골드는 토마토, 사과 등 과일 분말이 함유되어 있어 달달한 맛이 매력적인 카레예요. 분말 타입의 오뚜기 바몬드카레 골드로 나에게 딱 맞는 카레를 만들어 보세요. 원하는 만큼 덜어 간편하게 사용하니 적은 양을 요리할 때도 부담 없답니다. 따뜻한 물에 카레 가루를 풀어준 뒤, 다양한 재료를 곁들여 한소끔 끓이면 완성이지요. 부드러운 달콤함이 좋아, 아이들은 물론 어른들의 입맛에도 딱 맞을 거예요.", "img3": "https://img-cf.kurly.com/shop/data/goodsview/20200309/gv10000084666_1.jpg", "option_name_list": ["오뚜기 바몬드카레 순한맛 100g", "오뚜기 바몬드카레 약간매운맛 100g", "오뚜기 바몬드카레 매운맛 100g"], "option_price_list": ["2,380원", "2,380원", "2,380원"]}