{"name": "[몸애수호] 어린이홍삼배도라지", "img4": "https://img-cf.kurly.com/shop/data/goodsview/20200323/gv00000086592_2.jpg"},
{"name": "[바삭] 프리즈 크리스피 람부탄", "img4": "https://img-cf.kurly.com/shop/data/goodsview/20200311/gv40000085128_2.jpg"},
{"name": "[아넬라] 짜먹는 아넬라 HOP 3종", "img4": "https://img-cf.kurly.com/shop/data/goodsview/20200107/gv40000076933_2.jpg"},
{"name": "[몸애수호] 아이튼튼녹용 2종", "img4": "https://img-cf.kurly.com/shop/data/goodsview/20191227/gv10000075549_2.jpg"},
{"name": "[몸애수호] 어린이녹용 2종", "img4": "https://img-cf.kurly.com/shop/data/goodsview/20191227/gv40000075558_2.jpg"},
{"name": "[또또맘] 리얼 치즈구마 2종", "img4": "https://img-cf.kurly.com/shop/data/goodsview/20190730/gv00000057859_2.jpg"},
{"name": "[또또맘] 리얼이구마  2종", "img4": "https://img-cf.kurly.com/shop/data/goodsview/20190730/gv20000057829_2.jpg"},
{"name": "[함소아] 홍키통키 프라임 그린 2단계", "img4": "https://img-cf.kurly.com/shop/data/goodsview/20191125/gv10000069521_2.jpg"},
{"name": "[함소아] 홍키통키 프라임 블루 3단계", "img4": "https://img-cf.kurly.com/shop/data/goodsview/20191125/gv10000069543_2.jpg"},
{"name": "[함소아] 홍키통키 프라임 레드 4단계", "img4": "https://img-cf.kurly.com/shop/data/goodsview/20191125/gv10000069563_2.jpg"},
{"name": "[함소아] 하루비타민 1개월", "img4": "https://img-cf.kurly.com/shop/data/goodsview/20191125/gv20000069431_2.jpg"},
{"name": "[아티장비스킷] 2by2 비스킷 4종", "img4": "https://img-cf.kurly.com/shop/data/goodsview/20191112/gv10000067839_2.jpg"},
{"name": "[아티장비스킷] 2by2 비스킷 틴케이스 2종", "img4": "https://img-cf.kurly.com/shop/data/goodsview/20191112/gv00000067848_2.jpg"},
{"name": "[록야] 부드러운 로스팅 콩 25g 3종", "img4": "https://img-cf.kurly.com/shop/data/goodsview/20191015/gv20000064537_2.jpg"},
{"name": "[몸애쏙쏙] 유기농 어린이 배도라지즙 2종", "img4": "https://img-cf.kurly.com/shop/data/goodsview/20191007/gv20000063911_2.jpg"},
{"name": "[듀오락] 데일리키즈 프로바이오틱스 유산균 1통 (30일분)", "img4": "https://img-cf.kurly.com/shop/data/goodsview/20190923/gv30000062475_2.jpg"}