{"name": "[아크로패스] 수딩큐 6매", "img4": "https://img-cf.kurly.com/shop/data/goodsview/20200325/gv30000087214_2.jpg"},
{"name": "[아토엔오투] 바른 손소독제 2종", "img4": "https://img-cf.kurly.com/shop/data/goodsview/20200217/gv20000081650_2.jpg"},
{"name": "[리앤코 소프트] 어린이용 칫솔 2종", "img4": "https://img-cf.kurly.com/shop/data/goodsview/20200115/gv00000078071_2.jpg"},
{"name": "[선물세트] 블랑101 출산선물세트 3종(무향세제+시그니처 섬유유연제+무향젖병세정제)", "img4": ""},
{"name": "[선물세트] 블랑101 출산선물세트 2종(무향세제+무향젖병세정제)", "img4": ""},
{"name": "[케이맘] 세탁비누&세제&유연제 5종", "img4": "https://img-cf.kurly.com/shop/data/goodsview/20191220/gv10000074551_2.jpg"},
{"name": "[네네덴트] 무불소치약 50ml", "img4": "https://img-cf.kurly.com/shop/data/goodsview/20191218/gv30000073668_2.jpg"},
{"name": "[글랜큐어] 겨울왕국 열냉각시트 3매입", "img4": "https://img-cf.kurly.com/shop/data/goodsview/20191218/gv10000073719_2.jpg"},
{"name": "[글랜큐어] 디즈니/마블 일회용 밴드 4종", "img4": "https://img-cf.kurly.com/shop/data/goodsview/20191217/gv40000073270_2.jpg"},
{"name": "[마더케이] 무형광세탁망 원형&사각 3종세트", "img4": "https://img-cf.kurly.com/shop/data/goodsview/20191217/gv40000073330_2.jpg"},
{"name": "[케이맘] 다목적 세정제 3종", "img4": "https://img-cf.kurly.com/shop/data/goodsview/20191217/gv30000073399_2.jpg"},
{"name": "[밤부베베] 톡톡 타올  2종", "img4": "https://img-cf.kurly.com/shop/data/goodsview/20191205/gv10000071452_2.jpg"},
{"name": "[아토엔오투] 프리미엄 세탁세제 2종", "img4": "https://img-cf.kurly.com/shop/data/goodsview/20191204/gv30000071244_2.jpg"},
{"name": "[아토엔오투] 프리미엄 섬유유연제 3종", "img4": "https://img-cf.kurly.com/shop/data/goodsview/20181001/gv40000032840_2.jpg"},
{"name": "[도담이] 물티슈 5종 (box)", "img4": "https://img-cf.kurly.com/shop/data/goodsview/20191202/gv00000070620_2.jpg"},
{"name": "[벨레다] 스킨케어 5종", "img4": "https://img-cf.kurly.com/shop/data/goodsview/20191129/gv10000070448_2.jpg"}