{"name": "[베베쿡] 상온 한우 이유식 2종 (완료기)", "img4": "https://img-cf.kurly.com/shop/data/goodsview/20200309/gv00000084711_2.jpg"},
{"name": "[베베쿡] 상온 한우 이유식 2종 (후기)", "img4": "https://img-cf.kurly.com/shop/data/goodsview/20200309/gv30000084705_2.jpg"},
{"name": "[베베쿡] 상온 한우 이유식 2종 (중기)", "img4": "https://img-cf.kurly.com/shop/data/goodsview/20200309/gv10000084682_2.jpg"},
{"name": "[마더케이] 실리콘 이유식 스푼 세트", "img4": "https://img-cf.kurly.com/shop/data/goodsview/20190930/gv30000063405_2.jpg"},
{"name": "[마더케이] 이유식 저장팩 & 육수보관팩", "img4": "https://img-cf.kurly.com/shop/data/goodsview/20190927/gv20000063210_2.jpg"},
{"name": "[정식품] 우리콩 토들러 두유 6종", "img4": ""},
{"name": "[베이비밀] 초기 이유식 11종", "img4": "https://img-cf.kurly.com/shop/data/goodsview/20190530/gv10000051804_2.jpg"},
{"name": "[베이비밀] 후기 이유식 28종", "img4": "https://img-cf.kurly.com/shop/data/goodsview/20190530/gv30000051718_2.jpg"},
{"name": "[베이비밀] 중기 이유식 28종", "img4": "https://img-cf.kurly.com/shop/data/goodsview/20190530/gv00000051788_2.jpg"},
{"name": "[마더케이] 분유 저장팩", "img4": "https://img-cf.kurly.com/shop/data/goodsview/20190520/gv40000050601_2.jpg"},
{"name": "[베이비본죽] 완료기 이유식 : 해산물", "img4": "https://img-cf.kurly.com/shop/data/goodsview/20190418/gv30000047868_2.jpg"},
{"name": "[베이비본죽] 완료기 이유식 : 한우&닭&한돈", "img4": "https://img-cf.kurly.com/shop/data/goodsview/20190422/gv00000048251_2.jpg"},
{"name": "[베이비본죽] 후기 이유식 : 채소&생선", "img4": "https://img-cf.kurly.com/shop/data/goodsview/20190422/gv00000048129_2.jpg"},
{"name": "[베이비본죽] 후기 이유식 : 한우&닭", "img4": "https://img-cf.kurly.com/shop/data/goodsview/20190419/gv20000048056_2.jpg"},
{"name": "[베이비본죽] 중기 이유식 : 채소&생선", "img4": "https://img-cf.kurly.com/shop/data/goodsview/20190418/gv10000047838_2.jpg"},
{"name": "[베이비본죽] 중기 이유식 : 한우&닭", "img4": "https://img-cf.kurly.com/shop/data/goodsview/20190418/gv40000047823_2.jpg"}