{"name": "[밤부베베] 방수요 4종", "img4": "https://img-cf.kurly.com/shop/data/goodsview/20200330/gv20000087933_2.jpg"},
{"name": "[폴프랜즈] 3개입 K삭스 7세-FREE (190mm~250mm) 7종", "img4": "https://img-cf.kurly.com/shop/data/goodsview/20200324/gv30000086981_2.jpg"},
{"name": "[폴프랜즈] 3개입 B삭스 1세-7세(100-190mm) 7종", "img4": "https://img-cf.kurly.com/shop/data/goodsview/20200324/gv30000087005_2.jpg"},
{"name": "[피셔프라이스] 턱받이 7종", "img4": "https://img-cf.kurly.com/shop/data/goodsview/20200102/gv10000076361_2.jpg"},
{"name": "[피셔프라이스] 온도감지이유스푼(2개세트)", "img4": "https://img-cf.kurly.com/shop/data/goodsview/20200102/gv00000076170_2.jpg"},
{"name": "[피셔프라이스] 실리콘 양손 컵 2종", "img4": "https://img-cf.kurly.com/shop/data/goodsview/20191231/gv00000075958_2.jpg"},
{"name": "[마더케이] 젖병건조대 2종", "img4": "https://img-cf.kurly.com/shop/data/goodsview/20191217/gv30000073244_2.jpg"},
{"name": "[마더케이] 빨대세척솔 2종세트", "img4": "https://img-cf.kurly.com/shop/data/goodsview/20191217/gv10000073316_2.jpg"},
{"name": "[마더케이] 이유식 큐브쏙쏙 3종", "img4": "https://img-cf.kurly.com/shop/data/goodsview/20191217/gv30000073305_2.jpg"},
{"name": "[마더케이] 젖병소독집게 2종", "img4": "https://img-cf.kurly.com/shop/data/goodsview/20191217/gv40000073223_2.jpg"},
{"name": "[마더케이] 젖병 세척 브러쉬 3종", "img4": "https://img-cf.kurly.com/shop/data/goodsview/20191217/gv00000073231_2.jpg"},
{"name": "[컨스트럭티브 이팅] 유아식기 3종 (주황/불도저)", "img4": "https://img-cf.kurly.com/shop/data/goodsview/20191211/gv40000072430_2.jpg"},
{"name": "[컨스트럭티브 이팅] 유아식기 3종 (보라/가든)", "img4": "https://img-cf.kurly.com/shop/data/goodsview/20191211/gv40000072442_2.jpg"},
{"name": "[컨스트럭티브 이팅] 유아식기 3종 (초록/공룡)", "img4": "https://img-cf.kurly.com/shop/data/goodsview/20191211/gv00000072460_2.jpg"}