{"name": "[프레쉬프로인데] 유기농 브레첼 딘켈, 병아리콩", "img4": "https://img-cf.kurly.com/shop/data/goodsview/20200313/gv00000085441_2.jpg"},
{"name": "[프레쉬프로인데] 유기농 뮤슬리 바나나, 사과, 블루베리", "img4": "https://img-cf.kurly.com/shop/data/goodsview/20200313/gv30000085452_2.jpg"},
{"name": "[프레쉬프로인데] 유기농 퍼프 2종", "img4": "https://img-cf.kurly.com/shop/data/goodsview/20200313/gv00000085457_2.jpg"},
{"name": "[앤쿡] 무항생제 어린이 한우 나주 곰국", "img4": "https://img-cf.kurly.com/shop/data/goodsview/20190409/gv40000046983_2.jpg"},
{"name": "[또또맘] 떼쓰는우리아이엔촉촉꿀밤 50g", "img4": "https://img-cf.kurly.com/shop/data/goodsview/20200303/gv30000083804_2.jpg"},
{"name": "[또또맘] 리얼구마죽 100gx7입", "img4": "https://img-cf.kurly.com/shop/data/goodsview/20200303/gv30000083840_2.jpg"},
{"name": "[또또맘] 탱글떡묵바 200g", "img4": "https://img-cf.kurly.com/shop/data/goodsview/20200303/gv00000083788_2.jpg"},
{"name": "[YOZM] 블루베리 콩포트 그릭요거트", "img4": "https://img-cf.kurly.com/shop/data/goodsview/20200203/gv00000080015_2.jpg"},
{"name": "[YOZM] 스트로베리 콩포트 그릭요거트", "img4": "https://img-cf.kurly.com/shop/data/goodsview/20200203/gv20000080014_2.jpg"},
{"name": "[YOZM] 애플망고패션 콩포트 그릭요거트", "img4": "https://img-cf.kurly.com/shop/data/goodsview/20200203/gv20000080013_2.jpg"},
{"name": "[아넬라] 과일 퓨레 9종", "img4": "https://img-cf.kurly.com/shop/data/goodsview/20200107/gv30000076942_2.jpg"},
{"name": "[뉴오리진] a2 플래티넘 900g 3종", "img4": ""},
{"name": "[오루미오] 못난이 핫도그", "img4": "https://img-cf.kurly.com/shop/data/goodsview/20191104/gv20000066792_2.jpg"},
{"name": "가시없는 노르웨이 고등어 350g(냉동)", "img4": "https://img-cf.kurly.com/shop/data/goodsview/20190829/gv20000060572_2.jpg"},
{"name": "[또또맘] 오가닉 아이김 20g(1gx20)", "img4": "https://img-cf.kurly.com/shop/data/goodsview/20190730/gv40000057826_2.jpg"},
{"name": "가시없는 생선 2종 (냉동)", "img4": "https://img-cf.kurly.com/shop/data/goodsview/20190604/gv40000052127_2.jpg"}