{"name": "이유식 재료 친환경 근대 50g", "img4": "https://img-cf.kurly.com/shop/data/goodsview/20200403/gv00000088780_2.jpg"},
{"name": "이유식 재료 친환경 양파 1개", "img4": "https://img-cf.kurly.com/shop/data/goodsview/20200403/gv30000088807_2.jpg"},
{"name": "이유식 재료 친환경 아욱 50g", "img4": "https://img-cf.kurly.com/shop/data/goodsview/20200403/gv40000088802_2.jpg"},
{"name": "이유식 재료 친환경 표고버섯 100g", "img4": "https://img-cf.kurly.com/shop/data/goodsview/20200403/gv00000088813_2.jpg"},
{"name": "이유식 재료 친환경 비타민 50g", "img4": "https://img-cf.kurly.com/shop/data/goodsview/20200403/gv00000088898_2.jpg"},
{"name": "이유식 재료 친환경 적양배추 1/4통", "img4": "https://img-cf.kurly.com/shop/data/goodsview/20200403/gv30000088859_2.jpg"},
{"name": "이유식 재료 친환경 당근 250g", "img4": "https://img-cf.kurly.com/shop/data/goodsview/20200403/gv30000088853_2.jpg"},
{"name": "이유식 재료 친환경 청경채 50g", "img4": "https://img-cf.kurly.com/shop/data/goodsview/20200403/gv30000088818_2.jpg"},
{"name": "이유식 재료 친환경 양배추 1/4통", "img4": "https://img-cf.kurly.com/shop/data/goodsview/20200403/gv40000088864_2.jpg"},
{"name": "이유식 재료 친환경 양송이버섯 80g", "img4": "https://img-cf.kurly.com/shop/data/goodsview/20200403/gv00000088848_2.jpg"},
{"name": "이유식 재료 친환경 브로콜리 100g", "img4": "https://img-cf.kurly.com/shop/data/goodsview/20200403/gv40000088838_2.jpg"},
{"name": "이유식 재료 친환경 베이비 시금치 50g", "img4": "https://img-cf.kurly.com/shop/data/goodsview/20200403/gv10000088827_2.jpg"},
{"name": "[기장물산] 이유식 육수용 다시팩", "img4": "https://img-cf.kurly.com/shop/data/goodsview/20191111/gv20000067626_2.jpg"},
{"name": "[그린마운틴] 이유식용 송아지 다짐육 30gx6(냉동)", "img4": "https://img-cf.kurly.com/shop/data/goodsview/20191025/gv30000065854_2.jpg"},
{"name": "곱게다진 새우살", "img4": "https://img-cf.kurly.com/shop/data/goodsview/20190917/gv20000062078_2.jpg"},
{"name": "곱게다진 대구살", "img4": "https://img-cf.kurly.com/shop/data/goodsview/20190917/gv00000062072_2.jpg"}