{"name": "[지품] 牛 갈비탕", "img4": "https://img-cf.kurly.com/shop/data/goodsview/20200403/gv30000088824_2.jpg"},
{"name": "[진실된손맛] 얼큰한 대파육개장", "img4": "https://img-cf.kurly.com/shop/data/goodsview/20200330/gv20000087974_2.jpg"},
{"name": "[SAMSAM HEAYO] 냉이 바지락 된장찌개 588g(냉장)", "img4": "https://img-cf.kurly.com/shop/data/goodsview/20200326/gv00000087492_2.jpg"},
{"name": "[바비엔] 알탕", "img4": "https://img-cf.kurly.com/shop/data/goodsview/20200318/gv40000086008_2.jpg"},
{"name": "[바비엔] 꽃게 해물탕", "img4": "https://img-cf.kurly.com/shop/data/goodsview/20200318/gv40000086014_2.jpg"},
{"name": "[마켓베라즈] 참돔 매운탕 915g(냉장)", "img4": "https://img-cf.kurly.com/shop/data/goodsview/20200316/gv00000085704_2.jpg"},
{"name": "[마켓베라즈] 생우럭 맑은탕 723g(냉장)", "img4": "https://img-cf.kurly.com/shop/data/goodsview/20200316/gv40000085716_2.jpg"},
{"name": "[더연] 동결건조 시래기 된장국 80g", "img4": "https://img-cf.kurly.com/shop/data/goodsview/20200310/gv30000084806_2.jpg"},
{"name": "[사미헌] 매생이 갈비탕", "img4": "https://img-cf.kurly.com/shop/data/goodsview/20200317/gv20000085928_2.jpg"},
{"name": "[진실된손맛] 한우사골 소등뼈해장국", "img4": "https://img-cf.kurly.com/shop/data/goodsview/20200306/gv10000084480_2.jpg"},
{"name": "[진실된손맛] 얼큰한 시래기 갈비탕", "img4": "https://img-cf.kurly.com/shop/data/goodsview/20200306/gv10000084454_2.jpg"},
{"name": "[엄마밥상] 청국장", "img4": "https://img-cf.kurly.com/shop/data/goodsview/20200221/gv30000082153_2.jpg"},
{"name": "[엄마밥상] 갈비 된장찌개", "img4": "https://img-cf.kurly.com/shop/data/goodsview/20200221/gv00000082158_2.jpg"},
{"name": "[소중한식사] 해물 순두부찌개", "img4": "https://img-cf.kurly.com/shop/data/goodsview/20200213/gv20000081288_2.jpg"},
{"name": "[소중한식사] 깊은맛 소고기미역국", "img4": "https://img-cf.kurly.com/shop/data/goodsview/20200213/gv40000081280_2.jpg"},
{"name": "[소중한식사] 구수한 근대된장국", "img4": "https://img-cf.kurly.com/shop/data/goodsview/20200213/gv20000081250_2.jpg"}