{"name": "[농협풍산김치] 깻잎김치 500g", "img4": "https://img-cf.kurly.com/shop/data/goodsview/20200225/gv20000082619_2.jpg"},
{"name": "[농협풍산김치] 보쌈김치 2.5kg", "img4": "https://img-cf.kurly.com/shop/data/goodsview/20200225/gv30000082541_2.jpg"},
{"name": "[농협풍산김치] 포기김치 1kg", "img4": "https://img-cf.kurly.com/shop/data/goodsview/20200225/gv10000082502_2.jpg"},
{"name": "[농협풍산김치] 맛김치 800g", "img4": "https://img-cf.kurly.com/shop/data/goodsview/20200225/gv40000082515_2.jpg"},
{"name": "[권영원 소담정찬] 간장깻잎 장아찌 300g", "img4": "https://img-cf.kurly.com/shop/data/goodsview/20200217/gv30000081525_2.jpg"},
{"name": "[권영원 소담정찬] 양념깻잎 장아찌 300g", "img4": "https://img-cf.kurly.com/shop/data/goodsview/20200217/gv40000081521_2.jpg"},
{"name": "[권영원 소담정찬] 명이나물 장아찌 300g", "img4": "https://img-cf.kurly.com/shop/data/goodsview/20200217/gv40000081566_2.jpg"},
{"name": "[권영원 소담정찬] 무청 장아찌 600g", "img4": "https://img-cf.kurly.com/shop/data/goodsview/20200217/gv00000081570_2.jpg"},
{"name": "[권영원 소담정찬] 고추 장아찌 400g", "img4": "https://img-cf.kurly.com/shop/data/goodsview/20200217/gv40000081575_2.jpg"},
{"name": "[종가집] 꼬들단무지 220g", "img4": "https://img-cf.kurly.com/shop/data/goodsview/20200210/gv10000080828_2.jpg"},
{"name": "[마켓베라즈] 와사마요 생연어장 200g(냉장)", "img4": "https://img-cf.kurly.com/shop/data/goodsview/20200103/gv40000076473_2.jpg"},
{"name": "[마켓베라즈] 양념 생연어장 200g(냉장)", "img4": "https://img-cf.kurly.com/shop/data/goodsview/20200103/gv40000076523_2.jpg"},
{"name": "[신사동백반] 석박지", "img4": "https://img-cf.kurly.com/shop/data/goodsview/20200102/gv20000076219_2.jpg"},
{"name": "[신사동백반] 백김치", "img4": "https://img-cf.kurly.com/shop/data/goodsview/20200102/gv20000076239_2.jpg"},
{"name": "[신사동백반] 갓김치", "img4": "https://img-cf.kurly.com/shop/data/goodsview/20200102/gv40000076208_2.jpg"},
{"name": "[신사동백반] 총각김치", "img4": "https://img-cf.kurly.com/shop/data/goodsview/20200102/gv20000076215_2.jpg"}