{"name": "[또또맘] 탱글떡묵바 200g", "img4": "https://img-cf.kurly.com/shop/data/goodsview/20200303/gv00000083788_2.jpg"},
{"name": "[기븐] 모둠어묵", "img4": "https://img-cf.kurly.com/shop/data/goodsview/20200227/gv10000083037_2.jpg"},
{"name": "[더플랜] 목련 어묵탕", "img4": "https://img-cf.kurly.com/shop/data/goodsview/20200220/gv20000082106_2.jpg"},
{"name": "[미자언니네] 녹두전 반죽 (냉동)", "img4": "https://img-cf.kurly.com/shop/data/goodsview/20200113/gv00000077598_2.jpg"},
{"name": "[김구원선생] 무농약콩 연두부 (간장요구르트 소스) 125g", "img4": "https://img-cf.kurly.com/shop/data/goodsview/20191204/gv20000071236_2.jpg"},
{"name": "[잔다리마을] 잔다리 전두부 청서리태", "img4": "https://img-cf.kurly.com/shop/data/goodsview/20191127/gv40000070042_2.jpg"},
{"name": "[잔다리마을] 잔다리 전두부", "img4": "https://img-cf.kurly.com/shop/data/goodsview/20191127/gv20000070033_2.jpg"},
{"name": "[맑은물에] 국산 편리한 2컵 두부", "img4": "https://img-cf.kurly.com/shop/data/goodsview/20191010/gv30000064103_2.jpg"},
{"name": "[맑은물에] 국산 촌두부", "img4": "https://img-cf.kurly.com/shop/data/goodsview/20190910/gv30000061679_2.jpg"},
{"name": "[김구원선생] 무농약콩 두부 300g", "img4": "https://img-cf.kurly.com/shop/data/goodsview/20190827/gv40000060265_2.jpg"},
{"name": "[미자언니네] 전 6종", "img4": "https://img-cf.kurly.com/shop/data/goodsview/20190919/gv30000062268_2.jpg"},
{"name": "[전통부산어묵 by.고래사] 상천어묵 300g", "img4": "https://img-cf.kurly.com/shop/data/goodsview/20190813/gv20000059163_2.jpg"},
{"name": "[고래사] 스페셜 어묵 4종", "img4": "https://img-cf.kurly.com/shop/data/goodsview/20190809/gv40000058984_2.jpg"},
{"name": "[고래사] 사각어묵 4종", "img4": "https://img-cf.kurly.com/shop/data/goodsview/20190809/gv10000058986_2.jpg"},
{"name": "[고래사] 어묵말이 4종", "img4": "https://img-cf.kurly.com/shop/data/goodsview/20190809/gv30000058987_2.jpg"},
{"name": "[김구원 선생] 순두부 2종", "img4": "https://img-cf.kurly.com/shop/data/goodsview/20190607/gv10000052464_2.jpg"}