{"name": "[My little recipe] 안동에서 올라온 전통찜닭 대용량 (3~4인용)", "img4": "https://img-cf.kurly.com/shop/data/goodsview/20200228/gv30000083278_2.jpg"},
{"name": "[MY little recipe] 안동에서 올라온 매콤치즈찜닭 대용량 (3~4인용)", "img4": "https://img-cf.kurly.com/shop/data/goodsview/20200228/gv40000083370_2.jpg"},
{"name": "[My little recipe] 안동에서 올라온 전통찜닭 (2인용)", "img4": "https://img-cf.kurly.com/shop/data/goodsview/20200228/gv40000083273_2.jpg"},
{"name": "[My little recipe] 안동에서 올라온 매콤치즈찜닭 (2인용)", "img4": "https://img-cf.kurly.com/shop/data/goodsview/20200228/gv10000083351_2.jpg"},
{"name": "[Kurly's] 멕시칸 화이타", "img4": "https://img-cf.kurly.com/shop/data/goodsview/20200203/gv30000080086_2.jpg"},
{"name": "[Kurly's] 풀드비프 플래터", "img4": "https://img-cf.kurly.com/shop/data/goodsview/20200203/gv40000080082_2.jpg"},
{"name": "[미트클레버] 명이나물 보쌈", "img4": "https://img-cf.kurly.com/shop/data/goodsview/20191231/gv30000076063_2.jpg"},
{"name": "[외할머니댁] 김치삼겹찜", "img4": "https://img-cf.kurly.com/shop/data/goodsview/20191220/gv10000074255_2.jpg"},
{"name": "[느린마을] 육전", "img4": "https://img-cf.kurly.com/shop/data/goodsview/20191220/gv30000074274_2.jpg"},
{"name": "[느린마을] 김치전", "img4": "https://img-cf.kurly.com/shop/data/goodsview/20191220/gv30000074245_2.jpg"},
{"name": "[느린마을] 녹두전", "img4": "https://img-cf.kurly.com/shop/data/goodsview/20191220/gv00000074239_2.jpg"},
{"name": "[느린마을] 해물파전", "img4": "https://img-cf.kurly.com/shop/data/goodsview/20191220/gv40000074232_2.jpg"},
{"name": "[모노키친] 간장 찜닭", "img4": "https://img-cf.kurly.com/shop/data/goodsview/20191212/gv10000072492_2.jpg"},
{"name": "[Kurly's] 샤브샤브", "img4": "https://img-cf.kurly.com/shop/data/goodsview/20191206/gv00000071721_2.jpg"},
{"name": "[Kurly's] 한우불고기", "img4": "https://img-cf.kurly.com/shop/data/goodsview/20191206/gv30000071761_2.jpg"},
{"name": "[Kurly's] 양장피", "img4": "https://img-cf.kurly.com/shop/data/goodsview/20191206/gv40000071741_2.jpg"}