{"name": "[SAMSAM HEAYO] 미나리 오징어전 365g(냉장)", "img4": "https://img-cf.kurly.com/shop/data/goodsview/20200326/gv30000087456_2.jpg"},
{"name": "[SAMSAM HEAYO] 미나리 소라 초무침 279.5g(냉장)", "img4": "https://img-cf.kurly.com/shop/data/goodsview/20200326/gv00000087432_2.jpg"},
{"name": "[SAMSAM HEAYO] 미나리 새우전 425g(냉장)", "img4": "https://img-cf.kurly.com/shop/data/goodsview/20200325/gv30000087221_2.jpg"},
{"name": "[SAMSAM HEAYO] 미나리 문어 초무침 234.5g(냉장)", "img4": "https://img-cf.kurly.com/shop/data/goodsview/20200325/gv10000087191_2.jpg"},
{"name": "[SAMSAM HEAYO] 미나리 오징어 초무침 209.5g(냉장)", "img4": "https://img-cf.kurly.com/shop/data/goodsview/20200325/gv20000087251_2.jpg"},
{"name": "[비비고] 우리아이 한입 백김치", "img4": "https://img-cf.kurly.com/shop/data/goodsview/20200323/gv20000086598_2.jpg"},
{"name": "[비비고] 우리아이 한입 썰은김치", "img4": "https://img-cf.kurly.com/shop/data/goodsview/20200323/gv30000086594_2.jpg"},
{"name": "[비비고] 오징어채 볶음", "img4": "https://img-cf.kurly.com/shop/data/goodsview/20200320/gv30000086374_2.jpg"},
{"name": "[비비고] 견과류 멸치볶음", "img4": "https://img-cf.kurly.com/shop/data/goodsview/20200320/gv20000086356_2.jpg"},
{"name": "[비비고] 무말랭이 무침", "img4": "https://img-cf.kurly.com/shop/data/goodsview/20200320/gv00000086368_2.jpg"},
{"name": "[비비고] 소고기 장조림", "img4": "https://img-cf.kurly.com/shop/data/goodsview/20200320/gv00000086370_2.jpg"},
{"name": "[신사동백반] 양념깻잎장아찌", "img4": "https://img-cf.kurly.com/shop/data/goodsview/20200313/gv10000085433_2.jpg"},
{"name": "[신사동백반] 된장고추장아찌", "img4": "https://img-cf.kurly.com/shop/data/goodsview/20200313/gv20000085437_2.jpg"},
{"name": "[탐나는밥상] 돼지고기 사태무찜", "img4": "https://img-cf.kurly.com/shop/data/goodsview/20200313/gv10000085420_2.jpg"},
{"name": "[진실된손맛] 매생이 계란말이", "img4": "https://img-cf.kurly.com/shop/data/goodsview/20200312/gv10000085272_2.jpg"},
{"name": "[진실된손맛] 야채 계란말이", "img4": "https://img-cf.kurly.com/shop/data/goodsview/20200312/gv40000085230_2.jpg"}