{"name": "[존쿡 델리미트] 고소한 비엔나 소시지 255g", "img4": "https://img-cf.kurly.com/shop/data/goodsview/20200310/gv00000084816_2.jpg"},
{"name": "[오스카마이어] 스모크 소시지", "img4": "https://img-cf.kurly.com/shop/data/goodsview/20200226/gv10000082779_2.jpg"},
{"name": "[오스카마이어] 프랑크 소시지", "img4": "https://img-cf.kurly.com/shop/data/goodsview/20200226/gv10000082773_2.jpg"},
{"name": "[하이포크] 새우젓으로 맛을 낸 햄200g", "img4": "https://img-cf.kurly.com/shop/data/goodsview/20200225/gv40000082605_2.jpg"},
{"name": "[쟌슨빌] 소시지 3종", "img4": "https://img-cf.kurly.com/shop/data/goodsview/20200211/gv30000081020_2.jpg"},
{"name": "[존쿡 델리미트] 롱 스모크 소시지", "img4": "https://img-cf.kurly.com/shop/data/goodsview/20191113/gv30000068149_2.jpg"},
{"name": "[더건강한] 그릴 비엔나", "img4": "https://img-cf.kurly.com/shop/data/goodsview/20200406/gv40000089016_2.jpg"},
{"name": "[더건강한] 오리지널 부어스트", "img4": "https://img-cf.kurly.com/shop/data/goodsview/20191209/gv20000071963_2.jpg"},
{"name": "[동원참치] 라이트 스탠다드 85g 8캔", "img4": "https://img-cf.kurly.com/shop/data/goodsview/20191129/gv30000070296_2.jpg"},
{"name": "[친한] 닭가슴살 소시지 3종", "img4": "https://img-cf.kurly.com/shop/data/goodsview/20191023/gv10000065654_2.jpg"},
{"name": "[친한] 포크 소시지 3종", "img4": "https://img-cf.kurly.com/shop/data/goodsview/20191021/gv00000065368_2.jpg"},
{"name": "[존쿡 델리미트] 세인트루이스 립 텍사스 스타일 800g (소스포함) (냉동)", "img4": "https://img-cf.kurly.com/shop/data/goodsview/20191030/gv10000066465_2.jpg"},
{"name": "[존쿡 델리미트] 세인트루이스 립 드라이럽 스타일 500g (냉동)", "img4": "https://img-cf.kurly.com/shop/data/goodsview/20191030/gv20000066460_2.jpg"},
{"name": "[존쿡 델리미트] 스모크 소시지 70g", "img4": "https://img-cf.kurly.com/shop/data/goodsview/20190827/gv20000060414_2.jpg"},
{"name": "[전통부산어묵 by.고래사] 땡초봉 어묵", "img4": "https://img-cf.kurly.com/shop/data/goodsview/20190813/gv10000059171_2.jpg"},
{"name": "[전통부산어묵 by.고래사] 매콤 해물 어묵 210g", "img4": "https://img-cf.kurly.com/shop/data/goodsview/20190813/gv30000059194_2.jpg"}