{"img1": "https://img-cf.kurly.com/shop/data/goods/158555492666y0.jpg", "name": "[달새앙] 생강즙", "summary": "생강의 알싸한 매력", "price": "9,500원", "discount_rate": "5%", "unit": "1박스", "amount": "90mL X 10팩", "package": "상온/종이포장", "made_in": "", "img2": "https://img-cf.kurly.com/shop/data/goodsview/20200330/gv40000088031_1.jpg", "description": "생강즙을 쉽게 즐기기엔 아린 맛이 부담스러울 때가 있지요. 달새앙의 생강즙은 마치 수정과처럼 은은하게 달큰해 보다 편안하게 마실 수 있는데요. 뿌리가 통통한 국내산 생강을 엄선하여 한 팩에 담아냈답니다. 설탕이나 첨가물을 넣지 않고 국내산 벌꿀만을 사용했기에 더욱 안심할 수 있어요. 따끈한 차로 마시면 생강 특유의 알싸한 매력을 그대로 느낄 수 있고, 얼음을 더해 시원하게 마셔도 훌륭한 음료로 즐길 수 있을 거예요.", "img3": "https://img-cf.kurly.com/shop/data/goodsview/20200330/gv10000088035_1.jpg", "option_name_list": [], "option_price_list": []},
{"img1": "https://img-cf.kurly.com/shop/data/goods/1584932055285y0.jpg", "name": "[몸애수호] 어린이홍삼배도라지", "summary": "우리 아이를 위한 영양 한 팩", "price": "14,310원", "discount_rate": "10%", "unit": "1박스", "amount": "100ml x 10포", "package": "상온/종이포장", "made_in": "", "img2": "https://img-cf.kurly.com/shop/data/goodsview/20200323/gv10000086591_1.jpg", "description": "아이들이 마실 음료라면 아이들의 눈과 입맛을 모두 사로잡는 게 중요하지요. 귀여운 패키지에 넣어 아이들도 부담 없이 마실 수 있는 어린이 홍삼 배도라지 즙을 소개해 드릴게요. 국내산 배, 도라지와 6년근 홍삼을 사용하고 설탕 대신 배와 프락토올리고당으로 단맛을 더해 더욱더 영양을 생각한 즙이에요. 휴대가 간편한 파우치 형태로 포장되어 있어, 매일 아침 하나씩 챙겨 주기에도 좋답니다.", "img3": "https://img-cf.kurly.com/shop/data/goodsview/20200323/gv30000086597_1.jpg", "option_name_list": [], "option_price_list": []},
{"img1": "https://img-cf.kurly.com/shop/data/goods/1583295523893y0.jpg", "name": "[BBF] 피비핏 프로틴 파우더 2종", "summary": "땅콩과 초콜릿이 만난 단백질 파우더!", "price": "37,800원", "discount_rate": 0, "unit": "1개", "amount": "454g", "package": "상온/종이포장", "made_in": "", "img2": "https://img-cf.kurly.com/shop/data/goodsview/20200304/gv00000083953_1.jpg", "description": "몸을 꾸준히 관리하는 분들이라면 단백질 파우더에 대해 한 번쯤은 고민해 보셨을 거예요. 지나치게 강한 단맛대신, 달콤하고 고소한 풍미로 에너지를 붇돋아 줄 제품을 소개할게요. BBF의 피비핏 프로틴 피넛 파우더는 땅콩 분말과 단백질, 그리고 코코아분말 등으로 심플하게 완성했어요. 액체에 녹여 바로 음료로 즐길 수 있을 뿐만 아니라,  스무디나 쉐이크, 더 나아가 팬케익 등으로 활용해도 좋답니다. 전 재료를 비건으로 사용한 옵션까지 준비했으니 더욱 눈길이 가고요. 운동 중, 또는 간편한 한 끼를 챙길 때 달콤하고 고소하게 즐겨보세요. ", "img3": "https://img-cf.kurly.com/shop/data/goodsview/20200304/gv00000083955_1.jpg", "option_name_list": ["[BBF] 피비핏 초코맛 피넛 프로틴 파우더454g", "[BBF] 피비핏 유기농 초코맛 그린피스 프로틴 파우더454g"], "option_price_list": ["37,800원", "37,800원"]},
{"img1": "https://img-cf.kurly.com/shop/data/goods/1583139686921y0.jpg", "name": "[채움] 착즙 유기농 석류즙100% 30포", "summary": "물 한방울 넣지 않고 유기농 석류를 그대로 착즙하여 만든", "price": "39,800원", "discount_rate": 0, "unit": "1박스", "amount": "70mL x 30개입", "package": "상온/종이포장", "made_in": "", "img2": "https://img-cf.kurly.com/shop/data/goodsview/20200302/gv40000083590_1.jpg", "description": "풍부한 에스트로겐과 새콤달콤한 맛이 매력적인 과일 석류. 컬리는 정직하게 재배한 유기농 석류의 영양을 물 한 방울 섞지 않고 고스란히 담아낸 채움의 유기농 석류즙을 소개합니다. 100% 착즙액이기 때문에 석류 본연의 자연스러운 단맛과 신맛을 느낄 수 있답니다. 식품 첨가물도 일절 들어가지 않았기 때문에 더욱 믿고 드실 수 있어요. 박스에 깔끔하게 포장했으니 선물용으로도 제격이랍니다.", "img3": "https://img-cf.kurly.com/shop/data/goodsview/20200302/gv20000083596_1.jpg", "option_name_list": [], "option_price_list": []},
{"img1": "https://img-cf.kurly.com/shop/data/goods/1581646191135y0.jpg", "name": "[채움] 유기농 양배추 브로콜리즙", "summary": "오직 채소만을 100% 를 갈아 담은", "price": "34,200원", "discount_rate": "5%", "unit": "1박스", "amount": "80mL x 30포", "package": "상온/종이포장", "made_in": "", "img2": "https://img-cf.kurly.com/shop/data/goodsview/20200214/gv00000081307_1.jpg", "description": "양배추를 직접 달여 물처럼 드시는 분들이 주변에 참 많습니다. 양배추에는 식이섬유, 라이신, 비타민 등 강종 영양소가 풍부하기 때문인데요. 양배추를 꾸준히 먹어봐야겠다는 생각이 든다면 즙 전문가인 채움건강생활에게 도움을 청해 보세요. 채움은 유기농으로 재배한 국산 양배추와 브로콜리를 깨끗하게 씻은 뒤 물 한 방울 없이 그대로 착즙했어요. 설탕은 물론, 어떤 첨가물도 넣지 않았기에 첫 모금을 들이켰을 땐, 양배추 특유의 풍미가 올라와 낯설 수 있지만 두 세 번 꿀꺽 꿀꺽 삼켜보면 거북하지 않다는 걸 알게 됩니다. 1박스씩 깔끔하게 포장돼 있기에 주변 분들에게 선물하기에도 제격이에요. ", "img3": "https://img-cf.kurly.com/shop/data/goodsview/20200214/gv20000081314_1.jpg", "option_name_list": [], "option_price_list": []},
{"img1": "https://img-cf.kurly.com/shop/data/goods/1581398198270y0.jpg", "name": "[뉴트리원] 비비랩 마시는 더 콜라겐 (2중 기능성) 14병", "summary": "개별인증받은 2중 기능성 마시는 콜라겐", "price": "45,360원", "discount_rate": "30%", "unit": "1개", "amount": "50ml x 14병", "package": "냉장/종이포장", "made_in": "", "img2": "https://img-cf.kurly.com/shop/data/goodsview/20200211/gv00000081012_1.jpg", "description": "매일 빠져나가는 피부 속 콜라겐. 수많은 콜라겐 중 무엇을 선택할지 고민이라면, 기능성원료 피쉬콜라겐펩타이드 인체적용시험 결과를 보유하고 있는 뉴트리원의 더 콜라겐은 어떨까요. 건조한 피부를 가진 30~60세 한국인 여성 79명을 대상으로 한 기능성원료 피쉬콜라겐펩타이드 인체적용시험 결과, 피쉬콜라겐펩타이드 3,270mg를 함유한 음료(20mL)를 하루 한 번 섭취한 지 6주 만에 평균적인 탄력 개선을, 12주 만에 눈가주름, 피부보습, 피부 수분장벽 개선을 확인했어요. 하루 한 번 1병씩 섭취해 피부 건강을 챙겨 보세요.", "img3": "https://img-cf.kurly.com/shop/data/goodsview/20200211/gv30000081014_1.jpg", "option_name_list": [], "option_price_list": []},
{"img1": "https://img-cf.kurly.com/shop/data/goods/1577088346256y0.jpg", "name": "[하늘농부] 오가티움 갈아만든 유기농 토마토즙", "summary": "토마토의 달콤함이 느껴지는 즙", "price": "21,600원", "discount_rate": "10%", "unit": "1박스", "amount": "120mL x 20팩입", "package": "기타", "made_in": "", "img2": "https://img-cf.kurly.com/shop/data/goodsview/20191224/gv40000074771_1.jpg", "description": "이 토마토즙을 처음 맛보면 조금 놀랄지도 몰라요. 분명 물 한 방울, 설탕 한 스푼 없이 오직 유기농 토마토만 넣었는데도 제법 달달한 맛이 나거든요. 오가티움이 직접 개발한 착즙기로 만든 즙이에요. 토마토의 라이코펜 성분을 더 잘 섭취할 수 있으면서도 다른 영양소의 손실을 막기 위해 적절한 온도로 저온 가열을 한 것도 특징이죠. 뚜껑이 부착된 파우치에 담아 굳이 한 번에 다 마시지 않아도 좋아요. 토마토를 간편하게 드시고 싶은 분께 선물하기에도 손색이 없을 거랍니다. ", "img3": "https://img-cf.kurly.com/shop/data/goodsview/20191224/gv30000075219_1.jpg", "option_name_list": [], "option_price_list": []},
{"img1": "https://img-cf.kurly.com/shop/data/goods/1579583997207y0.jpg", "name": "[몸애쏙쏙] 유기농 의성흑마늘 진액 2종", "summary": "(10포 /30포 구성) 간편하게 마시는 유기농 흑마늘 진액", "price": "22,000원", "discount_rate": 0, "unit": "1개", "amount": "80mlx10포 / 80mlx30포 ", "package": "상온/종이포장", "made_in": "", "img2": "https://img-cf.kurly.com/shop/data/goodsview/20200121/gv00000078943_1.jpg", "description": "흑마늘은 마늘을 간편하게 즐길 수 있는 가장 좋은 방법이죠. 생마늘이 흑마늘이 되는 과정에서 특유의 강한 냄새와 매운맛은 날아가고, 달큼함과 새콤한 맛이 살아나기 때문이에요. 몸애쏙쏙의 흑마늘은 유명한 마늘 산지인 경상북도 의성에서 농약과 화학 비료를 사용하지 않고 키운 마늘로 만들었어요. 발효 숙성을 거친 흑마늘만을 진하게 추출하여 파우치에 담았답니다. 하루 한 포로 언제 어디서든 간편하게 건강을 챙겨 보세요.", "img3": "https://img-cf.kurly.com/shop/data/goodsview/20200121/gv30000078976_1.jpg", "option_name_list": ["몸애쏙쏙 유기농 의성흑마늘 진액 10포", "몸애쏙쏙 유기농 의성흑마늘 진액 30포"], "option_price_list": ["22,000원", "65,000원"]},
{"img1": "https://img-cf.kurly.com/shop/data/goods/1579584116267y0.jpg", "name": "[몸애쏙쏙] 유기농 의성흑마늘 스틱 2종", "summary": "(10포 /30포 구성) 간편하게 짜먹는 유기농 흑마늘!", "price": "15,000원", "discount_rate": 0, "unit": "1세트", "amount": "10mlx10포 / 10mlx30포 ", "package": "상온/종이포장", "made_in": "", "img2": "https://img-cf.kurly.com/shop/data/goodsview/20200121/gv00000078948_1.jpg", "description": "흑마늘은 마늘을 간편하게 즐길 수 있는 가장 좋은 방법이죠. 생마늘이 흑마늘이 되는 과정에서 특유의 강한 냄새와 매운맛은 날아가고, 달큼함과 새콤한 맛이 살아나기 때문이에요. 몸애쏙쏙의 흑마늘은 유명한 마늘 산지인 경상북도 의성에서 농약과 화학 비료를 사용하지 않고 키운 마늘로 만들었어요. 발효 숙성을 거친 흑마늘을 진하게 추출한 다음, 다른 식품첨가물 없이 유기농 국산 올리고당과 국내산 꿀만을 더했답니다. 쏙 짜 먹기 좋은 스틱형 패키지에 담았으니, 언제 어디서든 간편하게 건강을 챙겨 보세요.", "img3": "https://img-cf.kurly.com/shop/data/goodsview/20200121/gv00000078950_1.jpg", "option_name_list": ["몸애쏙쏙 유기농 의성흑마늘 스틱 10포", "몸애쏙쏙 유기농 의성흑마늘 스틱 30포"], "option_price_list": ["15,000원", "46,000원"]},
{"img1": "https://img-cf.kurly.com/shop/data/goods/1577423468752y0.jpg", "name": "[채움] 레드비트 100", "summary": "레드비트의 영양을 고스란히 담아낸", "price": "39,800원", "discount_rate": 0, "unit": "1박스", "amount": "80mL x 30개입", "package": "상온/종이포장", "made_in": "", "img2": "https://img-cf.kurly.com/shop/data/goodsview/20191227/gv00000075561_1.jpg", "description": "새빨간 빛깔이 돋보이는 뿌리채소, 레드비트의 영양을 고스란히 담아낸 채움의 '레드비트 100'을 소개할게요. 농약을 사용하지 않고 우리 땅에서 정성스레 재배한 레드비트만을 엄선하여 만들었답니다. 붉은빛 영양소 안토시아닌 성분이 다량 함유된 건 물론, 베타시아닌, 폴리페놀, 철분 등 뿌리의 영양이 듬뿍 스며있지요. 물 한 방울 넣지 않고 100% 순수하게 착즙했을 뿐만 아니라 단맛을 내기 위한 첨가물 또한 포함하지 않아 안심하고 마실 수 있어요.  어디서든 손쉽게 마실 수 있도록 포 패키징했으니, 하루 한 포로 건강을 챙겨보세요.", "img3": "https://img-cf.kurly.com/shop/data/goodsview/20191227/gv40000075566_1.jpg", "option_name_list": [], "option_price_list": []},
{"img1": "https://img-cf.kurly.com/shop/data/goods/1575620100408y0.jpg", "name": "[몸애쏙쏙] 무농약 자색양파즙2종", "summary": "진한 달콤함이 담긴 순수 양파즙", "price": "9,000원", "discount_rate": "25%", "unit": "", "amount": "", "package": "상온/종이포장", "made_in": "", "img2": "https://img-cf.kurly.com/shop/data/goodsview/20191206/gv20000071709_1.jpg", "description": "자색양파에는 안토시아닌과 파이토케미컬 등의 영양소가 풍부히 담겨있다고 해요.  진한 색을 띠는 채소나 과일에 주로 함유돼 있는 영양소지요. 일반 양파에 비해 달콤함이 더 짙게 감돌기에 양파즙에 처음 입문하는 분들께는 오히려 이 자색양파즙을 권하고 싶어요. 컬리는 물 한 방울 섞지 않고, 오직 유기농 자색양파만을 낮은 온도에서 착즙한 양파즙을 선보여요. 퀘세틴과 같은 영양분이 든 껍질까지 통째로 사용했답니다. 처음 드시는 분들도 맛보기용으로 부담 없이 섭취할 수 있는 10포와 선물용으로 알맞은 30포로 준비했으니 골라가세요. ", "img3": "https://img-cf.kurly.com/shop/data/goodsview/20191206/gv30000071769_1.jpg", "option_name_list": ["[몸애쏙쏙] 무농약 자색양파즙 10포", "[몸애쏙쏙] 무농약 자색양파즙 30포"], "option_price_list": ["12,000원", "33,000원"]},
{"img1": "https://img-cf.kurly.com/shop/data/goods/1575005981445y0.jpg", "name": "[갈릭꼬] 효소발효 황제 마늘진액 2종", "summary": "발효 숙성된 점보마늘, 홍삼, 벌꿀의 절묘한 만남", "price": "24,000원", "discount_rate": 0, "unit": "박스", "amount": "상품별 상이", "package": "기타", "made_in": "별도 표기", "img2": "https://img-cf.kurly.com/shop/data/goodsview/20191129/gv40000070318_1.jpg", "description": null, "img3": "https://img-cf.kurly.com/shop/data/goodsview/20191129/gv10000070321_1.jpg", "option_name_list": ["[갈릭꼬] 효소발효 황제 마늘진액 낱개 박스 70g x 10입", "[갈릭꼬] 효소발효 황제 마늘진액 선물 박스 70g x 30입"], "option_price_list": ["24,000원", "69,000원"]},
{"img1": "https://img-cf.kurly.com/shop/data/goods/1574760568454y0.jpg", "name": "[로트벡쉔] 바이탈 헬시본 미니 2종", "summary": "맛있게 챙기는 뼈 건강", "price": "13,900원", "discount_rate": 0, "unit": "1박스", "amount": "옵션별 상이", "package": "상온/종이포장", "made_in": "", "img2": "https://img-cf.kurly.com/shop/data/goodsview/20191126/gv00000069831_1.jpg", "description": "독일의 건강기능식품 브랜드 로트벡쉔의 '바이탈 헬시본 미니'는 뼈의 형성과 유지에 필요한 비타민D를 주원료로 하여 만들어졌답니다. 뿐만 아니라 부원료로 사과, 망고 등의 과일을 물 한방울도 넣지 않고 착즙하여 맛까지 잡았죠. 액상 타입이기 때문에 타블렛을 넘기기 어려워하는 분들에게도 적합하고요. 한 손에 들어오는 125mL의 아담한 미니 사이즈 한 병으로 비타민D를 보충해보세요. 6개입과 12개입 두 가지를 준비했으니 필요에 따라 선택하세요.", "img3": "https://img-cf.kurly.com/shop/data/goodsview/20191126/gv00000069835_1.jpg", "option_name_list": ["[로트벡쉔] 바이탈 헬시본 미니 6개입", "[로트벡쉔] 바이탈 헬시본 미니 12개입"], "option_price_list": ["13,900원", "26,000원"]},
{"img1": "https://img-cf.kurly.com/shop/data/goods/1574755868511y0.jpg", "name": "[로트벡쉔] 바이탈 이뮨 미니 2종", "summary": "더 간편해진 면역 기능 유지 음료", "price": "13,205원", "discount_rate": "5%", "unit": "", "amount": "", "package": "상온/종이포장", "made_in": "", "img2": "https://img-cf.kurly.com/shop/data/goodsview/20191126/gv00000069799_1.jpg", "description": "독일의 건강기능식품 브랜드 로트벡쉔의 '바이탈 이뮨' 제품을 미니 사이즈로 만나보세요. 바이탈 이뮨 미니는 정상적인 면역기능에 도움을 줄 수 있는 비타민C와 아연을 배합한 액상 타입의 제품이랍니다. 자연에서 온 적포도, 사과, 엘더베리, 아세로라 등을 착즙한 원액을 부원료로 넣어 맛있는 맛을 만들어냈죠. 이제 큰 병에서 덜어 계량할 필요 없이 하루에 딱 한 병만 마시면 되고, 변질을 걱정할 일도 한층 줄었어요. 6개입, 12개입으로 준비했으니 가방에 한 병씩 넣어 다니며 언제 어디서든 편리하게 섭취해보세요. 소중한 분께 드리는 선물로도 좋을 거예요.", "img3": "https://img-cf.kurly.com/shop/data/goodsview/20191126/gv00000069813_1.jpg", "option_name_list": ["[로트벡쉔] 바이탈 이뮨 미니 6개입", "[로트벡쉔] 바이탈 이뮨 미니 12개입"], "option_price_list": ["13,900원", "26,000원"]},
{"img1": "https://img-cf.kurly.com/shop/data/goods/1574757667112y0.jpg", "name": "[로트벡쉔] 바이탈 아이젠 포멜 미니 2종", "summary": "하루 한 병으로 충분한 철분 보충", "price": "13,900원", "discount_rate": 0, "unit": "1박스", "amount": "옵션별 상이", "package": "상온/종이포장", "made_in": "", "img2": "https://img-cf.kurly.com/shop/data/goodsview/20191126/gv20000069804_1.jpg", "description": "독일의 건강기능식품 브랜드 로트벡쉔의 '바이탈 아이젠 포멜'은 철분과 함께 8가지 부원료를 더해 철분 특유의 맛을 잡은, 맛있는 액상 타입의 제품이랍니다. 이번에 소개할 바이탈 아이젠 포멜 미니는 큰 병에서 덜어 계량할 필요 없이 하루에 딱 한 병만 마시면 되니 참 간편하고, 변질을 걱정할 일도 한층 줄었지요. 6개입, 12개입으로 준비했으니 가방에 한 병씩 넣어 다니며 언제 어디서든 편리하게 섭취해보세요. 소중한 분께 드리는 선물로도 좋을 거예요. 철분보충이 필요한 분들께 권해드립니다.", "img3": "https://img-cf.kurly.com/shop/data/goodsview/20191126/gv00000069809_1.jpg", "option_name_list": ["[로트벡쉔] 바이탈 아이젠 포멜 미니 6개입", "[로트벡쉔] 바이탈 아이젠 포멜 미니 12개입"], "option_price_list": ["13,900원", "26,000원"]},
{"img1": "https://img-cf.kurly.com/shop/data/goods/1574070054830y0.jpg", "name": "[선물세트] 장만순산삼가 청춘고", "summary": "정성과 시간으로 쌓아올린", "price": "138,600원", "discount_rate": "30%", "unit": "1병", "amount": "150g", "package": "상온/종이포장", "made_in": "", "img2": "https://img-cf.kurly.com/shop/data/goodsview/20191118/gv20000068513_1.jpg", "description": null, "img3": "https://img-cf.kurly.com/shop/data/goodsview/20191118/gv20000068520_1.jpg", "option_name_list": [], "option_price_list": []}