{"img1": "https://img-cf.kurly.com/shop/data/goods/1583295523893y0.jpg", "name": "[BBF] 피비핏 프로틴 파우더 2종", "summary": "땅콩과 초콜릿이 만난 단백질 파우더!", "price": "37,800원", "discount_rate": 0, "unit": "1개", "amount": "454g", "package": "상온/종이포장", "made_in": "", "img2": "https://img-cf.kurly.com/shop/data/goodsview/20200304/gv00000083953_1.jpg", "description": "몸을 꾸준히 관리하는 분들이라면 단백질 파우더에 대해 한 번쯤은 고민해 보셨을 거예요. 지나치게 강한 단맛대신, 달콤하고 고소한 풍미로 에너지를 붇돋아 줄 제품을 소개할게요. BBF의 피비핏 프로틴 피넛 파우더는 땅콩 분말과 단백질, 그리고 코코아분말 등으로 심플하게 완성했어요. 액체에 녹여 바로 음료로 즐길 수 있을 뿐만 아니라,  스무디나 쉐이크, 더 나아가 팬케익 등으로 활용해도 좋답니다. 전 재료를 비건으로 사용한 옵션까지 준비했으니 더욱 눈길이 가고요. 운동 중, 또는 간편한 한 끼를 챙길 때 달콤하고 고소하게 즐겨보세요. ", "img3": "https://img-cf.kurly.com/shop/data/goodsview/20200304/gv00000083955_1.jpg", "option_name_list": ["[BBF] 피비핏 초코맛 피넛 프로틴 파우더454g", "[BBF] 피비핏 유기농 초코맛 그린피스 프로틴 파우더454g"], "option_price_list": ["37,800원", "37,800원"]},
{"img1": "https://img-cf.kurly.com/shop/data/goods/158321666320y0.jpg", "name": "[싱크] 하이 프로틴바 5종", "summary": "[1개당 단백질 20g 함유] 간편하게 챙겨먹는 미국 갬성 단백질바", "price": "3,000원", "discount_rate": 0, "unit": "1개", "amount": "60g", "package": "상온/종이포장", "made_in": "", "img2": "https://img-cf.kurly.com/shop/data/goodsview/20200303/gv30000083772_1.jpg", "description": "식단을 조절 중인 분들이라면 하루에 필요한 단백질을 틈틈이 섭취해야 하지요. 간편하고 맛있게 단백질을 챙겨 먹을 수 있도록, 싱크의 하이프로틴바를 가져왔어요. 제품 1개당 20g의 단백질이 함유되어 있어, 하나만으로도 하루 권장량의 36%를 섭취할 수 있고요. 설탕이나 밀가루를 사용하지 않아 걱정 없이 즐길 수 있답니다. 브라우니부터 청키 피넛 버터까지, 5가지 맛을 준비했으니 취향에 맞게 골라보세요.", "img3": "https://img-cf.kurly.com/shop/data/goodsview/20200303/gv20000083774_1.jpg", "option_name_list": ["[싱크] 하이 프로틴 바브라우니 크런치", "[싱크] 하이 프로틴 바화이트 초콜릿", "[싱크] 하이 프로틴 바초콜릿 퍼지", "[싱크] 하이 프로틴 바청키 피넛 버터", "[싱크] 하이 프로틴 바크리미 피넛 버터"], "option_price_list": ["3,000원", "3,000원", "3,000원", "3,000원", "3,000원"]},
{"img1": "https://img-cf.kurly.com/shop/data/goods/1581648195252y0.jpg", "name": "[정식품] 100% 국내산 자연담은 한끼생식", "summary": "국산 원재료 100% 64가지 재료로 만든 생식!", "price": "17,500원", "discount_rate": 0, "unit": "1박스", "amount": "30gx7포", "package": "상온/종이포장", "made_in": "", "img2": "https://img-cf.kurly.com/shop/data/goodsview/20200214/gv30000081323_1.jpg", "description": "선식과 다르게 생식은 각종 곡물이나 채소 등의 재료에 열을 가하지 않고 그대로 동결건조하여 만들어집니다. 그 때문에 영양소 파괴가 적고, 원물 고유의 맛이나 향이 고이 간직되지요. 두유를 기반으로 건강에 이로운 식품을 만드는 기업, 정식품은 64가지 재료를 배합해 만든 생식을 선보입니다. 영양 균형을 고려하여 곡물, 씨앗, 채소, 버섯, 해조류 등의 재료를 골고루 엄선했지요. 영하 35도 이하에서 원재료를 얼려 건조하고, 수분만을 제거한 뒤 스틱 형태에 담아 그대로 포장했어요. 물이나 두유 등과 함께 섭취하여 몸속의 부족한 영양분을 든든히 채워보세요. ", "img3": "https://img-cf.kurly.com/shop/data/goodsview/20200214/gv10000081345_1.jpg", "option_name_list": [], "option_price_list": []},
{"img1": "https://img-cf.kurly.com/shop/data/goods/157837513512y0.jpg", "name": "[순수람] 유기농 새싹보리 환", "summary": "", "price": "18,500원", "discount_rate": 0, "unit": "1개", "amount": "100g", "package": "상온/종이포장", "made_in": "", "img2": "https://img-cf.kurly.com/shop/data/goodsview/20200107/gv30000076891_1.jpg", "description": "새싹보리는 보리가 싹을 틔운 후 15~20cm 정도 자란 어린잎을 의미해요. 발아한 지 얼마 되지 않아 씨앗의 영양을 고이 간직하고 있는 새싹보리는 비타민C와 칼륨, 폴리코사놀 성분 등을 풍부하게 함유하고 있죠. 컬리는 이런 새싹보리를 간편하게 섭취할 수 있는 순수람의 '유기농 새싹보리 환'을 준비했어요. 콩알만 한 크기로 동그랗게 빚어내 물만 있으면 언제 어디서든 쉽게 꺼내 먹을 수 있답니다. 십여 년간 농업 연구에 매진해 온 천춘진 박사가 유기농법으로 직접 키워낸 새싹보리를 사용했기에 안심하고 드셔도 좋아요. 보리순의 초록빛 에너지가 담긴 '유기농 새싹보리 환'을 편하게 만나보세요.", "img3": "https://img-cf.kurly.com/shop/data/goodsview/20200107/gv20000076894_1.jpg", "option_name_list": [], "option_price_list": []},
{"img1": "https://img-cf.kurly.com/shop/data/goods/1576733625129y0.jpg", "name": "[효소원] 청순다이어트", "summary": "하루 4포로 만나는 가뿐한 순간", "price": "55,000원", "discount_rate": 0, "unit": "1박스", "amount": "5g x 120포", "package": "상온/종이포장", "made_in": "", "img2": "https://img-cf.kurly.com/shop/data/goodsview/20191219/gv00000073929_1.jpg", "description": "몸에 무리가 없는 다이어트를 원한다면 한국인의 식단을 끊임 없이 연구해 온 효소원의 제품을 만나보세요. 효소원이 선보이는 청순 다이어트는 가르시니아 캄보지아 추출물(HCA)과 차전자피식이섬유를 동시에 섭취 가능한 건강기능식품입니다. 과체중인 성인의 체지방을 감소시키고 탄수화물이 지방으로 합성되는 것을 억제하는데 도움을 줄 수 있는데요. 분말 형태로 섭취가 간편한 데다가 푸룬농축액 등을 더해 상큼하게 완성했어요. 규칙적인 운동과 식단 조절이을 함께 한다면 더욱 효과적일 거예요.", "img3": "https://img-cf.kurly.com/shop/data/goodsview/20191219/gv30000073935_1.jpg", "option_name_list": [], "option_price_list": []},
{"img1": "https://img-cf.kurly.com/shop/data/goods/157682905393y0.jpg", "name": "[효소원] 가족건강분말", "summary": "한 스푼으로 더하는 발효 효소", "price": "58,000원", "discount_rate": 0, "unit": "1통", "amount": "555g", "package": "상온/종이포장", "made_in": "", "img2": "https://img-cf.kurly.com/shop/data/goodsview/20191219/gv40000073883_1.jpg", "description": null, "img3": "https://img-cf.kurly.com/shop/data/goodsview/20191219/gv40000073888_1.jpg", "option_name_list": [], "option_price_list": []},
{"img1": "https://img-cf.kurly.com/shop/data/goods/1576735594129y0.jpg", "name": "[효소원] 효소원N", "summary": "속이 편한 하루를 위한 선택", "price": "38,000원", "discount_rate": 0, "unit": "", "amount": "", "package": "상온/종이포장", "made_in": "", "img2": "https://img-cf.kurly.com/shop/data/goodsview/20191219/gv20000073946_1.jpg", "description": null, "img3": "https://img-cf.kurly.com/shop/data/goodsview/20191219/gv40000073953_1.jpg", "option_name_list": [], "option_price_list": []},
{"img1": "https://img-cf.kurly.com/shop/data/goods/1575436433934y0.jpg", "name": "[인퓨이스] 아이돌물 파우더 100g", "summary": "간편하게 타먹는 레몬 녹차수", "price": "9,900원", "discount_rate": 0, "unit": "1통", "amount": "100g", "package": "상온/종이포장", "made_in": "별도표기", "img2": "https://img-cf.kurly.com/shop/data/goodsview/20191204/gv00000071082_1.jpg", "description": "물을 많이 마시자고 늘 다짐하지만, 실천이 어려웠다면 주목해 주세요. 아이돌 가수가 무대에 오르기 전 마신다고 하여 아이돌 물이라는 재미있는 이름도 붙은 제품이죠. 인퓨이스는 간단하게 타 드실 수 있는 분말 제형의 레몬 녹차수를 선보였어요. 비타민C가 풍부한 레몬과 카테킨이 풍부한 녹차를 배합하고, 달달한 설탕도 첨가했어요. 입자가 가늘고 부드러워 물에 잘 녹으니, 동봉된 계량스푼을 이용하여 가볍게 섭취해 보세요.", "img3": "https://img-cf.kurly.com/shop/data/goodsview/20191204/gv20000071091_1.jpg", "option_name_list": [], "option_price_list": []},
{"img1": "https://img-cf.kurly.com/shop/data/goods/1575436780770y0.jpg", "name": "[인퓨이스] 오일만 주스 파우더 100g", "summary": "간편하게 타먹는 레몬&파슬리 파우더", "price": "9,900원", "discount_rate": 0, "unit": "1통", "amount": "100g", "package": "상온/종이포장", "made_in": "", "img2": "https://img-cf.kurly.com/shop/data/goodsview/20191204/gv00000071108_1.jpg", "description": "물을 많이 마시자고 늘 다짐하지만, 실천이 어려웠다면 주목해 주세요. 인퓨이스는 간단하게 타 드실 수 있는 분말 제형의 오일만 주스 파우더를 선보였어요. 파슬리와 레몬을 넣어서 산도가 높은 편이라 5일 동안 마시고 10일은 쉰다고 하여 오일만 주스라는 이름이 붙었지요. 파슬리에는 비타민A와 C, 칼륨이 풍부하게 함유되어 있다고 하죠. 입자가 가늘고 부드러워 물에 잘 녹으니, 동봉된 계량스푼을 이용하여 가볍게 섭취해 보세요.", "img3": "https://img-cf.kurly.com/shop/data/goodsview/20191204/gv20000071117_1.jpg", "option_name_list": [], "option_price_list": []},
{"img1": "https://img-cf.kurly.com/shop/data/goods/157543657763y0.jpg", "name": "[인퓨이스] 깻잎 워터 파우더 100g", "summary": "간편히 마시는 라임&레몬&깻잎 파우더", "price": "8,900원", "discount_rate": 0, "unit": "1통", "amount": "100g", "package": "상온/종이포장", "made_in": "별도 표기", "img2": "https://img-cf.kurly.com/shop/data/goodsview/20191204/gv10000071097_1.jpg", "description": "물을 많이 마시자고 늘 다짐하지만, 실천이 어려웠다면 주목해 주세요. 인퓨이스는 간단하게 타 드실 수 있는 분말 제형의 깻잎 워터 파우더를 선보였어요. 깻잎은 시금치의 2배가 넘는 철분과 함께 피톨과 루테올린 성분을 함유하고 있다고 하죠. 비타민C가 풍부한 라임과 레몬을 깻잎과 알맞을 비율로 배합하였어요. 입자가 가늘고 부드러워 물에 잘 녹으니, 동봉된 계량스푼을 이용하여 가볍게 섭취해 보세요.", "img3": "https://img-cf.kurly.com/shop/data/goodsview/20191204/gv00000071105_1.jpg", "option_name_list": [], "option_price_list": []},
{"img1": "https://img-cf.kurly.com/shop/data/goods/1575017792887y0.jpg", "name": "[갈릭꼬] 효소발효 황제마늘2종", "summary": "효소 발효한 흑마늘을 간편하게 소분한", "price": "52,000원", "discount_rate": 0, "unit": "박스", "amount": "상품별 상이", "package": "기타", "made_in": "별도 표기", "img2": "https://img-cf.kurly.com/shop/data/goodsview/20191129/gv10000070442_1.jpg", "description": null, "img3": "https://img-cf.kurly.com/shop/data/goodsview/20191129/gv40000070460_1.jpg", "option_name_list": ["[갈릭꼬] 효소발효 황제마늘 낱개 박스 15g x 10입", "[갈릭꼬] 효소발효 황제마늘 선물 박스 15g x 30입"], "option_price_list": ["52,000원", "150,000원"]},
{"img1": "https://img-cf.kurly.com/shop/data/goods/1574753458205y0.jpg", "name": "[솔라겐스] 퓨어크릴오일", "summary": "인지질 53%이상 함유 및 아스타잔틴, EPA 그리고 DHA이 들어있는 크릴오일", "price": "30,000원", "discount_rate": "25%", "unit": "1박스", "amount": "1000mg x 30캡슐 ", "package": "상온/종이포장", "made_in": "", "img2": "https://img-cf.kurly.com/shop/data/goodsview/20191126/gv00000069791_1.jpg", "description": "크릴 오일 섭취에 관심이 있다면, 지금 컬리가 소개하는 퓨어크릴오일을 주목해주세요. 세계적인 크릴오일 전문 기업인 노르웨이 림프로스트의 원료를 넣은 제품이랍니다. 이 원료는 남극 해양 먹이사슬의 최하층으로 중금속 축적 위험이 적은 크릴을 어획 후 선상에서 바로 가공해 무척 신선하지요. 게다가 특허받은 '크릴새우로부터 단백질성 농축물을 제조시 불소 함량을 감소시키는 방법'(특허 제 10-1741763)을 사용해 한층 더 안전하게 섭취가 가능하답니다. 캡슐이 조금 큰 편이니 충분한 물과 함께 섭취하기를 권해드려요. ", "img3": "https://img-cf.kurly.com/shop/data/goodsview/20191126/gv00000069794_1.jpg", "option_name_list": [], "option_price_list": []},
{"img1": "https://img-cf.kurly.com/shop/data/goods/1574746427760y0.jpg", "name": "[안국건강] 인생뷰티 저분자콜라겐 유산균 업", "summary": "새콤달콤 맛있는 콜라겐", "price": "22,000원", "discount_rate": "45%", "unit": "1박스", "amount": "2g x 100포 ", "package": "상온/종이포장", "made_in": "", "img2": "https://img-cf.kurly.com/shop/data/goodsview/20191126/gv20000069715_1.jpg", "description": "인생뷰티는 안국건강이 선보이는 이너뷰티 브랜드예요. 간편하면서도 속부터 가꾸는 아름다움을 추구하고 있지요. 이번에 컬리가 준비한 인생뷰티 라인은 물과 함께 가볍게 톡 털어 넣을 수 있는 포 타입이랍니다. 저분자콜라겐과 함께 아세로라추출물, 히알루론산, 레몬농축분말을 더했어요. 거기다 18종의 유산균과, 유산균의 먹이가 되는 프락토올리고당까지 추가했지요. 새콤달콤 맛있는 하루 2포로 산뜻하게 비우고 탄력 있게 채워보세요. ", "img3": "https://img-cf.kurly.com/shop/data/goodsview/20191126/gv10000069718_1.jpg", "option_name_list": [], "option_price_list": []},
{"img1": "https://img-cf.kurly.com/shop/data/goods/1574746885733y0.jpg", "name": "[안국건강] 편강 청강원 1통", "summary": "과민한 코를 위한 건강기능식품", "price": "55,200원", "discount_rate": "20%", "unit": "1박스", "amount": "30포", "package": "상온/종이포장", "made_in": "", "img2": "https://img-cf.kurly.com/shop/data/goodsview/20191126/gv40000069724_1.jpg", "description": null, "img3": "https://img-cf.kurly.com/shop/data/goodsview/20191126/gv10000069728_1.jpg", "option_name_list": [], "option_price_list": []},
{"img1": "https://img-cf.kurly.com/shop/data/goods/1574067174630y0.jpg", "name": "[선물세트] 장만순산삼가 공진보", "summary": "발효 산양삼이 더해진 동양의 지혜", "price": "800,000원", "discount_rate": 0, "unit": "1상자", "amount": "4.5g*10개입", "package": "상온/종이포장", "made_in": "", "img2": "https://img-cf.kurly.com/shop/data/goodsview/20191118/gv30000068462_1.jpg", "description": null, "img3": "https://img-cf.kurly.com/shop/data/goodsview/20200305/gv10000084078_1.jpg", "option_name_list": [], "option_price_list": []},
{"img1": "https://img-cf.kurly.com/shop/data/goods/1574069274708y0.jpg", "name": "[선물세트] 장만순산삼가 공진보 정", "summary": "발효 산양삼을 더해 진하게 담은", "price": "172,000원", "discount_rate": 0, "unit": "1박스", "amount": "10g*20개입", "package": "상온/종이포장", "made_in": "", "img2": "https://img-cf.kurly.com/shop/data/goodsview/20191118/gv20000068500_1.jpg", "description": null, "img3": "https://img-cf.kurly.com/shop/data/goodsview/20191118/gv30000068512_1.jpg", "option_name_list": [], "option_price_list": []}