{"img1": "https://img-cf.kurly.com/shop/data/goods/1577176364740y0.jpg", "name": "[고려은단] 비타민 C 골드 플러스 150정", "summary": "일상의 활력을 비타민C골드와 함께", "price": "28,050원", "discount_rate": "15%", "unit": "1세트", "amount": "150정", "package": "기타", "made_in": "", "img2": "https://img-cf.kurly.com/shop/data/goodsview/20191224/gv00000075010_1.jpg", "description": "생활에 활력을 찾고자 할 때 컬리가 꼭 권하고 싶은 건강기능식품이 있어요. 고려은단의 비타민 C 골드 플러스입니다. 체내에서 자가 생성되지 않아 반드시 섭취를 통해서만 흡수되는 필수 영양소, 비타민 C를 기반으로 한 제품이에요. 골다공증 발생 위험 감소에 도움을 줄 수 있는 비타민 D와 정상적인 면역 기능에 필요한 아연, 비오틴 등도 함께 배합하여 캡슐 하나에 담아냈지요. 알루미늄 포장재에 캡슐을 넣었기에 비타민 C가 공기 중에 노출되거나 산화될 염려를 덜어 드립니다. 한 상자에 150정이 들어 있으니 다섯 달간 섭취하기에 알맞을 거예요. 정상적인 면역 기능이 필요한 분께 건네봐도 좋습니다. ", "img3": "https://img-cf.kurly.com/shop/data/goodsview/20191224/gv20000075195_1.jpg", "option_name_list": [], "option_price_list": []},
{"img1": "https://img-cf.kurly.com/shop/data/goods/1572588425894y0.jpg", "name": "[솔가] 오메가3 700 60캡슐", "summary": "하루 한 알로 섭취하는 오메가3", "price": "32,000원", "discount_rate": 0, "unit": "1통", "amount": "72g (1200mg x 60캡슐) ", "package": "상온/종이포장", "made_in": "", "img2": "https://img-cf.kurly.com/shop/data/goodsview/20191101/gv40000066705_1.jpg", "description": "오메가-3 기준 중 가장 엄격한 GOED Monograph의 기준에 따라 생산된 제품을 만나보세요. 캐나다산 MEG-3을 원료로 사용하고 돈피연질캡슐화 작업은 미국 J&D Labs에서 제조했습니다. 소형 어류에서 원료를 추출했고, 중금속 함량을 안전한 수준으로 관리하고 있어 안심하고 섭취할 수 있답니다. 혈중 중성지질 개선이나 혈행 개선에 도움을 받고 싶을 때 하루 1캡슐씩, 식사 중간이나 식사 직후에 섭취하기를 권해드려요. 간편한 섭취로 혈행개선에 도움을 받고자 하는 분이나 건조한 눈 건강 개선을 원하는 분께도 추천합니다. ", "img3": "https://img-cf.kurly.com/shop/data/goodsview/20191101/gv10000066737_1.jpg", "option_name_list": [], "option_price_list": []},
{"img1": "https://img-cf.kurly.com/shop/data/goods/1572589556720y0.jpg", "name": "[솔가] 구연산 칼슘", "summary": "칼슘과 비타민D를 한 번에", "price": "38,000원", "discount_rate": 0, "unit": "", "amount": "", "package": "상온/종이포장", "made_in": "", "img2": "https://img-cf.kurly.com/shop/data/goodsview/20191101/gv40000066719_1.jpg", "description": "뼈 건강에 도움을 받고 싶을 때 선택할 수 있는 솔가의 건강기능식품을 소개할게요. 칼슘의 흡수를 돕고, 뼈의 형성에 도움을 줄 수 있는 비타민D까지 한 번에 섭취할 수 있도록 배합한 제품이에요. 칼슘은 1일 영양소 기준치의 71%, 비타민D는 75%를 함유해 비교적 순한 편이랍니다. 성장기, 청소년, 임신, 수유기, 뼈가 약해지기 쉬운 노년기까지 추천해요. 골다공증 발생 위험을 감소하는데 도움을 받고자 하는 분께도 적당하죠. 식사 중간이나 식사 직후에 충분한 물과 함께 섭취해보세요. ", "img3": "https://img-cf.kurly.com/shop/data/goodsview/20191101/gv40000066738_1.jpg", "option_name_list": [], "option_price_list": []},
{"img1": "https://img-cf.kurly.com/shop/data/goods/1572590631968y0.jpg", "name": "[솔가] 아연", "summary": "정상적인 면역기능에 필요한", "price": "19,800원", "discount_rate": 0, "unit": "1통", "amount": "55g (550mg * 100정)", "package": "상온/종이포장", "made_in": "", "img2": "https://img-cf.kurly.com/shop/data/goodsview/20191101/gv00000066724_1.jpg", "description": "아연만을 단독으로 함유하고 있는 건강기능식품을 소개합니다. 무기질보충이 필요한 청소년, 성인은 물론 정상적인 면역기능과 세포분열이 필요한 성장기, 가임기, 수유기에도 추천해요. 1정당 아연 50mg을 섭취할 수 있지요. 섭취 후 불편한 현상이 있다면 위장 상태가 예민한 아침보다는 점심이나 저녁 식사 중간이나 식사 직후 섭취를 권해드릴게요. 처음 며칠동안은 아연을 1/2조각으로 잘라 섭취하는 것도 가능합니다. ", "img3": "https://img-cf.kurly.com/shop/data/goodsview/20191101/gv40000066728_1.jpg", "option_name_list": [], "option_price_list": []},
{"img1": "https://img-cf.kurly.com/shop/data/goods/1572507273640y0.jpg", "name": "[솔가] 철분25", "summary": "식물성 캡슐로 채식주의자도 섭취할 수 있는", "price": "22,900원", "discount_rate": 0, "unit": "1통", "amount": "22.5g (250mg x 90캡슐)", "package": "상온/종이포장", "made_in": "", "img2": "https://img-cf.kurly.com/shop/data/goodsview/20191101/gv00000066621_1.jpg", "description": "식물성 캡슐을 사용해 채식주의자도 섭취할 수 있는 철분을 소개합니다. 평소 철분섭취가 부족한 분은 물론 임신 전,후 여성 및 수유부, 채식위주의 식사를 하는 분께도 추천해요. 청결인증제도 코셔인증 제품이며, 밀, 콩, 효모, 설탕, 소금을 첨가하지 않았습니다. 철분은 공복에 섭취할 경우 흡수율을 높일 수 있으나, 식후 비타민C와 함께 섭취해도 좋아요. 7세 이하의 어린이가 섭취하기에는 철분 함량이 높은 편이니 구매에 참고하세요. ", "img3": "https://img-cf.kurly.com/shop/data/goodsview/20200217/gv00000081723_1.jpg", "option_name_list": [], "option_price_list": []},
{"img1": "https://img-cf.kurly.com/shop/data/goods/157250730583y0.jpg", "name": "[솔가] 엽산400", "summary": "1일 영양성분 기준치를 100% 채울 수 있는", "price": "19,800원", "discount_rate": 0, "unit": "1통", "amount": "27.56mg (275.6 x 100정)", "package": "상온/종이포장", "made_in": "", "img2": "https://img-cf.kurly.com/shop/data/goodsview/20191101/gv00000066632_1.jpg", "description": "한 알만 섭취해도 1일 영양성분 기준치를 100% 채울 수 있는 엽산을 준비했어요. 엽산은 혈액의 호모시스테인 수준을 정상으로 유지하는데 필요한 성분인데요. 식품만으로 1일 섭취량을 충족시키기에는 한계가 있어 건강기능식품을 통해 섭취하기를 권하고 있죠. 호모시스테인 수준을 정상으로 유지하고 싶은 분이나 호모시스테인 수준 관리가 필요한 중장년층에게도 추천해요. 임신 전, 후 여성에게도 권해드립니다. 임신 준비기간에는 하루에 엽산 400을 1정씩, 임신이 확인된 이후에는 2정씩 섭취하시면 된답니다.", "img3": "https://img-cf.kurly.com/shop/data/goodsview/20200217/gv00000081722_1.jpg", "option_name_list": [], "option_price_list": []},
{"img1": "https://img-cf.kurly.com/shop/data/goods/1572507335857y0.jpg", "name": "[솔가] 에스터C 500 50캡슐", "summary": "공복에도 섭취할 수 있는", "price": "19,800원", "discount_rate": 0, "unit": "1통", "amount": "36g (720.32mg x 50캡슐)", "package": "상온/종이포장", "made_in": "", "img2": "https://img-cf.kurly.com/shop/data/goodsview/20191101/gv40000066638_1.jpg", "description": null, "img3": "https://img-cf.kurly.com/shop/data/goodsview/20200217/gv40000081721_1.jpg", "option_name_list": [], "option_price_list": []},
{"img1": "https://img-cf.kurly.com/shop/data/goods/158338509875y0.jpg", "name": "[네추럴라이즈] 감마리놀렌산 달맞이꽃종자유-V", "summary": "99%달맞이꽃종자유와 1%비타민E", "price": "32,310원", "discount_rate": "10%", "unit": "1통", "amount": "1,040mg x 240캡슐", "package": "상온/종이포장", "made_in": "", "img2": "https://img-cf.kurly.com/shop/data/goodsview/20200305/gv40000084162_1.jpg", "description": "달맞이꽃종자유와 모유에 함유된 감마리놀렌산은 월경 전 변화에 의한 불편한 상태와 면역과민반응에 의한 피부 상태 개선에 도움을 줄 수 있는 성분이죠. 컬리는 1캡슐당 달맞이꽃종자유를 99%와 비타민E를 1% 배합한 네추럴라이즈의 제품을 소개할게요. 달맞이꽃종자유를 가열하지 않고 45℃ 이하에서 추출하는 저온 압착 추출공법으로 영양소 파괴를 최소화했어요. 또 동물성 젤라틴이 아닌 식물성 캡슐에 담아 부담이 없죠. 하루 두 번, 1캡슐씩 섭취해 보세요.", "img3": "https://img-cf.kurly.com/shop/data/goodsview/20200305/gv00000084167_1.jpg", "option_name_list": [], "option_price_list": []},
{"img1": "https://img-cf.kurly.com/shop/data/goods/1579162093442y0.jpg", "name": "바이탈 1000 (레몬라임 맛)", "summary": "부유물이 남지않는 스위스 발포비타민", "price": "7,000원", "discount_rate": 0, "unit": "1통", "amount": "(86g/ 4300mgx20정) ", "package": "상온/종이포장", "made_in": "", "img2": "https://img-cf.kurly.com/shop/data/goodsview/20200116/gv30000078244_1.jpg", "description": "바쁜 일상 속, 맛있고 간편하게 비타민C을 챙기고 싶다면 바이탈-1000를 주목해 주세요. 슬림한 통에 차곡차곡 담아낸 비타민C 보충용 제품입니다. 바이탈-1000 한 정에는 약 1000mg에 달하는 주원료 비타민C가 들어있는데요. 한 알씩 물에서 녹여주면, 비타민C의 영양과 기분 좋은 탄산감을 동시에 만나볼 수 있답니다. 부원료로 새콤한 천연레몬-라임향을 더했기에 음료 마시듯 목넘김도 수월하고요. 따뜻한 물에 녹이면 상큼한 차처럼 즐길 수 있어 더욱 좋아요. 하루에 한 번, 바이탈-1000과 함께 산뜻한 시간을 채워보세요.", "img3": "https://img-cf.kurly.com/shop/data/goodsview/20200116/gv00000078318_1.jpg", "option_name_list": [], "option_price_list": []},
{"img1": "https://img-cf.kurly.com/shop/data/goods/1579163051860y0.jpg", "name": "바이탈 1000 (오렌지 맛)", "summary": "부유물이 남지않는 스위스 발포비타민", "price": "7,000원", "discount_rate": 0, "unit": "1개", "amount": "80g(4000mg x 20정) ", "package": "상온/종이포장", "made_in": "", "img2": "https://img-cf.kurly.com/shop/data/goodsview/20200116/gv00000078251_1.jpg", "description": "바쁜 일상 속, 맛있고 간편하게 비타민C를 챙기고 싶다면 바이탈-1000를 주목해 주세요. 슬림한 통에 차곡차곡 담아낸 비타민C 보충용 제품입니다. 바이탈-1000 한 정에는 약 1000mg에 달하는 주원료인 비타민C가 들어있는데요. 한 알씩 물에서 녹여주면, 비타민C의 영양과 기분 좋은 탄산감을 동시에 만나볼 수 있답니다. 부원료로 달콤한 천연오렌지향을 더했기에 음료 마시듯 목넘김도 수월하고요. 따뜻한 물에 녹이면 향긋한 차처럼 즐길 수 있어 더욱 좋아요. 하루에 한 번, 바이탈-1000과 함께 상큼한 시간을 채워보세요.", "img3": "https://img-cf.kurly.com/shop/data/goodsview/20200116/gv20000078319_1.jpg", "option_name_list": [], "option_price_list": []},
{"img1": "https://img-cf.kurly.com/shop/data/goods/1583143682737y0.jpg", "name": "[네추럴라이즈] 메가포텐시 미세조류 알티지 오메가-3", "summary": "rTG(알티지)공법과 미세조류로 만든 식물성 오메가-3", "price": "50,310원", "discount_rate": "10%", "unit": "1박스", "amount": "1,417mgx30캡슐", "package": "상온/종이포장", "made_in": "", "img2": "https://img-cf.kurly.com/shop/data/goodsview/20200302/gv00000083632_1.jpg", "description": "아주 작아 눈에 보이지 않는 식물성 플랑크톤인 미세조류는 모든 해양생물의 오메가3 공급원이라고 해요. 네추럴라이즈는 중금속이나 환경호르몬으로부터 안심할 수 있고, 비린내도 거의 없는 미세조류로부터 알티지 오메가3을 추출했어요. 오메가3의 특성을 고려해 저온에서 추출하고 정제하는 공법으로 원료 손상을 최소화했죠. 특히 알티지(rTG)형 오메가3이란, 순도를 높이고 체내활성이 좋도록 전환한 오메가3의 분자 형태 중 하나에요. 알티지 오메가3과 비타민D, 비타민E를 캡슐에 담았으니 하루 한 번, 1캡슐씩 섭취해 보세요.", "img3": "https://img-cf.kurly.com/shop/data/goodsview/20200302/gv40000083641_1.jpg", "option_name_list": [], "option_price_list": []},
{"img1": "https://img-cf.kurly.com/shop/data/goods/1583141874719y0.jpg", "name": "[네추럴라이즈] 알티지 오메가-3 1000", "summary": "rTG(알티지) 공법으로 흡수율을 높인 오메가-3", "price": "23,500원", "discount_rate": 0, "unit": "1박스", "amount": "1,206mg X 60캡슐", "package": "상온/종이포장", "made_in": "", "img2": "https://img-cf.kurly.com/shop/data/goodsview/20200302/gv00000083614_1.jpg", "description": "익숙한 오메가3가 아닌, 알티지 오메가3을 심심찮게 들어보셨을 텐데요. 분자 형태에 따라 세가지로 나뉘는 오메가3 중에서 불포화지방산 순도를 높이고 흡수율까지 높게 분자 형태를 전환한 것이 바로 알티지(rTG)형 오메가3이에요. 네추럴라이즈의 알티지 오메가-3은 이름난 스페인 솔루텍스사의 엔쵸비 오일을 사용했어요. 열에 약한 오메가3의 특성을 고려해 저온에서 추출하고 정제하는 공법으로 원료 손상을 최소화했죠. 알티지 오메가3과 비타민E를 동물성 젤라틴이 아닌, 어피에서 추출한 젤라틴으로 만든 연질캡슐에 담았어요. 하루 한 번, 1캡슐씩 섭취해 보세요.", "img3": "https://img-cf.kurly.com/shop/data/goodsview/20200303/gv30000083666_1.jpg", "option_name_list": [], "option_price_list": []},
{"img1": "https://img-cf.kurly.com/shop/data/goods/1582866888251y0.jpg", "name": "[네이처드림] 시크릿 석류콜라겐 젤리스틱", "summary": "탱글함을 채우는 상큼 젤리 스틱", "price": "35,900원", "discount_rate": 0, "unit": "1통", "amount": "", "package": "상온/종이포장", "made_in": "", "img2": "https://img-cf.kurly.com/shop/data/goodsview/20200228/gv00000083212_1.jpg", "description": "석류는 식물성 에스트로겐의 대표 주자로 꼽히지요. 네이처드림은 석류의 영양을 고스란히 담아 완성한 콜라겐 스틱을 선보입니다. 장소와 시간에 구애받지 않고, 한 포씩 간편하게 뜯어 피쉬콜라겐과 석류의 영양을 섭취할 수 있어요. 입 안 가득 차오르는 탱글한 젤리의 식감은 물론, 석류 특유의 새콤 달콤한 풍미가 산뜻함을 더해주고요. 아침, 저녁에 챙겨 먹거나, 입이 심심한 시간 즐기는 간식으로도 추천할게요. ", "img3": "https://img-cf.kurly.com/shop/data/goodsview/20200228/gv10000083377_1.jpg", "option_name_list": [], "option_price_list": []},
{"img1": "https://img-cf.kurly.com/shop/data/goods/1581659387207y0.jpg", "name": "[레이델] 비즈왁스알코올 셀 100 (3박스)", "summary": "위와 관절건강 기능성 복합 인정을 받은", "price": "165,750원", "discount_rate": "35%", "unit": "1박스", "amount": "550mg X 90정", "package": "상온/종이포장", "made_in": "", "img2": "https://img-cf.kurly.com/shop/data/goodsview/20200214/gv40000081415_1.jpg", "description": null, "img3": "https://img-cf.kurly.com/shop/data/goodsview/20200214/gv20000081417_1.jpg", "option_name_list": [], "option_price_list": []},
{"img1": "https://img-cf.kurly.com/shop/data/goods/1581659260867y0.jpg", "name": "[레이델] 비즈왁스알코올 셀 100", "summary": "위와 관절건강 기능성 복합 인정을 받은", "price": "68,000원", "discount_rate": "20%", "unit": "1박스", "amount": "550mg X 30정", "package": "상온/종이포장", "made_in": "", "img2": "https://img-cf.kurly.com/shop/data/goodsview/20200214/gv40000081410_1.jpg", "description": null, "img3": "https://img-cf.kurly.com/shop/data/goodsview/20200214/gv10000081412_1.jpg", "option_name_list": [], "option_price_list": []},
{"img1": "https://img-cf.kurly.com/shop/data/goods/1581660485623y0.jpg", "name": "[레이델] 폴리코사놀 10 (3박스)", "summary": "쿠바산 독점 원료를 사용한", "price": "157,500원", "discount_rate": "30%", "unit": "1박스", "amount": "198mg X 90정", "package": "상온/종이포장", "made_in": "", "img2": "https://img-cf.kurly.com/shop/data/goodsview/20200214/gv10000081421_1.jpg", "description": null, "img3": "https://img-cf.kurly.com/shop/data/goodsview/20200214/gv20000081500_1.jpg", "option_name_list": [], "option_price_list": []}