{"img1": "https://img-cf.kurly.com/shop/data/goods/1581992527815y0.jpg", "name": "[지노프레쉬] 건강해질 여성유산균 (28일분)", "summary": "한국인 여성에게 딱 맞는 유산균", "price": "33,750원", "discount_rate": "25%", "unit": "1박스", "amount": "170mg x 28캡슐", "package": "상온/종이포장", "made_in": "", "img2": "https://img-cf.kurly.com/shop/data/goodsview/20200218/gv40000081737_1.jpg", "description": null, "img3": "https://img-cf.kurly.com/shop/data/goodsview/20200218/gv30000081742_1.jpg", "option_name_list": [], "option_price_list": []},
{"img1": "https://img-cf.kurly.com/shop/data/goods/1578378739507y0.jpg", "name": "[여에스더] 유산균 프로바이오틱스 블루", "summary": "장까지 살아서 가는 100억 마리 여에스더 유산균", "price": "34,200원", "discount_rate": "10%", "unit": "1통", "amount": "650mg/60캡슐", "package": "냉장/종이포장", "made_in": "", "img2": "https://img-cf.kurly.com/shop/data/goodsview/20200107/gv20000076908_1.jpg", "description": "유산균 100억 마리가 장까지 살아서 갈 수 있도록 만든 튼튼한 유산균을 소개할게요. 여에스더의 유산균 프로바이오틱스 블루는 프로바이오틱스와 프로바이오틱스의 먹이가 되는 부원료 프리바이오틱스만 담았답니다. 프로바이오틱스는 인체에 적용한 시험으로 기능이 검증된 락토바실러스균(NCFM)과 비피더스균(Bi-07)을 사용하였어요. 장까지 살아서 갈 수 있는 유산균 수가 100억 마리로, 위를 통과해도 살아남는 생존력을 자랑해요. 외부 환경에 민감한 유산균은 식물성 캡슐에 넣은 뒤 갈색 병에 담아 신선도와 품질을 유지했어요. 장 건강을 위해 하루 한 번, 1캡슐씩 챙겨 보세요.", "img3": "https://img-cf.kurly.com/shop/data/goodsview/20200107/gv30000076921_1.jpg", "option_name_list": [], "option_price_list": []},
{"img1": "https://img-cf.kurly.com/shop/data/goods/1578384842594y0.jpg", "name": "[여에스더] 유산균 프로바이오틱스 케어", "summary": "[컬리 Only] 4가지 균주를 배합하여 만든 유산균 케어!", "price": "40,500원", "discount_rate": "10%", "unit": "1통", "amount": "300mg/60캡슐", "package": "냉장/종이포장", "made_in": "", "img2": "https://img-cf.kurly.com/shop/data/goodsview/20200107/gv30000076971_1.jpg", "description": "4가지 균주를 배합하여 보장균수 100억 마리를 완성한 유산균을 컬리에서 만나보세요. 여에스더의 유산균 프로바이오틱스 케어는 핵심 균종 2종에 프리미엄 균종 2종을 더하여 만들었어요. 기존 여에스더 유산균의 안전성과 효과를 유지하기 위하여 3년간 제조사인 미국 메타제닉스사와 제조 테스트를 수차례 거친 끝에 락토바실러스 아시도필러스(NCFM), 락토바실러스 파라카제이(Lpc-37)와 2가지 비피도박테리움 락티스 균주(Bi-04, Bi-07)를 선택하였죠. 장 건강을 위하여 하루 한 번, 1캡슐씩 챙겨 보세요. ", "img3": "https://img-cf.kurly.com/shop/data/goodsview/20200107/gv00000076978_1.jpg", "option_name_list": [], "option_price_list": []},
{"img1": "https://img-cf.kurly.com/shop/data/goods/1577689490416y0.jpg", "name": "[락피도] 프로바이오틱스 베이비 60포", "summary": "우리 아기 유산균 필수 코스", "price": "29,900원", "discount_rate": 0, "unit": "1상자", "amount": "1.5gx60포", "package": "상온/종이포장", "made_in": "", "img2": "https://img-cf.kurly.com/shop/data/goodsview/20191230/gv20000075842_1.jpg", "description": "유익균보다 유해균이 우세해지기 쉬운 아이들의 장, 꾸준한 프로바이오틱스 섭취로 건강하게 지켜주세요. 컬리가 소개하는 락피도의 '프로바이오틱스 베이비'는 락피도의 노하우가 담긴 9종(비피더스균 3종, 유산균 6종)의 이상적인 균주가 조성된 제품이에요. 우리 아기 장에 잘 정착하는 특허받은 생유산균 뿐만 아니라, 대장에 존재하는 비피더스균을 76%로 다량 함유하고 있어요. 특히 비피더스균은 장내의 pH를 산성으로 유지하고 장벽을 자극해 음식물을 이동시키는 연동운동을 촉진하지요. 하루 보장균수 1억 마리 섭취로 우리 아기의 장을 튼튼하게 만들어주세요.", "img3": "https://img-cf.kurly.com/shop/data/goodsview/20191230/gv00000075848_1.jpg", "option_name_list": [], "option_price_list": []},
{"img1": "https://img-cf.kurly.com/shop/data/goods/157768971551y0.jpg", "name": "[락피도] 프로바이오틱스 키즈 60포", "summary": "어릴 때부터 챙기는 장 건강", "price": "35,900원", "discount_rate": 0, "unit": "1상자", "amount": "2gx60포", "package": "상온/종이포장", "made_in": "", "img2": "https://img-cf.kurly.com/shop/data/goodsview/20191230/gv20000075849_1.jpg", "description": "인스턴트나 육류·지방이 든 음식을 많이 먹기 시작할 때 아이들의 장은 유익균보다 유해균이 우세해지기 쉬워요. 그렇기에 프로바이오틱스를 꾸준히 섭취해 주어야 하죠. 락피도의 '프로바이오틱스 키즈'는 9종의 이상적인 균주가 조성된 제품이에요. 아이 장에 잘 정착하는 특허받은 생유산균뿐 아니라, 대장에 존재하는 비피더스균을 약 80%로 다량 함유하고 있지요. 특히 비피더스균은 장내의 pH를 산성으로 유지하고, 장벽을 자극해 연동운동을 촉진한답니다. 하루 보장 균수 1억 마리 섭취로 어릴 때부터 아이의 장을 튼튼하게 관리해주세요.", "img3": "https://img-cf.kurly.com/shop/data/goodsview/20191230/gv30000075854_1.jpg", "option_name_list": [], "option_price_list": []},
{"img1": "https://img-cf.kurly.com/shop/data/goods/1577688938396y0.jpg", "name": "[락피도] 징크시럽 키즈", "summary": "아이의 튼튼한 성장을 위한", "price": "17,900원", "discount_rate": 0, "unit": "1병", "amount": "120ml", "package": "상온/종이포장", "made_in": "", "img2": "https://img-cf.kurly.com/shop/data/goodsview/20191230/gv00000075826_1.jpg", "description": "컬리는 아이의 튼튼한 성장을 위한 락피도 징크시럽 키즈를 소개할게요. 정상적인 면역기능에 필요한 아연 10mg을 함유하고 있어, 아연 필요량이 늘어나는 유·소아 시기의 아이들에게 적합한 제품이랍니다. 흡수가 용이한 글루콘산 아연을 사용해 더 효과적으로 아연을 섭취할 수 있지요. 딸기 맛이 나는 시럽 형태로 아이들에게도 거부감이 적어요. 아연 필수 코스, 징크시럽 키즈로 아이들의 고른 영양 섭취를 도와보세요.", "img3": "https://img-cf.kurly.com/shop/data/goodsview/20191230/gv20000075830_1.jpg", "option_name_list": [], "option_price_list": []},
{"img1": "https://img-cf.kurly.com/shop/data/goods/1577689218338y0.jpg", "name": "[락피도] 프로바이오틱스 우먼 60포", "summary": "한 포로 챙기는 임산부 장 건강", "price": "39,900원", "discount_rate": 0, "unit": "1상자", "amount": "2gx60포", "package": "상온/종이포장", "made_in": "", "img2": "https://img-cf.kurly.com/shop/data/goodsview/20191230/gv20000075831_1.jpg", "description": "장 활동이 약해지거나 배변활동이 원활하지 못한 임산부·수유부에게 장 건강은 더욱 중요하기에, 유산균을 꾸준히 챙겨 먹어야 해요. 컬리는 임산부의 장 활동을 도와줄 수 있는 락피도의 '프로바이오틱스 우먼'을 추천할게요. 장에 잘 정착하는 특허 받은 생유산균과 대장에 존재하는 비피더스균을 다량 함유한 제품이랍니다. 특히 비피더스균은 장내의 pH를 산성으로 유지하고, 장벽을 자극해 음식물을 이동시키는 연동운동을 촉진하지요. 임산부뿐만 아니라 평소 장이 예민한 여성이라면 '프로바이오틱스 우먼'으로 장 고민을 해결해보세요. ", "img3": "https://img-cf.kurly.com/shop/data/goodsview/20191230/gv40000075841_1.jpg", "option_name_list": [], "option_price_list": []},
{"img1": "https://img-cf.kurly.com/shop/data/goods/1576464377711y0.jpg", "name": "[락티발란스] 프리바이오틱스", "summary": "오직 프리바이오틱스만 담은", "price": "35,000원", "discount_rate": 0, "unit": "1박스", "amount": "120g / 2g X 60포", "package": "냉장/종이포장", "made_in": "", "img2": "https://img-cf.kurly.com/shop/data/goodsview/20191216/gv10000072903_1.jpg", "description": "최근에는 신바이오틱스라고 하여 프로바이오틱스와 프리바이오틱스를 함께 넣은 유산균이 늘어나고 있어요. 하지만 내 몸에 맞는 유산균 제품에는 하필 프로바이오틱스밖에 들어있지 않은 경우가 있죠. 컬리는 그런 제품과 함께 섭취할 수 있도록 오직 프리바이오틱스만 담은 제품을 준비했습니다. FDA에서 안전성을 확인한 락티톨을 넣었어요. 마치 설탕처럼 자각자각 씹히지만 단맛은 거의 느껴지지 않는답니다. 한 포를 그대로 입에 털어 넣거나 물에 타서 간편하게 섭취해보세요.", "img3": "https://img-cf.kurly.com/shop/data/goodsview/20191216/gv30000072906_1.jpg", "option_name_list": [], "option_price_list": []},
{"img1": "https://img-cf.kurly.com/shop/data/goods/1576473317677y0.jpg", "name": "[NGT] 퓨어 키즈 프로바이오틱스", "summary": "분유맛의 키즈 신바이오틱스", "price": "36,000원", "discount_rate": 0, "unit": "1박스", "amount": "1,000mg X 60포", "package": "냉장/종이포장", "made_in": "", "img2": "https://img-cf.kurly.com/shop/data/goodsview/20191216/gv00000072956_1.jpg", "description": "성장기 어린이들에게 영양소 흡수의 역할을 하는 장의 기능은 참 중요하지요. 컬리는 소장과 대장의 환경을 고려하여 13종의 맞춤형 균주로 설계한 퓨어 키즈 프로바이오틱스를 소개할게요. 장내 유익균 수를 지속적으로 유지하고 개선하는데 도움을 줄 수 있는 제품이에요. 아이들이 좋아하는 고소한 분유맛으로 맛있게 섭취하기 좋답니다. 총 60억 CFU를 투입하여 6억 CFU를 보장하니 장 내 유익균 관리가 필요한 아이에게 건네보세요.", "img3": "https://img-cf.kurly.com/shop/data/goodsview/20191216/gv30000072962_1.jpg", "option_name_list": [], "option_price_list": []},
{"img1": "https://img-cf.kurly.com/shop/data/goods/1569202728246y0.jpg", "name": "[듀오락] 맘스 프로바이오틱스 유산균 1통 (30일분)", "summary": "임신 전부터 출산 후까지 섭취하는", "price": "40,000원", "discount_rate": 0, "unit": "1통", "amount": "15g / 500mg x 30캡슐 (30일분)", "package": "상온/종이포장", "made_in": "", "img2": "https://img-cf.kurly.com/shop/data/goodsview/20190923/gv10000062469_1.jpg", "description": "임산부와 예비 엄마에게 맞춘 프로바이오틱스를 소개할게요. 모유 수유 아기의 분변에서 유래한 특허받은 비피더스균 4종에 락토바실루스를 배합한 제품이에요. 유익균 증가를 위해 부원료로 프리바이오틱스를 넣은 것은 물론, 세계특허 듀얼코팅으로 유산균의 생존력을 높여 장 끝까지 살아서 가도록 했답니다. 안정성이 뛰어나 생유산균임에도 냉장 보관이 필요치 않아 더욱 유용해요. 식물성 캡슐에 담긴 유산균 한 알로 임신 전후 장 건강을 챙겨보세요. ", "img3": "https://img-cf.kurly.com/shop/data/goodsview/20190923/gv30000062473_1.jpg", "option_name_list": [], "option_price_list": []},
{"img1": "https://img-cf.kurly.com/shop/data/goods/1569201532104y0.jpg", "name": "[듀오락] 마이크로바이옴7 우먼 유산균 1통 (30일분)", "summary": "유산균과 비타민 섭취를 동시에!", "price": "68,000원", "discount_rate": 0, "unit": "1박스", "amount": "90g / 1.5g x 60포 (30일분)", "package": "상온/종이포장", "made_in": "", "img2": "https://img-cf.kurly.com/shop/data/goodsview/20190923/gv30000062463_1.jpg", "description": "세계적으로 약 2천만 개가 판매된 베스트셀러 균주 레시피를 적용한 듀오락의 우먼 유산균을 이제 컬리에서 만나보세요. 7가지 균주를 배합한 프로바이오틱스와 유산균의 먹이가 되는 프락토올리고당을 혼합한 신바이오틱스 제품이랍니다. 하루 500억 마리의 유산균을 투입하여 최소 50억 마리를 보장하지요. 뿐만 아니라 주원료로는 비타민C와 아연을, 부원료로는 히알루론산과 비오틴을 더한 것도 특징입니다. 세계특허 듀얼코팅 기술을 적용해 생존력을 높인 여성 맞춤 유산균으로 장 건강과 정상적인 면역기능에 생기까지 한 번에 챙겨보세요. ", "img3": "https://img-cf.kurly.com/shop/data/goodsview/20190923/gv20000062468_1.jpg", "option_name_list": [], "option_price_list": []},
{"img1": "https://img-cf.kurly.com/shop/data/goods/1569203627797y0.jpg", "name": "[듀오락] 데일리키즈 프로바이오틱스 유산균 1통 (30일분)", "summary": "맛있게 꼭꼭 씹어 먹는 유산균! 성장기 아기를 위한", "price": "33,000원", "discount_rate": 0, "unit": "1통", "amount": "750mg x 60정 (30일분) ", "package": "상온/종이포장", "made_in": "", "img2": "https://img-cf.kurly.com/shop/data/goodsview/20190923/gv40000062474_1.jpg", "description": "아이들이 먹을 유산균이라면 보다 깐깐한 기준이 필요합니다. 어떤 유산균을 사용하고 보장균수가 얼마나 되는지는 기본, 아이들의 마음을 사로잡는 모양도 중요한 요소가 되는데요. 컬리는 맛있게 씹어먹는 어린이용 프로바이오틱스인 듀오락 데일리키즈 프로바이오틱스 유산균을 준비했습니다. 아기자기한 곰돌이 모양으로 아이들이 거부감 없이 꾸준히 챙겨 먹기 좋은 제품이에요. 성장기 아이들의 장환경에 맞는 4가지 프로바이오틱스를 배합해 어린이 맞춤형 복합균주를 선별했고요. 영양원이 되는 프리바이오틱스를 부원료로 함께 넣어 그 효과를 높였어요. 자일리톨을 부원료로 사용해 맛의 부담까지 덜어냈으니, 약을 어려워하는 아이들에게도 걱정 덜고 건네보세요.", "img3": "https://img-cf.kurly.com/shop/data/goodsview/20190923/gv00000062478_1.jpg", "option_name_list": [], "option_price_list": []},
{"img1": "https://img-cf.kurly.com/shop/data/goods/1568613436414y0.jpg", "name": "[소버스] 장건강: 신바이오틱스", "summary": "보장균수 100억 CFU의 유산균", "price": "35,000원", "discount_rate": "30%", "unit": "1개", "amount": "60g(2gx30포)", "package": "상온/종이포장", "made_in": "", "img2": "https://img-cf.kurly.com/shop/data/goodsview/20190916/gv20000061893_1.jpg", "description": "유산균 섭취에 있어서 가장 중요한 것은 역시 보장균수겠죠. 지금 소개하는 소버스의 제품은 100억 CFU의 유산균을 보장하는 신바이오틱스예요. 장 전체와 소장, 대장에 따로 서식하는 유산균 7종을 선별한 뒤 영양원이 되는 프리바이오틱스를 함께 배합해 효과를 높였어요. 유산균을 가능한 온전히 전하고자 제조 시설의 온습도를 철저히 맞추는 것은 물론, 원료 개봉부터 완제품 충전까지 원스텝으로 제조하고 있죠. 프락토올리고당, 자연 유래 식이섬유 등의 부원료까지 더해 더욱 만족스러운 소버스의 유산균을 컬리에서 만나보세요.  ", "img3": "https://img-cf.kurly.com/shop/data/goodsview/20190916/gv40000061897_1.jpg", "option_name_list": [], "option_price_list": []},
{"img1": "https://img-cf.kurly.com/shop/data/goods/1566452181285y0.jpg", "name": "[뉴오리진] 이너플로라 30캡슐", "summary": "여성만을 위해 설계된 프로바이오틱스, 뉴오리진 이너플로라 30입", "price": "50,000원", "discount_rate": 0, "unit": "1통", "amount": "30캡슐", "package": "상온/종이포장", "made_in": "", "img2": "https://img-cf.kurly.com/shop/data/goodsview/20190822/gv10000059934_1.jpg", "description": "여성이라면 한 번쯤 고민해보게 되는 질 건강. 여성만을 위해 설계된 UREX 프로바이오틱스가 담긴 뉴오리진 이너플로라로 챙겨보세요. UREX 프로바이오틱스는 여성의 질 건강과 장 건강에 도움을 줄 수 있도록 두 가지 락토바실러스 특허균주를 배합해 만들었는데요. 섭취하면 소화기관을 통과해 항문과 질까지 살아남아 자연스럽게 정착·증식해요. 1일 1회 1캡슐 물과 함께 간편하게 드실 수 있어요. 질 건강과 장 건강을 함께 관리하고 싶으시거나, 질 건강이 우려되는 여성분께 추천해요.", "img3": "https://img-cf.kurly.com/shop/data/goodsview/20190827/gv30000060412_1.jpg", "option_name_list": [], "option_price_list": []},
{"img1": "https://img-cf.kurly.com/shop/data/goods/155366586845y0.jpg", "name": "[락티발란스] 프로바이오틱스 베이비 드롭 2종", "summary": "우리 아이의 첫 번째 유산균", "price": "20,800원", "discount_rate": "20%", "unit": "1BOX", "amount": "품목별 상이 (하단 참조)", "package": "냉장/종이포장", "made_in": "", "img2": "https://img-cf.kurly.com/shop/data/goodsview/20190327/gv00000046052_1.jpg", "description": null, "img3": "https://img-cf.kurly.com/shop/data/goodsview/20190327/gv30000046068_1.jpg", "option_name_list": ["[락티발란스] 프로바이오틱스 베이비 드롭1개입", " [락티발란스] 프로바이오틱스 베이비 드롭2개입"], "option_price_list": ["26,000원", "48,000원"]},
{"img1": "https://img-cf.kurly.com/shop/data/goods/1548050604540y0.jpg", "name": "[안국건강] 안국 저분자 콜라겐 비피더스 (90포)", "summary": "하루 2포로 손쉽게 콜라겐을 섭취하세요!", "price": "21,000원", "discount_rate": "30%", "unit": "1BOX", "amount": "2g*90포 ", "package": "상온/종이포장", "made_in": "", "img2": "https://img-cf.kurly.com/shop/data/goodsview/20190121/gv30000042159_1.jpg", "description": null, "img3": "https://img-cf.kurly.com/shop/data/goodsview/20190121/gv20000042162_1.jpg", "option_name_list": [], "option_price_list": []}