{"img1": "https://img-cf.kurly.com/shop/data/goods/1577688938396y0.jpg", "name": "[락피도] 징크시럽 키즈", "summary": "아이의 튼튼한 성장을 위한", "price": "17,900원", "discount_rate": 0, "unit": "1병", "amount": "120ml", "package": "상온/종이포장", "made_in": "", "img2": "https://img-cf.kurly.com/shop/data/goodsview/20191230/gv00000075826_1.jpg", "description": "컬리는 아이의 튼튼한 성장을 위한 락피도 징크시럽 키즈를 소개할게요. 정상적인 면역기능에 필요한 아연 10mg을 함유하고 있어, 아연 필요량이 늘어나는 유·소아 시기의 아이들에게 적합한 제품이랍니다. 흡수가 용이한 글루콘산 아연을 사용해 더 효과적으로 아연을 섭취할 수 있지요. 딸기 맛이 나는 시럽 형태로 아이들에게도 거부감이 적어요. 아연 필수 코스, 징크시럽 키즈로 아이들의 고른 영양 섭취를 도와보세요.", "img3": "https://img-cf.kurly.com/shop/data/goodsview/20191230/gv20000075830_1.jpg", "option_name_list": [], "option_price_list": []},
{"img1": "https://img-cf.kurly.com/shop/data/goods/157741435037y0.jpg", "name": "[몸애수호] 아이튼튼녹용 2종", "summary": "성장기 아이를 위한 녹용 추출물", "price": "16,000원", "discount_rate": 0, "unit": "1박스", "amount": "옵션별 상이", "package": "상온/종이포장", "made_in": "", "img2": "https://img-cf.kurly.com/shop/data/goodsview/20191227/gv30000075548_1.jpg", "description": "녹용 속에는 철, 칼슘, 인, 아미노산 등의 무기질이 함유되어 있어요. 때문에 녹용을 재료로 사용해 만든 각종 식품을 꾸준히 즐겨 찾는 분들도 많으실 텐데요. 컬리는 성장기 어린이를 위한 녹용 추출액을 준비했습니다. 녹용과 6년근 홍삼을 배합하여 추출한 뒤 망고와 사과 농축액을 함께 담아 아이들이 한결 맛있게 먹을 수 있도록 배려했어요. 설탕 대신 유산균의 먹이가 되는 프락토올리고당을 첨가하여 자연스러운 단맛을 자아내지요. 파우치 형태에 포장되어 있기에 섭취와 휴대가 간편할 거예요. ", "img3": "https://img-cf.kurly.com/shop/data/goodsview/20191227/gv00000075556_1.jpg", "option_name_list": ["[몸애수호] 아이튼튼녹용 10포", " [몸애수호] 아이튼튼녹용 30포"], "option_price_list": ["16,000원", "46,000원"]},
{"img1": "https://img-cf.kurly.com/shop/data/goods/1577414048180y0.jpg", "name": "[몸애수호] 어린이녹용 2종", "summary": "아이도 맛있게 즐기는 녹용", "price": "19,900원", "discount_rate": 0, "unit": "1박스", "amount": "옵션별 상이", "package": "상온/종이포장", "made_in": "", "img2": "https://img-cf.kurly.com/shop/data/goodsview/20191227/gv40000075543_1.jpg", "description": "녹용 속에는 철, 칼슘, 인, 아미노산 등의 무기질이 함유되어 있어요. 때문에 녹용을 재료로 사용한 각종 식품을 꾸준히 즐겨 찾는 분들도 많으실 텐데요. 컬리는 자라나는 아이에게 꼭 알맞은 녹용 추출액을 준비했습니다. 녹용과 6년근 홍삼을 배합하여 추출한 뒤 파인애플과 사과 농축액을 함께 담아 아이들이 거부감 없이 맛있게 먹을 수 있도록 했어요. 설탕 대신 유산균의 먹이가 되는 프락토올리고당을 첨가하여 자연스러운 단맛을 자아냈답니다. 7~13세 어린이에게 권할게요. 파우치 형태에 포장되어 있으니 언제 어디서든 간편하게 섭취할 수 있을 거예요. ", "img3": "https://img-cf.kurly.com/shop/data/goodsview/20191227/gv20000075554_1.jpg", "option_name_list": ["[몸애수호] 어린이녹용 10포", "[몸애수호] 어린이녹용 30포"], "option_price_list": ["19,900원", "59,000원"]},
{"img1": "https://img-cf.kurly.com/shop/data/goods/1576473317677y0.jpg", "name": "[NGT] 퓨어 키즈 프로바이오틱스", "summary": "분유맛의 키즈 신바이오틱스", "price": "36,000원", "discount_rate": 0, "unit": "1박스", "amount": "1,000mg X 60포", "package": "냉장/종이포장", "made_in": "", "img2": "https://img-cf.kurly.com/shop/data/goodsview/20191216/gv00000072956_1.jpg", "description": "성장기 어린이들에게 영양소 흡수의 역할을 하는 장의 기능은 참 중요하지요. 컬리는 소장과 대장의 환경을 고려하여 13종의 맞춤형 균주로 설계한 퓨어 키즈 프로바이오틱스를 소개할게요. 장내 유익균 수를 지속적으로 유지하고 개선하는데 도움을 줄 수 있는 제품이에요. 아이들이 좋아하는 고소한 분유맛으로 맛있게 섭취하기 좋답니다. 총 60억 CFU를 투입하여 6억 CFU를 보장하니 장 내 유익균 관리가 필요한 아이에게 건네보세요.", "img3": "https://img-cf.kurly.com/shop/data/goodsview/20191216/gv30000072962_1.jpg", "option_name_list": [], "option_price_list": []},
{"img1": "https://img-cf.kurly.com/shop/data/goods/1574666084875y0.jpg", "name": "[함소아] 홍키통키 프라임 그린 2단계", "summary": "5세부터 7세 어린이용", "price": "84,000원", "discount_rate": "30%", "unit": "1박스", "amount": "15mL * 30포", "package": "상온/종이포장", "made_in": "", "img2": "https://img-cf.kurly.com/shop/data/goodsview/20191125/gv20000069520_1.jpg", "description": "우리 아이 면역력 증진과 피로 개선에 도움을 줄 수 있는 건강기능식품을 만나보세요. 6년근 홍삼농축액을 주원료로 넣고, 부원료로 녹용, 오미자, 도라지 등을 사용한 식물혼합농축액과 버섯추출물을 더한 홍키통키 프라임 그린이랍니다. 어린이전문 함소아의 노하우로 홍삼 특유의 쓴 맛은 줄이고 부원료로 프락토올리고당과 딸기농축액을 넣어 아이들이 한결 맛있게 섭취할 수 있도록 배려했어요. 1포를 기준으로 진세노사이드 Rg1, Rb1 및 Rg3의 합 6.5mg이 들어있으니 면역력이 걱정되는 어린이에게 건네보세요.", "img3": "https://img-cf.kurly.com/shop/data/goodsview/20191125/gv00000069525_1.jpg", "option_name_list": [], "option_price_list": []},
{"img1": "https://img-cf.kurly.com/shop/data/goods/1574668074322y0.jpg", "name": "[함소아] 홍키통키 프라임 블루 3단계", "summary": "8세부터 10세 어린이용", "price": "91,000원", "discount_rate": "30%", "unit": "1박스", "amount": "20mL * 30포", "package": "상온/종이포장", "made_in": "", "img2": "https://img-cf.kurly.com/shop/data/goodsview/20191125/gv40000069542_1.jpg", "description": "우리 아이 면역력 증진과 피로 개선에 도움을 줄 수 있는 건강기능식품을 만나보세요. 6년근 홍삼농축액을 주원료로 넣고, 부원료로 녹용, 지황, 복령 등을 사용한 식물혼합농축액과 버섯추출물을 더한 홍키통키 프라임 블루랍니다. 어린이전문 함소아의 노하우로 홍삼 특유의 쓴 맛은 줄이고 부원료로 프락토올리고당과 블루베리농축액을 넣어 아이들이 한결 맛있게 섭취할 수 있도록 배려했어요. 1포를 기준으로 진세노사이드 Rg1, Rb1 및 Rg3의 합 7.5mg이 들어있으니 면역력이 걱정되는 성장기 어린이에게 건네보세요.", "img3": "https://img-cf.kurly.com/shop/data/goodsview/20191125/gv00000069558_1.jpg", "option_name_list": [], "option_price_list": []},
{"img1": "https://img-cf.kurly.com/shop/data/goods/1574670046152y0.jpg", "name": "[함소아] 홍키통키 프라임 레드 4단계", "summary": "11세부터 13세 어린이용", "price": "98,000원", "discount_rate": "30%", "unit": "1박스", "amount": "20mL * 30포", "package": "상온/종이포장", "made_in": "", "img2": "https://img-cf.kurly.com/shop/data/goodsview/20191125/gv10000069562_1.jpg", "description": "우리 아이 면역력 증진과 피로 개선에 도움을 줄 수 있는 건강기능식품을 만나보세요. 6년근 홍삼농축액을 주원료로 넣고, 부원료로 녹용, 석창포, 복령 등을 사용한 식물혼합농축액과 버섯추출물을 더한 홍키통키 프라임 레드랍니다. 어린이전문 함소아의 노하우로 홍삼 특유의 쓴 맛은 줄이고 부원료로 프락토올리고당과 블루베리농축액을 넣어 아이들이 한결 맛있게 섭취할 수 있도록 배려했어요. 1포를 기준으로 진세노사이드 Rg1, Rb1 및 Rg3의 합 8mg이 들어있으니 면역력이 걱정되는 성장기 어린이에게 건네보세요.", "img3": "https://img-cf.kurly.com/shop/data/goodsview/20191125/gv20000069567_1.jpg", "option_name_list": [], "option_price_list": []},
{"img1": "https://img-cf.kurly.com/shop/data/goods/1574657279248y0.jpg", "name": "[함소아] 하루비타민 1개월", "summary": "어린이를 위한 츄어블 비타민", "price": "30,000원", "discount_rate": "40%", "unit": "1박스", "amount": "30포", "package": "상온/종이포장", "made_in": "", "img2": "https://img-cf.kurly.com/shop/data/goodsview/20191125/gv10000069430_1.jpg", "description": "성장기에는 단위 체중 당 영양소 필요량이 높지만 식사만으로는 필요한 영양을 충분히 섭취하기 어렵지요. 그럴 때는 어린이 전문 함소아의 탄탄한 영양설계로 만든 하루비타민을 챙겨보세요. 귀여운 버스 모양의 정제 3알에 성장 발달에 필요한 5가지 기능을 담았답니다. 과일, 채소를 잘 섭취하지 않는 아이나 활동량이 많아 에너지 소모가 큰 아이에게 매일 1포씩 건네보세요. 달콤한 분홍색 칼슘정제를 먼저 먹고 새콤한 노란색 비타민 정제를 섭취하면 더 맛있게 먹을 수 있을 거예요.", "img3": "https://img-cf.kurly.com/shop/data/goodsview/20191125/gv20000069435_1.jpg", "option_name_list": [], "option_price_list": []},
{"img1": "https://img-cf.kurly.com/shop/data/goods/1574659701419y0.jpg", "name": "[함소아] 함소아 비타민D 1000IU 1통", "summary": "톡 씹어먹는 파인애플맛 비타민D", "price": "22,500원", "discount_rate": "25%", "unit": "1통", "amount": "130mg * 60캡슐", "package": "상온/종이포장", "made_in": "", "img2": "https://img-cf.kurly.com/shop/data/goodsview/20191125/gv20000069449_1.jpg", "description": "야외 활동이 줄고 실내 활동이 늘어나면서 비타민D 합성이 점점 어려워지는 것은 아이들도 예외가 아니예요. 그럴 때는 어린이 전문 함소아의 비타민D 한 알로 간편하게 햇살 에너지를 충전해보세요. 주원료로 스위스 DSM사의 프리미엄 비타민 D3(Quali®-D)를 넣고, 부원료로 율무를 비롯한 4가지 전통 원료를 배합했답니다. 톡 터지는 츄어블 캡슐 형태에 부원료로 달콤한 파인애플맛을 더해 맛있게 섭취할 수 있지요. 1통에 두 달 분량을 채웠으니 비타민D 섭취가 필요할 때 찾아보세요.", "img3": "https://img-cf.kurly.com/shop/data/goodsview/20191125/gv40000069454_1.jpg", "option_name_list": [], "option_price_list": []},
{"img1": "https://img-cf.kurly.com/shop/data/goods/1570437357910y0.jpg", "name": "[몸애쏙쏙] 유기농 어린이 배도라지즙 2종", "summary": "달콤하게 시작하는 우리 아이 건강즙", "price": "14,310원", "discount_rate": "10%", "unit": "1상자", "amount": "100mL * 10포", "package": "기타", "made_in": "", "img2": "https://img-cf.kurly.com/shop/data/goodsview/20191007/gv10000063885_1.jpg", "description": "아이들이 먹을 식품이라면 아이들의 눈높이를 맞추는 것이 중요해요. 디자인부터 맛, 그리고 편리함까지 하나하나 신경 쓸게 많지요. 몸애쏙쏙은 아이들을 위한 맞춤형 배도라지즙을 선보입니다. 식품첨가물 없이 계약재배를 통해 수급된 국산 유기농 배와 도라지만을 착즙해 사용한 유기농 어린이 배도라지즙이에요. 아이들의 마음을 사로잡을 아기자기한 캐릭터를 그려 넣었는가 하면, 스파우트 파우치에 담아 마시기 편하도록 만들었어요. 도라지의 쌉싸름한 맛을 어려워하는 아이들을 위한 순한 아이 배도라지즙과 정제수 없이 달콤 쌉싸름함을 오롯이 담아낸 어린이 배도라지즙 2종 중 선택해보세요. 10포 알뜰하게 상자에 담아 보내드리니 선물용으로도 손색없어요.", "img3": "https://img-cf.kurly.com/shop/data/goodsview/20191007/gv10000063912_1.jpg", "option_name_list": ["[몸애쏙쏙] 유기농 순한 아이 배도라지즙", "[몸애쏙쏙] 유기농 어린이 배도라지즙"], "option_price_list": ["15,900원", "16,800원"]},
{"img1": "https://img-cf.kurly.com/shop/data/goods/1569990525788y0.jpg", "name": "[센트룸] 멀티 비타민 포 키즈", "summary": "성장 발육기를 위한 13가지 영양 성분", "price": "30,000원", "discount_rate": 0, "unit": "1통", "amount": "60정", "package": "상온/종이포장", "made_in": "", "img2": "https://img-cf.kurly.com/shop/data/goodsview/20191002/gv10000063568_1.jpg", "description": "전 세계적인 멀티 비타민 브랜드, 센트룸이 전하는 어린이용 멀티비타민을 만나보세요. 아이들이 맛있게 씹어 먹을 수 있는 츄어블 형태의 비타민입니다. 뼈의 형성과 유지에 필요한 비타민D, 뼈의 구성에 필요한 비타민K를 비롯한 총 13가지 비타민과 미네랄을 한 알로 담아냈어요. 여기에 바나나향을 더해 맛있게 즐길 수 있고, 한입에 쏙 넣기 좋은 사이즈라 마음 놓고 먹일 수 있지요. 달콤하게 녹여먹는 바나나향 츄어블 비타민으로, 자라나는 우리 아이의 건강을 챙겨보세요.", "img3": "https://img-cf.kurly.com/shop/data/goodsview/20191002/gv10000063678_1.jpg", "option_name_list": [], "option_price_list": []},
{"img1": "https://img-cf.kurly.com/shop/data/goods/1569203627797y0.jpg", "name": "[듀오락] 데일리키즈 프로바이오틱스 유산균 1통 (30일분)", "summary": "맛있게 꼭꼭 씹어 먹는 유산균! 성장기 아기를 위한", "price": "33,000원", "discount_rate": 0, "unit": "1통", "amount": "750mg x 60정 (30일분) ", "package": "상온/종이포장", "made_in": "", "img2": "https://img-cf.kurly.com/shop/data/goodsview/20190923/gv40000062474_1.jpg", "description": "아이들이 먹을 유산균이라면 보다 깐깐한 기준이 필요합니다. 어떤 유산균을 사용하고 보장균수가 얼마나 되는지는 기본, 아이들의 마음을 사로잡는 모양도 중요한 요소가 되는데요. 컬리는 맛있게 씹어먹는 어린이용 프로바이오틱스인 듀오락 데일리키즈 프로바이오틱스 유산균을 준비했습니다. 아기자기한 곰돌이 모양으로 아이들이 거부감 없이 꾸준히 챙겨 먹기 좋은 제품이에요. 성장기 아이들의 장환경에 맞는 4가지 프로바이오틱스를 배합해 어린이 맞춤형 복합균주를 선별했고요. 영양원이 되는 프리바이오틱스를 부원료로 함께 넣어 그 효과를 높였어요. 자일리톨을 부원료로 사용해 맛의 부담까지 덜어냈으니, 약을 어려워하는 아이들에게도 걱정 덜고 건네보세요.", "img3": "https://img-cf.kurly.com/shop/data/goodsview/20190923/gv00000062478_1.jpg", "option_name_list": [], "option_price_list": []},
{"img1": "https://img-cf.kurly.com/shop/data/goods/1567141446625y0.jpg", "name": "[채움] 맑은농장 짜먹는 젤리쭈 2종", "summary": "", "price": "11,250원", "discount_rate": "25%", "unit": "1박스", "amount": "100mL x 10개입", "package": "상온/종이포장", "made_in": "", "img2": "https://img-cf.kurly.com/shop/data/goodsview/20190830/gv00000060770_1.jpg", "description": "두 가지 맛의 짜먹는 젤리를 소개할게요. 우리 농산물을 이용해 건강한 즙과 주스를 만들고 있는 채움의 워터젤리랍니다. 국산 사과와 포도 농축액과 곤약 분말, 유기농 설탕 등을 섞어 간식으로 꼭 알맞은 상큼 달콤한 맛을 냈어요. 탱글탱글한 식감이 있어 주스를 마실 때보다 포만감이 있고 입에 머금는 느낌도 좋답니다. 100ml 용량의 젤리 10개를 한 박스에 담았으니 간식이 필요한 순간에 하나씩 꺼내 즐겨 보세요. ", "img3": "https://img-cf.kurly.com/shop/data/goodsview/20190830/gv40000060783_1.jpg", "option_name_list": ["[채움] 짜먹는 젤리쭈 포도 10개입", "[채움] 짜먹는 젤리쭈 사과 10개입"], "option_price_list": ["15,000원", "15,000원"]},
{"img1": "https://img-cf.kurly.com/shop/data/goods/1562303183544y0.jpg", "name": "[안국건강] 코박사 엘더베리", "summary": "하루 한 포씩, 쪽쪽 짜먹는 주스", "price": "30,000원", "discount_rate": "25%", "unit": "1box", "amount": "15g * 30포 (1개월 분) ", "package": "상온/종이포장", "made_in": "", "img2": "https://img-cf.kurly.com/shop/data/goodsview/20190705/gv30000055032_1.jpg", "description": "안국건강의 '코박사 시리즈'는 일교차가 큰 환절기 건강 관리에 신경 쓰는 분들을 위해 준비한 제품이에요. 그중 코박사 엘더베리는 아이들도 달콤하게 즐길 수 있는 스틱형 주스랍니다. 이름에서 알 수 있듯 안토시아닌이 풍부한 블랙 엘더베리 농축액이 들어가 짙은 보랏빛을 띄어요. 이를 중심으로 각종 베리류와 배, 유자 농축액 등 10가지 식물성 주원료가 배합돼 산뜻 달콤한 풍미를 자아내죠. 더불어 코 건강 관리에 도움을 줄 수 있는 구아바잎 추출물을 넣어 환절기, 아이들에게 필요한 영양을 배가했답니다. 평소 과채 섭취가 부족한 아이에게 주기에도 좋겠지요? 하루 한 포씩, 쪽쪽 빨아서 그냥 섭취해도 되지만 우유나 요거트에 타서 간식처럼 즐겁게 건네어 보세요.", "img3": "https://img-cf.kurly.com/shop/data/goodsview/20190705/gv40000055033_1.jpg", "option_name_list": [], "option_price_list": []},
{"img1": "https://img-cf.kurly.com/shop/data/goods/1554283361320y0.jpg", "name": "[안국건강] 코박사 키즈", "summary": "코를 훌쩍이는 아이에게 건네는 달콤한 젤리", "price": "21,000원", "discount_rate": "30%", "unit": "1box", "amount": "30g * 14포", "package": "상온/종이포장", "made_in": "", "img2": "https://img-cf.kurly.com/shop/data/goodsview/20190403/gv20000046520_1.jpg", "description": "우리 아이도 코 과민 반응 때문에 고생하고 있나요? 콧물, 재채기, 코 가려움은 일교차가 큰 환절기나 꽃가루가 날리는 계절이 다가오면 더욱 심해지는 경향이 있죠. 컬리가 소개하는 젤리 형태의 코박사 키즈를 아이에게 건네보세요. 주원료인 구아바잎 추출물 등 복합물이 과민 반응으로 예민해진 코 상태 개선에 도움을 줄 테니까요. 더불어 정상적인 면역기능에 필요한 아연도 들어갔답니다. 코박사 키즈는 촉촉하고 부드러운 젤리 식감이라 캡슐을 삼키기 어려운 아이들이 먹기에도 안전해요. 망고 농축액을 비롯한 과일 농축액이 들어가 아이들이 먼저 찾을 거예요. 부쩍 코를 자주 비비고 훌쩍이는 아이를 위해, 면역 관리가 필요한 성장기 어린이를 위해 하루 두 번 건강 젤리, 코박사 키즈를 건네보세요.", "img3": "https://img-cf.kurly.com/shop/data/goodsview/20190403/gv00000046529_1.jpg", "option_name_list": [], "option_price_list": []},
{"img1": "https://img-cf.kurly.com/shop/data/goods/1553839423180y0.jpg", "name": "[함소아] 프로폴리스 30ml", "summary": "소중한 우리 아이 구강 항균작용을 도울 수 있는", "price": "9,750원", "discount_rate": "35%", "unit": "1병", "amount": "30ml", "package": "상온/종이포장", "made_in": "", "img2": "https://img-cf.kurly.com/shop/data/goodsview/20190329/gv30000046253_1.jpg", "description": "프로폴리스란 꿀벌이 여러 식물에서 모아온 수지와 같은 물질에 자신의 침, 효소를 섞어 만든 항균 물질이에요. 플라보노이드가 들어 있어 구강에서의 항균 작용에 큰 도움을 줄 수 있죠. 함소아는 아이들이 환절기를 건강하게 보낼 수 있도록 스프레이 형태의 프로폴리스 제품을 만들었답니다. 주원료인 프로폴리스 성분을 중심으로 함소아만의 노하우로 개발된 5가지 식물혼합추출 증류액 분말과 마누카 꿀, 녹차추출 농축액 등의 부원료가 배합되었죠. 특히, 아이들이 맛있게 섭취할 수 있도록 부원료인 딸기과즙추출 농축액과 천연 딸기향을 첨가해 프로폴리스 특유의 향을 완화했고, 멘톨을 함유해 청량감과 상쾌함을 더했답니다. 시간에 관계 없이 하루 3번, 스프레이로 편하게 분무해 환절기에 민감한 아이들의 건강을 지켜주세요.", "img3": "https://img-cf.kurly.com/shop/data/goodsview/20190329/gv00000046258_1.jpg", "option_name_list": [], "option_price_list": []}