{"img1": "https://img-cf.kurly.com/shop/data/goods/1584932055285y0.jpg", "name": "[몸애수호] 어린이홍삼배도라지", "summary": "우리 아이를 위한 영양 한 팩", "price": "14,310원", "discount_rate": "10%", "unit": "1박스", "amount": "100ml x 10포", "package": "상온/종이포장", "made_in": "", "img2": "https://img-cf.kurly.com/shop/data/goodsview/20200323/gv10000086591_1.jpg", "description": "아이들이 마실 음료라면 아이들의 눈과 입맛을 모두 사로잡는 게 중요하지요. 귀여운 패키지에 넣어 아이들도 부담 없이 마실 수 있는 어린이 홍삼 배도라지 즙을 소개해 드릴게요. 국내산 배, 도라지와 6년근 홍삼을 사용하고 설탕 대신 배와 프락토올리고당으로 단맛을 더해 더욱더 영양을 생각한 즙이에요. 휴대가 간편한 파우치 형태로 포장되어 있어, 매일 아침 하나씩 챙겨 주기에도 좋답니다.", "img3": "https://img-cf.kurly.com/shop/data/goodsview/20200323/gv30000086597_1.jpg", "option_name_list": [], "option_price_list": []},
{"img1": "https://img-cf.kurly.com/shop/data/goods/1584682287434y0.jpg", "name": "[신농삼] 유기왕 튼튼총명 홍삼", "summary": "달달한 맛을 더해 섭취가 편해진", "price": "157,000원", "discount_rate": 0, "unit": "1박스", "amount": "(30mL X 14포입) X 2통", "package": "상온/종이포장", "made_in": "", "img2": "https://img-cf.kurly.com/shop/data/goodsview/20200320/gv20000086429_1.jpg", "description": "좋은 음식은 입에 쓴 법이지만, 아이들에게는 이 말이 통하지 않아요. 컬리는 쌉쌀한 홍삼 식품을 먹이는 고생을 덜어줄 신농삼의 제품을 준비했습니다. 정성스레 키운 유기농 인삼을 신농삼만의 제조법으로 찌고 말려 홍삼과 흑삼으로 만들었어요. 유기왕 튼튼에는 신농삼의 홍삼 농축액을, 유기왕 총명에는 신농삼의 흑삼 농축액을 넣었답니다. 각기 유기농 메이플 시럽과 유기농 벌꿀을 넣어 조금 끈적하고 달콤 쌉쌀한 맛이 나지요. 홍삼이 들어간 식품이 처음이라면 매일 반 포씩 섭취하는 것으로 시작해보세요. ", "img3": "https://img-cf.kurly.com/shop/data/goodsview/20200320/gv20000086457_1.jpg", "option_name_list": [], "option_price_list": []},
{"img1": "https://img-cf.kurly.com/shop/data/goods/1583143442230y0.jpg", "name": "[올리] 야생화꿀 (1+등급)", "summary": "(잡화꿀/꽃꿀) 남다른 향미가 매력적인 꿀!", "price": "17,500원", "discount_rate": 0, "unit": "1개", "amount": "500g", "package": "상온/종이포장", "made_in": "", "img2": "https://img-cf.kurly.com/shop/data/goodsview/20200302/gv10000083628_1.jpg", "description": "안심하고 사용할 수 있는 벌꿀을 찾고 있다면, 축산물품질평가원에서 1+ 등급을 받은 올리의 야생화 꿀을 추천드려요. 튜브 타입의 용기에 포장한 상품이라, 간편하게 보관하고 사용할 수 있어 더욱 만족스럽지요. 미온수에 녹여 차를 만들거나 요리에 첨가해 건강한 단맛을 즐겨 보세요. 각양각색의 꽃에서 모은 야생화 꿀이라 입안을 감싸는 달콤한 향미까지도 일품이랍니다.", "img3": "https://img-cf.kurly.com/shop/data/goodsview/20200302/gv30000083631_1.jpg", "option_name_list": [], "option_price_list": []},
{"img1": "https://img-cf.kurly.com/shop/data/goods/1583143671889y0.jpg", "name": "[올리] 아카시아꿀 (1+등급)", "summary": "아카시아 향을 머금은 꿀", "price": "18,500원", "discount_rate": 0, "unit": "1개", "amount": "500g", "package": "상온/종이포장", "made_in": "", "img2": "https://img-cf.kurly.com/shop/data/goodsview/20200302/gv40000083634_1.jpg", "description": "안심하고 사용할 수 있는 벌꿀을 찾고 있다면, 축산물품질평가원에서 1+ 등급을 받은 올리의 아카시아 꿀을 추천드려요. 튜브 타입의 용기에 포장한 상품이라, 간편하게 보관하고 사용할 수 있어 더욱 만족스럽지요. 미온수에 녹여 차를 만들거나 요리에 첨가해 건강한 단맛을 즐겨 보세요. 아카시아 나무의 꽃에서 채밀한 꿀이라, 입안을 감도는 은은한 향긋함까지 느낄 수 있을 거예요.", "img3": "https://img-cf.kurly.com/shop/data/goodsview/20200302/gv30000083640_1.jpg", "option_name_list": [], "option_price_list": []},
{"img1": "https://img-cf.kurly.com/shop/data/goods/1576637818388y0.jpg", "name": "[YOZM] 허니스틱 10포", "summary": "간편하게 뜯어 쓰는 아카시아꿀", "price": "7,000원", "discount_rate": 0, "unit": "1박스", "amount": "10개입(7g*10ea)", "package": "냉장/종이포장", "made_in": "국내산", "img2": "https://img-cf.kurly.com/shop/data/goodsview/20191218/gv40000073506_1.jpg", "description": "자연스러운 달콤함을 선사하는 꿀을 즐기는 방법은 참으로 다양해요. 그중에서도 그릭요거트에 꿀을 뿌리면 요거트의 새콤한 맛과 어우러지면서 풍미를 배가시키는 훌륭한 역할을 하죠. 꾸덕꾸덕한 질감을 자랑하는 그릭요거트로 사랑받는 YOZM은 허니바이허니와 손잡고 꿀을 간편한 스틱에 소분하여 담았어요. 국내산지 곳곳에서 채밀한 향긋한 아카시아꿀 100%이지요. 따뜻한 차에 타서 마셔도 좋고, 그릭요거트에 그대로 뿌리거나 견과류 또는 그래놀라를 더하여 함께 즐겨 보세요.", "img3": "https://img-cf.kurly.com/shop/data/goodsview/20191218/gv00000073514_1.jpg", "option_name_list": [], "option_price_list": []},
{"img1": "https://img-cf.kurly.com/shop/data/goods/1575536363555y0.jpg", "name": "[선물세트] 디어패밀리 프로폴리스 리퀴드", "summary": "한 방울씩 섭취하는 프로폴리스 3개입", "price": "45,000원", "discount_rate": 0, "unit": "1박스", "amount": "30mL X 3개입", "package": "기타", "made_in": "", "img2": "https://img-cf.kurly.com/shop/data/goodsview/20191205/gv20000059734_1.jpg", "description": "호흡기와 구강은 외부 공기에 직접 노출되는 부위인 만큼, 더 세심한 관리가 필요하죠. 컬리는 구강에서의 항균작용을 도와줄 수 있는 액상 프로폴리스를 선물세트로 준비했어요. 벌들로부터 유래한 프로폴리스 추출물에, 올리브잎 추출물과 뉴질랜드산 마누카꿀을 더한 뒤 스포이드 타입의 용기에 담아냈어요. 식약처의 기능성을 인정받은 건강기능식품임은 물론, 누구나 거부감 없이 사용할 수 있는 향미를 갖춘 제품이라 더욱 마음에 드실 거예요. 총 세 병을 담은 박스를 전용 쇼핑백으로 포장해 보내드리니, 마음을 전하는 선물로 활용해 보세요.  ", "img3": "https://img-cf.kurly.com/shop/data/goodsview/20191205/gv30000071526_1.jpg", "option_name_list": [], "option_price_list": []},
{"img1": "https://img-cf.kurly.com/shop/data/goods/1574923857853y0.jpg", "name": "[대니시비키퍼스] 로모섬의 꿀 3종", "summary": "덴마크의 계절이 담긴 특별한 꿀", "price": "58,000원", "discount_rate": 0, "unit": "1병", "amount": "225g", "package": "상온/종이포장", "made_in": "", "img2": "https://img-cf.kurly.com/shop/data/goodsview/20191128/gv40000070057_1.jpg", "description": null, "img3": "https://img-cf.kurly.com/shop/data/goodsview/20191128/gv00000070145_1.jpg", "option_name_list": ["[대니시비키퍼스] 로모섬의 봄꿀", "[대니시비키퍼스] 로모섬의 여름꿀", "[대니시비키퍼스] 로모섬의 가을꿀"], "option_price_list": ["58,000원", "58,000원", "68,000원"]},
{"img1": "https://img-cf.kurly.com/shop/data/goods/1574924579667y0.jpg", "name": "[대니시비키퍼스] 로모섬의 봄꿀, 여름꿀, 가을꿀 세트", "summary": "덴마크의 계절을 모두 느낄 수 있는", "price": "164,000원", "discount_rate": 0, "unit": "1세트", "amount": "225g X 3", "package": "상온/종이포장", "made_in": "", "img2": "https://img-cf.kurly.com/shop/data/goodsview/20191128/gv20000070066_1.jpg", "description": null, "img3": "https://img-cf.kurly.com/shop/data/goodsview/20191128/gv10000070159_1.jpg", "option_name_list": [], "option_price_list": []},
{"img1": "https://img-cf.kurly.com/shop/data/goods/1574668074322y0.jpg", "name": "[함소아] 홍키통키 프라임 블루 3단계", "summary": "8세부터 10세 어린이용", "price": "91,000원", "discount_rate": "30%", "unit": "1박스", "amount": "20mL * 30포", "package": "상온/종이포장", "made_in": "", "img2": "https://img-cf.kurly.com/shop/data/goodsview/20191125/gv40000069542_1.jpg", "description": "우리 아이 면역력 증진과 피로 개선에 도움을 줄 수 있는 건강기능식품을 만나보세요. 6년근 홍삼농축액을 주원료로 넣고, 부원료로 녹용, 지황, 복령 등을 사용한 식물혼합농축액과 버섯추출물을 더한 홍키통키 프라임 블루랍니다. 어린이전문 함소아의 노하우로 홍삼 특유의 쓴 맛은 줄이고 부원료로 프락토올리고당과 블루베리농축액을 넣어 아이들이 한결 맛있게 섭취할 수 있도록 배려했어요. 1포를 기준으로 진세노사이드 Rg1, Rb1 및 Rg3의 합 7.5mg이 들어있으니 면역력이 걱정되는 성장기 어린이에게 건네보세요.", "img3": "https://img-cf.kurly.com/shop/data/goodsview/20191125/gv00000069558_1.jpg", "option_name_list": [], "option_price_list": []},
{"img1": "https://img-cf.kurly.com/shop/data/goods/1574666084875y0.jpg", "name": "[함소아] 홍키통키 프라임 그린 2단계", "summary": "5세부터 7세 어린이용", "price": "84,000원", "discount_rate": "30%", "unit": "1박스", "amount": "15mL * 30포", "package": "상온/종이포장", "made_in": "", "img2": "https://img-cf.kurly.com/shop/data/goodsview/20191125/gv20000069520_1.jpg", "description": "우리 아이 면역력 증진과 피로 개선에 도움을 줄 수 있는 건강기능식품을 만나보세요. 6년근 홍삼농축액을 주원료로 넣고, 부원료로 녹용, 오미자, 도라지 등을 사용한 식물혼합농축액과 버섯추출물을 더한 홍키통키 프라임 그린이랍니다. 어린이전문 함소아의 노하우로 홍삼 특유의 쓴 맛은 줄이고 부원료로 프락토올리고당과 딸기농축액을 넣어 아이들이 한결 맛있게 섭취할 수 있도록 배려했어요. 1포를 기준으로 진세노사이드 Rg1, Rb1 및 Rg3의 합 6.5mg이 들어있으니 면역력이 걱정되는 어린이에게 건네보세요.", "img3": "https://img-cf.kurly.com/shop/data/goodsview/20191125/gv00000069525_1.jpg", "option_name_list": [], "option_price_list": []},
{"img1": "https://img-cf.kurly.com/shop/data/goods/1574078490652y0.jpg", "name": "[선물세트] 삼다원 발효 산양삼", "summary": "발효 산양삼을 뿌리째 포장한", "price": "185,000원", "discount_rate": 0, "unit": "1박스", "amount": "1000mg*4뿌리", "package": "상온/종이포장", "made_in": "", "img2": "https://img-cf.kurly.com/shop/data/goodsview/20191118/gv40000068589_1.jpg", "description": null, "img3": "https://img-cf.kurly.com/shop/data/goodsview/20191119/gv30000068600_1.jpg", "option_name_list": [], "option_price_list": []},
{"img1": "https://img-cf.kurly.com/shop/data/goods/1574074364287y0.jpg", "name": "[선물세트] 삼다원 청옥고 정", "summary": "홍삼을 그대로 농축한 간편 스틱", "price": "95,200원", "discount_rate": "20%", "unit": "1박스", "amount": "15g*20개입", "package": "상온/종이포장", "made_in": "", "img2": "https://img-cf.kurly.com/shop/data/goodsview/20191118/gv00000068552_1.jpg", "description": null, "img3": "https://img-cf.kurly.com/shop/data/goodsview/20191121/gv00000069174_1.jpg", "option_name_list": [], "option_price_list": []},
{"img1": "https://img-cf.kurly.com/shop/data/goods/1574059592777y0.jpg", "name": "[삼다원] 청옥고 정", "summary": "홍삼을 그대로 농축한 간편 스틱", "price": "47,200원", "discount_rate": "20%", "unit": "1박스", "amount": "15g*10개입", "package": "상온/종이포장", "made_in": "", "img2": "https://img-cf.kurly.com/shop/data/goodsview/20191118/gv20000068427_1.jpg", "description": null, "img3": "https://img-cf.kurly.com/shop/data/goodsview/20191119/gv30000068602_1.jpg", "option_name_list": [], "option_price_list": []},
{"img1": "https://img-cf.kurly.com/shop/data/goods/1571117922133y0.jpg", "name": "[제주엔팜] 제주자연 하루한포 더덕 스틱", "summary": "달콤하고 부드럽게 즐기는 더덕의 향긋함", "price": "9,000원", "discount_rate": 0, "unit": "1상자", "amount": "20g x 10포", "package": "상온/종이포장", "made_in": "", "img2": "https://img-cf.kurly.com/shop/data/goodsview/20191015/gv10000064526_1.jpg", "description": "더덕은 쌉싸름하면서도 향긋한 냄새가 일품인 뿌리채소이죠. 반찬은 물론 술이나 차로도 이용되는데요. 컬리는 스틱 형태로 간편하게 즐길 수 있는 제주엔팜 제주자연 하루한포 더덕 스틱을 준비했어요. 국내산 더덕을 깨끗하게 씻고 손질한 후 뿌리째 갈아 만든 상품이에요. 설탕 대신 베트남산 사탕야자수액을 사용했기에 더욱 부드럽고요. 건더기가 탱글탱글하게 살아있어 식감을 더해준답니다. 그냥 입에 쭉 짜서 드셔도 좋으니, 하루 한포 손쉽게 제주엔팜 제주자연 하루한포 더덕 스틱을 챙겨 드셔 보세요. ", "img3": "https://img-cf.kurly.com/shop/data/goodsview/20191015/gv40000064565_1.jpg", "option_name_list": [], "option_price_list": []},
{"img1": "https://img-cf.kurly.com/shop/data/goods/157111724976y0.jpg", "name": "[제주엔팜] 제주자연 하루한포 도라지 스틱", "summary": "하루 한포 간편하게 챙기는 건강!", "price": "9,000원", "discount_rate": 0, "unit": "1상자", "amount": "20g x 10포", "package": "상온/종이포장", "made_in": "", "img2": "https://img-cf.kurly.com/shop/data/goodsview/20191015/gv30000064524_1.jpg", "description": "목 관리를 위해 도라지 제품을 챙겨 드시는 분들이 많아요. 즙이나 청 등 그 형태도 다양한데요. 컬리는 스틱 형태로 간편하게 즐길 수 있는 제주엔팜 제주자연 하루한포 도라지 스틱을 준비했어요. 깨끗하게 재배한 국내산 도라지를 손질해 뿌리째 갈아 만든 상품이에요. 도라지의 향긋함에 달콤함을 더해주고자 설탕 대신 부드러운 식감을 더할 사탕야자수액을 사용했지요. 탱글탱글하게 건더기가 살아있어 먹는 재미를 더해준답니다. 그냥 입에 쭉 짜드셔도 좋고, 따뜻한 물에 풀어 도라지차로 즐기셔도 좋아요.", "img3": "https://img-cf.kurly.com/shop/data/goodsview/20191015/gv00000064551_1.jpg", "option_name_list": [], "option_price_list": []},
{"img1": "https://img-cf.kurly.com/shop/data/goods/1568109904557y0.jpg", "name": "[콤비타] 프로폴리스 소프트겔", "summary": "활기찬 하루를 위한 선택", "price": "79,000원", "discount_rate": 0, "unit": "1병", "amount": "450mgx100캡슐", "package": "상온/종이포장", "made_in": "", "img2": "https://img-cf.kurly.com/shop/data/goodsview/20190910/gv00000061745_1.jpg", "description": "프로폴리스는 꿀벌이 나무 수액과 꽃의 화분 등으로 만든 것으로, 외부의 바이러스나 세균으로부터 벌집을 보호해주는 역할을 하죠. 컬리는 뉴질랜드 청정 자연에서 얻은 프로폴리스를 주원료로 만든 소프트겔을 소개합니다. 프로폴리스에 함유된 플라보노이드 성분이 몸속 유해산소를 제거하는데 도움을 주는데요. 스트레스나 수면 부족 등으로 인해 발생하는 활성산소를 억제하여 건강 유지에 도움을 주기도 한답니다. 활기찬 하루를 선물받고 싶다면 콤비타의 프로폴리스 소프트겔로 건강을 관리해보세요. ", "img3": "https://img-cf.kurly.com/shop/data/goodsview/20190910/gv30000061750_1.jpg", "option_name_list": [], "option_price_list": []}