{"name": "편강청운탕 70ml x 30입", "img4": "https://img-cf.kurly.com/shop/data/goodsview/20200407/gv10000089449_2.jpg"},
{"name": "[달새앙] 생강즙", "img4": "https://img-cf.kurly.com/shop/data/goodsview/20200330/gv00000088032_2.jpg"},
{"name": "[몸애수호] 어린이홍삼배도라지", "img4": "https://img-cf.kurly.com/shop/data/goodsview/20200323/gv00000086592_2.jpg"},
{"name": "[BBF] 피비핏 프로틴 파우더 2종", "img4": "https://img-cf.kurly.com/shop/data/goodsview/20200304/gv10000083954_2.jpg"},
{"name": "[채움] 착즙 유기농 석류즙100% 30포", "img4": "https://img-cf.kurly.com/shop/data/goodsview/20200302/gv10000083591_2.jpg"},
{"name": "[채움] 유기농 양배추 브로콜리즙", "img4": "https://img-cf.kurly.com/shop/data/goodsview/20200214/gv40000081308_2.jpg"},
{"name": "[뉴트리원] 비비랩 마시는 더 콜라겐 (2중 기능성) 14병", "img4": "https://img-cf.kurly.com/shop/data/goodsview/20200211/gv10000081013_2.jpg"},
{"name": "[몸애쏙쏙] 유기농 의성흑마늘 진액 2종", "img4": "https://img-cf.kurly.com/shop/data/goodsview/20200121/gv30000078944_2.jpg"},
{"name": "[몸애쏙쏙] 유기농 의성흑마늘 스틱 2종", "img4": "https://img-cf.kurly.com/shop/data/goodsview/20200121/gv30000078949_2.jpg"},
{"name": "[채움] 레드비트 100", "img4": "https://img-cf.kurly.com/shop/data/goodsview/20191227/gv40000075562_2.jpg"},
{"name": "[몸애쏙쏙] 무농약 자색양파즙2종", "img4": "https://img-cf.kurly.com/shop/data/goodsview/20191206/gv00000071742_2.jpg"},
{"name": "[갈릭꼬] 효소발효 황제 마늘진액 2종", "img4": "https://img-cf.kurly.com/shop/data/goodsview/20191129/gv20000070319_2.jpg"},
{"name": "[로트벡쉔] 바이탈 헬시본 미니 2종", "img4": "https://img-cf.kurly.com/shop/data/goodsview/20191126/gv00000069832_2.jpg"},
{"name": "[로트벡쉔] 바이탈 이뮨 미니 2종", "img4": "https://img-cf.kurly.com/shop/data/goodsview/20191126/gv00000069800_2.jpg"},
{"name": "[로트벡쉔] 바이탈 아이젠 포멜 미니 2종", "img4": "https://img-cf.kurly.com/shop/data/goodsview/20191126/gv20000069805_2.jpg"},
{"name": "[선물세트] 장만순산삼가 청춘고", "img4": "https://img-cf.kurly.com/shop/data/goodsview/20191118/gv10000068519_2.jpg"}