{"name": "[BBF] 피비핏 프로틴 파우더 2종", "img4": "https://img-cf.kurly.com/shop/data/goodsview/20200304/gv10000083954_2.jpg"},
{"name": "[싱크] 하이 프로틴바 5종", "img4": "https://img-cf.kurly.com/shop/data/goodsview/20200303/gv20000083773_2.jpg"},
{"name": "[정식품] 100% 국내산 자연담은 한끼생식", "img4": "https://img-cf.kurly.com/shop/data/goodsview/20200401/gv20000088508_2.jpg"},
{"name": "[순수람] 유기농 새싹보리 환", "img4": "https://img-cf.kurly.com/shop/data/goodsview/20200107/gv20000076892_2.jpg"},
{"name": "[효소원] 청순다이어트", "img4": "https://img-cf.kurly.com/shop/data/goodsview/20191219/gv40000073930_2.jpg"},
{"name": "[효소원] 가족건강분말", "img4": "https://img-cf.kurly.com/shop/data/goodsview/20191219/gv40000073884_2.jpg"},
{"name": "[효소원] 효소원N", "img4": "https://img-cf.kurly.com/shop/data/goodsview/20191219/gv40000073947_2.jpg"},
{"name": "[인퓨이스] 아이돌물 파우더 100g", "img4": "https://img-cf.kurly.com/shop/data/goodsview/20191204/gv40000071083_2.jpg"},
{"name": "[인퓨이스] 오일만 주스 파우더 100g", "img4": "https://img-cf.kurly.com/shop/data/goodsview/20191204/gv00000071111_2.jpg"},
{"name": "[인퓨이스] 깻잎 워터 파우더 100g", "img4": "https://img-cf.kurly.com/shop/data/goodsview/20191204/gv20000071098_2.jpg"},
{"name": "[갈릭꼬] 효소발효 황제마늘2종", "img4": "https://img-cf.kurly.com/shop/data/goodsview/20191129/gv10000070443_2.jpg"},
{"name": "[솔라겐스] 퓨어크릴오일", "img4": "https://img-cf.kurly.com/shop/data/goodsview/20191126/gv20000069798_2.jpg"},
{"name": "[안국건강] 인생뷰티 저분자콜라겐 유산균 업", "img4": "https://img-cf.kurly.com/shop/data/goodsview/20191126/gv40000069716_2.jpg"},
{"name": "[안국건강] 편강 청강원 1통", "img4": "https://img-cf.kurly.com/shop/data/goodsview/20191126/gv10000069772_2.jpg"},
{"name": "[선물세트] 장만순산삼가 공진보", "img4": "https://img-cf.kurly.com/shop/data/goodsview/20191118/gv20000068490_2.jpg"},
{"name": "[선물세트] 장만순산삼가 공진보 정", "img4": ""}