{"name": "[허벌랜드] 멀티비타민 미네랄 구미 60개", "img4": "https://img-cf.kurly.com/shop/data/goodsview/20200407/gv30000089276_2.jpg"},
{"name": "[레이델] 갱년기소녀 2종", "img4": "https://img-cf.kurly.com/shop/data/goodsview/20200406/gv10000089095_2.jpg"},
{"name": "[허벌랜드] 비타민 소포장 2종", "img4": "https://img-cf.kurly.com/shop/data/goodsview/20200402/gv00000088632_2.jpg"},
{"name": "[고려은단] 비타민 C 골드 플러스 150정", "img4": ""},
{"name": "[솔가] 오메가3 700 60캡슐", "img4": "https://img-cf.kurly.com/shop/data/goodsview/20200217/gv00000081683_2.jpg"},
{"name": "[솔가] 구연산 칼슘", "img4": "https://img-cf.kurly.com/shop/data/goodsview/20191101/gv00000066720_2.jpg"},
{"name": "[솔가] 아연", "img4": "https://img-cf.kurly.com/shop/data/goodsview/20191101/gv10000066725_2.jpg"},
{"name": "[솔가] 철분25", "img4": "https://img-cf.kurly.com/shop/data/goodsview/20191101/gv00000066622_2.jpg"},
{"name": "[솔가] 엽산400", "img4": "https://img-cf.kurly.com/shop/data/goodsview/20200217/gv20000081718_2.jpg"},
{"name": "[솔가] 에스터C 500 50캡슐", "img4": "https://img-cf.kurly.com/shop/data/goodsview/20200217/gv00000081720_2.jpg"},
{"name": "[네추럴라이즈] 감마리놀렌산 달맞이꽃종자유-V", "img4": "https://img-cf.kurly.com/shop/data/goodsview/20200305/gv40000084163_2.jpg"},
{"name": "바이탈 1000 (레몬라임 맛)", "img4": "https://img-cf.kurly.com/shop/data/goodsview/20200210/gv30000080823_2.jpg"},
{"name": "바이탈 1000 (오렌지 맛)", "img4": "https://img-cf.kurly.com/shop/data/goodsview/20200210/gv10000080824_2.jpg"},
{"name": "[네추럴라이즈] 메가포텐시 미세조류 알티지 오메가-3", "img4": "https://img-cf.kurly.com/shop/data/goodsview/20200302/gv30000083633_2.jpg"},
{"name": "[네추럴라이즈] 알티지 오메가-3 1000", "img4": "https://img-cf.kurly.com/shop/data/goodsview/20200302/gv10000083615_2.jpg"},
{"name": "[네이처드림] 시크릿 석류콜라겐 젤리스틱", "img4": "https://img-cf.kurly.com/shop/data/goodsview/20200228/gv40000083293_2.jpg"}