{"name": "[락피도] 징크시럽 키즈", "img4": "https://img-cf.kurly.com/shop/data/goodsview/20191230/gv00000075827_2.jpg"},
{"name": "[몸애수호] 아이튼튼녹용 2종", "img4": "https://img-cf.kurly.com/shop/data/goodsview/20191227/gv10000075549_2.jpg"},
{"name": "[몸애수호] 어린이녹용 2종", "img4": "https://img-cf.kurly.com/shop/data/goodsview/20191227/gv40000075558_2.jpg"},
{"name": "[NGT] 퓨어 키즈 프로바이오틱스", "img4": "https://img-cf.kurly.com/shop/data/goodsview/20191216/gv30000072957_2.jpg"},
{"name": "[함소아] 홍키통키 프라임 그린 2단계", "img4": "https://img-cf.kurly.com/shop/data/goodsview/20191125/gv10000069521_2.jpg"},
{"name": "[함소아] 홍키통키 프라임 블루 3단계", "img4": "https://img-cf.kurly.com/shop/data/goodsview/20191125/gv10000069543_2.jpg"},
{"name": "[함소아] 홍키통키 프라임 레드 4단계", "img4": "https://img-cf.kurly.com/shop/data/goodsview/20191125/gv10000069563_2.jpg"},
{"name": "[함소아] 하루비타민 1개월", "img4": "https://img-cf.kurly.com/shop/data/goodsview/20191125/gv20000069431_2.jpg"},
{"name": "[함소아] 함소아 비타민D 1000IU 1통", "img4": "https://img-cf.kurly.com/shop/data/goodsview/20191125/gv00000069450_2.jpg"},
{"name": "[몸애쏙쏙] 유기농 어린이 배도라지즙 2종", "img4": "https://img-cf.kurly.com/shop/data/goodsview/20191007/gv20000063911_2.jpg"},
{"name": "[듀오락] 데일리키즈 프로바이오틱스 유산균 1통 (30일분)", "img4": "https://img-cf.kurly.com/shop/data/goodsview/20190923/gv30000062475_2.jpg"},
{"name": "[채움] 맑은농장 짜먹는 젤리쭈 2종", "img4": "https://img-cf.kurly.com/shop/data/goodsview/20190830/gv30000060771_2.jpg"},
{"name": "[안국건강] 코박사 엘더베리", "img4": "https://img-cf.kurly.com/shop/data/goodsview/20190329/gv00000046261_2.jpg"},
{"name": "[안국건강] 코박사 키즈", "img4": "https://img-cf.kurly.com/shop/data/goodsview/20190403/gv30000046605_2.jpg"},
{"name": "[함소아] 프로폴리스 30ml", "img4": "https://img-cf.kurly.com/shop/data/goodsview/20190329/gv10000046254_2.jpg"},
{"name": "[락티발란스] 프로바이오틱스 베이비 드롭 2종", "img4": ""}