{"name": "[지노프레쉬] 건강해질 여성유산균 (28일분)", "img4": "https://img-cf.kurly.com/shop/data/goodsview/20200218/gv20000081738_2.jpg"},
{"name": "[여에스더] 유산균 프로바이오틱스 블루", "img4": "https://img-cf.kurly.com/shop/data/goodsview/20200107/gv00000076909_2.jpg"},
{"name": "[여에스더] 유산균 프로바이오틱스 케어", "img4": "https://img-cf.kurly.com/shop/data/goodsview/20200107/gv10000076972_2.jpg"},
{"name": "[락피도] 프로바이오틱스 베이비 60포", "img4": "https://img-cf.kurly.com/shop/data/goodsview/20191230/gv40000075843_2.jpg"},
{"name": "[락피도] 프로바이오틱스 키즈 60포", "img4": "https://img-cf.kurly.com/shop/data/goodsview/20191230/gv10000075850_2.jpg"},
{"name": "[락피도] 징크시럽 키즈", "img4": "https://img-cf.kurly.com/shop/data/goodsview/20191230/gv00000075827_2.jpg"},
{"name": "[락피도] 프로바이오틱스 우먼 60포", "img4": "https://img-cf.kurly.com/shop/data/goodsview/20191230/gv30000075832_2.jpg"},
{"name": "[락티발란스] 프리바이오틱스", "img4": "https://img-cf.kurly.com/shop/data/goodsview/20191216/gv40000072908_2.jpg"},
{"name": "[NGT] 퓨어 키즈 프로바이오틱스", "img4": "https://img-cf.kurly.com/shop/data/goodsview/20191216/gv30000072957_2.jpg"},
{"name": "[듀오락] 맘스 프로바이오틱스 유산균 1통 (30일분)", "img4": "https://img-cf.kurly.com/shop/data/goodsview/20190923/gv00000062470_2.jpg"},
{"name": "[듀오락] 마이크로바이옴7 우먼 유산균 1통 (30일분)", "img4": "https://img-cf.kurly.com/shop/data/goodsview/20190923/gv30000062464_2.jpg"},
{"name": "[듀오락] 데일리키즈 프로바이오틱스 유산균 1통 (30일분)", "img4": "https://img-cf.kurly.com/shop/data/goodsview/20190923/gv30000062475_2.jpg"},
{"name": "[소버스] 장건강: 신바이오틱스", "img4": "https://img-cf.kurly.com/shop/data/goodsview/20190916/gv20000061894_2.jpg"},
{"name": "[뉴오리진] 이너플로라 30캡슐", "img4": "https://img-cf.kurly.com/shop/data/goodsview/20191017/gv40000064952_2.jpg"},
{"name": "[락티발란스] 프로바이오틱스 베이비 드롭 2종", "img4": ""},
{"name": "[안국건강] 안국 저분자 콜라겐 비피더스 (90포)", "img4": "https://img-cf.kurly.com/shop/data/goodsview/20190121/gv30000042160_2.jpg"}