{"name": "[몸애수호] 어린이홍삼배도라지", "img4": "https://img-cf.kurly.com/shop/data/goodsview/20200323/gv00000086592_2.jpg"},
{"name": "[신농삼] 유기왕 튼튼총명 홍삼", "img4": "https://img-cf.kurly.com/shop/data/goodsview/20200320/gv30000086456_2.jpg"},
{"name": "[올리] 야생화꿀 (1+등급)", "img4": "https://img-cf.kurly.com/shop/data/goodsview/20200302/gv40000083629_2.jpg"},
{"name": "[올리] 아카시아꿀 (1+등급)", "img4": "https://img-cf.kurly.com/shop/data/goodsview/20200302/gv40000083635_2.jpg"},
{"name": "[YOZM] 허니스틱 10포", "img4": "https://img-cf.kurly.com/shop/data/goodsview/20191218/gv00000073507_2.jpg"},
{"name": "[선물세트] 디어패밀리 프로폴리스 리퀴드", "img4": ""},
{"name": "[대니시비키퍼스] 로모섬의 꿀 3종", "img4": "https://img-cf.kurly.com/shop/data/goodsview/20191128/gv30000070146_2.jpg"},
{"name": "[대니시비키퍼스] 로모섬의 봄꿀, 여름꿀, 가을꿀 세트", "img4": "https://img-cf.kurly.com/shop/data/goodsview/20191128/gv10000070160_2.jpg"},
{"name": "[함소아] 홍키통키 프라임 블루 3단계", "img4": "https://img-cf.kurly.com/shop/data/goodsview/20191125/gv10000069543_2.jpg"},
{"name": "[함소아] 홍키통키 프라임 그린 2단계", "img4": "https://img-cf.kurly.com/shop/data/goodsview/20191125/gv10000069521_2.jpg"},
{"name": "[선물세트] 삼다원 발효 산양삼", "img4": "https://img-cf.kurly.com/shop/data/goodsview/20191119/gv10000068599_2.jpg"},
{"name": "[선물세트] 삼다원 청옥고 정", "img4": ""},
{"name": "[삼다원] 청옥고 정", "img4": "https://img-cf.kurly.com/shop/data/goodsview/20191118/gv20000068551_2.jpg"},
{"name": "[제주엔팜] 제주자연 하루한포 더덕 스틱", "img4": "https://img-cf.kurly.com/shop/data/goodsview/20191015/gv40000064564_2.jpg"},
{"name": "[제주엔팜] 제주자연 하루한포 도라지 스틱", "img4": "https://img-cf.kurly.com/shop/data/goodsview/20191015/gv30000064550_2.jpg"},
{"name": "[콤비타] 프로폴리스 소프트겔", "img4": "https://img-cf.kurly.com/shop/data/goodsview/20190911/gv10000061802_2.jpg"}