{"img1": "https://img-cf.kurly.com/shop/data/goods/1584343810592y0.jpg", "name": "[뉴잉글랜드] 제노아 살라미", "summary": "훈연하지 않은 클래식한 살라미", "price": "12,900원", "discount_rate": 0, "unit": "PK", "amount": "198g", "package": "냉장/종이포장", "made_in": "", "img2": "https://img-cf.kurly.com/shop/data/goodsview/20200316/gv40000085773_1.jpg", "description": "유럽에서는 예로부터 돼지고기를 오래 보관하기 위해 소금과 럼주, 향신료로 간을 한 후 섬세한 관리 밑에서 천천히 발효시킨 건조육, 살라미를 만들어왔습니다. 독특하고 풍성한 풍미 덕분에 이제는 미식가들이 찾는 별미가 되었는데요. 지금 소개하는 제노아 살라미는 이탈리아 북부 지중해에 위치한 항구도시, 제노바식으로 만든 건조 소시지입니다. 훈연하지 않은 살라미에 흑후추와 와인을 더해, 가장 클래식한 살라미의 맛 그대로를 느낄 수 있는 것이 특징이랍니다. 원하는 모양으로 슥슥 잘라 다양한 요리에 더해보세요.", "img3": "https://img-cf.kurly.com/shop/data/goodsview/20200316/gv40000085775_1.jpg", "option_name_list": [], "option_price_list": []},
{"img1": "https://img-cf.kurly.com/shop/data/goods/1584343709517y0.jpg", "name": "[뉴잉글랜드] 소프레사타 살라미", "summary": "매콤한 맛과 부드러운 식감", "price": "12,900원", "discount_rate": 0, "unit": "PK", "amount": "198g", "package": "냉장/종이포장", "made_in": "", "img2": "https://img-cf.kurly.com/shop/data/goodsview/20200316/gv00000085769_1.jpg", "description": "유럽에서는 예로부터 돼지고기를 오래 보관하기 위해 소금과 럼주, 향신료로 간을 한 후 섬세한 관리 밑에서 천천히 발효시킨 건조육, 살라미를 만들어왔습니다. 독특하고 풍성한 풍미 덕분에 이제는 미식가들이 찾는 별미가 되었는데요. 지금 소개하는 소프레사타 살라미는 이탈리아 지방의 다양한 소프레사타 중 고기를 크게 다져 넣어 거칠고 투박한 느낌이 매력적인 제품입니다. 씹는 맛이 좋기에 요리에 더했을 때 식감이 한층 풍성해지죠. 원하는 두께로 썰어 다채로운 요리에 활용해보세요.", "img3": "https://img-cf.kurly.com/shop/data/goodsview/20200316/gv00000085771_1.jpg", "option_name_list": [], "option_price_list": []},
{"img1": "https://img-cf.kurly.com/shop/data/goods/1584343616703y0.jpg", "name": "[뉴잉글랜드] 제노아 슬라이스", "summary": "훈연하지 않은 클래식한 살라미", "price": "6,900원", "discount_rate": 0, "unit": "PK", "amount": "85g(10장)", "package": "냉장/종이포장", "made_in": "", "img2": "https://img-cf.kurly.com/shop/data/goodsview/20200316/gv10000085763_1.jpg", "description": "유럽에서는 예로부터 돼지고기를 오래 보관하기 위해 소금과 럼주, 향신료로 간을 한 후 섬세한 관리 밑에서 천천히 발효시킨 건조육, 살라미를 만들어왔습니다. 독특하고 풍성한 풍미 덕분에 이제는 미식가들이 찾는 별미가 되었는데요. 지금 소개하는 제노아 살라미는 이탈리아 북부 지중해에 위치한 항구도시, 제노바식으로 만든 건조 소시지입니다. 훈연하지 않은 살라미에 흑후추와 와인을 더해, 가장 클래식한 살라미의 맛 그대로를 느낄 수 있는 것이 특징이랍니다. 얇게 슬라이스한 제품이니, 간편하게 테이블에 서빙하기 좋을 거예요.", "img3": "https://img-cf.kurly.com/shop/data/goodsview/20200316/gv30000085768_1.jpg", "option_name_list": [], "option_price_list": []},
{"img1": "https://img-cf.kurly.com/shop/data/goods/1584343310316y0.jpg", "name": "[뉴잉글랜드] 소프레사타 슬라이스", "summary": "식감 좋은 이탈리아 전통 살라미", "price": "6,900원", "discount_rate": 0, "unit": "PK", "amount": "85g(10장)", "package": "냉장/종이포장", "made_in": "", "img2": "https://img-cf.kurly.com/shop/data/goodsview/20200316/gv10000085759_1.jpg", "description": "유럽에서는 예로부터 돼지고기를 오래 보관하기 위해 소금과 럼주, 향신료로 간을 한 후 섬세한 관리 밑에서 천천히 발효시킨 건조육, 살라미를 만들어왔습니다. 독특하고 풍성한 풍미 덕분에 이제는 미식가들이 찾는 별미가 되었는데요. 지금 소개하는 소프레사타 살라미는 이탈리아 지방의 다양한 소프레사타 중 고기를 크게 다져 넣어 거칠고 투박한 느낌이 매력적인 제품입니다. 씹는 맛이 좋기에 요리에 더했을 때 식감이 한층 풍성해지죠. 얇게 슬라이스한 제품이니, 다양한 요리에 간편하게 활용해 보세요.", "img3": "https://img-cf.kurly.com/shop/data/goodsview/20200316/gv00000085761_1.jpg", "option_name_list": [], "option_price_list": []},
{"img1": "https://img-cf.kurly.com/shop/data/goods/1584343187406y0.jpg", "name": "[뉴잉글랜드] 초리조 슬라이스", "summary": "매콤한 스페인 향신료의 매력을 입은", "price": "6,900원", "discount_rate": 0, "unit": "PK", "amount": "85g(10장)", "package": "냉장/종이포장", "made_in": "", "img2": "https://img-cf.kurly.com/shop/data/goodsview/20200316/gv00000085755_1.jpg", "description": "유럽에서는 예로부터 돼지고기를 오래 보관하기 위해 소금과 럼주, 향신료로 간을 한 후 섬세한 관리 밑에서 천천히 발효시킨 건조육, 살라미를 만들어왔습니다. 독특하고 풍성한 풍미 덕분에 이제는 미식가들이 찾는 별미가 되었는데요. 그중에서도 초리조는 스페인을 대표하는 소시지입니다. 스페인 요리에 항상 들어가는 대표 향신료, 피멘톤을 더해 강렬한 붉은 빛을 띠는데요. 매콤하면서도 달짝지근한 풍미가 한국인의 입맛에도 무척 잘 맞답니다. 얇게 슬라이스한 제품이니, 이국적인 요리부터 한식까지 다양한 요리에 간편하게 더해보세요.", "img3": "https://img-cf.kurly.com/shop/data/goodsview/20200316/gv30000085757_1.jpg", "option_name_list": [], "option_price_list": []},
{"img1": "https://img-cf.kurly.com/shop/data/goods/1583128831421y0.jpg", "name": "[한어부] 고갈비포 2종", "summary": "영양과 감칠맛 가득한 고등어 스낵", "price": "1,900원", "discount_rate": 0, "unit": "1팩", "amount": "20g", "package": "상온/종이포장", "made_in": "", "img2": "https://img-cf.kurly.com/shop/data/goodsview/20200302/gv20000083473_1.jpg", "description": null, "img3": "https://img-cf.kurly.com/shop/data/goodsview/20200302/gv30000083480_1.jpg", "option_name_list": ["[한어부] 고갈비포간장맛", "[한어부] 고갈비포매운맛"], "option_price_list": ["1,900원", "1,900원"]},
{"img1": "https://img-cf.kurly.com/shop/data/goods/1576043003652y0.jpg", "name": "[선농육공방] 무항생제 약드부어스트", "summary": "겨자씨가 콕 박힌  독일 정통햄", "price": "3,800원", "discount_rate": 0, "unit": "1팩", "amount": "100g / 250g", "package": "냉장/종이포장", "made_in": "", "img2": "https://img-cf.kurly.com/shop/data/goodsview/20191211/gv10000072367_1.jpg", "description": "육가공 제품도 이제 마음 놓고 편히 즐겨보세요. 컬리는 국내산 무항생제 원육으로 안전한 가공 식품을 만드는 브랜드, 선농육공방을 소개합니다. 자체 전문 육가공 마이스터가 직접 개발하고 생산하여 독일 정통 델리미트를 재현하는 점이 각별한데요. 지금 소개하는 '약드부어스트'는 돼지고기와 소고기를 곱게 갈아 만든 콜드컷 햄입니다. 사이사이에 돼지고기의 입자와 겨자씨가 쏙 박혀 있어 씹는 즐거움과 감칠맛을 선사하지요. 얇게 슬라이스한 약드부어스트와 원하는대로 썰어 먹을 수 있는 통 약드부어스트 2종으로 준비했으니 골라 담아가세요.", "img3": "https://img-cf.kurly.com/shop/data/goodsview/20191211/gv00000072373_1.jpg", "option_name_list": ["[선농육공방] 무항생제 약드부어스트 250g", " [선농육공방] 무항생제 약드부어스트 100g"], "option_price_list": ["8,300원", "3,800원"]},
{"img1": "https://img-cf.kurly.com/shop/data/goods/1576044257194y0.jpg", "name": "[선농육공방] 무항생제 레겐스부르거", "summary": "육즙이 가득한 통통 소시지", "price": "5,800원", "discount_rate": 0, "unit": "1팩", "amount": "270g", "package": "냉장/종이포장", "made_in": "", "img2": "https://img-cf.kurly.com/shop/data/goodsview/20191211/gv10000072389_1.jpg", "description": "'레겐스부르거'는 쉽게 말해 독일의 식탁에서 흔히 볼 수 있는 소시지입니다. 컬리가 소개하는 선농육공방의 레겐스부르거로 소시지를 조금 더 안전하게 맛보세요. 국내산 무항생제 돼지고기를 재료로 사용하여 전문 육가공 마이스터가 독일 현지의 맛을 구현했답니다. 돼지고기를 곱게 다진 뒤 고기의 맛을 잘 잡아줄 수 있는 마늘, 소금, 향신료 등으로 풍미를 더했는데요. 콜라겐이 아닌 천연 돈장에 이 다진 고기를 가득 채워 고기를 먹는 듯한 식감을 구현했어요. 일반 소시지와는 달리 굵기도 두툼하여 육즙을 느끼기에 충분하답니다. 워터프라이나 물에 살짝 데쳐 레겐스부르거 고유의 식감과 향미를 만끽해보길 권할게요.", "img3": "https://img-cf.kurly.com/shop/data/goodsview/20191211/gv00000072394_1.jpg", "option_name_list": [], "option_price_list": []},
{"img1": "https://img-cf.kurly.com/shop/data/goods/1576040176408y0.jpg", "name": "[선농육공방] 무항생제 등심햄", "summary": "담백하게 즐기는 통햄", "price": "4,800원", "discount_rate": 0, "unit": "1팩", "amount": "200g", "package": "냉장/종이포장", "made_in": "", "img2": "https://img-cf.kurly.com/shop/data/goodsview/20191211/gv00000072360_1.jpg", "description": "육가공 제품도 이제 마음 놓고 편히 즐겨보세요. 컬리는 국내산 무항생제 원육으로 안전한 가공 식품을 만드는 브랜드, 선농육공방이 전하는 등심햄을 가져왔습니다. 기름기가 적고 담백한 맛이 특징인 등심 부위를 선별하여 재료로 사용했지요. 자체 전문 육가공 마이스터가 독일 정통 델리미트 제조법을 고수하여 만들었기에 더욱 각별한데요. 베이컨을 만드는 방식과 동일하게 48시간 이상 염지 과정을 거친 뒤 훈연하여 덩어리째로 포장했습니다. 요리의 용도에 알맞게 슬라이스하여 즐기면 그만이에요. 베이컨 섭취가 조금 부담되셨던 분들이라면 선농육공방의 등심햄으로 그 맛을 대신 느껴봐도 좋을 거예요.", "img3": "https://img-cf.kurly.com/shop/data/goodsview/20191211/gv00000072365_1.jpg", "option_name_list": [], "option_price_list": []},
{"img1": "https://img-cf.kurly.com/shop/data/goods/1576046509794y0.jpg", "name": "[선농육공방] 무항생제 미트로프", "summary": "짜지 않은 살코기 햄", "price": "4,800원", "discount_rate": 0, "unit": "1팩", "amount": "200g", "package": "냉장/종이포장", "made_in": "", "img2": "https://img-cf.kurly.com/shop/data/goodsview/20191211/gv30000072412_1.jpg", "description": "'미트로프'는 돼지고기를 곱게 저며 식빵 모양의 틀에 넣고 구운 살코기 햄을 말해요. 컬리는 마음 놓고 편히 즐길 수 있는 선농육공방의 미트로프를 준비했어요. 국내산 무항생제 돼지고기를 재료로 사용한 제품이랍니다. 자체 전문 육가공 마이스터가 독일 정통 델리미트 제조법을 고수하여 만들었기에 더욱 각별해요. 돼지고기 입자가 한눈에 보이는 만큼 식감부터가 일반 햄과 다른데요. 지방이 적절히 섞여있기에 퍽퍽하지 않으면서 고기 입자가 고스란히 씹혀 씹는 즐거움도 함께 엿볼 수 있어요. 염도도 강하지 않아 그대로 구워 반찬으로 먹기에 부담이 덜 할 거예요. 원하는 두께로 슬라이스하여 취향껏 즐겨보세요.", "img3": "https://img-cf.kurly.com/shop/data/goodsview/20191211/gv20000072416_1.jpg", "option_name_list": [], "option_price_list": []},
{"img1": "https://img-cf.kurly.com/shop/data/goods/1576038943573y0.jpg", "name": "[선농육공방] 무항생제 베이컨", "summary": "안심하고 즐기는 베이컨", "price": "8,500원", "discount_rate": 0, "unit": "1팩", "amount": "200g", "package": "냉장/종이포장", "made_in": "", "img2": "https://img-cf.kurly.com/shop/data/goodsview/20191211/gv30000072318_1.jpg", "description": "육가공 제품도 이제 마음 놓고 편히 즐겨보세요. 컬리는 국내산 무항생제 원육으로 안전한 가공 식품을 만드는 브랜드, 선농육공방의 베이컨을 소개합니다. 자체 전문 육가공 마이스터가 직접 개발하고 생산하여 독일의 정통 델리미트를 재현해냈어요. 신선한 돼지고기 삼겹살을 장장 48시간 이상을 소금에 절이고, 훈연한 뒤 제법 두톰하게 썰어낸 베이컨이지요. 우리의 식탁 위에 자주 오르내리는 식재료인만큼 선농육공방의 베이컨으로 조금 더 건강한 요리를 만들어보길 추천할게요. ", "img3": "https://img-cf.kurly.com/shop/data/goodsview/20200326/gv10000087509_1.jpg", "option_name_list": [], "option_price_list": []},
{"img1": "https://img-cf.kurly.com/shop/data/goods/1575944574865y0.jpg", "name": "[존쿡 델리미트] 킬바사 치즈 270g", "summary": "치즈가 진하게 녹아든 말굽 소시지", "price": "6,980원", "discount_rate": 0, "unit": "1팩", "amount": "270g", "package": "냉장/종이포장", "made_in": "별도표기", "img2": "https://img-cf.kurly.com/shop/data/goodsview/20191210/gv10000072049_1.jpg", "description": "존쿡 델리미트는 미국과 유럽 현지의 전문 마이스터들과 협력하여 본고장의 맛과 품질을 그대로 재현해왔습니다. 폴란드 소시지인 킬바사도 마찬가지인데요. 킬바사는 '소시지'를 일컫는 폴란드어로, 지역과 재료에 따라 수없이 많은 킬바사가 폴란드 사람들의 식탁에 오르고 있답니다. 존쿡 델리미트가 이번에 선보이는 킬바사 치즈는 천연 돈장에 국산 돼지고기와 호주산 소고기, 레드페퍼와 겨자씨를 넣어 만든 매콤한 킬바사에 진한 풍미의 자연치즈를 더한 제품이에요. 말발굽 모양의 색다른 소시지는 한 끼를 책임지는 일품요리로도, 간단하고 근사한 저녁 식사로도 잘 어울릴 거예요.", "img3": "https://img-cf.kurly.com/shop/data/goodsview/20191210/gv20000072052_1.jpg", "option_name_list": [], "option_price_list": []},
{"img1": "https://img-cf.kurly.com/shop/data/goods/1575944695549y0.jpg", "name": "[존쿡 델리미트] 전G 베이컨 200g", "summary": "지방을 줄이고 쫄깃함을 살린", "price": "3,280원", "discount_rate": 0, "unit": "1팩", "amount": "200g", "package": "냉장/종이포장", "made_in": "별도표기", "img2": "https://img-cf.kurly.com/shop/data/goodsview/20191210/gv00000072056_1.jpg", "description": "엄선한 돼지 앞다릿살로 만들어 쫄깃함을 제대로 살린 존쿡 델리미트의 전G 베이컨을 소개할게요. 돼지고기 부위 중 지방이 적으며 고소하고 부드러운 살코기를 즐길 수 있는 앞다릿살을 참나무로 훈연해 그윽한 불향이 베이컨에 고루 베었어요. 담백한 맛이 뛰어나니 그동안 지방 때문에 베이컨을 마음껏 즐기지 못했다면 알맞은 선택이 될 거예요. 전G 베이컨은 샌드위치나 볶음밥, 파스타를 만들 때 넣어 고소함을 더해보세요. 아스파라거스나 버섯을 베이컨에 돌돌 말아 팬에서 구워내는 간단하지만 폼 나는 요리에도 도전해 보세요.", "img3": "https://img-cf.kurly.com/shop/data/goodsview/20191210/gv00000072059_1.jpg", "option_name_list": [], "option_price_list": []},
{"img1": "https://img-cf.kurly.com/shop/data/goods/1575007279451y0.jpg", "name": "[존쿡 델리미트] 세인트루이스 립 드라이럽 홀 타입 1kg (냉동)", "summary": "근사한 홈파티를 위한 선택(1박스/1kg)", "price": "38,700원", "discount_rate": "10%", "unit": "1박스", "amount": "1kg", "package": "냉동/종이포장", "made_in": "", "img2": "https://img-cf.kurly.com/shop/data/goodsview/20191129/gv40000070336_1.jpg", "description": "온 가족이 함께하는 근사한 홈 파티의 메인메뉴로 꼭 알맞은 립을 만나보세요. 돼지의 삼겹 주위에 붙어있는 갈비 뼈대인 스페어 립의 끝부분을 커팅 해 만든 세인트루이스 립이랍니다. 바베큐 소스를 발라 굽는 대신 드라이럽으로 시즈닝을 하고, 훈연으로 은은한 스모크 향을 입혀 고기 본연의 맛을 즐기기 그만이지요. 살코기가 워낙 풍부한 부위인데다가 1kg의 대용량으로 준비해 3~4명이 넉넉하게 먹을 수 있어요. 별도로 소스가 동봉되지 않으니 존쿡 델리미트의 바베큐 소스를 함께 골라 담아도 좋을 거예요. ", "img3": "https://img-cf.kurly.com/shop/data/goodsview/20191129/gv40000070340_1.jpg", "option_name_list": [], "option_price_list": []},
{"img1": "https://img-cf.kurly.com/shop/data/goods/1512381031318y0.jpg", "name": "[존쿡 델리미트] 바베큐 홀터키 (칠면조) 4kg (냉동)", "summary": "연말 만찬에 풍섬함을 더해 줄 바베큐 홀터키 4kg 한정수량", "price": "107,820원", "discount_rate": "10%", "unit": "1개", "amount": "4000g (8~10인분)", "package": "냉동/종이포장", "made_in": "별도표기", "img2": "https://img-cf.kurly.com/shop/data/goodsview/20171204/gv40000013350_1.jpg", "description": null, "img3": "https://img-cf.kurly.com/shop/data/goodsview/20171204/gv20000013358_1.jpg", "option_name_list": [], "option_price_list": []},
{"img1": "https://img-cf.kurly.com/shop/data/goods/1566803126120y0.jpg", "name": "[페라리니] 모르타델라 피스타치오", "summary": "피스타치오로 풍미를 더한 이탈리아 국민 햄", "price": "5,400원", "discount_rate": 0, "unit": "1팩", "amount": "120g", "package": "냉장/종이포장", "made_in": "", "img2": "https://img-cf.kurly.com/shop/data/goodsview/20190826/gv20000060204_1.jpg", "description": "모르타델라는 이탈리아 볼로냐 지방에서 생산하는 소시지 중 하나입니다. 이탈리아에서는 국민 햄이라 불릴 만큼 인기가 많고 아주 보편적인 소시지예요. 모르타델라 피스타치오는 돼지고기를 곱게 갈아 비계와 말린 후추 열매, 피스타치오를 박아 넣은 뒤 익혀 만들어요. 단면을 자세히 보면 후추 열매와 피스타치오가 듬성듬성 박혀 있는 모습을 볼 수 있지요. 향신료의 매콤한 향, 피스타치오의 고소한 맛이 더해져 모르타델라만의 독특한 풍미를 자아낸답니다. 원래는 커다란 소시지 모양으로 생겼는데, 먹기 좋게 종잇장처럼 얇게 썰어 포장했어요. 열을 가할 필요 없이 그대로 먹거나 포카치아 위에 올려 치즈와 함께 먹어도 맛있어요.", "img3": "https://img-cf.kurly.com/shop/data/goodsview/20190826/gv30000060207_1.jpg", "option_name_list": [], "option_price_list": []}