{"img1": "https://img-cf.kurly.com/shop/data/goods/1585551737932y0.jpg", "name": "[근대골목도나쓰] 추억의 찹쌀 드레곤볼 3종", "summary": "한국식 도넛과 다양한 앙금의 조화", "price": "2,500원", "discount_rate": 0, "unit": "1개", "amount": "90g", "package": "냉동/종이포장", "made_in": "", "img2": "https://img-cf.kurly.com/shop/data/goodsview/20200330/gv10000087955_1.jpg", "description": "대구의 근대골목에는 향수를 불러일으키는 다양한 먹거리가 가득해요. 옛 방식대로 구워낸 단팥빵을 맛보았다면, 그다음은 쫀득쫀득한 찹쌀 앙금 도나스의 차례랍니다. 근대골목도나스의 대표 메뉴 '추억의 찹쌀 드레곤볼'을 소개할게요. 유명 만화에 나오는 드레곤볼처럼 동글동글한 모양의 찹쌀 도넛 안에 3가지 앙금을 채워 넣었답니다. 어릴 적 시장에서 하나씩 손에 들고는 입가에 기름을 묻혀가며 쭈욱 뜯어 먹던 추억이 새록새록 떠오르죠. 어른들도 좋아할 클래식한 단팥 도나스부터 이색적인 조합을 선사할 크림치즈 도나스까지, 마음에 드는 것으로 선택해보세요.", "img3": "https://img-cf.kurly.com/shop/data/goodsview/20200330/gv20000087968_1.jpg", "option_name_list": ["[근대골목도나쓰] 추억의 찹쌀 드레곤볼 찰단팥", "[근대골목도나쓰] 추억의 찹쌀 드레곤볼 찰치즈", "[근대골목도나쓰] 추억의 찹쌀 드레곤볼 찰호박"], "option_price_list": ["2,500원", "2,500원", "2,500원"]},
{"img1": "https://img-cf.kurly.com/shop/data/goods/1575355320494y0.jpg", "name": "[크림바바] 시그니처 크림빵 7종", "summary": "눈처럼 폭신하게 녹아내리는 (new! 옵션추가)", "price": "2,000원", "discount_rate": 0, "unit": "1개", "amount": "옵션별 상이", "package": "냉장/종이포장", "made_in": "", "img2": "https://img-cf.kurly.com/shop/data/goodsview/20200325/gv30000087049_1.jpg", "description": "베이커리에 진열된 다양한 빵 중에서도 크림빵은 유독 두터운 팬층을 가지고 있지요. 크림빵만을 전문으로 만드는 신사동 베이커리, 크림바바의 시그니처 빵 7종을 소개할게요. 다양한 플레이버 만큼이나 알록달록한 패키지를 벗겨내면 촉촉하고 폭신한 빵이 모습을 드러내는데요. 반을 가르면 구름처럼 풍성하고 부드러운 크림이 듬뿍 넘쳐흐르죠. 한입 베어 물면 크림과 빵이 하나같이 솜사탕처럼 녹아내린답니다. 무게, 질감, 향 모두 가볍게 즐기기 좋은 디저트예요. 차갑게 먹으면 더 맛있는 크림바바의 빵으로 달콤한 하루를 만들어보세요.", "img3": "https://img-cf.kurly.com/shop/data/goodsview/20200325/gv00000087051_1.jpg", "option_name_list": ["[크림바바] 커스터드 크림빵", "[크림바바] 바바 생크림 빵", "[크림바바] 딸기 크림빵", "[크림바바] 녹차 크림빵", "[크림바바] 초코 크림빵", "[크림바바] 팥 소보로 크림빵", "[크림바바] 이천 쌀 크림빵 new"], "option_price_list": ["2,000원", "2,300원", "2,300원", "2,300원", "2,300원", "2,500원", "2,000원"]},
{"img1": "https://img-cf.kurly.com/shop/data/goods/1583469568898y0.jpg", "name": "[치엔바오] 대만 샌드위치 3종", "summary": "부드럽게 즐기는 달콤한 간식", "price": "1,710원", "discount_rate": "10%", "unit": "1개", "amount": "옵션별 상이", "package": "냉장/종이포장", "made_in": "", "img2": "https://img-cf.kurly.com/shop/data/goodsview/20200306/gv10000084434_1.jpg", "description": "보들보들한 식감과 자꾸만 생각나는 달달함. 모양새나 재료가 무척 심플해 보이지만 한입 베어 물면 마음에 달콤한 행복이 가득 차오르는 게 대만 샌드위치의 매력이지요. 치엔바오의 대만 샌드위치를 컬리에서도 만나보세요. 빵을 네 겹으로 겹쳤는데도 여전히 폭신하고, 사이사이에 크림을 얇게 펴 발라주었을 뿐인데도 단맛이 듬뿍 묻어난답니다. 달콤한 기분 전환이 필요할 때 가볍게 즐길 간식으로 선택해보세요. 부드럽고 폭신한 매력에 한입 두입 먹다 보면 두세 개쯤은 금방 사라질 거예요.", "img3": "https://img-cf.kurly.com/shop/data/goodsview/20200306/gv00000084503_1.jpg", "option_name_list": ["[치엔바오] 라즈베리 샌드", "[치엔바오] 카야 샌드", "[치엔바오] 햄 치즈 샌드"], "option_price_list": ["1,900원", "1,900원", "1,900원"]},
{"img1": "https://img-cf.kurly.com/shop/data/goods/1583287835356y0.jpg", "name": "[근대골목단팥빵] 쑥아빵", "summary": "은근한 매력의 쫀득함", "price": "2,200원", "discount_rate": 0, "unit": "1개", "amount": "110g", "package": "상온/종이포장", "made_in": "", "img2": "https://img-cf.kurly.com/shop/data/goodsview/20200304/gv00000083917_1.jpg", "description": "대구 명물 빵집인 근대골목단팥빵은 생크림 단팥빵으로 가장 잘 알려졌지만, 지금 소개하는 이 빵은 은근한 매력으로 마니아층까지 보유하고 있다고 해요. 쑥이 들어가서 '쑥아  빵 묵자'라는 재미있는 이름이 붙은 쑥아빵은 빵보다는 떡과 같은 쫀득한 식감을 지녔죠. 국산 쑥 가루를 넣은 빵에서는 은은한 쑥 향도 함께 즐길 수 있어요. 속에는 직접 끓인 단팥에 호두를 듬뿍 넣고 만든 단팥 소가 꽉 들어차 있어요. 한번 빠지면 다른 빵을 제치고 가장 좋아하는 빵이 될지도 모르는 일이니, 한번 선택해 보세요.", "img3": "https://img-cf.kurly.com/shop/data/goodsview/20200304/gv20000083920_1.jpg", "option_name_list": [], "option_price_list": []},
{"img1": "https://img-cf.kurly.com/shop/data/goods/1583285933240y0.jpg", "name": "[근대골목단팥빵] 치즈라떼번", "summary": "달콤한 내음으로 사로잡는 빵", "price": "2,500원", "discount_rate": 0, "unit": "1개", "amount": "105g", "package": "상온/종이포장", "made_in": "", "img2": "https://img-cf.kurly.com/shop/data/goodsview/20200304/gv30000083902_1.jpg", "description": "거리를 걷다가 커피번이 구워지는 달콤한 내음에 발걸음마저 멈칫한 적 있을 거예요. 대구 명물 빵집, 근대골목단팥빵은 부드러운 크림치즈가 들어찬 빵 위에 커피번을 올린 치즈라떼번을 만들었어요. 중독성있는 치즈라떼번의 향은 빵을 굽는 동안에도 사람들을 잡아끈다고 할 정도죠. 촉촉하고 부드러운 크림치즈와 커피번의 달콤함과 바삭함이 잘 어우러지는 치즈라떼번은 커피와 잘 어울리니, 좋아하는 커피와 함께 즐겨보세요. ", "img3": "https://img-cf.kurly.com/shop/data/goodsview/20200304/gv40000083908_1.jpg", "option_name_list": [], "option_price_list": []},
{"img1": "https://img-cf.kurly.com/shop/data/goods/1583286678471y0.jpg", "name": "[근대골목단팥빵] 콩떡콩떡빵", "summary": "빵과 떡의 달달한 공존", "price": "2,200원", "discount_rate": 0, "unit": "1개", "amount": "120g", "package": "상온/종이포장", "made_in": "", "img2": "https://img-cf.kurly.com/shop/data/goodsview/20200304/gv40000083913_1.jpg", "description": "떡과 빵 모두 좋아한다면, 대구 명물 빵집 근대골목단팥빵의 콩떡콩떡빵에 호기심을 갖게 될 거예요. 빵 속에는 찹쌀떡과 팥소가 층을 이루며 함께 들어있어서 쫄깃한 식감과 달달한 맛을 동시에 즐길 수 있죠. 구수한 달콤함을 뽐내는 바삭한 소보로가 빵을 덮고, 군데군데 초코칩도 박혀 있어 먹는 재미가 있는 빵이에요. 특히 달콤한 빵을 좋아하는 분이라면 간식빵으로 추천할게요.", "img3": "https://img-cf.kurly.com/shop/data/goodsview/20200304/gv00000083916_1.jpg", "option_name_list": [], "option_price_list": []},
{"img1": "https://img-cf.kurly.com/shop/data/goods/1583286260779y0.jpg", "name": "[근대골목단팥빵] 밤콘소프트", "summary": "숨겨진 매력을 발견하는 빵", "price": "3,000원", "discount_rate": 0, "unit": "1봉", "amount": "120g / 60g X 2개입", "package": "상온/종이포장", "made_in": "", "img2": "https://img-cf.kurly.com/shop/data/goodsview/20200304/gv00000083909_1.jpg", "description": "대구 명물 빵집인 근대골목단팥빵은 생크림 단팥빵으로 가장 잘 알려졌지만, 다른 빵들의 매력을 발견하는 재미도 쏠쏠하죠. 지금 소개할 밤콘소프트는 포슬포슬한 옥수수 가루를 넣어 만든 반죽에 밤과 건포도를 듬뿍 넣어서 구워냈어요. 스콘 같기도 하고 쿠키 같기도 한 재미있는 모양이에요. 부드럽고 많이 달지 않아 아이들에게 주기도 좋고 옥수수 가루가 들어가 구수한 풍미는 부모님도 좋아하실 거예요. 좋아하는 커피와 함께 더 맛있게 즐겨보세요. ", "img3": "https://img-cf.kurly.com/shop/data/goodsview/20200304/gv40000083912_1.jpg", "option_name_list": [], "option_price_list": []},
{"img1": "https://img-cf.kurly.com/shop/data/goods/1583296702599y0.jpg", "name": "[근대골목단팥빵] 크림치즈빵", "summary": "촉촉하고 부드러운 크림치즈가 쏙", "price": "2,200원", "discount_rate": 0, "unit": "1개", "amount": "75g", "package": "상온/종이포장", "made_in": "", "img2": "https://img-cf.kurly.com/shop/data/goodsview/20200304/gv40000083976_1.jpg", "description": "대구 명물 빵집인 근대골목단팥빵은 생크림 단팥빵으로 가장 잘 알려졌지만, 다른 빵들의 매력을 발견하는 재미도 쏠쏠하죠. 단팥빵처럼 이름만 들어도 그 맛이 저절로 상상되는 크림치즈빵을 소개할게요. 한 손 가득 들어오는 큼직한 빵에 한 번 놀랄 수밖에 없을 텐데요. 한입 베어 물면 촉촉하고 쫄깃한 빵 속에 자리 잡은 달콤한 크림치즈 향이 부드럽게 번진답니다. 새콤달콤한 라즈베리 잼을 발라 드시거나, 커피와 함께 즐겨보세요.", "img3": "https://img-cf.kurly.com/shop/data/goodsview/20200304/gv30000083979_1.jpg", "option_name_list": [], "option_price_list": []},
{"img1": "https://img-cf.kurly.com/shop/data/goods/1583295635677y0.jpg", "name": "[근대골목단팥빵] 소보루단팥빵", "summary": "고소한 소보루와 단팥, 호두의 만남", "price": "2,200원", "discount_rate": 0, "unit": "1개", "amount": "90g", "package": "상온/종이포장", "made_in": "", "img2": "https://img-cf.kurly.com/shop/data/goodsview/20200304/gv30000083961_1.jpg", "description": "단팥빵은 어느 재료와 조합해도 참 맛있고 변함없이 친근해요. 생크림을 더해 달콤하게 즐기거나, 딸기와 함께 새콤달콤하게 즐겨도 좋은데요. 이번엔 팥 특유의 고소한 맛을 제대로 느낄 수 있는 '소보루 단팥빵'을 소개할게요. 단팥빵 위에 땅콩버터의 풍미를 가득 안은 소보루를 두텁게 덮어주었어요. 빵 속 팥앙금에는 호두까지 들어 있어 고소함이 배가 되어 다가오죠. 팥앙금 속에 콕콕 박혀있는 통팥과 호두 그리고 크런치한 소보루가 함께 만들어내는 재미난 식감까지 한 번에 즐겨보세요.", "img3": "https://img-cf.kurly.com/shop/data/goodsview/20200304/gv40000083965_1.jpg", "option_name_list": [], "option_price_list": []},
{"img1": "https://img-cf.kurly.com/shop/data/goods/1582176757101y0.jpg", "name": "[간식엔] 미니 크림치즈 프레첼", "summary": "한손에 쏙 들어오는 디저트", "price": "4,400원", "discount_rate": "20%", "unit": "1봉", "amount": "200g / 50g X 4개입", "package": "냉동/종이포장", "made_in": "", "img2": "https://img-cf.kurly.com/shop/data/goodsview/20200220/gv20000082126_1.jpg", "description": "고소한 베이글 반죽을 얇고 길게 만든 후 매듭을 엮어 하트모양으로 만든 프레첼. 간식엔의 크림치즈 프레첼은 한 손에 쏙 들어오는 미니 사이즈라 더욱 사랑스럽게 느껴지는데요. 부드러운 크림치즈가 든 프레첼을 식사빵보다는 디저트로 가볍게 즐기고 싶을 때 하나씩 꺼내어 먹기 제격이랍니다. 한입 앙 베어 물면 쫄깃한 반죽 속에서 촉촉한 크림치즈 필링이 부드럽게 흘러나와 입안을 감싸주죠. 간식이 필요한 순간, 간편하게 하나씩 데워 따뜻한 커피나 상큼한 에이드 한 잔과 함께 즐겨보세요.", "img3": "https://img-cf.kurly.com/shop/data/goodsview/20200220/gv20000082132_1.jpg", "option_name_list": [], "option_price_list": []},
{"img1": "https://img-cf.kurly.com/shop/data/goods/1582003000718y0.jpg", "name": "[선물세트] 서울 카스테라 3구", "summary": "다채롭게 즐기는 폭신한 카스테라", "price": "23,000원", "discount_rate": 0, "unit": "1세트", "amount": "450g", "package": "상온/종이포장", "made_in": "", "img2": "https://img-cf.kurly.com/shop/data/goodsview/20200218/gv10000081758_1.jpg", "description": "촉촉한 시트 아래 하겔슈가가 콕콕 박힌 '서울 카스테라'를 소개합니다. 버터와 우유가 들어가지 않아 느끼함 없는 담백한 맛을 자랑하는 서울 카스테라는 한 번 베어물면 특유의 찰지고 조밀한 식감을 느낄 수 있어요. 그 비밀은 달걀을 30% 이상 사용해 밀가루 반죽에 섞었기 때문이라고 해요. 꿀을 가미해 그윽한 부드러움을 살린 것도 서울 카스테라만의 포인트랍니다. 오리지널, 초코, 녹차 3가지 맛의 카스테라를 다채롭게 담아, 다양한 맛을 고루 경험할 수 있는 선물세트예요. 평소 사랑과 감사를 전하고 싶었던 소중한 분들에게 달콤하고 부드러운 서울 카스테라를 선물해 보세요. ", "img3": "https://img-cf.kurly.com/shop/data/goodsview/20200218/gv10000081765_1.jpg", "option_name_list": [], "option_price_list": []},
{"img1": "https://img-cf.kurly.com/shop/data/goods/1582003260389y0.jpg", "name": "[서울카스테라] 카스테라 3종", "summary": "하겔슈가가 박힌 부드러운 디저트", "price": "7,500원", "discount_rate": 0, "unit": "1박스", "amount": "150g", "package": "상온/종이포장", "made_in": "", "img2": "https://img-cf.kurly.com/shop/data/goodsview/20200218/gv40000081768_1.jpg", "description": "폭신한 시트 아래 하겔슈가가 콕콕 박힌 카스테라 3종을 야심차게 선보입니다. 버터와 우유가 들어가지 않아 느끼함 없는 담백한 맛을 자랑하지요. 국산 꿀로 당도를 알맞게 조절하여 단맛이 인위적이지 않고 고급스러워요. 신선한 달걀도 30% 이상 사용해 빵이 쫄깃하면서도 맛이 가볍지 않고 묵직하답니다. 오리지널뿐만 아니라 초코, 녹차 2가지 재료를 가미해 변주를 주었기에 취향에 맞게 선택할 수 있어요. 하프 사이즈라 혼자 먹기에도 부담이 없고, 여러 가지 맛을 고루 맛보기에도 편리하답니다.", "img3": "https://img-cf.kurly.com/shop/data/goodsview/20200218/gv00000081775_1.jpg", "option_name_list": ["[서울카스테라] 초코 카스테라", "[서울카스테라] 오리지널 카스테라", "[서울카스테라] 녹차 카스테라"], "option_price_list": ["7,500원", "7,500원", "8,000원"]},
{"img1": "https://img-cf.kurly.com/shop/data/goods/1581396327204y0.jpg", "name": "[따순기미] 바삭촉촉 마늘스틱", "summary": "달달한 마늘 스프레드를 발라 구워낸", "price": "7,900원", "discount_rate": 0, "unit": "1박스", "amount": "8개입 / 300g", "package": "냉장/종이포장", "made_in": "", "img2": "https://img-cf.kurly.com/shop/data/goodsview/20200211/gv30000080988_1.jpg", "description": "마늘 스프레드를 듬뿍 바르고 구워, 달큰한 마늘향과 특유의 감칠맛이 배어있는 바삭 촉촉한 바게트를 소개합니다. 김경오 셰프가 운영하는 파주의 명물 '따순기미'만의 노하우로, 마늘스틱 속에 바삭함과 촉촉함을 동시에 담았어요. 마늘 스프레드의 달콤함이 고소한 빵과 적절히 조화를 이루어, 아이부터 어른까지 누구나 맛있게 즐길 수 있답니다. 부드러운 크림 수프, 매콤한 토마토 스튜 등 어떤 소스와도 잘 어울리는 만능 바게트이지요. 귀여운 그림이 들어간 상자에 담아 보내드리니, 선물용으로도 간편하게 활용해보세요. ", "img3": "https://img-cf.kurly.com/shop/data/goodsview/20200302/gv10000083568_1.jpg", "option_name_list": [], "option_price_list": []},
{"img1": "https://img-cf.kurly.com/shop/data/goods/1581396262256y0.jpg", "name": "[따순기미] 수박식빵", "summary": "수박을 쏙 빼닮은 재치만점 비주얼", "price": "7,980원", "discount_rate": 0, "unit": "1박스", "amount": "1봉 / 480g", "package": "냉장/종이포장", "made_in": "", "img2": "https://img-cf.kurly.com/shop/data/goodsview/20200211/gv20000080986_1.jpg", "description": "김경오 셰프의  '따순기미' 베이커리를 파주의 명물로 이름나게 만든 수박식빵을 소개합니다. 검은 줄무늬가 그려진 초록색 껍질, 새빨간 과육, 초코칩으로 표현한 귀여운 씨앗까지 수박의 모습을 고소한 식빵에 그대로 옮겨놓았어요. 은은하게 퍼지는 달콤한 수박맛과 향 덕분에, 보는 재미뿐만 아니라 먹는 재미까지도 동시에 느낄 수 있죠. 아이들을 위한 귀여운 간식이나, 고마운 분에게 전하는 센스있는 선물로 다양하게 활용해보세요.", "img3": "https://img-cf.kurly.com/shop/data/goodsview/20200302/gv30000083569_1.jpg", "option_name_list": [], "option_price_list": []},
{"img1": "https://img-cf.kurly.com/shop/data/goods/1581048959473y0.jpg", "name": "[페이브베이커리] 밤 페스츄리", "summary": "달콤한 밤 큐브의 향연", "price": "4,900원", "discount_rate": 0, "unit": "1봉", "amount": "244g / 1개입", "package": "상온/종이포장", "made_in": "", "img2": "https://img-cf.kurly.com/shop/data/goodsview/20200207/gv00000080658_1.jpg", "description": "바라보는 것만으로도 달콤함이 진하게 전해져 오는 페스츄리를 소개할게요. 좋은 원재료에 대한 남다른 철학이 엿보이는 페이브베이커리가 전하는 밤 페스츄리랍니다. 프랑스산 밀가루와 벨기에산 버터 등으로 반죽을 세심히 빚고, 잘 구운 페스츄리부터가 우선 먹음직스러운데요. 페스츄리 속을 잘게 썬 밤으로 메운 뒤 슈가글레이즈를 듬뿍 뿌려 밤 페스츄리를 완성했습니다. 커피에 곁들이는 디저트로 밤 페스츄리를 선택해 보세요. 한입 베어 물자마자 달콤함과 바삭함이 부드럽게 어우러져 한시도 지루할 틈이 없을 거예요. ", "img3": "https://img-cf.kurly.com/shop/data/goodsview/20200218/gv40000081915_1.jpg", "option_name_list": [], "option_price_list": []},
{"img1": "https://img-cf.kurly.com/shop/data/goods/1581042576477y0.jpg", "name": "[페이브베이커리] 허니&블루치즈 크로와상", "summary": "고르곤졸라 치즈의 진한 풍미", "price": "5,500원", "discount_rate": 0, "unit": "1봉", "amount": "58g / 1개입", "package": "상온/종이포장", "made_in": "", "img2": "https://img-cf.kurly.com/shop/data/goodsview/20200207/gv00000080640_1.jpg", "description": "얼핏 초콜릿을 얹은 듯 오묘한 빛깔이 시선을 사로잡는 크로와상을 소개할게요. 페스츄리를 기반으로 다양한 변주를 선보이는 페이브 베이커리답게 오징어 먹물로 고급스럽게 색을 입혀준 이색 크로와상이에요. 자연숙성된 고르곤졸라 치즈와 달콤한 꿀을 넣고 만들었기에 그야말로 꿀과 함께 즐기는 고르곤졸라 치즈 피자의 맛이 재현되는 듯하죠. 그럼에도 크로와상 특유의 얇고 바삭한 식감과 결결이 살아있는 촉촉함은 조금도 잃지 않았답니다. 눈처럼 하얀 치즈 가루도 솔솔 뿌려져 있어 먹는 내내 눈까지 즐거울 거예요.", "img3": "https://img-cf.kurly.com/shop/data/goodsview/20200218/gv10000081914_1.jpg", "option_name_list": [], "option_price_list": []}