{"img1": "https://img-cf.kurly.com/shop/data/goods/1580346722864y0.jpg", "name": "[존쿡 델리미트] 와규 파스트라미 100g", "summary": "양지의 고소함과 부드러움을 살린 햄", "price": "11,000원", "discount_rate": 0, "unit": "1팩", "amount": "100g", "package": "냉장/종이포장", "made_in": "별도표기", "img2": "https://img-cf.kurly.com/shop/data/goodsview/20200130/gv40000079491_1.jpg", "description": "파스트라미는 보통 고기에 갖은 시즈닝을 더해 만든 가공육을 말해요. 존쿡 델리미트는 와규를 재료로 사용해 만든 파스트라미를 컬리에서 선보입니다. 육향이 짙은 양지 부위를 엄선한 뒤 성수연방에서 마이스터가 직접 고기를 오랜 시간 염지하고 숙성했죠. 셀러리, 후추, 클로브 등의 시즈닝을 고기에 입히고 참나무로 훈연하여 존쿡 델리미트만의 파스트라미를 완성했답니다. 얇게 슬라이스 한 파스트라미를 샌드위치의 속 재료로 활용해보세요. 늘 먹던 샌드위치와는 풍미부터 다르다는 걸 느끼게 될 거예요. ", "img3": "https://img-cf.kurly.com/shop/data/goodsview/20200130/gv30000079497_1.jpg", "option_name_list": [], "option_price_list": []},
{"img1": "https://img-cf.kurly.com/shop/data/goods/1580352424581y0.jpg", "name": "[존쿡 델리미트] 팜프레시 페퍼 베이컨 100g", "summary": "톡 쏘는 알싸함이 매력적인 베이컨", "price": "7,900원", "discount_rate": 0, "unit": "1팩", "amount": "100g", "package": "냉장/종이포장", "made_in": "별도표기", "img2": "https://img-cf.kurly.com/shop/data/goodsview/20200130/gv10000079592_1.jpg", "description": "일반적으로 보아 왔던 베이컨과는 조금 다른, 특별한 베이컨을 소개합니다. 지정 목장에서 기른 돼지의 고품질 삼겹살로 만든 '팜프레시 페퍼 베이컨'이에요. 전문 육가공 마이스터가 수작업을 통해 정성껏 제조한 제품이죠. 장시간 염지·훈연해 베이컨 특유의 풍미가 한껏 느껴질 뿐 아니라, 사이사이 입자감이 살아 있는 후추가 스며들어 고소함과 알싸함이 조화롭게 어우러진답니다. 얇게 썰린 베이컨을 샌드위치, 샐러드 등 다양한 요리에 넣어 좀 더 색다르게 즐겨보세요.", "img3": "https://img-cf.kurly.com/shop/data/goodsview/20200130/gv40000079598_1.jpg", "option_name_list": [], "option_price_list": []},
{"img1": "https://img-cf.kurly.com/shop/data/goods/1580347001293y0.jpg", "name": "[존쿡 델리미트] 팜프레시 잠봉 100g", "summary": "훈연향과 달콤함이 어우러지는 햄", "price": "5,000원", "discount_rate": 0, "unit": "1팩", "amount": "100g", "package": "냉장/종이포장", "made_in": "별도표기", "img2": "https://img-cf.kurly.com/shop/data/goodsview/20200130/gv10000079498_1.jpg", "description": "잠봉은 프랑스인들의 식탁 위에서 빠지지 않고 등장하는 햄이에요. 돼지고기를 통째로 삶아 만들기에 고기의 결이 선명하게 살아 있죠. 지금 선보이는 존쿡 델리미트의 잠봉은 국내 지정 목장에서 얻은 돼지 뒷다리살로 만들어집니다. 성수연방에서 마이스터가 직접 뼈를 발라낸 통고기를 72시간 이상 숙성하고, 참나무로 훈연하여 수제 잠봉을 완성하지요. 여기에 시럽까지 더해 달콤한 향미까지 가미했답니다. 얇게 슬라이스한 잠봉을 차가운 상태 그대로 즐겨보세요. 샌드위치 속재료는 물론 샐러드 위 토핑으로도 무척 잘 어우러질 거예요. ", "img3": "https://img-cf.kurly.com/shop/data/goodsview/20200130/gv10000079503_1.jpg", "option_name_list": [], "option_price_list": []},
{"img1": "https://img-cf.kurly.com/shop/data/goods/157717665496y0.jpg", "name": "[선농육공방] 무항생제 바이스 부어스트", "summary": "담백하고 향긋한 정통 수제 소시지", "price": "7,200원", "discount_rate": 0, "unit": "1팩", "amount": "270g", "package": "냉장/종이포장", "made_in": "", "img2": "https://img-cf.kurly.com/shop/data/goodsview/20191224/gv20000075190_1.jpg", "description": "'바이스 부어스트'는 하얀 소시지라는 뜻을 지닌 바이에른 뮌헨 지역 전통 소시지입니다. 훈연 등을 거치지 않은 담백한 돼지고기에 양파와 파슬리, 향신료를 넣어 풍미를 극대화 한 것이 매력인데요. 선농육공방의 바이스 부어스트는 독일 정통 델리미트 제조법을 고수하는 전문 육가공 마이스터가 개발하고 생산했기에 더욱 각별합니다. 항생제를 전혀 사용하지 않은 돼지 원육을 이용해 안전하게 만들었고, 콜라겐 대신 천연 돈장 케이싱을 사용해 식감 역시 우수해요. 소시지를 먹을거라면, 돼지고기를 주식으로 먹는 독일인들의 방식대로 만든 정통 소시지를 즐겨보는 것을 추천할게요. ", "img3": "https://img-cf.kurly.com/shop/data/goodsview/20191224/gv20000075192_1.jpg", "option_name_list": [], "option_price_list": []},
{"img1": "https://img-cf.kurly.com/shop/data/goods/1577176466324y0.jpg", "name": "[선농육공방] 무항생제 브랏 부어스트", "summary": "구워 먹는 한입 크기 소시지", "price": "7,300원", "discount_rate": 0, "unit": "1팩", "amount": "270g", "package": "냉장/종이포장", "made_in": "", "img2": "https://img-cf.kurly.com/shop/data/goodsview/20191224/gv10000075181_1.jpg", "description": "가장 대중적인 독일 정통 소시지를 꼽는다면 바로 구워 먹는 브랏 부어스트일텐데요. 지역별로 그 고장만의 레시피가 담긴 다양한 브랏 부어스트가 존재해요. 두툼하고 길쭉한 튀링거가 있다면, 한입에 쏙 들어가는 사이즈의 뉴른베르거 역시 명물로 꼽힌답니다. 선농육공방은 전문 육가공 마이스터가 개발하고 생산한 독일 정통 델리미트를 선보이는 브랜드인데요. 후추를 넣어 풍미를 한층 높인 국내산 무항생제 원육을 부드러운 양장 케이싱에 담아냈습니다. 집에서 간편하게 구워 독일 현지의 맛을 그대로 즐겨보세요.", "img3": "https://img-cf.kurly.com/shop/data/goodsview/20191224/gv00000075184_1.jpg", "option_name_list": [], "option_price_list": []},
{"img1": "https://img-cf.kurly.com/shop/data/goods/1577176563768y0.jpg", "name": "[선농육공방] 무항생제 비엔나 소시지", "summary": "수제 방식으로 만든 비엔나", "price": "6,900원", "discount_rate": 0, "unit": "1팩", "amount": "270g", "package": "냉장/종이포장", "made_in": "", "img2": "https://img-cf.kurly.com/shop/data/goodsview/20191224/gv10000075185_1.jpg", "description": "독일 현지식 정통 델리미트를 제조법을 고수하는 선농육공방이 비엔나 소시지를 선보입니다. 식탁 위에 자주 올라오는 친근한 소시지이지만 전문 육가공 마이스터가 수제 방식으로 만든 점이 각별해요. 항생제를 사용하지 않고 기른 돼지 원육으로 만들어 더욱 안심할 수 있고 천연 양장 케이싱에 담아 부드러운 식감으로 즐길 수 있답니다. 좋아하는 야채와 함께 반찬으로 만들어도 좋지만, 접시에 단독으로 담아 맥주와 함께 그윽한 훈연향을 즐겨도 좋을 거예요.", "img3": "https://img-cf.kurly.com/shop/data/goodsview/20191224/gv10000075188_1.jpg", "option_name_list": [], "option_price_list": []},
{"img1": "https://img-cf.kurly.com/shop/data/goods/1576215778530y0.jpg", "name": "[프라텔리 롱고바디] 버터빈(흰강낭콩)", "summary": "담백하고 부드러운 식감의", "price": "2,400원", "discount_rate": 0, "unit": "1캔", "amount": "400g", "package": "상온/종이포장", "made_in": "", "img2": "https://img-cf.kurly.com/shop/data/goodsview/20191213/gv30000072763_1.jpg", "description": "작두콩만큼 큼직한 버터빈은 녹진한 질감이 연상되는 이름과는 달리 담백한 맛이 인상적인 콩이에요. 매끈하고 뽀얀 모양을 하고 있어 우리나라에서는 흰강낭콩이라는 이름으로 부르지요. 식이섬유는 물론, 단백질의 일종인 파세올라민과 안토시아닌이 풍부한 것으로 알려져 많은 관심을 받고 있는 식재료랍니다. 컬리가 준비한 프라텔리 롱고바디의 제품은 콩을 한차례 익힌 뒤 포장했기에 요리를 하기 전 콩을 불리는 번거로움 없이 사용할 수 있어요. 보존료를 넣지 않았기에 콩이 담겨있는 물도 사용할 수 있죠. 간편하면서도 활용도가 높은 버터빈 한 캔으로 다양한 요리를 만들어보세요.", "img3": "https://img-cf.kurly.com/shop/data/goodsview/20191213/gv10000072774_1.jpg", "option_name_list": [], "option_price_list": []},
{"img1": "https://img-cf.kurly.com/shop/data/goods/1576216724905y0.jpg", "name": "[프라텔리 롱고바디] 카넬리니빈", "summary": "포실포실하고 구수한 흰강낭콩", "price": "2,400원", "discount_rate": 0, "unit": "", "amount": "", "package": "상온/종이포장", "made_in": "", "img2": "https://img-cf.kurly.com/shop/data/goodsview/20191213/gv00000072786_1.jpg", "description": "일반 강낭콩보다 조금 길쭉한 모양새를 하고 있는 카넬리니빈을 소개할게요. 이탈리아에서 자라나는 흰강낭콩인 카넬리니빈은 식이섬유는 물론, 단백질의 일종인 파세올라민이 풍부한 것으로 알려져 있어요. 색이 짙은 다른 강낭콩에 비해 콩 특유의 향이 옅고 식감도 더 부드러운 편이라 다양한 요리에 활용하기에도 좋고 콩을 좋아하지 않는 아이들에게도 권할만하죠. 프라텔리 롱고바디의 제품은 콩을 한차례 익힌 뒤 캔에 담았기에 요리를 하기 전 콩을 불리는 번거로움 없이 사용할 수 있어요. 보존료를 넣지 않았기에 콩이 담겨있는 물도 사용할 수 있죠. 든든한 식감의 카넬리니빈은 샐러드의 토핑이나 요리의 가니쉬로 사용해 보세요.", "img3": "https://img-cf.kurly.com/shop/data/goodsview/20191213/gv40000072788_1.jpg", "option_name_list": [], "option_price_list": []},
{"img1": "https://img-cf.kurly.com/shop/data/goods/1576214439721y0.jpg", "name": "[프라텔리 롱고바디] 렌즈빈(렌틸콩)", "summary": "고소하고 담백한 자그마한 콩", "price": "2,400원", "discount_rate": 0, "unit": "1캔", "amount": "400g", "package": "상온/종이포장", "made_in": "", "img2": "https://img-cf.kurly.com/shop/data/goodsview/20191213/gv00000072741_1.jpg", "description": "볼록한 렌즈 모양의 자그마한 렌틸콩을 소개할게요. 고소하고 담백하지만, 단맛은 거의 없어 녹두와 많이 닮았지요. 단백질과 식이섬유, 엽산 등의 영양소가 풍부하면서도 지방 함량은 적다고 해요. 프라텔리 롱고바디의 렌틸콩은 콩을 먹기 좋을 만큼 적당히 익힌 뒤 소금물을 넣은 통조림에 포장한 제품이에요. 쉬이 무르지 않으면서 부드럽게 씹히는 식감을 선사하죠. 보존료를 넣지 않았기에, 콩물까지 안심하고 요리에 두루 사용해도 좋아요. 밥을 지을 때 함께 넣거나, 샐러드에 툭 얹어서, 또는 카레, 수프, 볶음 요리에 활용해 보세요.", "img3": "https://img-cf.kurly.com/shop/data/goodsview/20191213/gv30000072746_1.jpg", "option_name_list": [], "option_price_list": []},
{"img1": "https://img-cf.kurly.com/shop/data/goods/1576215076680y0.jpg", "name": "[프라텔리 롱고바디] 볼로티빈(강낭콩)", "summary": "크리미하고 부드러운 식감", "price": "2,400원", "discount_rate": 0, "unit": "1캔", "amount": "400g", "package": "상온/종이포장", "made_in": "", "img2": "https://img-cf.kurly.com/shop/data/goodsview/20191213/gv00000072748_1.jpg", "description": "알록달록한 강낭콩은 밥을 지을 때 함께 넣거나 송편 등의 소로 주로 이용되죠. 입에 넣자마자 부드럽게 으깨질 만큼 포실포실한 질감과 견과류가 연상되는 고소한 풍미를 지녔는데요. 단백질은 물론 아연, 망간, 구리, 칼슘 등의 무기질도 풍부하게 함유하고 있죠. 컬리가 준비한 프라텔리 롱고바디의 볼로티빈은 콩을 한차례 익힌 뒤 포장했기에 요리하기 전 콩을 불리는 번거로움 없이 바로 사용할 수 있어요. 보존료를 넣지 않았기에 콩이 담겨있는 물도 사용할 수 있죠. 간편하면서도 활용도가 높은 볼로티빈 한 캔으로 다양한 요리를 만들어보세요. ", "img3": "https://img-cf.kurly.com/shop/data/goodsview/20191213/gv10000072753_1.jpg", "option_name_list": [], "option_price_list": []},
{"img1": "https://img-cf.kurly.com/shop/data/goods/1576213842680y0.jpg", "name": "[프라텔리 롱고바디] 이집트빈(병아리콩)", "summary": "부드럽게 아스러지는 고소함", "price": "2,400원", "discount_rate": 0, "unit": "1캔", "amount": "400g", "package": "상온/종이포장", "made_in": "", "img2": "https://img-cf.kurly.com/shop/data/goodsview/20191213/gv20000072731_1.jpg", "description": "병아리 부리가 튀어나온 듯 귀여운 모양의 병아리콩은 영양소가 풍부한 데다 씹을수록 고소하고, 어떤 요리든 그 끝에 부드러운 맛을 끌어내는 매력을 지녔죠. 하지만 단단한 질감으로 콩을 불리거나 삶는 데 꽤 오랜 시간을 들여야 하는데요. 컬리는 병아리콩을 삶은 뒤 통조림에 담은 프라텔리 롱고바디의 제품을 준비했어요. 콩을 잘못 삶으면 날 수 있는 특유의 비릿한 냄새가 거의 나지 않고, 병아리콩 고유의 담백함만을 캔 하나에 담았죠. 씹으면 쉽게 으스러질 정도로 식감이 부드러운 병아리콩은 샐러드나 수프에 넣어 든든한 한 끼를 만들어 보세요. ", "img3": "https://img-cf.kurly.com/shop/data/goodsview/20191213/gv20000072736_1.jpg", "option_name_list": [], "option_price_list": []},
{"img1": "https://img-cf.kurly.com/shop/data/goods/1572422148472y0.jpg", "name": "[존쿡 델리미트] 세인트루이스 립 드라이럽 스타일 500g (냉동)", "summary": "진짜 바베큐의 맛, 두툼한 살과 함께 올라가는 행복감(1상자/500g)", "price": "21,510원", "discount_rate": "10%", "unit": "1박스", "amount": "500g", "package": "냉동/종이포장", "made_in": "", "img2": "https://img-cf.kurly.com/shop/data/goodsview/20191030/gv30000066459_1.jpg", "description": "바베큐 립은 평범한 식탁에 특별함을 부여하는 메뉴 중 하나인데요. 컬리는 요리 초보자 분들도 집에서 간편하게 조리해 드실 수 있는 존쿡 델리미트의 세인트루이스 립을 준비했습니다. 세인트 루이스 립은 삼겹 주위에 붙어있는 갈비 뼈대인 스페어 립의 끝부분을 커팅하여 균일하게 만든 것을 말하는데요. 비교적 뼈가 적고 살코기가 풍성하게 붙어있어요. 존쿡 델리미트는 스페어 립을 엄선된 재료로 시즈닝 한 후 고기의 단맛을 끌어올리기 위해 3시간 동안 사과나무를 이용해 훈연했어요. 모든 작업이 육가공 전문 마이스터의 수작업으로 이루어지기에, 집에서도 레스토랑 못지않은 고기 본연의 풍미를 진하게 느낄 수 있답니다. 보다 담백하게 드라이럽 스타일 립 요리를 즐겨보세요. ", "img3": "https://img-cf.kurly.com/shop/data/goodsview/20191030/gv00000066464_1.jpg", "option_name_list": [], "option_price_list": []},
{"img1": "https://img-cf.kurly.com/shop/data/goods/1572422321667y0.jpg", "name": "[존쿡 델리미트] 세인트루이스 립 텍사스 스타일 800g (소스포함) (냉동)", "summary": "살코기 두툼한 스페어 립과 바베큐 소스의 황홀한 조화(1상자/400gx2팩)", "price": "22,865원", "discount_rate": "15%", "unit": "1상자", "amount": "800g(400g x 2팩)", "package": "냉동/종이포장", "made_in": "", "img2": "https://img-cf.kurly.com/shop/data/goodsview/20191030/gv40000066453_1.jpg", "description": "립은 갈빗대에 주위에 붙어있는 살을 떼어먹는 재미가 쏠쏠해요. 녹진한 바베큐 소스까지 더해지면 그 맛이 배가 되지요. 컬리는 요리 초보자 분들도 집에서 간편하게 조리해 드실 수 있는 존쿡 델리미트의 세인트루이스 립을 준비했습니다. 세인트 루이스 립은 삼겹 주위에 붙어있는 갈비 뼈대인 스페어 립의 끝부분을 커팅하여 균일하게 만든 것을 말하는데요. 비교적 뼈가 적고 살코기가 풍성하게 붙어있어요. 참나무로 훈연한 후 텍사스 스타일 그대로 토마토를 사용한 존쿡 델리미트의 특제 바베큐 소스와 함께 400g씩 소포장했답니다. 해동 후 뜯어 바로 조리 가능하니 이보다 더 손쉽게 립을 맛보기도 쉽지 않을 거예요. 평범한 식탁에 근사하게 꾸려줄 특별한 요리를 만나보세요.", "img3": "https://img-cf.kurly.com/shop/data/goodsview/20191030/gv00000066467_1.jpg", "option_name_list": [], "option_price_list": []},
{"img1": "https://img-cf.kurly.com/shop/data/goods/1569910754323y0.jpg", "name": "[로레토] 블랙 올리브 슬라이스", "summary": "다양한 요리에 포인트를 더해주는", "price": "2,400원", "discount_rate": 0, "unit": "1병", "amount": "330g", "package": "상온/종이포장", "made_in": "", "img2": "https://img-cf.kurly.com/shop/data/goodsview/20191001/gv20000063515_1.jpg", "description": "치즈가 들어간 요리나 빵, 스프레드에 포인트를 줄 만한 재료를 살펴보고 있었다면, 지금 컬리가 소개하는 올리브에 주목해 주세요. 호지블랑카 품종 올리브의 씨를 제거하고 먹기 좋게 슬라이스하여 절인 제품이랍니다. 올리브 특유의 향이 은근하게 배어나고, 짠맛도 그리 강하지 않아 어떤 요리에 넣어도 튀지 않고 자연스럽게 어울려요. 1인 가구에서도 부담 없이 쓰기 좋은 소용량이라 더욱 만족스럽지요. 피자, 파스타, 샐러드는 물론 매쉬드 포테이토, 감바스, 스튜 등에 활용해 보세요. 달걀프라이나 수란에 곁들이기에도 그만이에요.", "img3": "https://img-cf.kurly.com/shop/data/goodsview/20191001/gv40000063518_1.jpg", "option_name_list": [], "option_price_list": []},
{"img1": "https://img-cf.kurly.com/shop/data/goods/1566803030976y0.jpg", "name": "[페라리니] 프로슈토 디 파르마 (18개월)", "summary": "이탈리아 햄의 대표주자", "price": "8,900원", "discount_rate": 0, "unit": "1팩", "amount": "100g", "package": "냉장/종이포장", "made_in": "", "img2": "https://img-cf.kurly.com/shop/data/goodsview/20190826/gv20000060200_1.jpg", "description": "스페인에 하몽이 있다면 이탈리아에는 프로슈토가 있어요. 파르메산 치즈로 유명한 이탈리아 북쪽 지방, 파르마에서 생산한 육가공품 프로슈토 디 파르마를 소개합니다. 파르마산 돼지의 뒷다리를 염장한 뒤 서늘한 곳에서 자연 바람으로 18개월 동안 숙성해 완성했어요. 파르마 프로슈토 협회에서 인증하는 왕관 모양의 마크가 패키지에 새겨져 있지요. 프로슈토는 얇게 슬라이스하여 연분홍빛을 띠며 둘레에는 흰 지방이 적절히 섞여 있어요. 짭조름한 맛과 지방 특유의 기름지고 고소한 맛이 적절하게 어우러져요. 식욕을 돋우는 안티 파스토로 차갑게 먹거나 멜론, 브레드 스틱 위에 프로슈토를 한 장씩 올려 먹어도 맛있답니다. ", "img3": "https://img-cf.kurly.com/shop/data/goodsview/20190826/gv40000060203_1.jpg", "option_name_list": [], "option_price_list": []},
{"img1": "https://img-cf.kurly.com/shop/data/goods/1566803126120y0.jpg", "name": "[페라리니] 모르타델라 피스타치오", "summary": "피스타치오로 풍미를 더한 이탈리아 국민 햄", "price": "5,400원", "discount_rate": 0, "unit": "1팩", "amount": "120g", "package": "냉장/종이포장", "made_in": "", "img2": "https://img-cf.kurly.com/shop/data/goodsview/20190826/gv20000060204_1.jpg", "description": "모르타델라는 이탈리아 볼로냐 지방에서 생산하는 소시지 중 하나입니다. 이탈리아에서는 국민 햄이라 불릴 만큼 인기가 많고 아주 보편적인 소시지예요. 모르타델라 피스타치오는 돼지고기를 곱게 갈아 비계와 말린 후추 열매, 피스타치오를 박아 넣은 뒤 익혀 만들어요. 단면을 자세히 보면 후추 열매와 피스타치오가 듬성듬성 박혀 있는 모습을 볼 수 있지요. 향신료의 매콤한 향, 피스타치오의 고소한 맛이 더해져 모르타델라만의 독특한 풍미를 자아낸답니다. 원래는 커다란 소시지 모양으로 생겼는데, 먹기 좋게 종잇장처럼 얇게 썰어 포장했어요. 열을 가할 필요 없이 그대로 먹거나 포카치아 위에 올려 치즈와 함께 먹어도 맛있어요.", "img3": "https://img-cf.kurly.com/shop/data/goodsview/20190826/gv30000060207_1.jpg", "option_name_list": [], "option_price_list": []}