{"img1": "https://img-cf.kurly.com/shop/data/goods/1584062361363y0.jpg", "name": "[모어코코] 코코넛 잼 4종", "summary": "사각사각 씹힐 정도의 코코넛을 듬뿍 넣어 만든", "price": "12,000원", "discount_rate": 0, "unit": "1병", "amount": "200g", "package": "냉장/종이포장", "made_in": "", "img2": "https://img-cf.kurly.com/shop/data/goodsview/20200313/gv00000084871_1.jpg", "description": "'코코넛 잼'하면 동남아에서 맛봤던 달달한 잼이 먼저 떠오르실 거예요. 모어코코는 현지의 레시피 그대로, 국내에서 안전하게 빚어낸 코코넛 잼을 선보입니다. 사각사각한 과육 알갱이가 씹힐 정도로 코코넛을 듬뿍 넣어 완성한 잼인데요. 코코넛의 자연스러운 달콤함을 해치지 않는 선에서, 자일로스 설탕으로 건강한 달콤함을 더했답니다. 꾸덕꾸덕하게 발리면서도, 입 안에서 촉촉하게 녹는 제형이라 한 번 맛보면 멈추기 어려울 정도이죠. 바삭한 크래커나 담백한 빵에 듬뿍 얹어, 향긋하고 녹진하게 즐겨보세요.  ", "img3": "https://img-cf.kurly.com/shop/data/goodsview/20200310/gv40000084887_1.jpg", "option_name_list": ["[모어코코] 오리지널 코코넛 잼", "[모어코코] 얼그레이 코코넛 잼", "[모어코코] 그린티 코코넛 잼", "[모어코코] 커피 코코넛 잼"], "option_price_list": ["12,000원", "12,000원", "12,000원", "12,000원"]},
{"img1": "https://img-cf.kurly.com/shop/data/goods/1583295733303y0.jpg", "name": "[BBF] 피비핏 피넛버터 파우더 2종", "summary": "물에 타면 피넛버터! 샐러드,팬케이크,스무디, 땅콩우유 등으로 활용가능한 피넛파우더", "price": "11,200원", "discount_rate": 0, "unit": "1개", "amount": "227g / 425g ", "package": "상온/종이포장", "made_in": "", "img2": "https://img-cf.kurly.com/shop/data/goodsview/20200304/gv10000083964_1.jpg", "description": "꾸덕꾸덕한 텍스처와 진한 고소함을 품은 땅콩버터, 좀 더 가벼운 마음으로 즐기고 싶다면 BBF의 피넛버터 파우더를 만나보세요. 땅콩, 코코넛 팜 슈가 그리고 소금만을 사용해 완성한 피넛버터 분말이에요.로스팅한 땅콩의 지방은 쏙 빼내고 단백질을 더한 후, 고운 분말로 분쇄해 담아냈답니다. 지방과 칼로리 걱정 없이, 물만 더해주면 손쉽게 땅콩버터를 만들 수 있지요. 여기에 바나나와 함께 스무디로 즐기거나, 베이킹에 활용하기에도 손색 없고요. 일반과 유기농 제품으로 준비했으니, 취향에 맞게 골라 진한 고소함을 누려보세요.", "img3": "https://img-cf.kurly.com/shop/data/goodsview/20200304/gv10000083967_1.jpg", "option_name_list": ["[BBF] 피비핏 피넛버터 파우더  227g", "[BBF] 피비핏 유기농 피넛버터 파우더 425g"], "option_price_list": ["11,200원", "28,700원"]},
{"img1": "https://img-cf.kurly.com/shop/data/goods/1582015569706y0.jpg", "name": "[베피노 오첼리] 무염버터", "summary": "깊고 순수한 이탈리아의 맛", "price": "9,200원", "discount_rate": 0, "unit": "1팩", "amount": "125g", "package": "냉장/종이포장", "made_in": "", "img2": "https://img-cf.kurly.com/shop/data/goodsview/20200218/gv00000081895_1.jpg", "description": "청정한 알프스 산맥의 협곡이 피워낸 이탈리아의 유제품 브랜드, 베피노 오첼리를 소개할게요. 40년간 전통적인 방식을 고수하며 질 좋은 버터와 치즈를 생산하고 있어요. 이들의 무염 버터는 특히나 우유를 그대로 응축시킨 듯한 고소함이 인상적입니다. 단 한 입으로도, 부드럽게 번지는 유크림의 풍미를 만끽할 수 있지요. 포장을 벗기면 나타나는 사랑스런 모양도 빼놓을 수 없고요. 하나하나 정성껏 만든 수제 무염 버터로, 식탁에 그윽한 풍미를 더해보세요.", "img3": "https://img-cf.kurly.com/shop/data/goodsview/20200218/gv20000081899_1.jpg", "option_name_list": [], "option_price_list": []},
{"img1": "https://img-cf.kurly.com/shop/data/goods/1581054800143y0.jpg", "name": "[파오리] 유기농 포션 버터", "summary": "유기농 우유로 만든 신선한 버터", "price": "6,800원", "discount_rate": 0, "unit": "1박스", "amount": "12.5gx10개", "package": "냉장/종이포장", "made_in": "", "img2": "https://img-cf.kurly.com/shop/data/goodsview/20200207/gv20000080716_1.jpg", "description": "이제 포션 버터를 고를 때도 등급을 따져보세요. 컬리는 오직 신선한 유기농 우유만을 사용해 만든 유기농 버터를 준비했습니다. 식품을 안전하게 만드는 시설임을 증명하는 BRC, IFS, ISO 인증을 획득한 공장에서 청결하게 생산했지요. 부드러운 식감과 맑고 신선한 맛을 가지고 있어 식사빵에 슥슥 바르기만 해도 맛있게 즐길 수 있어요. 소금을 넣지 않은 무염 제품이니 다방면으로 활용하기 딱 좋을 거예요. ", "img3": "https://img-cf.kurly.com/shop/data/goodsview/20200207/gv30000080718_1.jpg", "option_name_list": [], "option_price_list": []},
{"img1": "https://img-cf.kurly.com/shop/data/goods/1581035353546y0.jpg", "name": "[MAMAM] 과일잼 (235g) 4종", "summary": "자연스러운 달콤함 한 스푼", "price": "6,500원", "discount_rate": 0, "unit": "1병", "amount": "235g", "package": "상온/종이포장", "made_in": "", "img2": "https://img-cf.kurly.com/shop/data/goodsview/20200207/gv40000080614_1.jpg", "description": "단맛이 강한 잼이 부담스러우셨던 분들이라면 설탕 없이 만든 MAMAM의 과일잼을 추천할게요. 엄선한 과일과 올리고당만을 사용해, 재료 본연의 자연스러운 달콤함을 끌어낸 잼이에요. 설탕은 물론, 합성첨가물 없이 만든 잼이라 아이들과 함께 즐기기에도 안심입니다. 과육이 살아있는 촘촘한 텍스처 덕분에, 조금만 발라 먹어도 과일의 풍미를 한껏 즐길 수 있고요. 각기 다른 매력을 갖춘 4가지 잼을 준비했으니, 원하는 맛을 담아 화사하게 누려보세요. ", "img3": "https://img-cf.kurly.com/shop/data/goodsview/20200207/gv20000080622_1.jpg", "option_name_list": ["[MAMAM] 골드키위 잼 235g", "[MAMAM] 무화과 잼 235g", "[MAMAM] 블루베리 잼235g", "[MAMAM] 오렌지한라봉 잼 235g"], "option_price_list": ["6,500원", "5,500원", "6,500원", "6,000원"]},
{"img1": "https://img-cf.kurly.com/shop/data/goods/1574673319251y0.jpg", "name": "[앵커] 포션 버터 가염", "summary": "뉴질랜드의 청정함을 닮은 포션 버터", "price": "6,300원", "discount_rate": 0, "unit": "1박스", "amount": "10g/18개입", "package": "냉동/종이포장", "made_in": "", "img2": "https://img-cf.kurly.com/shop/data/goodsview/20191125/gv40000069605_1.jpg", "description": "버터는 어디든 참 요긴하게 쓰이는 재료예요. 베이킹은 물론 다양한 요리에 두루 고소함을 더해주지요. 개중에도 한 번 쓸 양만큼 낱개 포장된 포션 버터는 휴대와 보관이 간편해 인기가 많은데요. 컬리가 이번에 소개하는 가염 버터는 뉴질랜드 최대 낙농업 회사 폰테라의 유제품 브랜드, 앵커(Anchor)가 만들었어요. 유크림 함량이 98.5%로, 그야말로 ‘우유 버터’라는 말이 잘 어울리는 제품이에요. 맛과 품질을 위해 바로 냉동 포장했지만, 해동 후 버터의 고유의 부드러운 질감을 오롯이 느낄 수 있답니다. 필요한 만큼만 쏙 꺼내어 사용해보세요.", "img3": "https://img-cf.kurly.com/shop/data/goodsview/20191125/gv10000069610_1.jpg", "option_name_list": [], "option_price_list": []},
{"img1": "https://img-cf.kurly.com/shop/data/goods/1573785672444y0.jpg", "name": "[페이장브레통] 무염 버터 500g", "summary": "전통 방식으로 만든 순수한 버터", "price": "10,800원", "discount_rate": 0, "unit": "1개", "amount": "500g", "package": "냉장/종이포장", "made_in": "", "img2": "https://img-cf.kurly.com/shop/data/goodsview/20191115/gv10000068295_1.jpg", "description": "프랑스에서 온 페이장브레통의 대용량 무염 버터를 소개할게요. 우유크림 98%와 발효를 돕는 젖산균만으로 만들어졌고, 소금을 첨가하지 않은 순수한 버터예요. 페이장브레통은 과거 브르타뉴 지방의 전통 주형(moule)을 이용하여 버터를 만드는 방식을 유지하고 있어요. 그래서 일반적인 직사각형 모양이 아닌, 세로줄 무늬의 홈이 패인 특별한 생김새를 지녔답니다. 넉넉한 크기니 빵에 듬뿍 펴 발라 잼과 함께 먹어도 좋고, 베이킹이나 각종 요리의 재료로도 아낌없이 사용할 수 있어요. 부드럽고 고소한 페이장브레통 버터의 매력을 고스란히 느끼고 싶은 분들께 추천해요.", "img3": "https://img-cf.kurly.com/shop/data/goodsview/20191115/gv40000068299_1.jpg", "option_name_list": [], "option_price_list": []},
{"img1": "https://img-cf.kurly.com/shop/data/goods/157138700236y0.jpg", "name": "[밀도] 스프레드 6종", "summary": "신선하고 풍성한 맛의 잼", "price": "8,000원", "discount_rate": 0, "unit": "1병", "amount": "옵션별 상이", "package": "냉장/종이포장", "made_in": "", "img2": "https://img-cf.kurly.com/shop/data/goodsview/20191018/gv40000065161_1.jpg", "description": "밀도가 많은 사랑을 받는 이유 중 하나는 원재료가 가진 본연의 매력을 놀라울 만큼 온전하게 이끌어내기 때문일 거예요. 지금 선보이는 스프레드 역시, 밀도의 내공이 돋보이는 제품이랍니다. 질감이 살아있는 딸기, 블루베리, 호두는 물론이고 알갱이가 없는 밀크잼조차 '재료를 빼곡히 채웠다'는 느낌이 들 정도로 충실하고 풍성한 맛을 가지고 있어요. 장기 보존이 아니라 신선한 맛을 즐기는 것에 포인트를 두고 보존료 없이 작은 병에 담은 것도 특별함을 더하지요. 밀도의 식빵, 스콘과 특히 잘 어울리니 함께 즐겨보기를 권할게요. ", "img3": "https://img-cf.kurly.com/shop/data/goodsview/20191018/gv40000065176_1.jpg", "option_name_list": ["[밀도] 딸기잼", "[밀도] 블루베리잼", "[밀도] 레몬 커드 잼", "[밀도] 호두메이플 잼", "[밀도] 녹차밀크잼", "[밀도] 홍차밀크잼"], "option_price_list": ["8,000원", "9,000원", "8,000원", "9,000원", "8,000원", "9,000원"]},
{"img1": "https://img-cf.kurly.com/shop/data/goods/156870476160y0.jpg", "name": "[초록원] 유기농 딸기잼 580g", "summary": "유기농 재료로 완성한 달콤함", "price": "8,500원", "discount_rate": 0, "unit": "1병", "amount": "580g", "package": "상온/종이포장", "made_in": "", "img2": "https://img-cf.kurly.com/shop/data/goodsview/20190917/gv40000062061_1.jpg", "description": "달콤한 잼은 냉장고에 늘 챙겨두어야 하는 필수품 중 하나예요. 언제라도 꺼내 식사빵에 슥슥 발라주면 허전한 배를 금세 채울 수 있지요. 컬리는 딸기와 설탕, 오직 두 가지 재료로 완성한 유기농 딸기잼을 가져왔어요. 좋은 재료로 잼과 차를 만드는 브랜드, 초록원의 제품입니다. 초록원은 유기농 딸기와 유기농 설탕을 사용해 홈메이드 방식으로 달여 만든 잼을 선보여요. 뚜껑을 조심스레 열어보면 달콤한 향과 함께 잼의 진한 색상이 눈에 띄어요. 어떤 첨가물도 넣지 않고 만든 제품이기에, 달콤하게 절인 딸기 본연의 색 그대로를 내보이고 있지요. 곱게 갈린 딸기 과육은 입안에서 걸리지 않아 더욱 부드럽게 즐길 수 있고요. 좋은 재료로 만든 잼이니 아이들 간식으로 활용하기에도 꼭 알맞답니다. ", "img3": "https://img-cf.kurly.com/shop/data/goodsview/20190917/gv20000062064_1.jpg", "option_name_list": [], "option_price_list": []},
{"img1": "https://img-cf.kurly.com/shop/data/goods/1567404293870y0.jpg", "name": "[본마망] 인텐스 프리미엄 잼 3종", "summary": "과일 함량을 늘려 한층 풍부해진 맛과 과육이 씹히는 잼!", "price": "8,400원", "discount_rate": 0, "unit": "1병", "amount": "335g", "package": "상온/종이포장", "made_in": "", "img2": "https://img-cf.kurly.com/shop/data/goodsview/20190902/gv20000060854_1.jpg", "description": "사랑스러운 체크무늬 뚜껑과 손글씨가 연상되는 무지 라벨이 트레이드 마크인 본마망의 잼을 한층 더 풍부한 맛으로 즐겨보세요. 컬리는 기존에 판매하던 제품에 비해 과일의 함량을 높이고, 당 함량은 줄인 인텐스 프리미엄 버전을 소개합니다. 덕분에 덩어리감 있는 과육을 씹으면 자극적인 단맛 대신 과일 본연의 맑은 달콤함이 먼저 느껴진답니다. 프랑스의 입맛 까다로운 고객들도 사로잡은 과일잼으로 일상에 달달한 활기를 더해 보세요. ", "img3": "https://img-cf.kurly.com/shop/data/goodsview/20190902/gv00000060898_1.jpg", "option_name_list": [" [본마망] 인텐스 딸기잼", "[본마망] 인텐스 라즈베리잼", "[본마망] 인텐스 블루베리잼"], "option_price_list": ["8,400원", "8,400원", "8,400원"]},
{"img1": "https://img-cf.kurly.com/shop/data/goods/1563351539192y0.jpg", "name": "[르갈] 브르타뉴 버터 2종", "summary": "프랑스 브르타뉴 지역에서 탄생한 풍미가 깊은 버터", "price": "6,800원", "discount_rate": 0, "unit": "1팩", "amount": "250g", "package": "냉장/종이포장", "made_in": "", "img2": "https://img-cf.kurly.com/shop/data/goodsview/20190717/gv10000056232_1.jpg", "description": "우유와 발효를 돕는 젖산균. 발효 버터를 구성하는 원재료는 생각보다 무척 심플합니다. 하지만 어떤 재료로 어떻게 만들었느냐에 따라 그 맛과 품질은 천차만별인데요. 지금 소개하는 제품은 프랑스 북서부 끝자락에 위치한 브르타뉴 지방에서 생산한 버터입니다. 브르타뉴 지역은 삼면이 바다로, 토양에 바닷물의 영양소가 스며들어 미네랄, 베타카로틴이 무척 풍부한데요. 여기서 난 목초를 먹고 자란 소가 생산한 우유에 젖산균을 넣고 18시간 동안 천천히 숙성시켜 풍미가 깊고 그윽이 전해집니다. 버터 공장 인근 농가에서 집유한 우유만을 엄선하여 품질도 우수하답니다. 브르타뉴 버터를 무염과 가염으로 준비했으니 필요에 따라 골라가세요. ", "img3": "https://img-cf.kurly.com/shop/data/goodsview/20190717/gv20000056239_1.jpg", "option_name_list": ["[르갈] 버터 무염", "[르갈] 버터 가염"], "option_price_list": ["6,800원", "6,800원"]},
{"img1": "https://img-cf.kurly.com/shop/data/goods/1562752862751y0.jpg", "name": "[3SPOON] 수제 과일 잼 3종", "summary": "다채로운 과일의 달콤한 조합", "price": "13,000원", "discount_rate": 0, "unit": "1병", "amount": "200g", "package": "냉장/종이포장", "made_in": "", "img2": "https://img-cf.kurly.com/shop/data/goodsview/20190710/gv10000055555_1.jpg", "description": "3spoon의 수제 과일 잼은 시골로 내려간 젊은 부부가 빵을 좋아하는 아들을 위해 만든 잼이에요. 귤과 파인애플, 블루베리, 크랜베리 등 품질 좋은 과일을 깐깐하게 골라 어울리는 맛과 향을 섞어 특별하면서도 정성이 가득한 과일 잼을 만들었어요. 설탕 대신 프락토올리고당을 사용해 자연스러운 단맛이 나며, 풍미가 짙고 향긋함도 남달라요. 애플 망고와 크랜베리, 귤 파인애플, 네 가지 베리 중 원하는 잼을 골라 맛과 향을 즐겨보세요. 잼 3종을 넣을 수 있는 박스를 별도로 구매할 수 있으니, 소중한 이를 위한 특별한 선물로 활용해보세요. ", "img3": "https://img-cf.kurly.com/shop/data/goodsview/20190710/gv20000055573_1.jpg", "option_name_list": [" [3SPOON] 애플망고 크렌베리", " [3SPOON] 귤 파인애플", " [3SPOON] 네가지 베리", "[3SPOON] 선물패키지 박스+쇼핑팩"], "option_price_list": ["13,000원", "13,000원", "13,000원", "11,000원"]},
{"img1": "https://img-cf.kurly.com/shop/data/goods/1562809085214y0.jpg", "name": "[비브로스] 초콜릿 꿀 3종", "summary": "눅진한 달콤함을 오롯이 담은", "price": "12,000원", "discount_rate": "20%", "unit": "1병", "amount": "300g", "package": "상온/종이포장", "made_in": "", "img2": "https://img-cf.kurly.com/shop/data/goodsview/20190711/gv30000055576_1.jpg", "description": "부드럽게 녹아내리는 초콜릿 잼은 극강의 달콤함으로 어른 아이 할 것 없이 그 유혹을 견디기가 참 어려워요. 초콜릿 잼을 마음껏 즐기고 싶다면 설탕 대신 꿀을 첨가해 만든 초콜릿 꿀을 컬리에서 만나보세요. 벌이 여러 종류의 꽃을 오가며 길러낸 그리스산 잡화꿀에 코코아 파우더를 섞어 완성한 이 제품은 글루텐이나 방부제 등의 식품첨가물을 일절 넣지 않아 건강한 단맛을 낸답니다. 일반 초콜릿 잼과는 다르게 눅진하게 흘러나오는 꿀의 맛에 초콜릿의 풍미가 은은하게 감돌아 농축된 달콤함이 오롯이, 짙게 느껴져요. 초콜릿 꿀을 오리지널을 비롯해 3종으로 준비했어요. 아이스크림 토핑이나 쉐이크 등을 만들 때 등 초콜릿 꿀을 다채롭게 활용해보세요. ", "img3": "https://img-cf.kurly.com/shop/data/goodsview/20190711/gv40000055583_1.jpg", "option_name_list": [" [비브로스] 초콜릿 꿀 오리지널", "[비브로스] 초콜릿 꿀 바나나", "[비브로스] 초콜릿 꿀 딸기"], "option_price_list": ["15,000원", "15,000원", "15,000원"]},
{"img1": "https://img-cf.kurly.com/shop/data/goods/1503390621328y0.jpg", "name": "[Kurly's] 커리 치킨스프레드", "summary": "커피 파우더로 향긋하게 버무린", "price": "8,500원", "discount_rate": 0, "unit": "1통", "amount": "250g", "package": "냉장/종이포장", "made_in": "", "img2": "https://img-cf.kurly.com/shop/data/goodsview/20190704/gv20000054903_1.jpg", "description": "평범한 닭가슴살도 컬리 셰프의 손길이 닿으면 특별한 요리로 다시 태어나요. 정성이 담긴 스프레드를 완성하기 위해 컬리의 셰프는 닭가슴살의 육즙이 빠져나가지 않도록 겉면을 시어링한 후, 부드럽게 삶아 촉촉한 식감을 냈어요. 여기에 마요네즈, 커리파우더 등을 잘 섞어 먹음직스러운 황금빛 옷을 입혔죠. 닭고기의 향을 잡아주는 셀러리와 화이트와인의 풍미가 배어든 건포도, 건크랜베리까지 넣어 산뜻한 여운을 더했답니다. 이렇게 만들어진 컬리의 커리 치킨 스프레드는 빵에 쓱 발라 먹기만 해도 맛있어요. 혹은 취향에 맞는 채소와 함께 이색적인 샐러드로도 완성해보세요. ", "img3": "https://img-cf.kurly.com/shop/data/goodsview/20191231/gv00000076085_1.jpg", "option_name_list": [], "option_price_list": []},
{"img1": "https://img-cf.kurly.com/shop/data/goods/1559638383767y0.jpg", "name": "[FABBRI] 미니토핑 2종", "summary": "참을 수 없는 달콤한 매력!", "price": "11,000원", "discount_rate": 0, "unit": "1병", "amount": "225g", "package": "상온/종이포장", "made_in": "", "img2": "https://img-cf.kurly.com/shop/data/goodsview/20190604/gv40000052312_1.jpg", "description": "달콤한 시럽 하나만 있어도 디저트가 훨씬 맛있어집니다. 아이스크림이나 클래식 치즈 케이크 위에 시럽을 뿌려 입맛에 쏙 맞는 맛과 향을 더해보는 것도 디저트를 고급스럽게 즐기는 방법이지요. 컬리는 가정에서 사용하기 편리하고, 자연스러운 단맛을 더해주는 FABBRI의 미니토핑 2종을 소개합니다. 100년 가까이 체리 절임을 만들어 온 이탈리아 브랜드 FABBRI의 노하우가 담긴 레시피로 만들었어요. 과일에서 추출한 원액을 활용해 자연스러운 단맛이 좋고, 글루텐 프리 인증도 받았어요. 튜브 형태의 패키지에 들어 있어 원하는 만큼 쭉 짜서 쓰기 좋답니다. 체리 향이 진한 아마레나와 세 가지 베리류를 담은 와일드 프룻 중 취향에 맞는 토핑으로 선택해보세요. ", "img3": "https://img-cf.kurly.com/shop/data/goodsview/20190604/gv10000052323_1.jpg", "option_name_list": ["[FABBRI] 미니토핑 와일드 프릇", "[FABBRI] 미니토핑 아마레나"], "option_price_list": ["11,000원", "11,000원"]},
{"img1": "https://img-cf.kurly.com/shop/data/goods/1558949526665y0.jpg", "name": "[기라델리] 토핑용 초콜렛&카라멜 소스 3종", "summary": "기라델리만의 노하우가 듬뿍 들어간 진한 소스!", "price": "10,500원", "discount_rate": 0, "unit": "1병", "amount": "454g/482g ", "package": "상온/종이포장", "made_in": "", "img2": "https://img-cf.kurly.com/shop/data/goodsview/20190527/gv10000051382_1.jpg", "description": "음료나 디저트 위에 뿌려진 드리즐은 보기만 해도 기분이 달콤해지죠. 단맛을 좋아하시는 분이라면 프렌차이즈 카페에서 토핑을 추가하신 적도 많으실 테고요. 컬리는 이제 홈카페에서도 이 맛을 충분히 즐기실 수 있도록 기라델리의 토핑용 초콜릿&카라멜 소스를 준비했습니다. 기라델리 소스는 실제로도 여러 카페에서 애용되는 제품으로, 기라델리만의 노하우로 완성되어 맛이 깊고 진하다고 이름이 났지요. 커피나 쉐이크 등 다양한 음료 외에도 디저트, 아이스크림에 뿌려 보는 즐거움까지 더해보세요. ", "img3": "https://img-cf.kurly.com/shop/data/goodsview/20190529/gv40000051388_1.jpg", "option_name_list": [" [기라델리] 시솔트소스 스퀴즈보틀", "[기라델리] 카라멜소스 스퀴즈보틀", "[기라델리] 초콜렛소스 스퀴즈보틀"], "option_price_list": ["10,500원", "10,500원", "10,500원"]}