{"img1": "https://img-cf.kurly.com/shop/data/goods/1585631098902y0.jpg", "name": "[ZOTT] 타이거 스트링 치즈", "summary": "결결이 찢어지는 치즈", "price": "4,000원", "discount_rate": 0, "unit": "1봉", "amount": "84g (4개입)", "package": "냉장/종이포장", "made_in": "", "img2": "https://img-cf.kurly.com/shop/data/goodsview/20200331/gv30000088112_1.jpg", "description": "스트링 치즈는 결을 따라 쪽쪽 찢어먹는 재미가 있는 간식이에요. 함량의 대부분을 우유가 차지하는 만큼 어떤 원료를 썼는지가 중요한데요. 컬리는 유제품 전문 회사인 zott가 만들어 품질이 좋은 스트링 치즈를 준비했습니다. 치즈를 만드는 데 꼭 필요한 수준으로만 소금을 넣었기 때문에 짠맛은 거의 느껴지지 않아요. 덕분에 고소한 맛을 좋아하는 어른은 물론이고 아이들 간식으로도 손색이 없죠. 한 줄씩 개별 포장이 되어 있으니 외출 시에 하나씩 가지고 다니기도 좋을 거예요.", "img3": "https://img-cf.kurly.com/shop/data/goodsview/20200331/gv30000088160_1.jpg", "option_name_list": [], "option_price_list": []},
{"img1": "https://img-cf.kurly.com/shop/data/goods/1584929693416y0.jpg", "name": "[마일랜드] 뉴질랜드 체다 치즈 3종", "summary": "입맛 따라 즐기는 뉴질랜드 대표 치즈", "price": "4,720원", "discount_rate": "20%", "unit": "1개", "amount": "250g", "package": "냉장/종이포장", "made_in": "", "img2": "https://img-cf.kurly.com/shop/data/goodsview/20200323/gv00000086584_1.jpg", "description": "치즈 입문자부터 마니아까지 아우르는 체다 치즈를 소개할게요. 폰테라 사의 체다 치즈 전문 브랜드인 메인랜드는 뉴질랜드에서 자체 품질 테스트와 숙성 과정을 거쳐 특색있는 치즈를 만듭니다. 또 상품마다 숙성 기간을 달리 하여 다양한 맛의 치즈를 선보이는데요, 컬리는 그 중 3종의 체다 치즈를 준비했어요. 아이가 먹기에도 부담없는 치즈부터 요리에 활용하기 제격인 치즈, 2년 숙성으로 향을 극대화한 치즈까지 입맛에 따라 다채롭게 즐겨보세요.", "img3": "https://img-cf.kurly.com/shop/data/goodsview/20200323/gv10000086590_1.jpg", "option_name_list": ["[마일랜드] 체다 마일드", "[마일랜드] 체다 콜비", "[마일랜드] 체다 빈티지"], "option_price_list": ["5,900원", "5,900원", "6,900원"]},
{"img1": "https://img-cf.kurly.com/shop/data/goods/1583732024353y0.jpg", "name": "[알미토] 체리페퍼 위드 크림치즈", "summary": "크림치즈를 가득 품은 체리페퍼", "price": "6,490원", "discount_rate": 0, "unit": "1병", "amount": "280g", "package": "냉장/종이포장", "made_in": "", "img2": "https://img-cf.kurly.com/shop/data/goodsview/20200309/gv20000084701_1.jpg", "description": "지중해나 북유럽에서는 예로부터 각종 재료를 오일에 절인 음식을 즐겨왔지요. 컬리는 그리스에서 독특한 모양의 피망에 크림치즈를 조합한 특별한 절임을 가져왔답니다. 체리처럼 빨갛고 탐스럽게 생겨 '체리페퍼'로 불리는 피망에 머스타드로 스파이시하게 양념한 크림치즈를 꽉 채워 넣은 뒤 오일에 재운 제품이에요. 한 알을 입안에 톡 집어넣으면 오일리한 감촉과 크림치즈의 부드러움이 감겨오는데요. 뒤따라오는 알싸한 맛이 무척 매력적이랍니다. 다채로운 풍미를 지니고 있어 샐러드에 넣거나 빵, 크래커에 곁들여 즐기기도 좋습니다.", "img3": "https://img-cf.kurly.com/shop/data/goodsview/20200309/gv40000084704_1.jpg", "option_name_list": [], "option_price_list": []},
{"img1": "https://img-cf.kurly.com/shop/data/goods/1526632903616y0.jpg", "name": "[zott] 모짜렐라 치즈", "summary": "매일 먹기 좋은 신선하고 고소한 맛", "price": "4,100원", "discount_rate": 0, "unit": "1팩", "amount": "125g", "package": "냉장/종이포장", "made_in": "", "img2": "", "description": "", "img3": "", "option_name_list": [], "option_price_list": []},
{"img1": "https://img-cf.kurly.com/shop/data/goods/1579143297118y0.jpg", "name": "[빔스터] 110년 전통 고다치즈 3종", "summary": "치즈 풍미 뒤에 숨겨진 은은한 단맛", "price": "6,750원", "discount_rate": "10%", "unit": "1팩", "amount": "제품별상이(컨텐츠참조)", "package": "냉장/종이포장", "made_in": "", "img2": "https://img-cf.kurly.com/shop/data/goodsview/20200116/gv10000078143_1.jpg", "description": "1901년에 설립된 유서 깊은 빔스터의 고다치즈 3종을 소개합니다. 미네랄이 풍부한 간척지 토양의 풀을 주식으로 하는 소로부터 우유를 짜내 만들었어요. 뿐만 아니라 수작업으로 커드를 젓는 등 제조 과정에도 정성을 다했답니다. 그 결과 씹을수록 단맛이 은은하게 느껴지면서도 크리미한 치즈가 완성되죠. 이처럼 장인 정신이 듬뿍 담긴 빔스터의 고다치즈를 숙성 기간에 따라 세 종류로 준비했어요. 샌드위치 재료, 파스타·수프에 치즈 풍미를 더하는 용도 등 다양하게 활용 가능하니, 취향에 따라 선택해보세요.", "img3": "https://img-cf.kurly.com/shop/data/goodsview/20200116/gv00000078352_1.jpg", "option_name_list": [" [빔스터] 로얄 고다치즈", "[빔스터] 로얄 에이지드 고다치즈", "[빔스터] 로얄 그랑크뤼 고다치즈"], "option_price_list": ["7,500원", "7,900원", "12,000원"]},
{"img1": "https://img-cf.kurly.com/shop/data/goods/1577777190892y0.jpg", "name": "[란다나] 저지 고다 머추어 치즈", "summary": "고급 품종인 저지 소의 우유로 만든 고다 치즈", "price": "12,500원", "discount_rate": 0, "unit": "1팩", "amount": "250g", "package": "냉장/종이포장", "made_in": "", "img2": "https://img-cf.kurly.com/shop/data/goodsview/20191231/gv10000076089_1.jpg", "description": "네덜란드 전체 소의 0.5%만을 차지하는 고급 품종의 소, 저지(Jersey) 소의 우유로 만들어진 란다나의 '저지 고다 머추어 치즈'를 소개할게요. 저지 밀크는 골든 밀크, 로열 밀크라고도 불리며 영국 왕실에 납품될 정도로 품질 좋은 우유랍니다. 치즈 숙성 창고의 나무 선반에서 16~20주 동안 자연 숙성된 '저지 고다 머추어 치즈'는 부드럽게 씹히는 맛이 일품이에요. 치즈 풍미가 은은하게 감돌아 치즈 초보자들도 거부감 없이 먹을 수 있을 정도이지요. 샌드위치, 토스트의 속 재료로 사용하거나 카나페에 곁들여 먹어도 좋아요. 감질나게 짭조름한 맛까지 나는 저지 고다 머추어 치즈를 와인 안주로도 즐겨보세요.", "img3": "https://img-cf.kurly.com/shop/data/goodsview/20191231/gv20000076117_1.jpg", "option_name_list": [], "option_price_list": []},
{"img1": "https://img-cf.kurly.com/shop/data/goods/157672989918y0.jpg", "name": "[임실치즈] 임실스트링치즈 2종", "summary": "간편하게 찢어먹는 생치즈", "price": "5,600원", "discount_rate": 0, "unit": "1박스", "amount": "옵션별 상이", "package": "냉장/종이포장", "made_in": "", "img2": "https://img-cf.kurly.com/shop/data/goodsview/20191219/gv20000073865_1.jpg", "description": "쫄깃하게 늘어나는 스트링 치즈는 치즈를 즐기는 가장 간편한 방법 중 하나일 거예요. 담백한 맛 덕분에 어느 요리에 곁들여도 잘 어울리는 데다, 간식으로 한 손에 들고 쭉쭉 찢어먹기만 해도 좋으니까요. 컬리는 우리나라 치즈의 본고장, 임실에서 온 스트링 치즈를 준비했어요. 국산 우유로 만든 순수한 생치즈를 스트레칭 몰딩 과정을 통해 탄력 있게 가공했답니다. 동결건조한 유산균도 살짝 넣어주었기에 더욱 건강하게 즐길 수 있고요. 개별포장 되어있으니, 먹고 싶을 때 하나씩 뜯어 치즈의 결결이 스며있는 자연스러운 원유의 향을 느껴보세요.", "img3": "https://img-cf.kurly.com/shop/data/goodsview/20191219/gv10000073879_1.jpg", "option_name_list": ["[임실치즈] 임실스트링치즈 20g*5입", "[임실치즈] 임실스트링치즈 20g*10입"], "option_price_list": ["5,600원", "9,900원"]},
{"img1": "https://img-cf.kurly.com/shop/data/goods/157588691852y0.jpg", "name": "[보스카] 코펜하겐 치즈 나이프 세트", "summary": "세련미를 갖춘 스틸 치즈 나이프", "price": "23,400원", "discount_rate": "10%", "unit": "제품별상이(하단참조)", "amount": "제품별상이(하단참조)", "package": "냉장/종이포장", "made_in": "", "img2": "https://img-cf.kurly.com/shop/data/goodsview/20191209/gv30000072027_1.jpg", "description": "고기와 과일을 자르는 칼이 다르듯이 치즈를 자를 때도 적합한 도구가 필요합니다. 치즈는 만드는 방법과 숙성도에 따라 제작기 다른 질감을 지니고 있어요. 연성치즈는 식감이 부드러운 반면 하드 치즈는 표면이 딱딱합니다. 치즈의 특성을 고려해 그에 맞는 나이프를 쓰는 것이 중요한 이유예요. 보스카의 코펜하겐 치즈 나이프 세트는 버터나 프레시 치즈를 위한 스프레딩 미니 나이프와 세미 소프트 치즈를 위한 나이프, 세미 하드 치즈 나이프, 하드 치즈 나이프로 구성되어 있어요. 원하는 치즈를 골라 그에 맞는 나이프로 유용함을 누려보세요. ", "img3": "https://img-cf.kurly.com/shop/data/goodsview/20191209/gv30000072032_1.jpg", "option_name_list": [], "option_price_list": []},
{"img1": "https://img-cf.kurly.com/shop/data/goods/1575956945987y0.jpg", "name": "[보스카] 세미 소프트 치즈 나이프", "summary": "연성 치즈를 위한 필수품", "price": "23,400원", "discount_rate": "10%", "unit": "1개", "amount": "하단참조", "package": "상온/종이포장", "made_in": "", "img2": "https://img-cf.kurly.com/shop/data/goodsview/20191209/gv00000071987_1.jpg", "description": "고기와 과일을 자르는 칼이 다르듯이 치즈를 자를 때도 적합한 도구가 필요합니다. 보스카의 세미 소프트 치즈 나이프는 전통적 스타일의 치즈 칼로, 연성치즈를 자를 때 유용해요. 연성 치즈는 부드럽게 녹아내리는 성질이 있어 일반 칼로 자르면 치즈 조각이 찐득하게 달라붙어요. 세미 소프트 치즈 나이프는 칼날에 구멍이 송송 뚫려 있어 치즈 조각이 달라붙지 않고, 깔끔하게 잘립니다. 칼날과 손잡이를 날렵하게 연결한 디자인도 고급스러워 소장 욕구를 불러일으킵니다. ", "img3": "https://img-cf.kurly.com/shop/data/goodsview/20191209/gv40000072002_1.jpg", "option_name_list": [], "option_price_list": []},
{"img1": "https://img-cf.kurly.com/shop/data/goods/1575886444515y0.jpg", "name": "[보스카] 치즈 세트 프렌즈", "summary": "제각각 쓰임이 다른 치즈 나이프를 담은", "price": "66,000원", "discount_rate": 0, "unit": "제품별상이(하단참조)", "amount": "제품별상이(하단참조)", "package": "상온/종이포장", "made_in": "", "img2": "https://img-cf.kurly.com/shop/data/goodsview/20191209/gv20000072023_1.jpg", "description": "고기와 과일을 자르는 칼이 다르듯이 치즈를 자를 때도 적합한 도구가 필요합니다. 나이프로 치즈를 자르고 담을 수 있는 도마까지 함께라면 더 없이 좋습니다. 보스카의 치즈 세트 프렌즈는 쓰임이 제각기 다른 치즈 나이프와 오크 나무의 결을 그대로 살려 만든 도마로 구성했어요. 특히 나이프는 단단한 스테인리스 스틸 소재로 만든 칼날에 오크 나무 손잡이를 더해 고급스러워요. 버터나 부드러운 프레시 치즈를 자를 때 유용한 스프레딩 나이프 미니와 하드 치즈 나이프, 치즈 나이프 치지 미니가 포함되어 있으니 그에 맞는 치즈를 선택해 보다 편리하게 잘라보세요. 예쁘게 자른 치즈를 나무 도마 위에 플레이팅하는 것도 잊지 마세요! ", "img3": "https://img-cf.kurly.com/shop/data/goodsview/20191209/gv30000072026_1.jpg", "option_name_list": [], "option_price_list": []},
{"img1": "https://img-cf.kurly.com/shop/data/goods/1574143947915y0.jpg", "name": "[쁘띠구르망] 4프로마쥬 슈레드 치즈", "summary": "네 가지 자연치즈를 고루 담은", "price": "9,980원", "discount_rate": 0, "unit": "1봉", "amount": "800g", "package": "냉장/종이포장", "made_in": "", "img2": "https://img-cf.kurly.com/shop/data/goodsview/20191119/gv40000068651_1.jpg", "description": "그레이터 없이 가볍게 솔솔 뿌려 음식의 맛과 멋을 더하는 슈레드 치즈. 컬리는 800g 대용량으로 부족함 없이 넉넉하게 사용하실 수 있는 쁘띠구르망 4프로마쥬 슈레드 치즈를 소개합니다. 용량만큼 원재료 또한 세심하게 신경 쓴 상품이에요. 자연치즈 그대로의 모짜렐라, 콜비, 체다, 고다치즈를 적절하게 혼합했거든요. 파스타나 피자는 물론 떡볶이, 볶음밥 등 다양한 요리에 간편하게 사용할 수 있답니다. 네 가지 치즈가 전하는 부드러운 고소함을 만끽해보세요.", "img3": "https://img-cf.kurly.com/shop/data/goodsview/20191119/gv30000068666_1.jpg", "option_name_list": [], "option_price_list": []},
{"img1": "https://img-cf.kurly.com/shop/data/goods/1573607744967y0.jpg", "name": "[알라 아페티나] 화이트 치즈", "summary": "샐러드와 어울리는 짭짤한 치즈", "price": "5,900원", "discount_rate": 0, "unit": "1통", "amount": "200g", "package": "냉장/종이포장", "made_in": "", "img2": "https://img-cf.kurly.com/shop/data/goodsview/20191113/gv20000014904_1.jpg", "description": "치즈를 조금 더 가벼운 마음으로 즐기고 싶은 분들을 위해 알라 아페티나의 화이트 치즈를 선보입니다. 한입에 쏙 넣어도 좋을 정도로 깍둑썰기 된 제품이라 치즈 나이프나 치즈 보드 없이 즐기실 수 있지요. 짠맛이 가미된 치즈이기에 찬물이나 우유에 잠깐 담가 두었다가 꺼내 드시면 훨씬 입맛에 맞을 거예요. 각진 모양만 보고서 양젖과 염소젖으로 만든 페타치즈라 생각할지도 모르겠어요. 하지만 이 치즈는 덴마크산 원유 100%로 만든 우유 치즈입니다. 신선한 샐러드에 그대로 토핑해 드시면 가장 맛있고요. 크래커와 함께 핑거 푸드를 만들면 더없이 근사하답니다.", "img3": "https://img-cf.kurly.com/shop/data/goodsview/20191030/gv40000066346_1.jpg", "option_name_list": [], "option_price_list": []},
{"img1": "https://img-cf.kurly.com/shop/data/goods/1571721728928y0.jpg", "name": "[Kiri] 끼리 딥앤크런치 플레인", "summary": "콕 찍어 먹는 진한  크림치즈", "price": "5,750원", "discount_rate": 0, "unit": "1박스", "amount": "35g*4개입", "package": "냉장/종이포장", "made_in": "", "img2": "https://img-cf.kurly.com/shop/data/goodsview/20191022/gv20000065457_1.jpg", "description": "프랑스의 치즈 브랜드, Kiri가 선보이는 색다른 치즈 간식을 만나보세요. 끼리의 치즈는 신맛 없이 깔끔하고 고소한 우유의 풍미로 이미 명성이 자자한데요. 컬리는 스틱과자과 함께 크림치즈를 즐길 수 있는 딥앤크런치 제품을 준비했어요. 깔끔하게 포장된 껍질을 벗겨보면 길쭉한 모양의 과자와 크림치즈가 나뉘어 들어있어요. 크림치즈를 듬뿍 떠먹는 재미 뿐만 아니라, 진한 풍미와 바삭하고 고소한 맛을 동시에 즐길 수 있지요. 한 번에 먹기 좋은 양으로 담았기에 입이 심심한 시간 꺼내어 드시기 좋을 거예요.", "img3": "https://img-cf.kurly.com/shop/data/goodsview/20191022/gv40000065463_1.jpg", "option_name_list": [], "option_price_list": []},
{"img1": "https://img-cf.kurly.com/shop/data/goods/1571724861368y0.jpg", "name": "[Kiri] 끼리 크림치즈 포션 2종", "summary": "편리하게 즐기는 진한 고소함", "price": "4,790원", "discount_rate": 0, "unit": "1박스", "amount": "18g*6개입", "package": "냉장/종이포장", "made_in": "", "img2": "https://img-cf.kurly.com/shop/data/goodsview/20191022/gv20000065502_1.jpg", "description": "프랑스의 치즈 브랜드, Kiri가 선보이는 간편한 치즈 제품을 만나보세요. 끼리의 치즈는 신맛 없이 깔끔하고 고소한 우유의 풍미로 명성이 자자한데요. 컬리는 진한 크림치즈의 맛을 언제 어디서든 즐길 수 있는 크림치즈 포션을 준비했어요. 크림치즈를 덜거나 잘라 먹어야 할 필요 없이, 한입에 쏙 들어가는 네모 형태의 큐브로 담았답니다. 박스에서 하나씩 꺼내어 포장만 살살 벗겨주면 입 안 가득 부드럽고 고소한 맛을 즐길 수 있지요. 특별한 스낵처럼 그대로 먹어도 좋고, 녹진하게 발라먹는 스프레드로 활용해도 좋아요.", "img3": "https://img-cf.kurly.com/shop/data/goodsview/20191022/gv20000065506_1.jpg", "option_name_list": [" [Kiri] 끼리 크림치즈 포션 갈릭앤허브 판매종료", "[Kiri] 끼리 크림치즈 포션 플레인"], "option_price_list": ["4,790원", "4,790원"]},
{"img1": "https://img-cf.kurly.com/shop/data/goods/1571384852596y0.jpg", "name": "[벨레트왈] 크리미 슬라이스", "summary": "슬라이스 치즈의 매력", "price": "8,700원", "discount_rate": 0, "unit": "1팩", "amount": "150g / 6개입", "package": "냉장/종이포장", "made_in": "", "img2": "https://img-cf.kurly.com/shop/data/goodsview/20191018/gv30000065152_1.jpg", "description": "낱장씩 들어 있어 간편하게 사용하기 좋고, 활용도가 무궁무진한 슬라이스 치즈. 냉장고 한 켠에 넣어두고 필요할 때마다 꺼내 쓰기 참 좋아요. 벨레트왈의 크리미 슬라이스는 자연숙성해서 만든 치즈를 그대로 슬라이스 해서 포장했고, 6장의 치즈가 들어있어요. 벨벳처럼 부드럽고 녹아내리는 식감이 좋아 '크리미'라고 이름을 붙였지요. 유당을 완전히 제거한 락토프리 제품으로, 우유를 잘 소화하지 못하는 분들도 부담 없이 즐길 수 있는 치즈랍니다. 따뜻하게 데운 빵 한 조각 위에 올려 먹거나 샌드위치 속재료로 활용해보세요. 손으로 툭툭 뜯어 김치볶음밥이나 떡볶이 등 매콤한 음식 위에 올리면 부드러운 풍미를 더해준답니다.", "img3": "https://img-cf.kurly.com/shop/data/goodsview/20191018/gv40000065156_1.jpg", "option_name_list": [], "option_price_list": []},
{"img1": "https://img-cf.kurly.com/shop/data/goods/1571108248617y0.jpg", "name": "[사토리] 에스프레소 벨라비타노", "summary": "미국 아티장 치즈의 감각적인 맛", "price": "13,500원", "discount_rate": 0, "unit": "1팩", "amount": "150g", "package": "냉장/종이포장", "made_in": "", "img2": "https://img-cf.kurly.com/shop/data/goodsview/20191004/gv00000063774_1.jpg", "description": "미국 아티장 치즈, 사토리는 본고장인 유럽을 뛰어넘을 정도로 찬사를 받으며 치즈 하나로 아메리칸 드림을 실현한 주인공이에요. 사토리는 70년이 넘도록 신선한 원유를 활용해 맛과 풍미가 조화로운 치즈를 만들어 오고 있어요. 사토리의 대표 상품이자 세미 하드 치즈인 골드 벨라비타노에 다채로운 식재료를 더해 치즈 맛에 독특한 변주를 주는 것으로도 유명하지요. 에스프레소 벨라비타노도 그중 하나로, 골드 벨라비타노의 외피에 신선하게 로스팅한 이탈리안 에스프레소를 손으로 문질러 그윽한 풍미를 입혔어요. 한 조각을 먹을 때마다 우아한 풍미와 크리미한 질감을 동시에 음미해보세요. ", "img3": "https://img-cf.kurly.com/shop/data/goodsview/20191004/gv20000063782_1.jpg", "option_name_list": [], "option_price_list": []}