{"img1": "https://img-cf.kurly.com/shop/data/goods/1585551737932y0.jpg", "name": "[근대골목도나쓰] 추억의 찹쌀 드레곤볼 3종", "summary": "한국식 도넛과 다양한 앙금의 조화", "price": "2,500원", "discount_rate": 0, "unit": "1개", "amount": "90g", "package": "냉동/종이포장", "made_in": "", "img2": "https://img-cf.kurly.com/shop/data/goodsview/20200330/gv10000087955_1.jpg", "description": "대구의 근대골목에는 향수를 불러일으키는 다양한 먹거리가 가득해요. 옛 방식대로 구워낸 단팥빵을 맛보았다면, 그다음은 쫀득쫀득한 찹쌀 앙금 도나스의 차례랍니다. 근대골목도나스의 대표 메뉴 '추억의 찹쌀 드레곤볼'을 소개할게요. 유명 만화에 나오는 드레곤볼처럼 동글동글한 모양의 찹쌀 도넛 안에 3가지 앙금을 채워 넣었답니다. 어릴 적 시장에서 하나씩 손에 들고는 입가에 기름을 묻혀가며 쭈욱 뜯어 먹던 추억이 새록새록 떠오르죠. 어른들도 좋아할 클래식한 단팥 도나스부터 이색적인 조합을 선사할 크림치즈 도나스까지, 마음에 드는 것으로 선택해보세요.", "img3": "https://img-cf.kurly.com/shop/data/goodsview/20200330/gv20000087968_1.jpg", "option_name_list": ["[근대골목도나쓰] 추억의 찹쌀 드레곤볼 찰단팥", "[근대골목도나쓰] 추억의 찹쌀 드레곤볼 찰치즈", "[근대골목도나쓰] 추억의 찹쌀 드레곤볼 찰호박"], "option_price_list": ["2,500원", "2,500원", "2,500원"]},
{"img1": "https://img-cf.kurly.com/shop/data/goods/1585030217172y0.jpg", "name": "[있을:재] 티라미수", "summary": "파인다이닝의 시그니처 디저트", "price": "11,400원", "discount_rate": "5%", "unit": "1개 ", "amount": "220g", "package": "냉동/종이포장", "made_in": "", "img2": "https://img-cf.kurly.com/shop/data/goodsview/20200324/gv30000086827_1.jpg", "description": "무심한 일상을 단번에 깨뜨릴 한 입의 디저트를 만나보세요. 도산공원의 이탈리안 파인다이닝, 있을:재가 선보이는 티라미수입니다. 매장의 그 맛을 그대로 전해드리기 위해, 셰프의 레시피를 고스란히 녹여냈는데요. 촘촘한 텍스처를 자랑하는 마스카포네 치즈와 크림을 아낌 없이 얹어 완성했습니다. 촉촉하게 적셔낸 사보이아르디는, 두터운 크림층 아래에서 그윽한 에스프레소의 향미를 뿜어내고요. 한두 번에 나눠 드시기 좋은 양으로 보내드리니, 살짝 해동만 해 그대로 드셔보세요. 한 스푼으로도 고양되는 순간을 만끽할 수 있을 거예요.", "img3": "https://img-cf.kurly.com/shop/data/goodsview/20200324/gv20000086832_1.jpg", "option_name_list": [], "option_price_list": []},
{"img1": "https://img-cf.kurly.com/shop/data/goods/1584324548750y0.jpg", "name": "[안티코] 사보이아르디", "summary": "촉촉한 티라미수를 위한 핑거쿠키", "price": "3,430원", "discount_rate": "30%", "unit": "PK", "amount": "400g(48개입)", "package": "상온/종이포장", "made_in": "", "img2": "https://img-cf.kurly.com/shop/data/goodsview/20200316/gv20000085590_1.jpg", "description": "이탈리아어로 '레이디스 핑거'라는 뜻하는 사보이아르디는 티라미수를 만들 때 빼놓을 수 없는 재료예요. 평소엔 바삭바삭한 식감이지만, 수분이 닿으면 촉촉하게 변신하며 폭신한 시트가 되어주지요. 안티코의 사보이아르디와 함께라면 티라미수를 직접 만들어 드실 수 있답니다. 번거롭게 쿠키를 구워낼 필요 없이, 마스카포네 치즈와 커피시럽, 그리고 파우더만 준비하면 준비 완료입니다. 부드러운 크림과 함께 사보이아르디를 층층이 쌓아 보세요. 세상에 단 하나밖에 없는 티라미수를 만드는 재미까지 누릴 수 있을 거예요.", "img3": "https://img-cf.kurly.com/shop/data/goodsview/20200316/gv30000085592_1.jpg", "option_name_list": [], "option_price_list": []},
{"img1": "https://img-cf.kurly.com/shop/data/goods/1583980795685y0.jpg", "name": "[쇼콜리디아] 수줍은 벚꽃 브라우니 2종", "summary": "사르르 녹는 꽃다발", "price": "12,000원", "discount_rate": 0, "unit": "1박스", "amount": "옵션별 상이", "package": "냉동/종이포장", "made_in": "", "img2": "https://img-cf.kurly.com/shop/data/goodsview/20200312/gv10000085249_1.jpg", "description": "고운 분홍빛 꽃들이 탄성을 자아내게 할 특별한 디저트를 소개할게요. 먹는 꽃다발이라는 별칭을 가지고 있는 쇼콜리디아의 수줍은 벚꽃 브라우니랍니다. 벚꽃과 꼭 닮은 모양으로 빚어낸 초콜릿을 초콜릿 브라우니 위에 올렸어요. 앙증맞은 크기의 벚꽃 브라우니는 여러 사람과 가볍게 나누기에도 좋고, 기념할만한 날에 어울리는 부담 없는 선물이 될 거예요. 꽃피는 화사한 봄날, 즐거운 소풍 테이블에 꺼내놓으면 센스있다는 기분 좋은 칭찬까지 들을 수 있겠죠.", "img3": "https://img-cf.kurly.com/shop/data/goodsview/20200312/gv40000085253_1.jpg", "option_name_list": ["[쇼콜리디아] 벚꽃 브라우니 9개입", "[쇼콜리디아] 벚꽃 브라우니 27개입"], "option_price_list": ["12,000원", "32,000원"]},
{"img1": "https://img-cf.kurly.com/shop/data/goods/1583894014718y0.jpg", "name": "[간식엔] 베이글칩 2종", "summary": "튀기지 않고 바삭하게 구운 베이글칩", "price": "1,920원", "discount_rate": 0, "unit": "1봉", "amount": "60g", "package": "상온/종이포장", "made_in": "", "img2": "https://img-cf.kurly.com/shop/data/goodsview/20200311/gv20000085149_1.jpg", "description": "폭신하면서도 쫄깃한 베이글을 얇게 슬라이스한 뒤 그대로 오븐에서 구워내면 바삭한 스낵으로 다시 태어나지요. 살짝 깨물어보면 단단한가 싶으면서도 경쾌하게 부서지는데요. 컬리는 담백하고 고소한 베이글칩 위에 시즈닝 가루를 사르르 뿌려 한층 달콤하고 짭짤하게 즐기기 좋은 간식엔의 베이글칩 2가지 맛을 준비했어요. 심심할 때 한 봉지 꺼내어 한 번에 다 먹기 좋은 소용량인데도 먹다 보면 은근히 포만감이 느껴져 흡족하답니다. 베이글을 즐길 때처럼 크림치즈를 바르거나 잼을 곁들여 먹어도 좋아요.", "img3": "https://img-cf.kurly.com/shop/data/goodsview/20200311/gv30000085153_1.jpg", "option_name_list": ["[간식엔] 베이글칩 허니버터", "[간식엔] 베이글칩 갈릭버터"], "option_price_list": ["1,920원", "1,920원"]},
{"img1": "https://img-cf.kurly.com/shop/data/goods/158338668750y0.jpg", "name": "[끌레도르] 치즈케익 파인트", "summary": "쫀득한 텍스쳐로 만나는 달콤 치즈케익!", "price": "7,500원", "discount_rate": 0, "unit": "1통", "amount": "474mL", "package": "냉동/종이포장", "made_in": "", "img2": "https://img-cf.kurly.com/shop/data/goodsview/20200305/gv20000084199_1.jpg", "description": "끌레도르는 50년 아이스크림 전문 기업인 빙그레의 노하우가 담긴 프리미엄 라인이에요. 깐깐하게 엄선한 우유와 재료만을 고집하여 빈틈 없이 꽉 찬 풍미를 전해드리죠. 저온공법으로 천천히 만든 아이스크림인 만큼, 묵직하고 부드러운 텍스처를 자랑하고요, 이번에 소개하는 치즈케익 파인트는 부드러운 아이스크림에 쫀득한 치즈케익돠 상큼한 딸기의 풍미가 더해졌어요. 국산 딸기로 만든 시럽을 넉넉하게 뿌리고, 묵직한 치즈케익 조각을 넣어 씹는 맛을 더했지요. 넉넉한 파인트 크기로 준비했으니, 달콤하고 시원하게 누려보세요.", "img3": "https://img-cf.kurly.com/shop/data/goodsview/20200305/gv10000084202_1.jpg", "option_name_list": [], "option_price_list": []},
{"img1": "https://img-cf.kurly.com/shop/data/goods/158372801332y0.jpg", "name": "[선물세트] 사층빵집 러브에디션 마카롱 세트", "summary": "사랑스러운 분홍빛의 마카롱", "price": "23,000원", "discount_rate": 0, "unit": "1박스", "amount": "30g*6개입", "package": "냉동/종이포장", "made_in": "", "img2": "https://img-cf.kurly.com/shop/data/goodsview/20200309/gv30000084633_1.jpg", "description": "사랑스럽다, 달콤하다는 단어를 마카롱에 입히면 이렇게 될까요? 사층빵집은 패키지부터 동그란 꼬끄까지 부드러운 분홍빛으로 물들인 세트를 선보여요. 매일매일 온도와 습도에 따라 조금씩 레시피를 바꿔가며 100% 핸드메이드 방식으로 만들었답니다. 벨기에산 초콜릿에 프랑스산 생크림 등 좋은 재료를 골라 넣어 고급스러운 풍미를 느낄 수 있죠. 인기 있는 옵션인 바닐라와 다크 초코를 하나씩 넣고, 이번 시즌을 맞아 새롭게 선보이는 딸기우유 마카롱도 함께 구성했습니다. 쇼핑백도 함께 드리니 소중한 분께 마음을 담아 선물해보세요. ", "img3": "https://img-cf.kurly.com/shop/data/goodsview/20200309/gv40000084634_1.jpg", "option_name_list": [], "option_price_list": []},
{"img1": "https://img-cf.kurly.com/shop/data/goods/1583463274930y0.jpg", "name": "[나폴레옹] 산딸기 크림치즈 롤", "summary": "산뜻한 분홍 크림을 감싼 롤케이크", "price": "21,000원", "discount_rate": 0, "unit": "1박스", "amount": "395g", "package": "냉동/종이포장", "made_in": "", "img2": "https://img-cf.kurly.com/shop/data/goodsview/20200306/gv20000084409_1.jpg", "description": "롤케이크는 꼭 특별한 날이 아니어도 언제나 부담 없이 즐기기 좋은 케이크에요. 조금씩 잘라서 나누다 보면, 어느새 짧아져 있는 길이에 아쉬움마저 느껴지죠. 컬리는 수많은 명장을 배출해낸 서울 3대 베이커리, 나폴레옹의 인기 제품인 산딸기 크림치즈 롤을 준비했어요. 산딸기와 라즈베리가 들어간 산뜻한 맛의 분홍색 크림을 촉촉한 스폰지 시트로 돌돌 말아서 만들었죠. 홍차와 특히 잘 어울리니 티타임에 곁들여 보세요. 정성스레 리본으로 포장해 보내드리니 기분 좋은 선물로도 안성맞춤일 거예요.", "img3": "https://img-cf.kurly.com/shop/data/goodsview/20200306/gv30000084413_1.jpg", "option_name_list": [], "option_price_list": []},
{"img1": "https://img-cf.kurly.com/shop/data/goods/1582004437191y0.jpg", "name": "[카르멘시타] 베이킹용 재료 5종", "summary": "귀여운 모양과 알록달록한 색감", "price": "4,500원", "discount_rate": 0, "unit": "1병", "amount": "옵션별 상이", "package": "상온/종이포장", "made_in": "", "img2": "https://img-cf.kurly.com/shop/data/goodsview/20200218/gv30000081783_1.jpg", "description": "성공적인 홈베이킹을 위해서는 물론 맛도 중요하지만, 비주얼도 절대 놓칠 수 없는 부분이지요. 컬리는 취향과 용도에 따라 다양하게 활용할 수 있는 카르멘시타의 베이킹용 재료들을 선보입니다. 스페인의 유명 향신료 브랜드, 카르멘시타 제품이라 더욱 눈길이 갈 수 밖에 없죠. 다양한 베이커리들을 화려하고 개성 넘치게 장식할 수 있는 2가지 슈가 파우더와 3가지 토핑을 준비했습니다. 향신료처럼 가볍게 톡톡 뿌려 사용할 수 있어 매우 편리하답니다. 고운 입자와 앙증맞은 모양, 화사한 색감의 5가지 재료들을 오늘의 홈베이킹에 활용해 보세요. ", "img3": "https://img-cf.kurly.com/shop/data/goodsview/20200218/gv00000081799_1.jpg", "option_name_list": [" [카르멘시타] 아이싱슈가파우더", "[카르멘시타] 바닐라향슈가", " [카르멘시타] 컬러하트", "[카르멘시타] 컬러스타", "[카르멘시타] 컬러스트랜드"], "option_price_list": ["4,500원", "4,500원", "4,500원", "4,500원", "4,500원"]},
{"img1": "https://img-cf.kurly.com/shop/data/goods/1581301360507y0.jpg", "name": "[자케] 미니 헤이즐넛 브라우니", "summary": "꾸덕한 초콜릿 브라우니에 쏙쏙 박힌 헤이즐넛 조각", "price": "3,500원", "discount_rate": 0, "unit": "1상자", "amount": "30gx5개입", "package": "상온/종이포장", "made_in": "", "img2": "https://img-cf.kurly.com/shop/data/goodsview/20200210/gv20000080832_1.jpg", "description": "프랑스를 대표하는 디저트 브랜드 '자케'가 만든 헤이즐넛 브라우니를 만나보세요. 녹진한 초콜릿 브라우니 속에 작은 헤이즐넛 조각이 쏙쏙 박혀 있는 달콤한 디저트인데요. 한 입 베어 물면, 폭신한 빵과 오독한 헤이즐넛의 식감이 조화롭게 어우러지지요. 달달한 당 충전이 필요할 때, 아담한 사이즈의 미니 헤이즐넛 브라우니를 선택해 보세요. 하나씩 개별로 포장된 상품이라, 간편하게 휴대할 수 있어 더 만족스러워요.", "img3": "https://img-cf.kurly.com/shop/data/goodsview/20200210/gv20000080836_1.jpg", "option_name_list": [], "option_price_list": []},
{"img1": "https://img-cf.kurly.com/shop/data/goods/1581044741439y0.jpg", "name": "[페이브베이커리] 허니아몬드 페스츄리", "summary": "달콤한 아몬드 토핑이 올려진 페스츄리", "price": "3,000원", "discount_rate": 0, "unit": "1봉", "amount": "85g / 1개입", "package": "상온/종이포장", "made_in": "", "img2": "https://img-cf.kurly.com/shop/data/goodsview/20200207/gv40000080654_1.jpg", "description": "파이지의 결이 살아 있는 페스츄리에 토핑을 더하면 페스츄리의 다양한 변주가 시작되지요. 컬리는 달콤한 아몬드 토핑을 올린 페스츄리를 가져왔어요. 고품질 재료로 정직하게 빵을 만드는 브랜드, 페이브 베이커리가 선보이는 허니아몬드 페스츄리예요. 프랑스산 밀가루와 벨기에산 버터 등을 재료로 사용하여 바람개비 모양으로 페스츄리를 완성했는데요. 꿀을 머금은 아몬드를 페스츄리 위에 올려 단맛을 풍성히 채웠답니다. 커피나 티에 어울리는 달달한 티푸드를 찾는다면 허니아몬드 페스츄리를 곁들여 보세요. ", "img3": "https://img-cf.kurly.com/shop/data/goodsview/20200218/gv20000081919_1.jpg", "option_name_list": [], "option_price_list": []},
{"img1": "https://img-cf.kurly.com/shop/data/goods/1581049351332y0.jpg", "name": "[페이브베이커리] 팔미까레", "summary": "초콜릿을 입은 페스츄리", "price": "3,200원", "discount_rate": 0, "unit": "1봉", "amount": "65g / 1개입", "package": "상온/종이포장", "made_in": "", "img2": "https://img-cf.kurly.com/shop/data/goodsview/20200207/gv30000080672_1.jpg", "description": "팔미까레는 바삭하게 구운 페스츄리에 초콜릿 코팅을 입혀 만든 디저트를 말해요. 컬리는 페스츄리의 강자로 떠오르고 있는 페이브베이커리의 팔미까레를 가져왔어요. 프랑스산 밀가루와 벨기에산 버터가 섬세히 이뤄낸 파이지 반죽부터 남다르답니다. 자체 발효 공정으로 반죽을 정성 들여 구워 페스츄리를 완성했어요. 촘촘하게 짜인 파이지의 결에서 파삭한 식감과 진한 버터의 풍미를 엿볼 수 있죠. 페스츄리에 초콜릿을 진득하게 묻혀 달콤함으로 무장한 팔미까레. 티나 커피를 곁들여 달달한 여정을 시작해 보세요. ", "img3": "https://img-cf.kurly.com/shop/data/goodsview/20200218/gv20000081917_1.jpg", "option_name_list": [], "option_price_list": []},
{"img1": "https://img-cf.kurly.com/shop/data/goods/1581049229749y0.jpg", "name": "[페이브베이커리] 쇼콜라 돔", "summary": "초콜릿을 소복이 쌓아 올린 빵", "price": "3,500원", "discount_rate": 0, "unit": "1봉", "amount": "75g / 1개입", "package": "상온/종이포장", "made_in": "", "img2": "https://img-cf.kurly.com/shop/data/goodsview/20200207/gv10000080666_1.jpg", "description": "초콜릿 마니아라면 눈길이 저절로 갈 수밖에 없는 달콤한 디저트를 컬리에서 만나보세요. 세계 각지에서 공수한 재료로 정직하게 빵을 만드는 브랜드, 페이브 베이커리의 쇼콜라 돔입니다. 초콜릿의 풍미가 빵 안팎으로 빡빡하고 밀도 있게 들어찬 돔 형태의 빵이에요. 겉을 장식하고 있는 초콜릿 코팅 속에 호두 토핑이 자리하고 있어 씹는 식감도 즐겁답니다. 나른한 오후의 입맛을 깨워줄 쇼콜라 돔과 함께 달달함을 충전해 보세요. ", "img3": "https://img-cf.kurly.com/shop/data/goodsview/20200218/gv20000081918_1.jpg", "option_name_list": [], "option_price_list": []},
{"img1": "https://img-cf.kurly.com/shop/data/goods/1581049065432y0.jpg", "name": "[페이브베이커리] 뺑 오 머랭", "summary": "뺑 오 쇼콜라와 머랭의 조화", "price": "3,700원", "discount_rate": 0, "unit": "1봉", "amount": "68g X 4개입", "package": "상온/종이포장", "made_in": "", "img2": "https://img-cf.kurly.com/shop/data/goodsview/20200207/gv20000080662_1.jpg", "description": "뺑 오 쇼콜라는 페스츄리에 달콤 쌉싸래한 초콜릿이 녹아든 빵이죠. 세계 각지에서 공수한 재료로 정직하게 빵을 만드는 브랜드, 페이브 베이커리는 뺑 오 쇼콜라에서 착안한 특별한 디저트를 선보입니다. 페스츄리 위에 초콜릿, 머랭과 아몬드 슬라이스를 올려 구워낸 '뺑 오 머랭'이에요. 바삭하게 부서지는 머랭 속에 결을 잘 갖춘 페스츄리와 초콜릿이 씹혀 식감이 풍성히 전해져 오지요. 아몬드의 고소한 풍미는 맛의 균형을 잘 잡아준답니다. 어디에서도 쉽게 맛보기 힘든 뺑 오 머랭, 커피나 티와 함께 디저트로 즐겨보세요. ", "img3": "https://img-cf.kurly.com/shop/data/goodsview/20200218/gv10000081916_1.jpg", "option_name_list": [], "option_price_list": []},
{"img1": "https://img-cf.kurly.com/shop/data/goods/1580869963765y0.jpg", "name": "[선물세트] 마망갸또 고메 카라멜", "summary": "미식가를 위한 달콤함의 품격", "price": "27,000원", "discount_rate": 0, "unit": "1박스", "amount": "10g*10개입", "package": "냉장/종이포장", "made_in": "", "img2": "https://img-cf.kurly.com/shop/data/goodsview/20200205/gv30000080285_1.jpg", "description": "미각의 폭을 넓혀줄 특별한 스위트, 마망갸또의 고메 카라멜을 만나보세요. 트러플, 와인, 샤프란 등 쉽게 만나보기 힘든 재료를 엄선해 카라멜로 빚어냈어요. 피윤정 오너셰프의 끊임 없는 연구와 개발로 총 10가지의 개성 있는 맛이 탄생했는데요. 국내산 생크림, 우유와 프랑스산 버터를 사용하여 부드럽게 녹아드는 텍스처를 구현한 것은 물론, 매혹적인 각 재료의 풍미를 제대로 살려냈답니다. 고급스러운 전용 박스에 담아 보내드리니, 소중한 분에게 전하는 선물로도 손색이 없습니다. 달콤하게 전하고픈 마음과 함께, 잊을 수 없는 맛의 경험을 선사해 보세요.", "img3": "https://img-cf.kurly.com/shop/data/goodsview/20200205/gv00000080292_1.jpg", "option_name_list": [], "option_price_list": []},
{"img1": "https://img-cf.kurly.com/shop/data/goods/15808702684y0.jpg", "name": "[선물세트] 마망갸또 디저트 카라멜", "summary": "열 가지 매력을 담은 수제 카라멜", "price": "17,000원", "discount_rate": 0, "unit": "1박스", "amount": "10g*10개입", "package": "냉장/종이포장", "made_in": "", "img2": "https://img-cf.kurly.com/shop/data/goodsview/20200205/gv10000080293_1.jpg", "description": "'스페셜티 베이커리'라는 수식어에 걸맞게, 마망갸또의 디저트 카라멜은 화사한 달콤함을 선사합니다. 피윤정 오너셰프의 연구와 개발 끝에 핑크솔트, 얼그레이, 무화과 등 총 10가지의 재료가 카라멜로 피어났지요. 엄선한 국내산 생크림, 우유와 프랑스산 버터를 사용해 입 안에서 부드럽게 녹아드는 텍스처를 구현했는데요. 파티셰의 손끝에서 수제 방식으로 완성하기에, 풍미와 정성까지 가득 담겨있답니다. 하나씩 포장한 뒤 고급스러운 전용 박스에 담아 보내드리니, 마음을 전하는 선물로 활용해 보세요. 소중한 분께 달콤한 시간을 전할 수 있을 거예요.", "img3": "https://img-cf.kurly.com/shop/data/goodsview/20200304/gv00000084037_1.jpg", "option_name_list": [], "option_price_list": []}