{"name": "[오!리얼] 건강하게 즐기는 야채 스낵 5종", "img4": "https://img-cf.kurly.com/shop/data/goodsview/20200402/gv40000088641_2.jpg"},
{"name": "[ZOTT] 몬테 밀크디저트 초코", "img4": "https://img-cf.kurly.com/shop/data/goodsview/20200331/gv30000088147_2.jpg"},
{"name": "[DeMori] 이탈리아에서 온 토르세티 2종", "img4": "https://img-cf.kurly.com/shop/data/goodsview/20200319/gv30000086252_2.jpg"},
{"name": "[레오네] 이탈리아에서 온 동화 틴케이스 캔디 6종", "img4": "https://img-cf.kurly.com/shop/data/goodsview/20200318/gv00000086104_2.jpg"},
{"name": "[크놀라] 그래놀라 5종", "img4": "https://img-cf.kurly.com/shop/data/goodsview/20191021/gv10000065268_2.jpg"},
{"name": "[씨튼베이커리] 유기농 시리얼 3종", "img4": "https://img-cf.kurly.com/shop/data/goodsview/20190924/gv00000062647_2.jpg"},
{"name": "[씨튼베이커리] 유기농 스낵 5종", "img4": "https://img-cf.kurly.com/shop/data/goodsview/20190924/gv10000062597_2.jpg"},
{"name": "[zott] 몬테스낵(8개입)", "img4": "https://img-cf.kurly.com/shop/data/goodsview/20200316/gv40000085643_2.jpg"},
{"name": "[쇼콜리디아] 디아망 쿠키", "img4": "https://img-cf.kurly.com/shop/data/goodsview/20200316/gv40000085597_2.jpg"},
{"name": "[쿠키쿠커] 아메리칸스타일 쿠키 5종", "img4": "https://img-cf.kurly.com/shop/data/goodsview/20200312/gv20000085287_2.jpg"},
{"name": "[바삭] 프리즈 크리스피 람부탄", "img4": "https://img-cf.kurly.com/shop/data/goodsview/20200311/gv40000085128_2.jpg"},
{"name": "[리콜라] 레몬&허브 17.5gx10봉 기획세트", "img4": "https://img-cf.kurly.com/shop/data/goodsview/20200309/gv10000084758_2.jpg"},
{"name": "[아로마트러플] 블랙써머 트러플 포테이토칩 오리지널", "img4": "https://img-cf.kurly.com/shop/data/goodsview/20200305/gv10000084235_2.jpg"},
{"name": "[초코파이 하우스] 초코파이 6종", "img4": "https://img-cf.kurly.com/shop/data/goodsview/20200305/gv40000084346_2.jpg"},
{"name": "[위메이드] 밀크쿠키", "img4": "https://img-cf.kurly.com/shop/data/goodsview/20200305/gv10000084360_2.jpg"},
{"name": "오븐에 구운 넛츠파이 3종", "img4": "https://img-cf.kurly.com/shop/data/goodsview/20200304/gv10000083991_2.jpg"}