{"name": "[조선마켓] 조선향미 유기농 떡 2종", "img4": "https://img-cf.kurly.com/shop/data/goodsview/20200224/gv30000082422_2.jpg"},
{"name": "[성신미설병과] 밥알떡", "img4": "https://img-cf.kurly.com/shop/data/goodsview/20200205/gv00000080405_2.jpg"},
{"name": "[신복자명인떡] 오색보리 앙금떡 6종", "img4": "https://img-cf.kurly.com/shop/data/goodsview/20200110/gv10000077589_2.jpg"},
{"name": "[착한떡] 뽀로로 설기 2종", "img4": "https://img-cf.kurly.com/shop/data/goodsview/20200115/gv10000078077_2.jpg"},
{"name": "[착한떡] 꼬마버스 타요 설기 2종", "img4": "https://img-cf.kurly.com/shop/data/goodsview/20200115/gv20000078078_2.jpg"},
{"name": "[선물세트] 동병상련 전통방식으로 만든 주전부리 세트", "img4": ""},
{"name": "[선물세트] 동병상련 정성이 담겨있는 정과 세트", "img4": ""},
{"name": "[성신미설병과] 단감떡", "img4": "https://img-cf.kurly.com/shop/data/goodsview/20200102/gv40000076185_2.jpg"},
{"name": "[교아당] 쫀득한 수제강정 2종", "img4": "https://img-cf.kurly.com/shop/data/goodsview/20191217/gv30000073299_2.jpg"},
{"name": "[착한마을 마음이가] 호박 영양떡", "img4": "https://img-cf.kurly.com/shop/data/goodsview/20191216/gv10000072926_2.jpg"},
{"name": "[착한마을 마음이가] 흑미 영양떡", "img4": "https://img-cf.kurly.com/shop/data/goodsview/20191216/gv30000072916_2.jpg"},
{"name": "[착한마을 마음이가] 흰콩 쑥개떡", "img4": "https://img-cf.kurly.com/shop/data/goodsview/20191216/gv10000072911_2.jpg"},
{"name": "[착한마을 마음이가] 쑥 영양떡", "img4": "https://img-cf.kurly.com/shop/data/goodsview/20191216/gv40000072921_2.jpg"},
{"name": "[성신미설병과] 오색찹쌀떡", "img4": "https://img-cf.kurly.com/shop/data/goodsview/20191106/gv10000067110_2.jpg"},
{"name": "[성신미설병과] 망개떡", "img4": "https://img-cf.kurly.com/shop/data/goodsview/20191106/gv40000067128_2.jpg"},
{"name": "수고했어 찹쌀떡", "img4": "https://img-cf.kurly.com/shop/data/goodsview/20191106/gv10000067083_2.jpg"}