{"name": "[푸르메다] 보리 순 아이티 (분말 스틱)", "img4": "https://img-cf.kurly.com/shop/data/goodsview/20200406/gv30000089062_2.jpg"},
{"name": "[자연뜰] 보물섬 남해 유자즙(30개입)", "img4": "https://img-cf.kurly.com/shop/data/goodsview/20200402/gv00000088554_2.jpg"},
{"name": "[자연뜰] 보물섬 남해 유자즙", "img4": "https://img-cf.kurly.com/shop/data/goodsview/20200402/gv00000088548_2.jpg"},
{"name": "[콜린스그린] 클렌즈 미니 샘플러 5종 세트", "img4": "https://img-cf.kurly.com/shop/data/goodsview/20200327/gv40000087666_2.jpg"},
{"name": "[콜린스그린] 콜드프레스 주스 TOP3 세트", "img4": "https://img-cf.kurly.com/shop/data/goodsview/20200327/gv40000087693_2.jpg"},
{"name": "타피오카 볼 100g", "img4": "https://img-cf.kurly.com/shop/data/goodsview/20200311/gv30000085095_2.jpg"},
{"name": "[오늘의 일상] 에이드 베이스 3종", "img4": "https://img-cf.kurly.com/shop/data/goodsview/20200311/gv10000085061_2.jpg"},
{"name": "[평창수] 500mL X 20병", "img4": "https://img-cf.kurly.com/shop/data/goodsview/20200309/gv30000084673_2.jpg"},
{"name": "[평창수] 2L X 6병", "img4": "https://img-cf.kurly.com/shop/data/goodsview/20200309/gv10000084678_2.jpg"},
{"name": "[BBF] 피비핏 프로틴 파우더 2종", "img4": "https://img-cf.kurly.com/shop/data/goodsview/20200304/gv10000083954_2.jpg"},
{"name": "바이탈 1000 (오렌지 맛)", "img4": "https://img-cf.kurly.com/shop/data/goodsview/20200210/gv10000080824_2.jpg"},
{"name": "바이탈 1000 (레몬라임 맛)", "img4": "https://img-cf.kurly.com/shop/data/goodsview/20200210/gv30000080823_2.jpg"},
{"name": "[아이시스8.0] ECO 1.5L (박스)", "img4": "https://img-cf.kurly.com/shop/data/goodsview/20200228/gv00000083423_2.jpg"},
{"name": "[트루노팔] 선인장 워터", "img4": "https://img-cf.kurly.com/shop/data/goodsview/20200225/gv00000082666_2.jpg"},
{"name": "ABC 주스 100ml", "img4": "https://img-cf.kurly.com/shop/data/goodsview/20200226/gv10000082871_2.jpg"},
{"name": "[정식품] 100% 국내산 자연담은 한끼생식", "img4": "https://img-cf.kurly.com/shop/data/goodsview/20200401/gv20000088508_2.jpg"}