{"name": "[바세츠] 아이스크림 473mL 4종", "img4": "https://img-cf.kurly.com/shop/data/goodsview/20200403/gv30000088836_2.jpg"},
{"name": "[폴라레티] 얼려먹는 아이스크림 2종", "img4": "https://img-cf.kurly.com/shop/data/goodsview/20200309/gv40000084696_2.jpg"},
{"name": "[불라] 크리미 클래식파인트 아이스크림 3종", "img4": "https://img-cf.kurly.com/shop/data/goodsview/20200305/gv40000084170_2.jpg"},
{"name": "[불라] 초코&바닐라 트윈 바 (6입)", "img4": "https://img-cf.kurly.com/shop/data/goodsview/20200305/gv30000084156_2.jpg"},
{"name": "[불라] 바닐라 샌드위치 아이스크림 (4입)", "img4": "https://img-cf.kurly.com/shop/data/goodsview/20200305/gv10000084152_2.jpg"},
{"name": "대만 흑당 버블티바 아이스크림 아이스바 4입", "img4": "https://img-cf.kurly.com/shop/data/goodsview/20200221/gv40000082175_2.jpg"},
{"name": "[Talenti] 상큼한 맛 젤라또 4종", "img4": "https://img-cf.kurly.com/shop/data/goodsview/20200204/gv20000080227_2.jpg"},
{"name": "[블루마블] 유기농 아이스크림 7종", "img4": "https://img-cf.kurly.com/shop/data/goodsview/20200109/gv20000077334_2.jpg"},
{"name": "[아이스팩토리] 부드러운 시그니처 아이스바 5종", "img4": "https://img-cf.kurly.com/shop/data/goodsview/20191218/gv20000073455_2.jpg"},
{"name": "[아이스팩토리] 상큼한 과일 샤벳 아이스바 5종", "img4": "https://img-cf.kurly.com/shop/data/goodsview/20191218/gv20000073534_2.jpg"},
{"name": "[라라스윗] 칼로리가 가벼운 아이스크림 7종", "img4": "https://img-cf.kurly.com/shop/data/goodsview/20191213/gv30000072792_2.jpg"},
{"name": "[헤일로탑] 아이스크림 3종", "img4": "https://img-cf.kurly.com/shop/data/goodsview/20191122/gv40000069318_2.jpg"},
{"name": "[펠앤콜] 에그녹", "img4": "https://img-cf.kurly.com/shop/data/goodsview/20191125/gv30000069625_2.jpg"},
{"name": "[제로스쿱] 쇼콜라홀릭", "img4": "https://img-cf.kurly.com/shop/data/goodsview/20191030/gv40000066407_2.jpg"},
{"name": "[펠앤콜] 아이스크림 11종", "img4": "https://img-cf.kurly.com/shop/data/goodsview/20191030/gv30000066384_2.jpg"},
{"name": "[나뚜루] 미니컵 5종", "img4": "https://img-cf.kurly.com/shop/data/goodsview/20191014/gv40000064440_2.jpg"}