{"name": "[유니드마이요거트] 가당 드링킹 요거트 2종", "img4": "https://img-cf.kurly.com/shop/data/goodsview/20200403/gv00000088892_2.jpg"},
{"name": "[서울우유] 국산우유로 만든 연유", "img4": "https://img-cf.kurly.com/shop/data/goodsview/20200402/gv30000088678_2.jpg"},
{"name": "[매일] 오리지널 우유 1.5L", "img4": "https://img-cf.kurly.com/shop/data/goodsview/20200401/gv30000088352_2.jpg"},
{"name": "[카카오랏] 진한 카카오 풍미 그대로 카카오랏 밀크셰이크 2종", "img4": "https://img-cf.kurly.com/shop/data/goodsview/20200313/gv20000085471_2.jpg"},
{"name": "[요플레] 후루츠 플레이버 4종", "img4": "https://img-cf.kurly.com/shop/data/goodsview/20200324/gv30000086892_2.jpg"},
{"name": "[요플레] 플레인 85ml x 4입", "img4": "https://img-cf.kurly.com/shop/data/goodsview/20200324/gv20000086888_2.jpg"},
{"name": "[요플레] 클래식 85mL x 4입", "img4": "https://img-cf.kurly.com/shop/data/goodsview/20200324/gv30000086883_2.jpg"},
{"name": "[황성주두유] 국산콩 고칼슘 두유 140mL X 24팩", "img4": "https://img-cf.kurly.com/shop/data/goodsview/20200311/gv20000085199_2.jpg"},
{"name": "[황성주두유] 국산콩 고칼슘 두유 190mL X 16팩", "img4": "https://img-cf.kurly.com/shop/data/goodsview/20200311/gv30000085195_2.jpg"},
{"name": "[황성주두유] 국산콩 검은콩 두유 190mL X 16팩", "img4": "https://img-cf.kurly.com/shop/data/goodsview/20200311/gv40000085191_2.jpg"},
{"name": "[황성주두유] 국산콩 검은콩 두유 140mL X 24팩", "img4": "https://img-cf.kurly.com/shop/data/goodsview/20200311/gv40000085184_2.jpg"},
{"name": "[잔다리마을] 초록콩두유", "img4": "https://img-cf.kurly.com/shop/data/goodsview/20200309/gv00000084617_2.jpg"},
{"name": "[서울우유] 나 100% 저지방 우유 1.8L", "img4": "https://img-cf.kurly.com/shop/data/goodsview/20200306/gv20000084407_2.jpg"},
{"name": "[서울우유] 나 100% 우유 1.8L", "img4": "https://img-cf.kurly.com/shop/data/goodsview/20200306/gv00000084402_2.jpg"},
{"name": "[원더] 휘핑크림 라이트", "img4": "https://img-cf.kurly.com/shop/data/goodsview/20200305/gv20000084169_2.jpg"},
{"name": "[디어넛츠] 마카다미아 (박스)", "img4": "https://img-cf.kurly.com/shop/data/goodsview/20200302/gv00000083599_2.jpg"}