{"name": "[위니비니] 젤리빈 4종", "img4": "https://img-cf.kurly.com/shop/data/goodsview/20200403/gv20000088747_2.jpg"},
{"name": "[레오네] 이탈리아에서 온 동화 틴케이스 캔디 6종", "img4": "https://img-cf.kurly.com/shop/data/goodsview/20200318/gv00000086104_2.jpg"},
{"name": "[갈라티네] 이태리 우유 캔디 2종", "img4": "https://img-cf.kurly.com/shop/data/goodsview/20200320/gv10000086506_2.jpg"},
{"name": "[엠오이칼] 키즈 체리맛 캔디", "img4": "https://img-cf.kurly.com/shop/data/goodsview/20200320/gv00000086488_2.jpg"},
{"name": "[비빌] 민트향 & 복숭아향 캔디 2종", "img4": "https://img-cf.kurly.com/shop/data/goodsview/20200317/gv10000085844_2.jpg"},
{"name": "[비빌] 레몬 비타캔디 38g", "img4": "https://img-cf.kurly.com/shop/data/goodsview/20200317/gv10000085853_2.jpg"},
{"name": "[위니비니] 오리지널 구미 4종", "img4": "https://img-cf.kurly.com/shop/data/goodsview/20200317/gv40000085859_2.jpg"},
{"name": "[위니비니] 젤라틴프리 유기농 구미 2종", "img4": "https://img-cf.kurly.com/shop/data/goodsview/20200317/gv00000085874_2.jpg"},
{"name": "[위니비니] 유기농 구미 5종", "img4": "https://img-cf.kurly.com/shop/data/goodsview/20200317/gv00000085866_2.jpg"},
{"name": "[코코러브] 카카오닙스 다크 초콜릿", "img4": "https://img-cf.kurly.com/shop/data/goodsview/20190212/gv10000043048_2.jpg"},
{"name": "[이브뚜리에] 로쉐 스트라스부르 6P", "img4": "https://img-cf.kurly.com/shop/data/goodsview/20200310/gv30000084987_2.jpg"},
{"name": "[이브뚜리에] 봉봉 초콜렛 3종", "img4": "https://img-cf.kurly.com/shop/data/goodsview/20200310/gv20000085010_2.jpg"},
{"name": "[이브뚜리에] 봉봉 초콜렛 4P", "img4": "https://img-cf.kurly.com/shop/data/goodsview/20200310/gv10000084986_2.jpg"},
{"name": "[그라쉐] 아몬드 바크씬", "img4": "https://img-cf.kurly.com/shop/data/goodsview/20200310/gv10000084795_2.jpg"},
{"name": "[그랜드벨지안] 초콜릿 크리스피 3종", "img4": "https://img-cf.kurly.com/shop/data/goodsview/20200310/gv10000084926_2.jpg"},
{"name": "[그랜드벨지안] 초콜릿 트윅스 4종", "img4": "https://img-cf.kurly.com/shop/data/goodsview/20200310/gv00000084852_2.jpg"}