{"name": "[스타벅스] 원두 3종", "img4": "https://img-cf.kurly.com/shop/data/goodsview/20200406/gv00000089141_2.jpg"},
{"name": "[커피리브레] 시그니처 원두 3종", "img4": "https://img-cf.kurly.com/shop/data/goodsview/20200401/gv10000088371_2.jpg"},
{"name": "[포지티브] 보성말차 밀크티 2종", "img4": "https://img-cf.kurly.com/shop/data/goodsview/20200331/gv30000088123_2.jpg"},
{"name": "[달새앙] 생강즙", "img4": "https://img-cf.kurly.com/shop/data/goodsview/20200330/gv00000088032_2.jpg"},
{"name": "[키토제니] 아몬드 블랙티", "img4": "https://img-cf.kurly.com/shop/data/goodsview/20200330/gv20000088049_2.jpg"},
{"name": "[커피빈] 더블샷라떼 2종", "img4": "https://img-cf.kurly.com/shop/data/goodsview/20200330/gv40000087766_2.jpg"},
{"name": "[커피빈] 카페라떼 2종", "img4": "https://img-cf.kurly.com/shop/data/goodsview/20200330/gv40000087767_2.jpg"},
{"name": "[커피빈] 캡틴 아메리카노 2종", "img4": "https://img-cf.kurly.com/shop/data/goodsview/20200330/gv00000087923_2.jpg"},
{"name": "[커피빈] 콜롬비아 아메리카노 2종", "img4": "https://img-cf.kurly.com/shop/data/goodsview/20200330/gv40000087922_2.jpg"},
{"name": "[쌍계명차] 벚꽃차", "img4": "https://img-cf.kurly.com/shop/data/goodsview/20200325/gv10000087243_2.jpg"},
{"name": "[쌍계명차] 홍삼귤피차", "img4": "https://img-cf.kurly.com/shop/data/goodsview/20200326/gv00000087300_2.jpg"},
{"name": "[쌍계명차] 우엉차", "img4": "https://img-cf.kurly.com/shop/data/goodsview/20200326/gv20000087305_2.jpg"},
{"name": "[쌍계명차] 덖음세작", "img4": "https://img-cf.kurly.com/shop/data/goodsview/20200326/gv30000087309_2.jpg"},
{"name": "[쌍계명차] 계피생강차", "img4": "https://img-cf.kurly.com/shop/data/goodsview/20200326/gv10000087313_2.jpg"},
{"name": "[AKA] FTW 콜드브루", "img4": "https://img-cf.kurly.com/shop/data/goodsview/20200326/gv30000087402_2.jpg"},
{"name": "[마이노멀] 버터모카", "img4": "https://img-cf.kurly.com/shop/data/goodsview/20200326/gv30000087357_2.jpg"}