{"name": "[MY KITCHEN] 비건 모닝랩", "img4": "https://img-cf.kurly.com/shop/data/goodsview/20200403/gv30000088902_2.jpg"},
{"name": "[8도포차] 대구식 연탄 돼지불고기", "img4": "https://img-cf.kurly.com/shop/data/goodsview/20200323/gv00000086635_2.jpg"},
{"name": "[햇반] 흑미밥 2종", "img4": "https://img-cf.kurly.com/shop/data/goodsview/20200402/gv30000088649_2.jpg"},
{"name": "[한팟] 부대찌개 3240g(냉장)", "img4": "https://img-cf.kurly.com/shop/data/goodsview/20200402/gv30000088672_2.jpg"},
{"name": "[그릭슈바인] 미니핫도그 10입", "img4": "https://img-cf.kurly.com/shop/data/goodsview/20200401/gv00000088345_2.jpg"},
{"name": "[강남치킨] 크리스피 핫 치킨", "img4": "https://img-cf.kurly.com/shop/data/goodsview/20200331/gv10000088131_2.jpg"},
{"name": "[강남치킨] 크리스피 버터밀크 치킨", "img4": "https://img-cf.kurly.com/shop/data/goodsview/20200331/gv40000088136_2.jpg"},
{"name": "[퀸덕] BIG BITE 오키더키 2종", "img4": "https://img-cf.kurly.com/shop/data/goodsview/20200327/gv20000087581_2.jpg"},
{"name": "[CJ프레시웨이] 자연차림 훈제오리", "img4": "https://img-cf.kurly.com/shop/data/goodsview/20200327/gv30000087655_2.jpg"},
{"name": "[SAMSAM HEAYO] 미나리 오징어전 365g(냉장)", "img4": "https://img-cf.kurly.com/shop/data/goodsview/20200326/gv30000087456_2.jpg"},
{"name": "[SAMSAM HEAYO] 냉이 바지락 된장찌개 588g(냉장)", "img4": "https://img-cf.kurly.com/shop/data/goodsview/20200326/gv00000087492_2.jpg"},
{"name": "[SAMSAM HEAYO] 미나리 소라 초무침 279.5g(냉장)", "img4": "https://img-cf.kurly.com/shop/data/goodsview/20200326/gv00000087432_2.jpg"},
{"name": "[오뚜기] 컵누들 쌀국수 3종", "img4": "https://img-cf.kurly.com/shop/data/goodsview/20200325/gv20000087242_2.jpg"},
{"name": "[소중한식사] 숙쌈&두부쌈장 키트", "img4": "https://img-cf.kurly.com/shop/data/goodsview/20200326/gv10000087413_2.jpg"},
{"name": "[소중한식사] 꼬마김밥 키트", "img4": "https://img-cf.kurly.com/shop/data/goodsview/20200326/gv30000087391_2.jpg"},
{"name": "[소중한식사] 유부초밥 키트", "img4": "https://img-cf.kurly.com/shop/data/goodsview/20200326/gv30000087440_2.jpg"}