{"name": "[한만두] 매콤한 미니전병", "img4": "https://img-cf.kurly.com/shop/data/goodsview/20200204/gv30000080125_2.jpg"},
{"name": "[한만두] 담백한 만두", "img4": "https://img-cf.kurly.com/shop/data/goodsview/20200204/gv10000080109_2.jpg"},
{"name": "[한만두] 아삭한 김치왕만두", "img4": "https://img-cf.kurly.com/shop/data/goodsview/20200204/gv00000080208_2.jpg"},
{"name": "[한만두] 아삭한 김치만두", "img4": "https://img-cf.kurly.com/shop/data/goodsview/20200204/gv00000080205_2.jpg"},
{"name": "[한만두] 푸짐한 왕만두", "img4": "https://img-cf.kurly.com/shop/data/goodsview/20200204/gv00000080149_2.jpg"},
{"name": "[사조대림] 말이어묵 김말이 2종", "img4": "https://img-cf.kurly.com/shop/data/goodsview/20200114/gv20000077922_2.jpg"},
{"name": "[창화루] 마라떡볶이", "img4": "https://img-cf.kurly.com/shop/data/goodsview/20191212/gv00000072564_2.jpg"},
{"name": "[마포식품] 만두피 3종", "img4": "https://img-cf.kurly.com/shop/data/goodsview/20191212/gv40000072554_2.jpg"},
{"name": "[창화당] 호호 불어먹는 고기왕만두", "img4": "https://img-cf.kurly.com/shop/data/goodsview/20191111/gv10000067681_2.jpg"},
{"name": "[창화당] 호호 불어먹는 김치왕만두", "img4": "https://img-cf.kurly.com/shop/data/goodsview/20191111/gv00000067687_2.jpg"},
{"name": "[튀김공방] 깻잎 튀김", "img4": "https://img-cf.kurly.com/shop/data/goodsview/20191104/gv00000066824_2.jpg"},
{"name": "[오뚜기] 찹쌀 만두피 150g (냉동)", "img4": "https://img-cf.kurly.com/shop/data/goodsview/20190822/gv30000059915_2.jpg"},
{"name": "[오뚜기] 찹쌀 왕만두피 340g (냉동)", "img4": "https://img-cf.kurly.com/shop/data/goodsview/20190822/gv30000059929_2.jpg"},
{"name": "[바삭연구소] 코코넛 새우튀김", "img4": "https://img-cf.kurly.com/shop/data/goodsview/20190712/gv10000055767_2.jpg"},
{"name": "[바삭연구소] 쉬림프 크루통", "img4": "https://img-cf.kurly.com/shop/data/goodsview/20190712/gv00000055751_2.jpg"},
{"name": "[창화당] 고기 쌀호떡만두", "img4": "https://img-cf.kurly.com/shop/data/goodsview/20190709/gv00000055364_2.jpg"}