{"name": "[다담] 찌개 양념장 6종", "img4": "https://img-cf.kurly.com/shop/data/goodsview/20200210/gv00000080860_2.jpg"},
{"name": "제주 고기국수", "img4": "https://img-cf.kurly.com/shop/data/goodsview/20190802/gv10000058431_2.jpg"},
{"name": "[닥터키친] 곤약밥 3종", "img4": "https://img-cf.kurly.com/shop/data/goodsview/20200114/gv20000077883_2.jpg"},
{"name": "[카페프룻] 유기농 쌀로 만든 버섯 리조또 2종", "img4": "https://img-cf.kurly.com/shop/data/goodsview/20191129/gv30000070491_2.jpg"},
{"name": "[오뚜기] 맛있는 잡곡밥 4종", "img4": "https://img-cf.kurly.com/shop/data/goodsview/20190930/gv40000063430_2.jpg"},
{"name": "[오뚜기] 맛있는 밥 5종", "img4": "https://img-cf.kurly.com/shop/data/goodsview/20190919/gv10000062312_2.jpg"},
{"name": "[햇반] 컵반 국밥 시리즈 8종", "img4": "https://img-cf.kurly.com/shop/data/goodsview/20190910/gv30000061658_2.jpg"},
{"name": "[더연] 동결건조 미역국 10g x 8봉", "img4": "https://img-cf.kurly.com/shop/data/goodsview/20190905/gv10000061281_2.jpg"},
{"name": "[샐러드판다] 부리또볼 3종", "img4": "https://img-cf.kurly.com/shop/data/goodsview/20190830/gv20000060823_2.jpg"},
{"name": "[Kurly's] 맥앤치즈", "img4": "https://img-cf.kurly.com/shop/data/goodsview/20200102/gv20000076136_2.jpg"},
{"name": "[햇반] 컵반 비빔밥 시리즈 5종", "img4": "https://img-cf.kurly.com/shop/data/goodsview/20190902/gv40000060900_2.jpg"},
{"name": "[햇반] 컵반 덮밥 시리즈 9종", "img4": "https://img-cf.kurly.com/shop/data/goodsview/20190902/gv10000060871_2.jpg"},
{"name": "[남도찬] 맑은 콩나물국", "img4": "https://img-cf.kurly.com/shop/data/goodsview/20190816/gv00000059416_2.jpg"},
{"name": "[탁촌장] 참마 안동국시", "img4": "https://img-cf.kurly.com/shop/data/goodsview/20190726/gv40000057224_2.jpg"},
{"name": "[탁촌장] 안동참마 쌀국수", "img4": "https://img-cf.kurly.com/shop/data/goodsview/20190726/gv30000057228_2.jpg"},
{"name": "[CJ] 고소한 콩국수", "img4": "https://img-cf.kurly.com/shop/data/goodsview/20190704/gv20000054909_2.jpg"}