{"name": "[아침먹고가] 식단도시락 4종", "img4": "https://img-cf.kurly.com/shop/data/goodsview/20200325/gv00000087177_2.jpg"},
{"name": "[샐러드판다] 베지 누들 8종", "img4": "https://img-cf.kurly.com/shop/data/goodsview/20191227/gv10000075570_2.jpg"},
{"name": "[클레버토끼] 닭가슴살&이탈리안 Family Bowl  (이탈리안소스 포함)", "img4": "https://img-cf.kurly.com/shop/data/goodsview/20200316/gv00000085652_2.jpg"},
{"name": "[클레버토끼] 리코타&홀그레인 Family Bowl (홀그레인소스 포함)", "img4": "https://img-cf.kurly.com/shop/data/goodsview/20200316/gv10000085621_2.jpg"},
{"name": "[클레버토끼] 푸실리&프레스 Family Bowl (이탈리안소스 포함)", "img4": "https://img-cf.kurly.com/shop/data/goodsview/20200316/gv30000085748_2.jpg"},
{"name": "[클레버토끼] 크레미&스윗펌킨 Family Bowl (어니언소스 포함)", "img4": "https://img-cf.kurly.com/shop/data/goodsview/20200316/gv30000085600_2.jpg"},
{"name": "[저스트그린] 아보카도 샐러드 260g", "img4": "https://img-cf.kurly.com/shop/data/goodsview/20200316/gv30000085606_2.jpg"},
{"name": "[아르도]  그릴드야채믹스 2종", "img4": "https://img-cf.kurly.com/shop/data/goodsview/20200228/gv10000083297_2.jpg"},
{"name": "[에브리밀] 5가지나물밥&마파두부", "img4": "https://img-cf.kurly.com/shop/data/goodsview/20200228/gv20000083365_2.jpg"},
{"name": "[에브리밀] 별미7곡현미우엉밥&닭가슴살스테이크", "img4": "https://img-cf.kurly.com/shop/data/goodsview/20200228/gv40000083317_2.jpg"},
{"name": "[에브리밀] 야채현미밥&비프스테이크", "img4": "https://img-cf.kurly.com/shop/data/goodsview/20200228/gv30000083336_2.jpg"},
{"name": "[에브리밀] 탄두리닭가슴살현미밥&참치오믈렛", "img4": "https://img-cf.kurly.com/shop/data/goodsview/20200228/gv10000083342_2.jpg"},
{"name": "[에브리밀] 렌틸퀴노아영양밥&두부스테이크", "img4": "https://img-cf.kurly.com/shop/data/goodsview/20200228/gv10000083311_2.jpg"},
{"name": "[에브리밀] 뿌리채소영양밥&토마토닭가슴살스튜", "img4": "https://img-cf.kurly.com/shop/data/goodsview/20200228/gv00000083324_2.jpg"},
{"name": "[에브리밀] 시래기나물밥&불고기오믈렛", "img4": "https://img-cf.kurly.com/shop/data/goodsview/20200228/gv20000083330_2.jpg"},
{"name": "[호안마켓] 셰프 샐러드 3종", "img4": "https://img-cf.kurly.com/shop/data/goodsview/20200221/gv10000082235_2.jpg"}