{"name": "[청오] 유기농 담선식", "img4": "https://img-cf.kurly.com/shop/data/goodsview/20200324/gv40000086810_2.jpg"},
{"name": "[크놀라] 그래놀라 5종", "img4": "https://img-cf.kurly.com/shop/data/goodsview/20191021/gv10000065268_2.jpg"},
{"name": "[심플잇] 단백질바 2종", "img4": "https://img-cf.kurly.com/shop/data/goodsview/20200316/gv10000085804_2.jpg"},
{"name": "[다노샵] 팥선식 25g", "img4": "https://img-cf.kurly.com/shop/data/goodsview/20200302/gv40000083462_2.jpg"},
{"name": "[프로틴방앗간] 하루단백바", "img4": "https://img-cf.kurly.com/shop/data/goodsview/20190430/gv00000049081_2.jpg"},
{"name": "[YOZM] 수제 카카오그래놀라", "img4": "https://img-cf.kurly.com/shop/data/goodsview/20191218/gv10000073505_2.jpg"},
{"name": "[잇츠베러] 한끼리얼 2종", "img4": "https://img-cf.kurly.com/shop/data/goodsview/20191213/gv00000072719_2.jpg"},
{"name": "[퀘이커] 마시는 오트밀 2종", "img4": "https://img-cf.kurly.com/shop/data/goodsview/20191001/gv40000063461_2.jpg"},
{"name": "[피텔라] 뮤즐리 5입세트 3종", "img4": "https://img-cf.kurly.com/shop/data/goodsview/20190927/gv20000063174_2.jpg"},
{"name": "[불로동 주유소] 선식 2종", "img4": "https://img-cf.kurly.com/shop/data/goodsview/20190905/gv30000061303_2.jpg"},
{"name": "[라이스몬] 아침앤쌀 현미 스틱", "img4": "https://img-cf.kurly.com/shop/data/goodsview/20190821/gv30000059790_2.jpg"},
{"name": "[라이스몬] 아침앤쌀 딸기 스틱", "img4": "https://img-cf.kurly.com/shop/data/goodsview/20190821/gv10000059798_2.jpg"},
{"name": "[라이스몬] 아침앤쌀 베리베리 스틱", "img4": "https://img-cf.kurly.com/shop/data/goodsview/20190821/gv30000059782_2.jpg"},
{"name": "[다노샵] 브라운 라이스 소울 6종", "img4": "https://img-cf.kurly.com/shop/data/goodsview/20200302/gv00000083481_2.jpg"},
{"name": "[다노샵] 쑥선식", "img4": "https://img-cf.kurly.com/shop/data/goodsview/20190604/gv00000052235_2.jpg"},
{"name": "[유가원] 유기농 크런치 씨리얼 4종", "img4": "https://img-cf.kurly.com/shop/data/goodsview/20190508/gv00000049680_2.jpg"}