{"name": "[또또맘] 리얼구마죽 100gx7입", "img4": "https://img-cf.kurly.com/shop/data/goodsview/20200303/gv30000083840_2.jpg"},
{"name": "[하티스푼] 리얼통야채크림스프", "img4": "https://img-cf.kurly.com/shop/data/goodsview/20200128/gv00000079290_2.jpg"},
{"name": "[하티스푼] 리얼삼선짬뽕죽", "img4": "https://img-cf.kurly.com/shop/data/goodsview/20200128/gv40000079286_2.jpg"},
{"name": "[상하목장] 슬로우키친 스프 3종", "img4": "https://img-cf.kurly.com/shop/data/goodsview/20191127/gv00000070006_2.jpg"},
{"name": "[복담] 복을 담은 호박죽 2종", "img4": "https://img-cf.kurly.com/shop/data/goodsview/20191002/gv00000063622_2.jpg"},
{"name": "[아우가] 유기농 수프 5종", "img4": "https://img-cf.kurly.com/shop/data/goodsview/20190903/gv10000061095_2.jpg"},
{"name": "[Kurly's] 프렌치 어니언 수프", "img4": "https://img-cf.kurly.com/shop/data/goodsview/20191231/gv10000076078_2.jpg"},
{"name": "[아침엔본죽] 완도 전복죽", "img4": "https://img-cf.kurly.com/shop/data/goodsview/20190522/gv00000050741_2.jpg"},
{"name": "[아침엔본죽] 호박죽", "img4": "https://img-cf.kurly.com/shop/data/goodsview/20190521/gv30000050725_2.jpg"},
{"name": "[아침엔본죽] 쇠고기죽", "img4": "https://img-cf.kurly.com/shop/data/goodsview/20190522/gv00000050755_2.jpg"},
{"name": "[아침엔본죽] 보양 삼계죽", "img4": "https://img-cf.kurly.com/shop/data/goodsview/20190521/gv30000050764_2.jpg"},
{"name": "[아침엔본죽] 단팥죽", "img4": "https://img-cf.kurly.com/shop/data/goodsview/20190521/gv30000050774_2.jpg"},
{"name": "[미자언니네] 전복죽", "img4": "https://img-cf.kurly.com/shop/data/goodsview/20190125/gv20000042459_2.jpg"},
{"name": "[뜨레봄] 자연이 빚어낸 유기농 스프 2종", "img4": "https://img-cf.kurly.com/shop/data/goodsview/20190103/gv00000040598_2.jpg"},
{"name": "[미자언니네] 단팥죽 (냉동)", "img4": "https://img-cf.kurly.com/shop/data/goodsview/20180918/gv20000032365_2.jpg"},
{"name": "[미자언니네] 팥죽 (냉동)", "img4": "https://img-cf.kurly.com/shop/data/goodsview/20180904/gv10000031402_2.jpg"}