{"name": "[듀라셀] 알카라인 건전지 6종", "img4": "https://img-cf.kurly.com/shop/data/goodsview/20200325/gv10000087202_2.jpg"},
{"name": "[리프홈] 세라믹 규조토 드라잉볼 3종", "img4": "https://img-cf.kurly.com/shop/data/goodsview/20200306/gv30000084505_2.jpg"},
{"name": "[알렉스앤소냐] 분위기를 더해주는 케이크 토퍼 10종", "img4": "https://img-cf.kurly.com/shop/data/goodsview/20200225/gv00000082633_2.jpg"},
{"name": "[하우키즈풀] 펜슬케이스 6종", "img4": "https://img-cf.kurly.com/shop/data/goodsview/20200218/gv40000081866_2.jpg"},
{"name": "[하우키즈풀] 노트북 16종", "img4": "https://img-cf.kurly.com/shop/data/goodsview/20200218/gv30000081853_2.jpg"},
{"name": "[하우키즈풀] 스쿨백팩 4종", "img4": "https://img-cf.kurly.com/shop/data/goodsview/20200217/gv40000081583_2.jpg"},
{"name": "[하우키즈풀] 세컨드백 4종", "img4": "https://img-cf.kurly.com/shop/data/goodsview/20200217/gv30000081603_2.jpg"},
{"name": "[하우키즈풀] 보틀백 4종", "img4": "https://img-cf.kurly.com/shop/data/goodsview/20200217/gv30000081622_2.jpg"},
{"name": "[피터젠슨] 클리어 백팩&크로스백 4종", "img4": "https://img-cf.kurly.com/shop/data/goodsview/20200214/gv40000081430_2.jpg"},
{"name": "[피터젠슨] 데이 백팩&서브백 4종", "img4": "https://img-cf.kurly.com/shop/data/goodsview/20200214/gv30000081355_2.jpg"},
{"name": "[피터젠슨] 목걸이 지갑 5종", "img4": "https://img-cf.kurly.com/shop/data/goodsview/20200214/gv30000081483_2.jpg"},
{"name": "[피터젠슨] 필통 세트 6종", "img4": "https://img-cf.kurly.com/shop/data/goodsview/20200214/gv10000081460_2.jpg"},
{"name": "[클랩클랩] 생일축하 카드 14종", "img4": "https://img-cf.kurly.com/shop/data/goodsview/20200123/gv10000079263_2.jpg"},
{"name": "[클랩클랩] 감사 카드 10종", "img4": "https://img-cf.kurly.com/shop/data/goodsview/20200123/gv20000079188_2.jpg"},
{"name": "[클랩클랩] 발렌타인데이 카드 7종", "img4": "https://img-cf.kurly.com/shop/data/goodsview/20200123/gv30000079223_2.jpg"}