{"name": "[에코두] 식기세척기용 세제&린스 2종", "img4": "https://img-cf.kurly.com/shop/data/goodsview/20200407/gv30000089262_2.jpg"},
{"name": "[홈에디션 명진] 코코리본 레이온코팅 고무장갑 그레이", "img4": "https://img-cf.kurly.com/shop/data/goodsview/20200403/gv10000088759_2.jpg"},
{"name": "[에코두] 욕실 세정제", "img4": "https://img-cf.kurly.com/shop/data/goodsview/20200406/gv30000089238_2.jpg"},
{"name": "[에코두] 젖병&주방세제 4종", "img4": "https://img-cf.kurly.com/shop/data/goodsview/20200406/gv00000089234_2.jpg"},
{"name": "[에코두] 과일세척제", "img4": "https://img-cf.kurly.com/shop/data/goodsview/20200406/gv40000087457_2.jpg"},
{"name": "[디노보] 굿베딩 침구스프레이 500ml", "img4": "https://img-cf.kurly.com/shop/data/goodsview/20200303/gv20000083667_2.jpg"},
{"name": "[아토엔오투] 프리미엄 섬유유연제 3종", "img4": "https://img-cf.kurly.com/shop/data/goodsview/20181001/gv40000032840_2.jpg"},
{"name": "[콜러] 디시 스크레이퍼", "img4": "https://img-cf.kurly.com/shop/data/goodsview/20191126/gv10000069636_2.jpg"},
{"name": "[콜러] 비누 디스펜서", "img4": "https://img-cf.kurly.com/shop/data/goodsview/20191125/gv20000069611_2.jpg"},
{"name": "[블랑101] 세탁세제,유연제 5종", "img4": "https://img-cf.kurly.com/shop/data/goodsview/20191121/gv30000069069_2.jpg"},
{"name": "[소다산] 액상 세탁 세제 2종", "img4": "https://img-cf.kurly.com/shop/data/goodsview/20191120/gv00000068845_2.jpg"},
{"name": "[소다산]  다목적 세정제", "img4": "https://img-cf.kurly.com/shop/data/goodsview/20191120/gv10000068838_2.jpg"},
{"name": "[블랑101] 토이클리너 350mL", "img4": "https://img-cf.kurly.com/shop/data/goodsview/20191118/gv40000068483_2.jpg"},
{"name": "[블랑101] 주방세제 레몬 버베나향 720mL", "img4": "https://img-cf.kurly.com/shop/data/goodsview/20191118/gv00000068468_2.jpg"},
{"name": "[답이답이다] 순수한 미네랄 세탁수 제로 2종", "img4": "https://img-cf.kurly.com/shop/data/goodsview/20191118/gv40000068448_2.jpg"}