{"name": "[에어리브] 손소독제 클린 앤 핸드겔 3ml x 100ea", "img4": "https://img-cf.kurly.com/shop/data/goodsview/20200401/gv10000088392_2.jpg"},
{"name": "[AWAS] 클린 핸드 세니타이저 겔", "img4": "https://img-cf.kurly.com/shop/data/goodsview/20200324/gv20000086914_2.jpg"},
{"name": "[웰럽] 혼합형 밴드키트", "img4": "https://img-cf.kurly.com/shop/data/goodsview/20200324/gv10000086771_2.jpg"},
{"name": "[제니하우스] 핸드 프로텍터 세니타이저 겔 2종", "img4": "https://img-cf.kurly.com/shop/data/goodsview/20200323/gv40000086600_2.jpg"},
{"name": "[웰럽] 롱굿 알콜스틱 2종", "img4": "https://img-cf.kurly.com/shop/data/goodsview/20200317/gv30000085879_2.jpg"},
{"name": "[자연으로] 투플러스 손소독액 95ml", "img4": "https://img-cf.kurly.com/shop/data/goodsview/20200309/gv40000084648_2.jpg"},
{"name": "[오삭] 핸드겔 30ml", "img4": "https://img-cf.kurly.com/shop/data/goodsview/20200310/gv30000084998_2.jpg"},
{"name": "[바이오클렌] 마이크론 렌즈 세척액", "img4": "https://img-cf.kurly.com/shop/data/goodsview/20190416/gv30000047676_2.jpg"},
{"name": "[바이오트루] 다목적 렌즈 관리용액 2종", "img4": "https://img-cf.kurly.com/shop/data/goodsview/20190410/gv00000047109_2.jpg"},
{"name": "[바이오클렌] 하드 렌즈용 세척 보존액 3종", "img4": "https://img-cf.kurly.com/shop/data/goodsview/20190410/gv00000047115_2.jpg"},
{"name": "[중외제약] 하이맘 아쿠아 밴드 2종 (기본형/대형)", "img4": "https://img-cf.kurly.com/shop/data/goodsview/20190116/gv30000041787_2.jpg"},
{"name": "[중외제약] 하이맘 베이직 밴드 2종 (기본/혼합형)", "img4": "https://img-cf.kurly.com/shop/data/goodsview/20190116/gv10000041753_2.jpg"},
{"name": "[중외제약] 하이맘 번 (표준형)", "img4": "https://img-cf.kurly.com/shop/data/goodsview/20190116/gv10000041721_2.jpg"},
{"name": "[제로베이] KF94 미세먼지 황사 방역 제로베이 마스크 대형 1매", "img4": "https://img-cf.kurly.com/shop/data/goodsview/20200316/gv10000085708_2.jpg"},
{"name": "[에티카] 마스크 케이스 3종", "img4": "https://img-cf.kurly.com/shop/data/goodsview/20190514/gv10000050206_2.jpg"},
{"name": "[중외제약] 하이맘 프리미엄 밴드 2종 (원형/혼합)", "img4": "https://img-cf.kurly.com/shop/data/goodsview/20190116/gv20000041797_2.jpg"}