{"name": "[농부의 꽃] 핑크 리버스타 튤립 2종", "img4": ""},
{"name": "[농부의 꽃] 플래쉬 포인트 튤립 2종", "img4": ""},
{"name": "[농부의 꽃] 로얄버진 튤립 2종", "img4": ""},
{"name": "[리프홈] 세라믹 규조토 트레이 9종", "img4": "https://img-cf.kurly.com/shop/data/goodsview/20200306/gv30000084522_2.jpg"},
{"name": "[리프홈] 세라믹 규조토 배스매트 4종", "img4": "https://img-cf.kurly.com/shop/data/goodsview/20200306/gv00000084544_2.jpg"},
{"name": "[알렉스앤소냐] 분위기를 더해주는 케이크 토퍼 10종", "img4": "https://img-cf.kurly.com/shop/data/goodsview/20200225/gv00000082633_2.jpg"},
{"name": "[농부의 꽃] 프리지아 6종", "img4": ""},
{"name": "[농부의 꽃] 튤립 8종", "img4": ""},
{"name": "[알렉스앤소냐] 분위기있는 홈파티세트 로즈골드", "img4": ""},
{"name": "[프루라쥬] 리스 2종", "img4": "https://img-cf.kurly.com/shop/data/goodsview/20191210/gv20000072243_2.jpg"},
{"name": "[프루라쥬] 센터피스 플라워 11종", "img4": "https://img-cf.kurly.com/shop/data/goodsview/20191226/gv30000075501_2.jpg"},
{"name": "[프루라쥬] 웁살라볼 화병 2종", "img4": "https://img-cf.kurly.com/shop/data/goodsview/20191210/gv20000072247_2.jpg"},
{"name": "[볼루스파] 홈 미스트 6종", "img4": "https://img-cf.kurly.com/shop/data/goodsview/20191205/gv30000071578_2.jpg"},
{"name": "[볼루스파] 캔들&디퓨저 세트 2종", "img4": "https://img-cf.kurly.com/shop/data/goodsview/20191205/gv10000071531_2.jpg"},
{"name": "[볼루스파] 페데스탈 세트 2종", "img4": "https://img-cf.kurly.com/shop/data/goodsview/20191205/gv10000071551_2.jpg"}