{"name": "[안달로우 내추럴스] 아르간 오일 & 쉐어 모이스처 리치 샴푸 & 컨디셔너", "img4": "https://img-cf.kurly.com/shop/data/goodsview/20200401/gv00000088324_2.jpg"},
{"name": "[안달로우 내추럴스] 아르간 스템셀 에이지 디파잉 샴푸 & 컨디셔너", "img4": "https://img-cf.kurly.com/shop/data/goodsview/20200401/gv20000088325_2.jpg"},
{"name": "[닥터메디엠] 핸드 클린 겔 파우치 4mLX30입", "img4": "https://img-cf.kurly.com/shop/data/goodsview/20200327/gv30000087687_2.jpg"},
{"name": "[닥터메디엠] 핸드 클린 겔 파우치 50mL", "img4": "https://img-cf.kurly.com/shop/data/goodsview/20200327/gv30000087678_2.jpg"},
{"name": "[코스나인] 핸드클린 플러스100", "img4": "https://img-cf.kurly.com/shop/data/goodsview/20200327/gv10000087671_2.jpg"},
{"name": "[제니하우스] 핸드 프로텍터 세니타이저 겔 2종", "img4": "https://img-cf.kurly.com/shop/data/goodsview/20200323/gv40000086600_2.jpg"},
{"name": "[BOCAS] 각질제거기 4종", "img4": "https://img-cf.kurly.com/shop/data/goodsview/20200310/gv30000084802_2.jpg"},
{"name": "[ARVO] 헤어오일 3종", "img4": ""},
{"name": "[AHAVA] 브라이덜샤워 세트 (헤어케어)", "img4": ""},
{"name": "[AHAVA] 베이비 샤워 세트 (바디케어)", "img4": ""},
{"name": "[AHAVA] 프랜츠 바디 엑스폴리에이터", "img4": "https://img-cf.kurly.com/shop/data/goodsview/20200305/gv10000084290_2.jpg"},
{"name": "[모제림 닥터] 펩타이드 볼륨 샴푸 2종", "img4": ""},
{"name": "[오삭] 핸드겔 30ml", "img4": "https://img-cf.kurly.com/shop/data/goodsview/20200310/gv30000084998_2.jpg"},
{"name": "[AHAVA] 소금 미네랄 샴푸 & 컨디셔너", "img4": ""},
{"name": "[코알라 에코] 올 내추럴 핸드워시 500ml", "img4": "https://img-cf.kurly.com/shop/data/goodsview/20200228/gv40000083421_2.jpg"}