{"name": "[잘풀리는집] 리얼실키 맥스 250매 4입", "img4": "https://img-cf.kurly.com/shop/data/goodsview/20200402/gv40000088540_2.jpg"},
{"name": "[잘풀리는집] 명품 로션티슈 오리진 230매 3입", "img4": "https://img-cf.kurly.com/shop/data/goodsview/20200402/gv40000088536_2.jpg"},
{"name": "[잘풀리는집] 깨끗한 3겹 감동 25m 30롤", "img4": "https://img-cf.kurly.com/shop/data/goodsview/20200402/gv20000088532_2.jpg"},
{"name": "[오드리선] 내츄럴코튼 화장솜 80매", "img4": "https://img-cf.kurly.com/shop/data/goodsview/20200330/gv40000087792_2.jpg"},
{"name": "[세이프굿] 손세정젤 손소독제 500ml", "img4": "https://img-cf.kurly.com/shop/data/goodsview/20200317/gv20000085893_2.jpg"},
{"name": "[웰럽] 렌즈 클리닝 티슈", "img4": "https://img-cf.kurly.com/shop/data/goodsview/20200317/gv00000085883_2.jpg"},
{"name": "[오드리선] TCF 더블코어 3종", "img4": "https://img-cf.kurly.com/shop/data/goodsview/20200225/gv40000082554_2.jpg"},
{"name": "[오드리선] 그린웨이 생리대 4종", "img4": "https://img-cf.kurly.com/shop/data/goodsview/20200225/gv00000082547_2.jpg"},
{"name": "[라네이처] 시그니처 생리대 4종", "img4": "https://img-cf.kurly.com/shop/data/goodsview/20200224/gv20000082318_2.jpg"},
{"name": "[라엘] 대형생리대 3팩", "img4": "https://img-cf.kurly.com/shop/data/goodsview/20200218/gv10000081830_2.jpg"},
{"name": "[라엘] 중형 생리대 3팩", "img4": "https://img-cf.kurly.com/shop/data/goodsview/20200218/gv10000081819_2.jpg"},
{"name": "[뷰코셋] 바이오 생리대 3종", "img4": "https://img-cf.kurly.com/shop/data/goodsview/20200103/gv10000076590_2.jpg"},
{"name": "[코디] 행주 대신 빨아쓰는 행주타월 50매 3롤", "img4": "https://img-cf.kurly.com/shop/data/goodsview/20200102/gv20000076295_2.jpg"},
{"name": "[코디] 내추럴 미용티슈 230매 X 6입", "img4": "https://img-cf.kurly.com/shop/data/goodsview/20200102/gv10000076269_2.jpg"},
{"name": "[코디] 제주 오름 알로에 베라 롤화장지 30M 30롤", "img4": "https://img-cf.kurly.com/shop/data/goodsview/20191231/gv10000075977_2.jpg"}