{"name": "[닥터넛츠] 프리미엄골드 견과", "img4": "https://img-cf.kurly.com/shop/data/goodsview/20200406/gv10000089091_2.jpg"},
{"name": "[닥터넛츠] 오리지널뉴 견과", "img4": "https://img-cf.kurly.com/shop/data/goodsview/20200406/gv00000089089_2.jpg"},
{"name": "[하이랜드] 디럭스너츠 구운 캐슈넛", "img4": "https://img-cf.kurly.com/shop/data/goodsview/20200207/gv40000080629_2.jpg"},
{"name": "매일견과 블루베리 플러스 360g", "img4": "https://img-cf.kurly.com/shop/data/goodsview/20200331/gv10000088236_2.jpg"},
{"name": "그린넛츠 프리미엄믹시드넛 300g", "img4": "https://img-cf.kurly.com/shop/data/goodsview/20200331/gv40000088240_2.jpg"},
{"name": "Tin case 건견과 10종", "img4": "https://img-cf.kurly.com/shop/data/goodsview/20200319/gv40000086257_2.jpg"},
{"name": "세계견과 프리미엄 세트", "img4": "https://img-cf.kurly.com/shop/data/goodsview/20200319/gv30000086218_2.jpg"},
{"name": "매일견과 프라임믹스 20g X 14봉", "img4": "https://img-cf.kurly.com/shop/data/goodsview/20200310/gv40000084901_2.jpg"},
{"name": "하루 건강견과 Excellent", "img4": "https://img-cf.kurly.com/shop/data/goodsview/20200304/gv40000083946_2.jpg"},
{"name": "오븐에 구운 넛츠파이 3종", "img4": "https://img-cf.kurly.com/shop/data/goodsview/20200304/gv10000083991_2.jpg"},
{"name": "볶음 피칸 200g", "img4": "https://img-cf.kurly.com/shop/data/goodsview/20200117/gv30000078471_2.jpg"},
{"name": "가평잣 100g 2종", "img4": "https://img-cf.kurly.com/shop/data/goodsview/20191226/gv20000075305_2.jpg"},
{"name": "[브이 프룻] 건 파인애플", "img4": "https://img-cf.kurly.com/shop/data/goodsview/20191128/gv40000070175_2.jpg"},
{"name": "[브이 프룻] 건 패션푸르트", "img4": "https://img-cf.kurly.com/shop/data/goodsview/20191128/gv10000070171_2.jpg"},
{"name": "[브이 프룻] 건파파야", "img4": "https://img-cf.kurly.com/shop/data/goodsview/20191128/gv20000070187_2.jpg"},
{"name": "[브이 프룻] 건살구", "img4": "https://img-cf.kurly.com/shop/data/goodsview/20191128/gv40000070179_2.jpg"}