{"name": "GAP 아리향 딸기 9입", "img4": "https://img-cf.kurly.com/shop/data/goodsview/20200406/gv40000089043_2.jpg"},
{"name": "유기농 비파 250g", "img4": "https://img-cf.kurly.com/shop/data/goodsview/20200401/gv30000088490_2.jpg"},
{"name": "바나듐 참외 1.8kg", "img4": "https://img-cf.kurly.com/shop/data/goodsview/20200330/gv10000088008_2.jpg"},
{"name": "GAP 천홍 미니사과 6입", "img4": "https://img-cf.kurly.com/shop/data/goodsview/20200330/gv40000087920_2.jpg"},
{"name": "[쥬청과] 바로먹는 간편 과일 (중) 280g", "img4": "https://img-cf.kurly.com/shop/data/goodsview/20200326/gv10000087520_2.jpg"},
{"name": "저탄소 GAP 파파야메론 2입", "img4": "https://img-cf.kurly.com/shop/data/goodsview/20200326/gv10000087335_2.jpg"},
{"name": "GAP 실속 사과 1.5kg (5~8입)", "img4": "https://img-cf.kurly.com/shop/data/goodsview/20200324/gv40000086972_2.jpg"},
{"name": "저탄소 GAP 천혜향&한라봉 모둠", "img4": "https://img-cf.kurly.com/shop/data/goodsview/20200320/gv40000086363_2.jpg"},
{"name": "바나듐 참외 3입", "img4": "https://img-cf.kurly.com/shop/data/goodsview/20200318/gv00000086049_2.jpg"},
{"name": "GAP 산딸기 250g", "img4": "https://img-cf.kurly.com/shop/data/goodsview/20200316/gv10000085584_2.jpg"},
{"name": "GAP 대추방울토마토 1kg", "img4": "https://img-cf.kurly.com/shop/data/goodsview/20200316/gv40000085663_2.jpg"},
{"name": "친환경 블루베리 4종", "img4": "https://img-cf.kurly.com/shop/data/goodsview/20200313/gv20000085413_2.jpg"},
{"name": "수라향 1kg", "img4": "https://img-cf.kurly.com/shop/data/goodsview/20200309/gv10000084721_2.jpg"},
{"name": "저탄소 gap 스테비 실속 사과 4입", "img4": "https://img-cf.kurly.com/shop/data/goodsview/20200309/gv30000084726_2.jpg"},
{"name": "GAP 유레카 블루베리 100g", "img4": "https://img-cf.kurly.com/shop/data/goodsview/20200306/gv00000084489_2.jpg"},
{"name": "유기농 육보딸기", "img4": "https://img-cf.kurly.com/shop/data/goodsview/20200306/gv00000084579_2.jpg"}