{"name": "잭프룻 500g (냉동)", "img4": "https://img-cf.kurly.com/shop/data/goodsview/20191028/gv10000066018_2.jpg"},
{"name": "사워솝 500g (냉동)", "img4": "https://img-cf.kurly.com/shop/data/goodsview/20191028/gv00000066014_2.jpg"},
{"name": "[유가원] 베리베리 믹스 140g", "img4": "https://img-cf.kurly.com/shop/data/goodsview/20191024/gv20000065820_2.jpg"},
{"name": "국산 유기농 블루베리 500g (냉동)", "img4": "https://img-cf.kurly.com/shop/data/goodsview/20190930/gv00000063279_2.jpg"},
{"name": "[아르도] 냉동과일 퓨레1kg 2종", "img4": "https://img-cf.kurly.com/shop/data/goodsview/20190802/gv00000058450_2.jpg"},
{"name": "[델루츠]  소포장 냉동과일 3종", "img4": "https://img-cf.kurly.com/shop/data/goodsview/20190806/gv40000058599_2.jpg"},
{"name": "[선물세트] 곶감 세트", "img4": ""},
{"name": "[인비바] 과일칩 4종", "img4": "https://img-cf.kurly.com/shop/data/goodsview/20190417/gv30000047729_2.jpg"},
{"name": "패션후르츠 1kg (냉동)", "img4": "https://img-cf.kurly.com/shop/data/goodsview/20190402/gv20000046427_2.jpg"},
{"name": "[선물세트] GAP 곶감 세트", "img4": ""},
{"name": "두리안 450g (냉동)", "img4": "https://img-cf.kurly.com/shop/data/goodsview/20170630/gv10000003917_2.jpg"},
{"name": "산천농원 무농약 곶감 8입 (냉동)", "img4": "https://img-cf.kurly.com/shop/data/goodsview/20170502/gv00000002741_2.jpg"},
{"name": "[델몬트] 피티드 프룬 283g", "img4": "https://img-cf.kurly.com/shop/data/goodsview/20181017/gv40000033807_2.jpg"},
{"name": "[유기샘] 아몬드 바삭대추 70g", "img4": "https://img-cf.kurly.com/shop/data/goodsview/20180308/gv20000019236_2.jpg"},
{"name": "[WHOLLY GUACAMOLE] 클래식 과카몰리 스낵팩 57g", "img4": "https://img-cf.kurly.com/shop/data/goodsview/20181016/gv10000033738_2.jpg"},
{"name": "[쿨푸레쉬] 주스용 냉동 과일 믹스 7종", "img4": "https://img-cf.kurly.com/shop/data/goodsview/20181008/gv30000033141_2.jpg"}