{"name": "아보카도 1개", "img4": "https://img-cf.kurly.com/shop/data/goodsview/20180302/gv30000018781_2.jpg"},
{"name": "[스미후루] 감숙왕 바나나 1입", "img4": "https://img-cf.kurly.com/shop/data/goodsview/20190704/gv00000054896_2.jpg"},
{"name": "[Dole] 파파야 1개", "img4": "https://img-cf.kurly.com/shop/data/goodsview/20190614/gv10000053159_2.jpg"},
{"name": "[Dole] 그린 파파야 1개", "img4": "https://img-cf.kurly.com/shop/data/goodsview/20190614/gv30000053167_2.jpg"},
{"name": "미국산 만다린 귤 450g", "img4": "https://img-cf.kurly.com/shop/data/goodsview/20190503/gv00000049337_2.jpg"},
{"name": "유기농 블루베리 700g (냉동)", "img4": "https://img-cf.kurly.com/shop/data/goodsview/20190411/gv40000047300_2.jpg"},
{"name": "[Dole] 스위티오 파인애플 스틱 80g", "img4": "https://img-cf.kurly.com/shop/data/goodsview/20190402/gv40000046413_2.jpg"},
{"name": "[Dole] 스위티오 파인애플 슬라이스 540g", "img4": "https://img-cf.kurly.com/shop/data/goodsview/20190402/gv20000046404_2.jpg"},
{"name": "칠레산 고당도 이니아 블랙포도", "img4": "https://img-cf.kurly.com/shop/data/goodsview/20190325/gv10000045812_2.jpg"},
{"name": "[퓨어스펙] 블랙라벨 고당도 오렌지 4입", "img4": "https://img-cf.kurly.com/shop/data/goodsview/20180112/gv40000015682_2.jpg"},
{"name": "카라카라 오렌지", "img4": "https://img-cf.kurly.com/shop/data/goodsview/20180417/gv20000021592_2.jpg"},
{"name": "썬키스트 고당도 오렌지 1개", "img4": ""},
{"name": "[퓨어스펙] 블랙라벨 오렌지 8입 (1.5kg)", "img4": "https://img-cf.kurly.com/shop/data/goodsview/20180302/gv40000018771_2.jpg"},
{"name": "[쥬청과] 바로먹는 간편 과일 (소) 150g", "img4": "https://img-cf.kurly.com/shop/data/goodsview/20190109/gv00000041057_2.jpg"},
{"name": "[Dole] 유기농 바나나 500g", "img4": "https://img-cf.kurly.com/shop/data/goodsview/20181122/gv20000036650_2.jpg"},
{"name": "[Dole] 스위티오 바나나 1kg", "img4": "https://img-cf.kurly.com/shop/data/goodsview/20181122/gv20000036645_2.jpg"}