{"name": "무농약 팝콘용 옥수수 250g", "img4": "https://img-cf.kurly.com/shop/data/goodsview/20200403/gv10000088966_2.jpg"},
{"name": "유기농 늘보리 500g", "img4": "https://img-cf.kurly.com/shop/data/goodsview/20200403/gv30000088958_2.jpg"},
{"name": "씻어나온 한끼톡톡(고시히카리) 2종", "img4": "https://img-cf.kurly.com/shop/data/goodsview/20200310/gv10000084827_2.jpg"},
{"name": "대왕님표 여주쌀(추청) 2종", "img4": "https://img-cf.kurly.com/shop/data/goodsview/20200217/gv20000081647_2.jpg"},
{"name": "[장세순] 무농약 발아 찰현미 1.5kg", "img4": "https://img-cf.kurly.com/shop/data/goodsview/20200217/gv30000081560_2.jpg"},
{"name": "대왕님표여주쌀(진상) 2종", "img4": "https://img-cf.kurly.com/shop/data/goodsview/20200203/gv30000080066_2.jpg"},
{"name": "[청오] 유기농10곡 혼합곡 500g", "img4": "https://img-cf.kurly.com/shop/data/goodsview/20200106/gv30000076703_2.jpg"},
{"name": "유기농 백옥 찹쌀 500g", "img4": "https://img-cf.kurly.com/shop/data/goodsview/20191224/gv30000075104_2.jpg"},
{"name": "유기농 찰진 오곡밥 800g", "img4": "https://img-cf.kurly.com/shop/data/goodsview/20191224/gv10000074987_2.jpg"},
{"name": "유기농 보리 5곡 세트 800g", "img4": "https://img-cf.kurly.com/shop/data/goodsview/20191224/gv20000074979_2.jpg"},
{"name": "유기농 귀리혼합 10곡 800g", "img4": "https://img-cf.kurly.com/shop/data/goodsview/20191224/gv00000075265_2.jpg"},
{"name": "유기농 찰흑미 혼합 8곡 800g", "img4": "https://img-cf.kurly.com/shop/data/goodsview/20191224/gv00000075287_2.jpg"},
{"name": "[잔다리마을] 볶은 검은콩가루", "img4": "https://img-cf.kurly.com/shop/data/goodsview/20191224/gv00000074957_2.jpg"},
{"name": "[잔다리마을] 볶은 청서리태콩가루", "img4": "https://img-cf.kurly.com/shop/data/goodsview/20191224/gv00000074968_2.jpg"},
{"name": "[잔다리마을] 볶은 3가지맛콩가루", "img4": "https://img-cf.kurly.com/shop/data/goodsview/20191224/gv00000074952_2.jpg"},
{"name": "[잔다리마을] 볶은 약콩가루", "img4": "https://img-cf.kurly.com/shop/data/goodsview/20191224/gv00000074962_2.jpg"}