{"img1": "https://img-cf.kurly.com/shop/data/goods/158380442627y0.jpg", "name": "[누리웰] 동물복지 유정 초란 10구", "summary": "첫 달걀이 품은 영양 그대로(1구당: 520원)", "price": "4,680원", "discount_rate": "10%", "unit": "1팩", "amount": "10구", "package": "냉장/종이포장", "made_in": "달걀(국내산)", "img2": "https://img-cf.kurly.com/shop/data/goodsview/20200310/gv20000084767_1.jpg", "description": "'초란'은 어른이 된 닭이 처음 낳은 달걀을 뜻해요. 닭이 일생에서 한 시기에만 낳을 수 있는 귀한 달걀이지요. 일반 달걀에 비해 크기는 작지만, 그 안에 담긴 영양은 뒤지지 않습니다. 누리웰의 동물복지 유정 초란은 21주령에서 24주령 사이의 닭이 낳은 달걀만을 담았어요. 쾌적한 동물복지 농장에서, 무항생제 인증을 받은 달걀이라 더욱 믿고 즐길 수 있고요. 자그마한 크기에 영양이 꽉 들어차 있어, 이유식 또는 영양 간식으로 활용하기에 제격입니다. 건강하게 담은 동물복지 유정 초란으로, 처음 만나는 달걀을 선물하세요.", "img3": "https://img-cf.kurly.com/shop/data/goodsview/20200310/gv20000084776_1.jpg", "option_name_list": [], "option_price_list": []},
{"img1": "https://img-cf.kurly.com/shop/data/goods/1579516258693y0.jpg", "name": "[가농바이오] 스마트에그 1+ 특란 10구 (오메가3 함유)", "summary": "오메가 3와 DHA를 함유한 (1구당 판매가: 450원)", "price": "4,275원", "discount_rate": "5%", "unit": "1팩", "amount": "10구", "package": "냉장/종이포장", "made_in": "국내산", "img2": "https://img-cf.kurly.com/shop/data/goodsview/20200120/gv10000078847_1.jpg", "description": "안전한 달걀의 새로운 대안, 가농바이오의 달걀을 만나보세요. 기존의 사육환경을 넘어, 새로운 시스템으로 일컬어지는 가농바이오의 스마트 팜에서 온 기능성 달걀입니다. 항생제와 살충제, 산란촉진제 없이 달걀을 생산하는 것은 물론, 빅데이터를 기반으로 닭의 사육환경까지 철저하게 관리합니다. 특히 달걀 속에 오메가 3와 DHA를 함유하고 있어 기능성 달걀로도 인정받고 있어요. 당일 수집한 달걀은 세척부터 선별, 포장까지 그 어떤 외부 접촉 없이 자동으로 이루어지기에 더욱 안전하고요. 10구로 담았으니, 하루 2알로 영양을 챙겨보세요.", "img3": "https://img-cf.kurly.com/shop/data/goodsview/20200120/gv20000078868_1.jpg", "option_name_list": [], "option_price_list": []},
{"img1": "https://img-cf.kurly.com/shop/data/goods/1571189498393y0.jpg", "name": "[가농바이오] 가농금계란 1+등급 특란 20구", "summary": "안심하고 즐기는 스마트 팜 달걀", "price": "6,800원", "discount_rate": 0, "unit": "1팩", "amount": "20구", "package": "냉장/종이포장", "made_in": "국내산", "img2": "https://img-cf.kurly.com/shop/data/goodsview/20191016/gv00000064442_1.jpg", "description": "안전한 달걀의 새로운 대안, 가농바이오의 달걀을 컬리에서 만나보세요. 기존의 사육환경을 넘어, 새로운 시스템으로 일컬어지는 가농바이오의 스마트 팜에서 온 달걀이랍니다. 항생제와 살충제, 산란촉진제 없이 달걀을 생산하는 것은 물론, 빅데이터를 기반으로 닭의 사육환경까지 철저히 관리하고 있지요. 당일 수집된 달걀은 세척부터 선별, 포장까지 그 어떤 외부 접촉 없이 자동으로 이루어지기에 더욱 안전하고요. 보다 넉넉하게 두고 드실 수 있는 20구로 담았으니 안전한 달걀이 주는 즐거움을 마음껏 누려보세요.", "img3": "https://img-cf.kurly.com/shop/data/goodsview/20191205/gv00000071331_1.jpg", "option_name_list": [], "option_price_list": []},
{"img1": "https://img-cf.kurly.com/shop/data/goods/1571189603236y0.jpg", "name": "[가농바이오] 가농금계란 1+등급 특란 6구", "summary": "소용량으로 만나는 스마트 팜 달걀", "price": "2,430원", "discount_rate": "10%", "unit": "1팩", "amount": "6구", "package": "냉장/종이포장", "made_in": "국내산", "img2": "https://img-cf.kurly.com/shop/data/goodsview/20191016/gv10000064299_1.jpg", "description": "안전한 달걀의 새로운 대안, 가농바이오의 달걀을 부담 없는 양으로 만나보세요. 기존의 사육환경을 넘어, 새로운 시스템으로 일컬어지는 가농바이오의 스마트 팜에서 온 달걀이에요. 항생제와 살충제, 산란촉진제 없이 달걀을 생산하는 것은 물론, 빅데이터를 기반으로 닭의 사육환경까지 철저히 관리하고 있지요. 산란 당일 수집된 달걀은 세척부터 선별, 포장까지 그 어떤 외부 접촉 없이 자동으로 이루어지기에 더욱 안전하고요. 남김없이 사용할 수 있는 6구로 담았으니 신선한 달걀이 주는 기쁨을 마음껏 누려보세요.", "img3": "https://img-cf.kurly.com/shop/data/goodsview/20191011/gv00000064318_1.jpg", "option_name_list": [], "option_price_list": []},
{"img1": "https://img-cf.kurly.com/shop/data/goods/157127815866y0.jpg", "name": "[KURLY] 동물복지 반숙란 20구", "summary": "온 가족이 즐기는 영양 간식(1구당: 575원)", "price": "11,500원", "discount_rate": 0, "unit": "1팩", "amount": "20개입", "package": "냉장/종이포장", "made_in": "국내산", "img2": "https://img-cf.kurly.com/shop/data/goodsview/20191017/gv30000064209_1.jpg", "description": "내 입에 꼭 맞는 달걀을 찾기란 여간 쉽지 않아요. 특히나 별다른 조리 없이 그대로 즐기는 반숙란의 경우 더욱 그러한데요. 컬리가 선보이는 동물복지 반숙란은 어느 것 하나 빼놓을 수 없는 특별한 반숙란이에요. 컬리가 깐깐하게 고른 동물복지 유정란만을 사용한 것은 물론, 반숙란 고유의 촉촉함은 살리고 적절하게 간을 더해 완성했지요. 알맞게 익은 노른자의 부드러운 식감과 짜지 않은 소금간이 특히나 만족스럽답니다. 넉넉하게 두고 드실 수 있는 20구로 준비했으니 든든하게 담아가 보세요. 반숙 달걀장의 재료로 활용하거나, 늘 곁에 두고 먹는 간식으로 챙겨두셔도 좋을 거예요.", "img3": "https://img-cf.kurly.com/shop/data/goodsview/20191011/gv30000064215_1.jpg", "option_name_list": [], "option_price_list": []},
{"img1": "https://img-cf.kurly.com/shop/data/goods/1571278245807y0.jpg", "name": "[KURLY] 동물복지 반숙란 10구", "summary": "촉촉하고 고소한 달걀의 매력(1구당:670원)", "price": "6,700원", "discount_rate": 0, "unit": "1팩", "amount": "10개입", "package": "냉장/종이포장", "made_in": "국내산", "img2": "https://img-cf.kurly.com/shop/data/goodsview/20191017/gv10000064202_1.jpg", "description": "내 입에 꼭 맞는 달걀을 찾기란 여간 쉽지 않아요. 특히나 별다른 조리 없이 그대로 즐기는 반숙란의 경우 더욱 그러한데요. 컬리가 선보이는 동물복지 반숙란은 어느 것 하나 빼놓을 수 없는 특별한 반숙란이에요. 컬리가 깐깐하게 고른 동물복지 유정란만을 사용한 것은 물론, 반숙란 고유의 촉촉함은 살리고 적절하게 간을 더해 완성했지요. 알맞게 익은 노른자의 부드러운 식감과 짜지 않은 소금간이 특히나 만족스럽답니다. 부족함 없이 드실 수 있는 10구로 준비했으니 가볍게 담아가 보세요. 하루 한두 알씩 꺼내어 먹기에도, 요리에 더해 근사하게 즐기기에도 손색이 없을 거예요. ", "img3": "https://img-cf.kurly.com/shop/data/goodsview/20191011/gv40000064208_1.jpg", "option_name_list": [], "option_price_list": []},
{"img1": "https://img-cf.kurly.com/shop/data/goods/1571278335844y0.jpg", "name": "[KURLY] 동물복지 반숙란 6구", "summary": "소용량으로 부담없이 촉촉한(1구당:750원)", "price": "4,500원", "discount_rate": 0, "unit": "1팩", "amount": "6개입", "package": "냉장/종이포장", "made_in": "국내산", "img2": "https://img-cf.kurly.com/shop/data/goodsview/20191017/gv40000064142_1.jpg", "description": "내 입에 꼭 맞는 달걀을 찾기란 여간 쉽지 않아요. 특히나 별다른 조리 없이 그대로 즐기는 반숙란의 경우 더욱 그러한데요. 컬리가 선보이는 동물복지 반숙란은 어느 것 하나 빼놓을 수 없는 특별한 반숙란이에요. 컬리가 깐깐하게 고른 동물복지 유정란만을 사용한 것은 물론, 반숙란 고유의 촉촉함은 살리고 적절하게 간을 더해 완성했지요. 알맞게 익은 노른자의 부드러운 식감과 짜지 않은 소금간이 특히나 만족스럽답니다. 그때 그때 신선하게 즐길 수 있는 6구로 준비했으니 가볍게 담아가 보세요. 일상에서 한두 알씩 꺼내 드시면 손쉽게 든든한 시간을 채울 수 있을 거예요. ", "img3": "https://img-cf.kurly.com/shop/data/goodsview/20191010/gv20000064147_1.jpg", "option_name_list": [], "option_price_list": []},
{"img1": "https://img-cf.kurly.com/shop/data/goods/1566528810200y0.jpg", "name": "[Kurly] 깐 메추리 유정란 450g", "summary": "넉넉히 담긴 무항생제 메추리알", "price": "4,800원", "discount_rate": 0, "unit": "1팩", "amount": "450g", "package": "냉장/종이포장", "made_in": "", "img2": "https://img-cf.kurly.com/shop/data/goodsview/20190823/gv00000060005_1.jpg", "description": "컬리의 깐 메추리알 유정란은 무항생제 사료를 먹고 자란 메추라기의 알이에요. 껍질까지 모두 깔끔하게 벗겨 일일이 손질할 필요가 없죠. 깐 메추리 유정란의 반을 갈라보면 노른자가 흰자 가운데 보기 좋게 자리 잡고 있는데요. 노른자의 위치를 고려한 '난황 중심 제조 공법' 덕분이랍니다. 컬리의 깐 메추리 유정란은 겉은 탱탱하고, 속은 부드럽게 잘 익은 덕분에 활용도 또한 무척 높은데요. 깐 메추리알을 즐겨 찾는 분들을 위해 기존 제품 대비 1.5배 이상 커진 용량의 메추리알을 마련했어요. 한입에 쏙 들어가는 귀여운 메추리알을 다양한 요리에 활용해 보세요. ", "img3": "https://img-cf.kurly.com/shop/data/goodsview/20190823/gv40000060009_1.jpg", "option_name_list": [], "option_price_list": []},
{"img1": "https://img-cf.kurly.com/shop/data/goods/1565239074739y0.jpg", "name": "[컬리] 동물복지 백색 유정란 15구", "summary": "1구당 판매가: 480원", "price": "7,200원", "discount_rate": 0, "unit": "1팩", "amount": "15구", "package": "냉장/종이포장", "made_in": "국내산", "img2": "https://img-cf.kurly.com/shop/data/goodsview/20190808/gv00000058470_1.jpg", "description": "달걀을 고르다 보면 10구는 적고, 20구는 많게 느껴질 때가 있죠. 이럴 때 반가울 만한 달걀, 컬리의 동물복지 백색 유정란 15구를 소개할게요. 양계 분야의 전문가로 손꼽히는 브랜드 조인과 컬리가 함께 기획한 동물복지 달걀입니다. 닭의 스트레스를 줄여주는 쾌적한 환경을 제공함은 물론, 항생제나 산란 촉진제는 일절 사용하지 않았어요. 까다로운 동물복지 인증과 무항생제 인증까지 모두 획득한 달걀이니 믿고 드셔도 좋습니다. 여기에 하얀 달걀이 주는 깨끗함까지 함께 담아가세요.", "img3": "https://img-cf.kurly.com/shop/data/goodsview/20190802/gv30000058474_1.jpg", "option_name_list": [], "option_price_list": []},
{"img1": "https://img-cf.kurly.com/shop/data/goods/1571189698616y0.jpg", "name": "[가농바이오] 가농금계란 1+ 등급 특란 10구", "summary": "스마트 팜에서 생산한 안전한 달걀", "price": "3,500원", "discount_rate": 0, "unit": "1팩", "amount": "1팩(10구)", "package": "냉장/종이포장", "made_in": "국내", "img2": "https://img-cf.kurly.com/shop/data/goodsview/20191016/gv30000064423_1.jpg", "description": "안전한 달걀의 새로운 대안, 가농바이오의 달걀을 컬리에서 만나보세요. 기존의 사육환경을 넘어, 새로운 시스템으로 일컬어지는 가농바이오의 스마트 팜에서 온 달걀이랍니다. 항생제와 살충제, 산란촉진제 없이 달걀을 생산하는 것은 물론, 빅데이터를 기반으로 닭의 사육환경까지 철저히 관리하고 있지요. 당일 수집된 달걀은 세척부터 선별, 포장까지 그 어떤 외부 접촉 없이 자동으로 이루어지기에 더욱 안전하고요. 알맞게 사용할 수 있는 10구로 담았으니 필요한 만큼 두고 신선한 달걀을 즐겨보세요.", "img3": "https://img-cf.kurly.com/shop/data/goodsview/20191014/gv40000064438_1.jpg", "option_name_list": [], "option_price_list": []},
{"img1": "https://img-cf.kurly.com/shop/data/goods/1563245940543y0.jpg", "name": "1등급 구운란 10구", "summary": "1등급 계란만을 선별해 가마에 구운 (1팩/10입)", "price": "3,950원", "discount_rate": 0, "unit": "1팩", "amount": "10입", "package": "냉장/종이포장", "made_in": "국내산", "img2": "https://img-cf.kurly.com/shop/data/goodsview/20190716/gv40000055920_1.jpg", "description": null, "img3": "https://img-cf.kurly.com/shop/data/goodsview/20190716/gv40000055923_1.jpg", "option_name_list": [], "option_price_list": []},
{"img1": "https://img-cf.kurly.com/shop/data/goods/1564985588916y0.jpg", "name": "[컬리] 동물복지 백색 유정란 10구", "summary": "1구 당 판매가: 520원", "price": "4,900원", "discount_rate": 0, "unit": "1개", "amount": "1팩 (10구)", "package": "냉장/종이포장", "made_in": "", "img2": "https://img-cf.kurly.com/shop/data/goodsview/20191023/gv00000065729_1.jpg", "description": "달걀을 고르다 보면 많은 양을 모두 사용하는 게 부담스러울 때가 있죠. 이럴 때 반가울만한 달걀, 컬리의 동물복지 백색 유정란 10구를 소개할게요. 양계 분야의 전문가로 손꼽히는 브랜드 조인과 컬리가 함께 기획한 동물복지 달걀입니다. 닭의 스트레스를 줄여주는 쾌적한 환경을 제공함은 물론, 항생제나 산란 촉진제는 일절 사용하지 않았어요. 까다로운 동물복지 인증과 무항생제 인증까지 모두 획득한 달걀이니 믿고 드셔도 좋습니다. 여기에 신선한 달걀이 주는 진한 고소함까지 함께 담아가 보세요.", "img3": "https://img-cf.kurly.com/shop/data/goodsview/20191023/gv40000065732_1.jpg", "option_name_list": [], "option_price_list": []},
{"img1": "https://img-cf.kurly.com/shop/data/goods/1546239427492y0.jpg", "name": "정직한 훈제란 6구", "summary": "친환경 무항생제 달걀과 참나무의 만남", "price": "3,600원", "discount_rate": 0, "unit": "1팩", "amount": "6입", "package": "냉장/종이포장", "made_in": "", "img2": "https://img-cf.kurly.com/shop/data/goodsview/20181231/gv10000040452_1.jpg", "description": null, "img3": "https://img-cf.kurly.com/shop/data/goodsview/20181231/gv00000040455_1.jpg", "option_name_list": [], "option_price_list": []},
{"img1": "https://img-cf.kurly.com/shop/data/goods/154623920925y0.jpg", "name": "정직한 구운란 6구", "summary": "8시간 동안 가마에서 구워낸", "price": "3,300원", "discount_rate": 0, "unit": "1팩", "amount": "6입", "package": "냉장/종이포장", "made_in": "", "img2": "https://img-cf.kurly.com/shop/data/goodsview/20181231/gv00000040448_1.jpg", "description": "단백질이 풍부한 달걀은 식단 관리에 빠지지 않고 등장하는 음식이죠. 식단 조절 중인 분들도 맛있게 먹는 즐거움을 잊지 않도록, 컬리가 가마에서 구운 달걀을 준비했어요. 게르마늄 석을 깐 가마에서 8시간 동안 정직하게 구워, 구운란의 갈색빛과 쫄깃한 식감을 제대로 살렸습니다. 동종업계 최초로 HACCP 인증을 받아 사육한 친환경 무항생제 달걀만을 사용했지요. 믿을 수 있는 정직한 구운란은 소금 간을 하지 않았기에, 식단 관리용으로 최적의 조건을 갖췄답니다. 식사를 챙기기 바쁜 직장인과 학생들도 간편히 배를 채울 수 있어 좋아요. 담백한 구운란의 기분 좋은 포만감을 느껴보세요.", "img3": "https://img-cf.kurly.com/shop/data/goodsview/20181231/gv20000040451_1.jpg", "option_name_list": [], "option_price_list": []},
{"img1": "https://img-cf.kurly.com/shop/data/goods/1560243257903y0.jpg", "name": "[컬리] 동물복지 백색 유정란 20구", "summary": "1구 당 판매가: 450원", "price": "9,000원", "discount_rate": 0, "unit": "1개", "amount": "20구", "package": "냉장/종이포장", "made_in": "국내산", "img2": "https://img-cf.kurly.com/shop/data/goodsview/20191023/gv40000065664_1.jpg", "description": "컬리가 고른 동물복지 유정란, 이번엔 백색란으로 만나보세요. 마음 놓고 넉넉하게 즐길 수 있는 컬리의 동물복지 백색 유정란 20구를 소개할게요. 양계 분야의 전문가로 손꼽히는 브랜드 조인과 컬리가 함께 기획한 동물복지 달걀입니다. 닭의 스트레스를 줄여주는 쾌적한 환경을 제공함은 물론, 항생제나 산란 촉진제는 일절 사용하지 않았어요. 까다로운 동물복지 인증과 무항생제 인증까지 모두 획득한 달걀이니 믿고 드셔도 좋습니다. 여기에 하얀 달걀이 주는 깨끗함까지 함께 담아가 보세요.", "img3": "https://img-cf.kurly.com/shop/data/goodsview/20191023/gv00000065667_1.jpg", "option_name_list": [], "option_price_list": []},
{"img1": "https://img-cf.kurly.com/shop/data/goods/1558688103605y0.jpg", "name": "정직한 훈제란 2입", "summary": "친환경 무항생제 달걀과 참나무의 만남", "price": "1,800원", "discount_rate": 0, "unit": "1팩", "amount": "2입", "package": "냉장/종이포장", "made_in": "", "img2": "", "description": "", "img3": "", "option_name_list": [], "option_price_list": []}