{"img1": "https://img-cf.kurly.com/shop/data/goods/1585719524176y0.jpg", "name": "[하림] 닭한마리 칼국수 밀키트", "summary": "온 가족이 즐기는 푸짐한 칼국수", "price": "12,000원", "discount_rate": 0, "unit": "1팩", "amount": "1175g", "package": "냉장/종이포장", "made_in": "", "img2": "https://img-cf.kurly.com/shop/data/goodsview/20200401/gv00000088400_1.jpg", "description": "닭 한 마리와 칼국수를 동시에 맛볼 수 있는 일품요리, 바로 진하고 담백한 닭 한 마리 칼국수예요. 재료 준비와 손질이 귀찮은 분들을 위해 누구나 간편히 조리할 수 있는 밀키트를 선보입니다. 실하고 신선한 닭 한 마리를 부위별로 깨끗이 손질해 담아냈어요. 다양한 채소, 칼국수, 육수용 치킨스톡도 개별 포장했기에 더욱 위생적으로 느껴지지요. 속을 뜨끈히 데워 줄 일품요리가 생각날 땐, 온 가족을 위한 푸짐한 칼국수 한 그릇을 준비해 보세요.", "img3": "https://img-cf.kurly.com/shop/data/goodsview/20200401/gv30000088406_1.jpg", "option_name_list": [], "option_price_list": []},
{"img1": "https://img-cf.kurly.com/shop/data/goods/1585719687145y0.jpg", "name": "[하림] 춘천식 닭갈비 밀키트", "summary": "간편하게 볶아먹는 매콤 닭갈비", "price": "13,000원", "discount_rate": 0, "unit": "1팩", "amount": "1075g", "package": "냉장/종이포장", "made_in": "", "img2": "https://img-cf.kurly.com/shop/data/goodsview/20200401/gv20000088407_1.jpg", "description": "부드럽고 촉촉한 순살 닭고기에 매콤한 양념을 입힌 일품요리, 바로 춘천식 닭갈비예요. 재료 준비와 손질이 귀찮은 분들을 위해 누구나 간편히 조리할 수 있는 밀키트를 선보입니다. 실하고 신선한 친환경 닭고기를 깨끗이 순살만 골라내 담아냈어요. 다양한 국내산 채소들도 손질하여 개별 포장했기에 더욱 위생적으로 느껴지지요. 닭갈비용, 볶음밥용 소스를 친절히 구분해두어, 마무리용 볶음밥까지 거뜬히 책임진답니다. 매콤 칼칼한 맛이 매력적인 닭갈비로 온 가족을 위한 푸짐한 한 상을 채워보세요.", "img3": "https://img-cf.kurly.com/shop/data/goodsview/20200401/gv20000088410_1.jpg", "option_name_list": [], "option_price_list": []},
{"img1": "https://img-cf.kurly.com/shop/data/goods/1585719857465y0.jpg", "name": "[하림] 궁중식 찜닭 밀키트", "summary": "넉넉하게 즐기는 간장 찜닭", "price": "13,000원", "discount_rate": 0, "unit": "1팩", "amount": "1245g", "package": "냉장/종이포장", "made_in": "", "img2": "https://img-cf.kurly.com/shop/data/goodsview/20200401/gv10000088415_1.jpg", "description": "부드럽고 촉촉한 닭고기에 짭조름한 간장 양념이 더해진 일품요리, 바로 푸짐하고 다채로운 궁중식 찜닭이에요. 재료 준비와 손질이 귀찮은 분들을 위해 누구나 간편히 조리할 수 있는 밀키트를 선보입니다. 실하고 신선한 친환경 닭고기를 부위별로 깨끗이 손질해 담아냈어요. 다양한 국내산 채소들도 손질하여 개별 포장했기에 더욱 위생적으로 느껴지지요. 담백한 고기와, 아삭한 채소, 쫄깃한 당면을 동시에 맛볼 수 있답니다. 넉넉하고 편리한 찜닭 요리로 근사한 한 상을 준비해 보세요.", "img3": "https://img-cf.kurly.com/shop/data/goodsview/20200401/gv40000088420_1.jpg", "option_name_list": [], "option_price_list": []},
{"img1": "https://img-cf.kurly.com/shop/data/goods/1585720001601y0.jpg", "name": "[하림] 태양초 닭볶음탕 밀키트", "summary": "태양초가 전하는 매콤 칼칼함", "price": "11,000원", "discount_rate": 0, "unit": "1팩", "amount": "965g", "package": "냉장/종이포장", "made_in": "", "img2": "https://img-cf.kurly.com/shop/data/goodsview/20200401/gv00000088421_1.jpg", "description": "부드럽고 촉촉한 닭고기에 매콤한 태양초 양념을 더한 일품요리, 바로 칼칼함이 매력적인 태양초 닭볶음탕이에요. 재료 준비와 손질이 귀찮은 분들을 위해 누구나 간편히 조리할 수 있는 밀키트를 선보입니다. 실하고 신선한 무항생제 닭고기를 부위별로 깨끗이 손질해 담아냈어요. 다양한 국내산 채소들도 손질하여 개별 포장했기에 더욱 위생적으로 느껴지지요. 화끈하게 전해지는 매콤함 덕분에, 쌓였던 스트레스가 단번에 풀리는 것 같아요. 손쉽게 만드는 닭볶음탕으로 온 가족이 넉넉한 한 끼를 누려보세요. ", "img3": "https://img-cf.kurly.com/shop/data/goodsview/20200401/gv10000088426_1.jpg", "option_name_list": [], "option_price_list": []},
{"img1": "https://img-cf.kurly.com/shop/data/goods/1585276823617y0.jpg", "name": "[퀸덕] BIG BITE 오키더키 2종", "summary": "집에서 구워먹는 오리 다리!", "price": "5,900원", "discount_rate": 0, "unit": "1팩", "amount": "220g", "package": "냉장/종이포장", "made_in": "", "img2": "https://img-cf.kurly.com/shop/data/goodsview/20200327/gv10000087580_1.jpg", "description": "두툼한 두께로 군침도는 비주얼을 자랑하는 통다리 구이 간식을 소개할게요. 오키더키는 오리 다리에 감칠맛 좋은 소스를 발라 한차례 구워준 뒤 냉동으로 포장한 상품인데요. 해동할 필요 없이 전자레인지에 간편하게 조리해 바로 먹을 수 있답니다. 짭짤하게 즐기는 순한맛과 톡쏘는 매력의 매콤맛을 준비했으니 취향에 맞게 골라보세요. 국내산 오리 다리로 만든 간식이라, 안심하고 먹을 수 있어 더 만족스러울 거예요.", "img3": "https://img-cf.kurly.com/shop/data/goodsview/20200327/gv00000087589_1.jpg", "option_name_list": ["[퀸덕] BIG BITE 오키더키 순한맛", " [퀸덕] BIG BITE 오키더키 매콤맛"], "option_price_list": ["5,900원", "5,900원"]},
{"img1": "https://img-cf.kurly.com/shop/data/goods/1585285755551y0.jpg", "name": "[CJ프레시웨이] 자연차림 훈제오리", "summary": "[무항생제 인증] 간편하게 데워 먹는 오리고기 (1팩 200g)", "price": "3,900원", "discount_rate": 0, "unit": "1팩", "amount": "200g", "package": "냉장/종이포장", "made_in": "", "img2": "https://img-cf.kurly.com/shop/data/goodsview/20200327/gv10000087654_1.jpg", "description": "훈제오리는 오리고기 특유의 향이 부담스러운 분들도 거부감 없이 즐길 수 있지요. 무항생제 인증을 받은 국내산 오리고기만을 사용해 더욱 안심하고 먹을 수 있는 훈제오리를 소개할게요. 미리 적당한 크기로 잘라 포장해 살짝 데워 주기만 하면 되니, 요리에 많은 시간을 들이지 않아도 되지요. 그대로 먹거나 소스만 곁들여도 충분히 좋지만, 채소를 곁들여서 볶아 내도 근사한 저녁 메뉴로 손색이 없을 거예요.", "img3": "https://img-cf.kurly.com/shop/data/goodsview/20200327/gv40000087658_1.jpg", "option_name_list": [], "option_price_list": []},
{"img1": "https://img-cf.kurly.com/shop/data/goods/158519696333y0.jpg", "name": "[다향오리] 덕팸", "summary": "국내산 오리고기로 만든 이색 햄", "price": "3,400원", "discount_rate": 0, "unit": "1캔", "amount": "200g", "package": "상온/종이포장", "made_in": "", "img2": "https://img-cf.kurly.com/shop/data/goodsview/20200326/gv30000087341_1.jpg", "description": "간단 반찬부터 맛있는 찌개까지, 캔햄은 주방에 꼭 필요한 필수 아이템이지요. 오리고기로 만들어 색다른 매력을 자랑하는 다향오리의 덕팸을 소개합니다. 돼지고기를 넣어 부드러운 햄과 달리, 덕팸은 쫄깃하고 담백하게 즐길 수 있는 상품이에요. 도톰하게 썬 뒤 팬이나 전자레인지에 간편하게 조리해 깔끔한 감칠맛을 느껴보세요. 국내산 오리고기를 사용한 제품이라 안심하고 먹을 수 있어 더 만족스러울 거예요.", "img3": "https://img-cf.kurly.com/shop/data/goodsview/20200326/gv20000087351_1.jpg", "option_name_list": [], "option_price_list": []},
{"img1": "https://img-cf.kurly.com/shop/data/goods/1583839292842y0.jpg", "name": "[우리땅오리] 무항생제 훈제오리 500g(냉동)", "summary": "오리 요리를 위한 간편 재료", "price": "12,900원", "discount_rate": 0, "unit": "1봉", "amount": "500g", "package": "냉동/종이포장", "made_in": "", "img2": "https://img-cf.kurly.com/shop/data/goodsview/20200310/gv00000085016_1.jpg", "description": "훈연으로 구워 더 쫄깃하고 담백한 우리땅오리의 무항생제 훈제오리를 소개합니다. 국산 다시마 분말과 건마늘 분말 등을 더해 감칠맛을 낸 상품인데요. 별도의 손질 없이 해동 후 바로 조리하고 섭취할 수 있도록, 도톰한 두께로 썰어 포장했기에 더욱 편리하지요. 무항생제 훈제오리로 온 가족을 위한 고기반찬을 만들어 보세요. 소금이나 겨자 소스를 곁들이면 더 맛있게 즐길 수 있을 거예요.", "img3": "https://img-cf.kurly.com/shop/data/goodsview/20200310/gv20000085022_1.jpg", "option_name_list": [], "option_price_list": []},
{"img1": "https://img-cf.kurly.com/shop/data/goods/1581310716921y0.jpg", "name": "[체리부로] 골든치킨 텐더스틱", "summary": "부드럽게 즐기는 순살치킨", "price": "7,400원", "discount_rate": 0, "unit": "1팩", "amount": "460g", "package": "냉동/종이포장", "made_in": "", "img2": "https://img-cf.kurly.com/shop/data/goodsview/20200210/gv20000080898_1.jpg", "description": "바삭함과 촉촉함을 동시에 느낄 수 있는 닭안심 텐더스틱을 소개합니다. 국내산 닭안심으로 만든 순살 치킨이라, 아이들 간식이나 도시락 반찬으로 간편하게 활용하기 좋아요. 시즈닝을 살짝 입히고 기름에 튀겨 속살에서 매콤함이 은은하게 전해지고, 뻑뻑하지 않아 자꾸만 손이 가죠. 어떤 소스와도 환상의 궁합을 자랑하는 부드러운 텐더스틱을 컬리에서 손쉽게 만나보세요.", "img3": "https://img-cf.kurly.com/shop/data/goodsview/20200210/gv20000080903_1.jpg", "option_name_list": [], "option_price_list": []},
{"img1": "https://img-cf.kurly.com/shop/data/goods/1581304255103y0.jpg", "name": "[체리부로] 골든치킨 봉", "summary": "촉촉한 속살을 지닌 후라이드 닭봉", "price": "7,900원", "discount_rate": 0, "unit": "1팩", "amount": "460g", "package": "냉동/종이포장", "made_in": "", "img2": "https://img-cf.kurly.com/shop/data/goodsview/20200210/gv40000080867_1.jpg", "description": "쫀득쫀득한 식감의 귀여운 닭봉을 바삭하게 튀겨낸 후라이드 치킨을 소개합니다. 신선한 냉장육에 살짝 시즈닝을 입히고 기름에 튀겨, 은은하게 도는 매콤함과 촉촉하고 부드러운 속살이 특징이에요. 한 손으로 잡고 먹기 좋은 앙증맞은 크기여서, 아이들을 위한 간식으로도 손색이 없죠. 바삭하고 짭짤한 골든치킨 봉으로 오늘의 야식 고민을 단번에 해결하세요.", "img3": "https://img-cf.kurly.com/shop/data/goodsview/20200210/gv20000080872_1.jpg", "option_name_list": [], "option_price_list": []},
{"img1": "https://img-cf.kurly.com/shop/data/goods/1579066691125y0.jpg", "name": "[하림] 버팔로 치킨 봉 스파이시", "summary": "매콤함을 입은 닭날개 구이", "price": "11,000원", "discount_rate": 0, "unit": "1봉", "amount": "500g", "package": "냉동/종이포장", "made_in": "", "img2": "https://img-cf.kurly.com/shop/data/goodsview/20200115/gv40000078037_1.jpg", "description": null, "img3": "https://img-cf.kurly.com/shop/data/goodsview/20200115/gv20000078043_1.jpg", "option_name_list": [], "option_price_list": []},
{"img1": "https://img-cf.kurly.com/shop/data/goods/1579063620299y0.jpg", "name": "[그리너스] 닭가슴살 큐브 스테이크 500g", "summary": "간편하게 구워 먹는 촉촉한 닭가슴살", "price": "7,900원", "discount_rate": 0, "unit": "1팩", "amount": "500g", "package": "냉동/종이포장", "made_in": "", "img2": "https://img-cf.kurly.com/shop/data/goodsview/20200115/gv20000077989_1.jpg", "description": null, "img3": "https://img-cf.kurly.com/shop/data/goodsview/20200122/gv40000079014_1.jpg", "option_name_list": [], "option_price_list": []},
{"img1": "https://img-cf.kurly.com/shop/data/goods/1576586023250y0.jpg", "name": "[올계] 유기농 치킨 커틀렛 300g", "summary": "유기농 닭고기로 만든 착한 커틀렛", "price": "14,500원", "discount_rate": 0, "unit": "1팩", "amount": "300g (4-5개)", "package": "냉동/종이포장", "made_in": "", "img2": "https://img-cf.kurly.com/shop/data/goodsview/20191217/gv10000073424_1.jpg", "description": "남녀노소 누구나 좋아하는 치킨 커틀렛, 조금 더 건강하게 드시고 싶을거라 생각해요. 담백하고 쉽게 물리지 않는 맛의 건강한 치킨 커틀렛을 준비했는데요. 화학약품 대신 유기농 곡물사료로 건강하게 키운 닭고기와, 국내산 유기농 식재료들을 사용했어요. 닭가슴살 부위인데도 너무 뻑뻑하지 않고, 짜지 않은 담백한 맛이라 자꾸만 손이 가죠. 튀김옷도 얇아서 기름이 잔뜩 낀 두꺼운 튀김옷을 싫어하는 분들에게 특히 권해드려요. 고기 반찬 좋아하는 아이들에게 조금이라도 건강한 식탁을 차려주고 싶다면, 맛있고 건강하게 즐길 수 있는 유기농 치킨 커틀렛으로 오늘의 식탁을 채워보세요.        ", "img3": "https://img-cf.kurly.com/shop/data/goodsview/20191217/gv40000073429_1.jpg", "option_name_list": [], "option_price_list": []},
{"img1": "https://img-cf.kurly.com/shop/data/goods/157586538930y0.jpg", "name": "[자연실록] 옛날 통닭 통다리", "summary": "닭다리 마니아를 위한 오븐구이", "price": "4,800원", "discount_rate": 0, "unit": "1팩", "amount": "155g", "package": "냉동/종이포장", "made_in": "", "img2": "https://img-cf.kurly.com/shop/data/goodsview/20191209/gv40000071851_1.jpg", "description": "닭다리살은 쫄깃하고 야들야들해 누구나 좋아하는 부위예요. 컬리는 맛있는 살코기를 입안 가득 즐길 수 있도록 전기구이 스타일로 만든 큼직한 통 닭다리를 소개합니다. 항생제를 사용하지 않고 길러낸 닭에 간장, 천일염, 마늘로 가볍게 염지했어요. 이후 오븐에서 15분간 초벌 해서 냉동했답니다. 덕분에 가정에서는 속까지 익히느라 오래 기다릴 필요가 없지요. 전자레인지로 데워도 되지만 에어프라이어나 오븐으로 조리해야 바삭한 겉껍질을 즐길 수 있을 거예요. ", "img3": "https://img-cf.kurly.com/shop/data/goodsview/20191209/gv40000071860_1.jpg", "option_name_list": [], "option_price_list": []},
{"img1": "https://img-cf.kurly.com/shop/data/goods/1575860373793y0.jpg", "name": "[자연실록] 옛날 통닭", "summary": "튀김옷이 없는 옛날식 통닭", "price": "9,800원", "discount_rate": 0, "unit": "1팩", "amount": "500g", "package": "냉동/종이포장", "made_in": "국내산", "img2": "https://img-cf.kurly.com/shop/data/goodsview/20191209/gv40000071846_1.jpg", "description": null, "img3": "https://img-cf.kurly.com/shop/data/goodsview/20191209/gv40000071850_1.jpg", "option_name_list": [], "option_price_list": []},
{"img1": "https://img-cf.kurly.com/shop/data/goods/1571294436763y0.jpg", "name": "[육심당] 닭다리파 꼬치", "summary": "쫄깃한 식감으로 즐기는 닭꼬치!", "price": "6,900원", "discount_rate": 0, "unit": "1팩 (4개입)", "amount": "240g", "package": "냉동/종이포장", "made_in": "", "img2": "https://img-cf.kurly.com/shop/data/goodsview/20191017/gv20000064910_1.jpg", "description": "야외 캠핑에서는 물론 가정에서도 프라이팬이나 에어프라이어에 간편히 구워 즐길 수 있는 꼬치구이를 컬리에서 만나보세요. 지금 소개하는 꼬치는 야들야들하고 쫄깃한 식감이 매력인 닭다리살을 이용해 만든 닭꼬치예요. 국내산 닭고기와 대파를 먹기 좋은 크기로 알맞게 썬 뒤 꼬치에 교차로 꽂아 완성했지요. 포장지만 벗긴 뒤 해동하여 그대로 구워주기만 하면 되는 간편 제품입니다. 꼬치의 길이가 너무 길지도, 짧지도 않아 어떠한 조리 도구에 구워내기에도 알맞아요. 소금이나 후추 등 별도의 간을 더하지 않았으니 입맛에 맞게 양념을 입히거나 소스 없이 앞뒤로 먹음직스럽게 구워 즐겨보세요.", "img3": "https://img-cf.kurly.com/shop/data/goodsview/20191017/gv20000064917_1.jpg", "option_name_list": [], "option_price_list": []}