{"img1": "https://img-cf.kurly.com/shop/data/goods/1585535304780y0.jpg", "name": "[씨에라] 브라질산 삼겹살 바로구이 500g (냉동)", "summary": "구이용 (100g 당 판매가: 1,780원)", "price": "8,900원", "discount_rate": 0, "unit": "1팩", "amount": "500g", "package": "냉동/종이포장", "made_in": "", "img2": "https://img-cf.kurly.com/shop/data/goodsview/20200330/gv30000087795_1.jpg", "description": "두툼한 삼겹살의 매력이 든든한 식감과 풍성한 육즙이라면, 대패 삼겹살의 매력은 술술 넘어가는 부드러움과 짧은 조리 시간일 거예요. 돌돌 말린 고기를 뜨거운 불판에 올리면 금세 지글지글 소리를 내며 노릇하게 익거든요. 씨에라의 삼겹살은 지방층과 살코기의 비율이 고른 편이라 지방만 많지 않을까 하는 염려는 내려두어도 좋답니다. 구이는 물론, 김치찌개나 된장찌개에 손쉽게 감칠맛을 더하고 싶을 때 넣어도 좋아요.", "img3": "https://img-cf.kurly.com/shop/data/goodsview/20200330/gv40000087798_1.jpg", "option_name_list": [], "option_price_list": []},
{"img1": "https://img-cf.kurly.com/shop/data/goods/1583730493289y0.jpg", "name": "[하이포크] 그때 그 삼겹 180g(냉동)", "summary": "구이용 (100g당 판매가 : 2,722원)", "price": "4,900원", "discount_rate": 0, "unit": "1봉", "amount": "180g", "package": "냉동/종이포장", "made_in": "국내산", "img2": "https://img-cf.kurly.com/shop/data/goodsview/20200309/gv30000084686_1.jpg", "description": "삼겹살은 왠지 여러 사람이 복작복작 모여 구워 먹어야 할 것 같은 음식이에요. 하지만 혼자 먹는 저녁 식사나 늦은 밤 안주로라도 노릇하게 구운 삼겹살을 즐기고 싶을 때가 있죠. 그런 순간을 위해, 하이포크는 국내산 돼지고기 삼겹살을 1인이 먹기 알맞은 분량만큼 담은 제품을 선보입니다. 고기를 한입 크기로 세절한 후 담았기에 조리하거나 먹기 무척 간편한데요. 소가구용 작은 프라이팬이나 에어프라이어에 훌훌 털어 넣고 조리할 수 있고, 가위로 자르다 기름이 튈 일도 없지요. 냉동실에 깔끔하게 보관해두었다가 언제든지 꺼내어 간편하게 즐겨보세요.", "img3": "https://img-cf.kurly.com/shop/data/goodsview/20200309/gv10000084694_1.jpg", "option_name_list": [], "option_price_list": []},
{"img1": "https://img-cf.kurly.com/shop/data/goods/1583212998539y0.jpg", "name": "[씨에라] 브라질산 감자탕용 돈등뼈+돈목뼈", "summary": "탕용 (100g 당 468원)", "price": "7,500원", "discount_rate": 0, "unit": "1팩", "amount": "1.6kg", "package": "냉동/종이포장", "made_in": "브라질", "img2": "https://img-cf.kurly.com/shop/data/goodsview/20200303/gv10000083729_1.jpg", "description": "담백하면서도 부드러운 식감의 살코기가 사이사이 붙어있는 돼지 등뼈와 목뼈 부위. 감자탕이나 김치찜, 등뼈찜, 뼈해장국 등 속을 달래주는 다양한 한식과 동남아식 갈비탕인 바쿠테같은 이국 요리에도 들어갈 만큼 다채로운 레시피로 활용되는 재료이지요. 컬리는 돈등뼈와 돈목뼈를 반반씩 담은 제품을 준비했어요. 살코기가 실하게 붙어있는 부위를 엄선한 뒤 먹기 좋은 크기로 절단했는데요. 내 손으로 직접 정성 가득한 음식을 내어보고 싶을 때 요긴하게 쓸 수 있을 거예요. 가족이나 친구들과 함께 즐길 따뜻한 한 상 요리를 만들 때 꺼내어 활용해보세요.", "img3": "https://img-cf.kurly.com/shop/data/goodsview/20200303/gv00000083731_1.jpg", "option_name_list": [], "option_price_list": []},
{"img1": "https://img-cf.kurly.com/shop/data/goods/157862324365y0.jpg", "name": "[하이포크] 한돈 뽈항정살 300g(냉동)", "summary": "구이용 (100g당 판매가 : 2,300원)", "price": "6,900원", "discount_rate": 0, "unit": "1팩", "amount": "300g", "package": "냉동/종이포장", "made_in": "", "img2": "https://img-cf.kurly.com/shop/data/goodsview/20200110/gv30000077405_1.jpg", "description": "돼지고기 특수부위 중 미트러버들의 열렬한 지지를 받는 부위가 있어요. 바로 뽈항정살인데요. 돼지 머리에 붙은 살인 두항정살과 돼지의 관자놀이를 일컫는 뽈살 부위를 합친 부위를 말합니다. 컬리는 이 뽈항정살을 하이포크의 한돈으로 준비했어요. 두항정살과 붙어 있는 뽈살을 함께 돌돌 만 뒤 슬라이스하여 동그란 모양을 유지하였지요. 두 부위 모두 돼지 한 마리에서 극소량으로 맛볼 수 있는 만큼 식감과 맛도 남다릅니다. 두항정살 고유의 아삭하고 쫄깃한 식감과 뽈살의 진한 육향이 부드럽게 어우러지지요. 뽈항정살을 먹음직스럽게 구워 즐기거나 찌개에 넣어 다채롭게 활용해보세요. ", "img3": "https://img-cf.kurly.com/shop/data/goodsview/20200110/gv20000077412_1.jpg", "option_name_list": [], "option_price_list": []},
{"img1": "https://img-cf.kurly.com/shop/data/goods/1574832942607y0.jpg", "name": "[모어댄프레쉬] 맥돈 앞다리살 2종 (냉장)", "summary": "부드럽고 쫄깃한 육질 (100g 당 판매가: 1.667원)", "price": "5,000원", "discount_rate": 0, "unit": "1팩", "amount": "300g", "package": "냉장/종이포장", "made_in": "국내산", "img2": "https://img-cf.kurly.com/shop/data/goodsview/20191127/gv10000069924_1.jpg", "description": "돼지고기의 육질을 결정하는 요소로 사료를 빼놓을 수 없어요. 그중에서도 베타글루간, 비타민 E 등이 풍부한 보리가 함유된 사료를 먹고 자란 돼지고기, 맥돈은 육질이 보다 쫀쫀하고, 지방색이 선명하기로 이름나 있습니다. 사육부터 가공까지 수직 계열화로 안전한 돼지고기를 생산하는 농축산기업인 해드림푸드의 맥돈 브랜드, 모어댄프레쉬를 컬리에서 만나보세요. 지금 소개하는 부위는 풍부한 육즙, 쫄깃한 식감을 모두 갖춘 앞다리살이에요. 솜씨 좋은 전문가가 찌개, 불고기 용도에 맞게 깔끔하게 손질했지요. 냉장 상태의 앞다리살을 육질의 상태를 최적으로 유지해주는 열성형 진공 포장으로 보내드리니 신선하게 즐겨볼 수 있을 거예요. ", "img3": "https://img-cf.kurly.com/shop/data/goodsview/20191127/gv20000069933_1.jpg", "option_name_list": ["[모어댄프레쉬] 맥돈 앞다리살 찌개용 300g", "[모어댄프레쉬] 맥돈 앞다리살 불고기용 300g"], "option_price_list": ["5,000원", "5,000원"]},
{"img1": "https://img-cf.kurly.com/shop/data/goods/1574844181827y0.jpg", "name": "[모어댄프레쉬] 맥돈 목살 2종 (냉장)", "summary": "100g 당 판매가: 구이용 2,767원 / 수육용 2,500원", "price": "8,300원", "discount_rate": 0, "unit": "1팩", "amount": "300g/500g", "package": "냉장/종이포장", "made_in": "국내산", "img2": "https://img-cf.kurly.com/shop/data/goodsview/20191127/gv40000069937_1.jpg", "description": "돼지고기의 육질을 결정하는 요소로 사료를 빼놓을 수 없어요. 그중에서도 베타글루간, 비타민 E 등이 풍부한 보리가 함유된 사료를 먹고 자란 돼지고기, 맥돈은 육질이 보다 쫀쫀하고, 지방색이 선명하기로 이름나 있습니다. 사육부터 가공까지 수직 계열화로 안전한 돼지고기를 생산하는 농축산기업인 해드림푸드의 맥돈 브랜드, 모어댄프레쉬를 컬리에서 만나보세요. 씹는 맛과 고소한 육즙을 모두 풍성히 누릴 수 있는 목살 부위를 솜씨 좋은 전문가가 구이, 수육용에 알맞게 정형하였지요. 냉장 상태의 목살을 육질의 상태를 최적으로 유지해주는 열성형 진공 포장으로 신선하게 보내 드릴게요. 구이로, 또 수육으로 다채롭게 활용해보세요. ", "img3": "https://img-cf.kurly.com/shop/data/goodsview/20191127/gv20000070016_1.jpg", "option_name_list": ["[모어댄프레쉬] 맥돈 목살 구이용 300g", "[모어댄프레쉬] 맥돈 목살 수육용 500g"], "option_price_list": ["8,300원", "12,500원"]},
{"img1": "https://img-cf.kurly.com/shop/data/goods/15748321482y0.jpg", "name": "[모어댄프레쉬] 맥돈 삼겹살 3종 (냉장)", "summary": "100g 당 판매가: 구이용 2,933원 / 수육용 2,600원 / 찌개용 2,933원", "price": "8,800원", "discount_rate": 0, "unit": "1팩", "amount": "300g/500g", "package": "냉장/종이포장", "made_in": "국내산", "img2": "https://img-cf.kurly.com/shop/data/goodsview/20191127/gv40000069903_1.jpg", "description": "돼지고기의 육질을 결정하는 요소로 사료를 빼놓을 수 없어요. 그중에서도 베타글루간, 비타민 E 등이 풍부한 보리가 함유된 사료를 먹고 자란 돼지고기, 맥돈은 육질이 보다 쫀쫀하고, 지방색이 선명하기로 이름나 있습니다. 사육부터 가공까지 수직 계열화로 안전한 돼지고기를 생산하는 농축산기업인 해드림푸드의 맥돈 브랜드, 모어댄프레쉬를 컬리에서 만나보세요. 살코기와 지방의 균형을 잘 이루는 삼겹살을 솜씨 좋은 전문가가 구이, 수육, 찌개용에 알맞게 정형했어요. 냉장 상태의 삼겹살을 육질의 상태를 최적으로 유지해주는 열성형 진공 포장으로 신선하게 보내 드릴게요. 요리의 용도에 알맞은 삼겹살을 골라 맛보세요. ", "img3": "https://img-cf.kurly.com/shop/data/goodsview/20191127/gv40000069921_1.jpg", "option_name_list": ["[모어댄프레쉬] 맥돈 삼겹살 구이용 300g", "[모어댄프레쉬] 맥돈 삼겹살 수육용 500g", "[모어댄프레쉬] 맥돈 삼겹살 찌개용 300g"], "option_price_list": ["8,800원", "13,000원", "8,800원"]},
{"img1": "https://img-cf.kurly.com/shop/data/goods/1574843463916y0.jpg", "name": "[모어댄프레쉬] 맥돈 갈비살 구이용 300g(냉장)", "summary": "쫀득한 식감이 일품 (100g 당 판매가: 2,967원)", "price": "8,900원", "discount_rate": 0, "unit": "1팩", "amount": "300g", "package": "냉장/종이포장", "made_in": "국내산", "img2": "https://img-cf.kurly.com/shop/data/goodsview/20191127/gv10000069989_1.jpg", "description": "돼지고기의 육질을 결정하는 요소로 사료를 빼놓을 수 없어요. 그중에서도 베타글루간, 비타민 E 등이 풍부한 보리가 함유된 사료를 먹고 자란 돼지고기, 맥돈은 육질이 보다 쫀쫀하고, 지방색이 선명하기로 이름나 있습니다. 사육부터 가공까지 수직 계열화로 안전한 돼지고기를 생산하는 농축산기업인 해드림푸드의 맥돈 브랜드, 모어댄프레쉬를 컬리에서 만나보세요. 지금 소개하는 부위는 갈비뼈 사이에 있는 살코기를 분리한 갈비살이에요. 근내지방이 잘 발달된 덕분에 마블링이 좋고, 육질이 무척 쫄깃합니다. 구이로 드시면 고소한 육향을 제대로 느껴볼 수 있는데요. 냉장 상태의 갈비살을 두툼하게 썬 뒤 육질의 상태를 최적으로 유지해주는 포장 방식을 더했으니 신선하게 받아보세요. ", "img3": "https://img-cf.kurly.com/shop/data/goodsview/20191127/gv30000070002_1.jpg", "option_name_list": [], "option_price_list": []},
{"img1": "https://img-cf.kurly.com/shop/data/goods/1574842898848y0.jpg", "name": "[모어댄프레쉬] 맥돈 갈매기살 구이용 300g(냉장)", "summary": "짙은 육향을 자아내는 특별한 부위 (100g 당 판매가: 3,500원)", "price": "10,500원", "discount_rate": 0, "unit": "1팩", "amount": "300g", "package": "냉장/종이포장", "made_in": "국내산", "img2": "https://img-cf.kurly.com/shop/data/goodsview/20191127/gv40000069985_1.jpg", "description": "돼지고기의 육질을 결정하는 요소로 사료를 빼놓을 수 없어요. 그중에서도 베타글루간, 비타민 E 등이 풍부한 보리가 함유된 사료를 먹고 자란 돼지고기, 맥돈은 육질이 보다 쫀쫀하고, 지방색이 선명하기로 이름나 있습니다. 사육부터 가공까지 수직 계열화로 안전한 돼지고기를 생산하는 농축산기업인 해드림푸드의 맥돈 브랜드, 모어댄프레쉬를 컬리에서 만나보세요. 돼지 한 마리에서 소량만 나온다는 갈매기살이에요. 결이 곱고 육질이 보드라워 구이용으로 최적이지요. 솜씨 좋은 전문가가 불판에 편히 구워 즐길 수 있도록 얇게 슬라이스하여 포장했어요. 진한 육향을 자아내는 맥돈 갈매기살로 풍부한 맛을 만끽해보세요. ", "img3": "https://img-cf.kurly.com/shop/data/goodsview/20191127/gv20000069988_1.jpg", "option_name_list": [], "option_price_list": []},
{"img1": "https://img-cf.kurly.com/shop/data/goods/1574842456715y0.jpg", "name": "[모어댄프레쉬] 맥돈 등심덧살 구이용 300g(냉장)", "summary": "쫄깃한 식감으로 즐기는 특수부위 (100g 당 판매가: 2,967원)", "price": "8,900원", "discount_rate": 0, "unit": "1팩", "amount": "300g", "package": "냉장/종이포장", "made_in": "국내산", "img2": "https://img-cf.kurly.com/shop/data/goodsview/20191127/gv30000069970_1.jpg", "description": "돼지고기의 육질을 결정하는 요소로 사료를 빼놓을 수 없어요. 그중에서도 베타글루간, 비타민 E 등이 풍부한 보리가 함유된 사료를 먹고 자란 돼지고기, 맥돈은 육질이 보다 쫀쫀하고, 지방색이 선명하기로 이름나 있습니다. 사육부터 가공까지 수직 계열화로 안전한 돼지고기를 생산하는 농축산기업인 해드림푸드의 맥돈 브랜드, 모어댄프레쉬를 컬리에서 만나보세요. 지금 소개하는 부위는 흔히 '가브리살'로도 불리며, 특수부위로 손꼽히는 등심덧살이에요. 등심 위쪽에 붙은 살코기로 지방도 적절히 섞여 있어 육즙이 풍성해요. 구이로 즐겼을 때 쫀득하며 부드러운 식감이 진가를 발휘하지요. 등심덧살을 불판에 구워 드시기 편하게 알맞은 두께로 정형하여 보내드리니 그 감칠맛을 누려보세요. ", "img3": "https://img-cf.kurly.com/shop/data/goodsview/20191127/gv10000069984_1.jpg", "option_name_list": [], "option_price_list": []},
{"img1": "https://img-cf.kurly.com/shop/data/goods/1574841911255y0.jpg", "name": "[모어댄프레쉬] 맥돈 항정살 구이용 300g(냉장)", "summary": "씹는 식감마저 즐거운 (100g 당 판매가: 3,933원)", "price": "11,800원", "discount_rate": 0, "unit": "1팩", "amount": "300g", "package": "냉장/종이포장", "made_in": "국내산", "img2": "https://img-cf.kurly.com/shop/data/goodsview/20191127/gv20000069951_1.jpg", "description": "돼지고기의 육질을 결정하는 요소로 사료를 빼놓을 수 없어요. 그중에서도 베타글루간, 비타민 E 등이 풍부한 보리가 함유된 사료를 먹고 자란 돼지고기, 맥돈은 육질이 보다 쫀쫀하고, 지방색이 선명하기로 이름나 있습니다. 사육부터 가공까지 수직 계열화로 안전한 돼지고기를 생산하는 농축산기업인 해드림푸드의 맥돈 브랜드, 모어댄프레쉬를 컬리에서 만나보세요. 지금 소개하는 부위는 마블링이 잔잔하게 피어 오른 항정살이에요. 식감이 뛰어나 주로 구이용으로 즐겨 드시기에 구이용에 적합한 두께로 썰었습니다. 냉장 상태의 항정살을 육질의 상태를 최적으로 유지해주는 열성형 진공 포장으로 보내드릴게요. 팬에 한 점씩 구워 녹진한 감칠맛을 느껴보세요. ", "img3": "https://img-cf.kurly.com/shop/data/goodsview/20191127/gv10000069968_1.jpg", "option_name_list": [], "option_price_list": []},
{"img1": "https://img-cf.kurly.com/shop/data/goods/1574841349101y0.jpg", "name": "[모어댄프레쉬] 맥돈 뒷다리살 불고기용 300g(냉장)", "summary": "지방이 적어 담백한 돼지고기 (100g 당 판매가: 1,567원)", "price": "4,700원", "discount_rate": 0, "unit": "1팩", "amount": "300g", "package": "냉장/종이포장", "made_in": "국내산", "img2": "https://img-cf.kurly.com/shop/data/goodsview/20191127/gv10000069947_1.jpg", "description": "돼지고기의 육질을 결정하는 요소로 사료를 빼놓을 수 없어요. 그중에서도 베타글루간, 비타민 E 등이 풍부한 보리가 함유된 사료를 먹고 자란 돼지고기, 맥돈은 육질이 보다 쫀쫀하고, 지방색이 선명하기로 이름나 있습니다. 사육부터 가공까지 수직 계열화로 안전한 돼지고기를 생산하는 농축산기업인 해드림푸드의 맥돈 브랜드, 모어댄프레쉬를 컬리에서 만나보세요. 지금 소개하는 부위는 육색이 짙고, 지방이 적은 부위로 손꼽히는 뒷다리살이에요. 솜씨 좋은 전문가가 육질에 양념이 잘 배도록 얇게 슬라이스했지요. 냉장 상태의 뒷다리살을 육질의 상태를 최적으로 유지해주는 열성형 진공 포장으로 보내드려요. 불고기는 물론 각종 볶음요리에 뒷다리살을 요긴하게 사용해보세요. ", "img3": "https://img-cf.kurly.com/shop/data/goodsview/20191127/gv40000069950_1.jpg", "option_name_list": [], "option_price_list": []},
{"img1": "https://img-cf.kurly.com/shop/data/goods/1574735840360y0.jpg", "name": "[새벽한돈] 한돈 1등급 냉동 삼겹 300g", "summary": "구이용 (100g당 판매가 : 2,600원)", "price": "7,800원", "discount_rate": 0, "unit": "1팩", "amount": "300g", "package": "냉동/종이포장", "made_in": "국내산", "img2": "https://img-cf.kurly.com/shop/data/goodsview/20191126/gv40000069664_1.jpg", "description": "냉동 삼겹은 여러모로 다채로운 매력을 지녔죠. 먹기 좋은 크기로 손질의 번거로움을 줄인 것도 크게 한몫 하고요. 냉동 삼겹살을 한결같은 맛과 품질로 안전하게 즐길 수 있는 우리 한돈으로 맛보세요. 1등급 이상의 돼지고기를 선별하고, 부위와 용도에 맞게 솜씨 좋은 전문가가 깔끔하게 정형한 돼지고기입니다. 살코기와 지방의 비율이 적절히 섞인 부위만을 엄선, 6mm의 두께로 썰어 포장했습니다. 1~2인이 한 번에 즐기기 좋은 양으로 포장했으니 남길 염려도 덜어 드리지요. 불판 위에 지글지글 구워 냉동 삼겹만이 지닌 육향과 육질을 만끽해보세요. ", "img3": "https://img-cf.kurly.com/shop/data/goodsview/20191126/gv20000069669_1.jpg", "option_name_list": [], "option_price_list": []},
{"img1": "https://img-cf.kurly.com/shop/data/goods/1574736008711y0.jpg", "name": "[새벽한돈] 한돈 1등급 대패 삼겹 300g(냉동)", "summary": "구이용 (100g당 판매가 : 2,633원)", "price": "7,900원", "discount_rate": 0, "unit": "1팩", "amount": "300g", "package": "냉동/종이포장", "made_in": "국내산", "img2": "https://img-cf.kurly.com/shop/data/goodsview/20191126/gv30000069670_1.jpg", "description": "얇은 두께로 돌돌 말린 삼겹살, 대패 삽겹은 구이는 물론 볶음이나 찜 요리 등 여러 활용도를 지녔지요. 대패 삼겹을 한결같은 맛과 품질로 안전하게 즐길 수 있는 우리 한돈으로 맛보세요. 1등급 이상의 돼지고기를 선별하고, 부위와 용도에 맞게 솜씨 좋은 전문가가 깔끔하게 정형한 돼지고기입니다. 1.6mm의 두께로 썰어내어 씹는 즐거움도 적당히 느껴질 거예요. 1~2인 가구가 한 번 먹기 좋은 양으로 포장한 대패 삼겹의 맛을 만끽해보세요. ", "img3": "https://img-cf.kurly.com/shop/data/goodsview/20191126/gv20000069675_1.jpg", "option_name_list": [], "option_price_list": []},
{"img1": "https://img-cf.kurly.com/shop/data/goods/1574328459400y0.jpg", "name": "[이베리쿡] 스페인산 이베리코 모둠구이 900g (냉동)", "summary": "구이용 (100g 당 3,556원) / 삼겹살300g+목살300g+갈비살300g", "price": "32,000원", "discount_rate": 0, "unit": "1팩", "amount": "900g", "package": "냉동/종이포장", "made_in": "", "img2": "https://img-cf.kurly.com/shop/data/goodsview/20191121/gv10000069181_1.jpg", "description": "스페인에서 온 이베리코 돼지의 명성은 익히 알려져 있죠. 컬리는 이베리코 부위 중에서도 많은 사랑을 받은 부위를 엄선하여 모둠구이를 준비했어요. 이베리코의 3가지 등급 중 '세보' 등급으로, 고급 곡물 사료를 먹고 깨끗한 환경에서 자라나 우수한 품질을 자랑해요. 이베리코 전문가 이베리쿡이 풍성한 육즙을 자랑하는 시크릿 삼겹살과 고소한 목살, 쫄깃한 갈빗살 부위를 깔끔하게 정형했어요. 3가지 부위를 300g씩 담았으니 넉넉하게 즐길 수 있어요. 어떤 순서로 굽더라도 각 부위의 매력을 충분히 느낄 수 있을 거예요. ", "img3": "https://img-cf.kurly.com/shop/data/goodsview/20191122/gv30000069212_1.jpg", "option_name_list": [], "option_price_list": []},
{"img1": "https://img-cf.kurly.com/shop/data/goods/1573614112664y0.jpg", "name": "[길갈축산] 제주 흑돼지 목살 300g(냉장)", "summary": "구이용 (100g당 판매가 : 5,166원)", "price": "15,500원", "discount_rate": 0, "unit": "1팩", "amount": "300g", "package": "냉장/종이포장", "made_in": "국내산(제주산)", "img2": "https://img-cf.kurly.com/shop/data/goodsview/20191113/gv20000068011_1.jpg", "description": "제대로 된 제주 흑돼지를 즐기고 싶다면, 길갈축산의 이름을 눈여겨봐 주세요. 제주 재래 흑돼지와 개량종의 교배를 통해, 육질은 우수하면서도 더욱이 안전한 돼지고기를 선보이는 곳이에요. 오직 흑돼지만을 사육하는 농장에서 출하한 고기를 사용하기에 더욱 믿음이 가는데요. 그중에서도 목살은 고소한 지방과 담백한 살코기의 맛을 고르게 즐길 수 있는 부위예요. 탄탄하고 쫄깃한 흑돼지의 식감을 오롯이 즐기실 수 있도록, 가공 과정에서 껍질은 제거한 뒤 담았답니다. 그때그때 신선하게 드시기 좋은 양으로 포장했으니, 흑돼지의 남다른 풍미를 손쉽게 즐겨보세요. ", "img3": "https://img-cf.kurly.com/shop/data/goodsview/20191114/gv00000068169_1.jpg", "option_name_list": [], "option_price_list": []}