{"img1": "https://img-cf.kurly.com/shop/data/goods/1585727670579y0.jpg", "name": "[1855] 미국산 블랙 앵거스 안심 찹스테이크 200g(냉장)", "summary": "스테이크용 (100g당 판매가 : 10,000원)", "price": "20,000원", "discount_rate": 0, "unit": "1팩", "amount": "200g", "package": "냉장/종이포장", "made_in": "미국산", "img2": "https://img-cf.kurly.com/shop/data/goodsview/20200401/gv00000088479_1.jpg", "description": "미국산 소고기를 고를 때 품질을 좌우하는 등급을 우선시하는 분들 많으실 거예요. 고기의 육질, 탄력, 조직감 등에 따라 나뉘는 등급은 고기의 맛과 풍미를 결정하는 중요한 요소가  되기 때문인데요. 컬리는 등급으로 치면 최상급에 속하는 프라임과 그 다음 등급인 초이스 중간 등급의 미국산 흑소를 합리적인 가격에 선보입니다. 미국 최대 육가공 기업인 JBS의 흑소 브랜드, 1855가 선보이는 냉장육이에요. 지금 소개하는 부위는 연한 고깃결로 부드러운 식감을 자랑하는 안심입니다. 지방이 적어 깔끔하면서도 육즙은 풍부하지요. 먹기 좋은 한입 크기로 커팅하여 준비했으니, 신선한 채소를 함께 볶아 풍성한 찹스테이크를 즐겨 보세요.", "img3": "https://img-cf.kurly.com/shop/data/goodsview/20200401/gv00000088483_1.jpg", "option_name_list": [], "option_price_list": []},
{"img1": "https://img-cf.kurly.com/shop/data/goods/1585723488483y0.jpg", "name": "[1855] 미국산 블랙 앵거스 안심 스테이크 200g(냉장)", "summary": "스테이크용 (100g당 판매가 : 9,950원)", "price": "19,900원", "discount_rate": 0, "unit": "1팩", "amount": "200g", "package": "냉장/종이포장", "made_in": "미국산", "img2": "https://img-cf.kurly.com/shop/data/goodsview/20200401/gv10000088454_1.jpg", "description": "미국산 소고기를 고를 때 품질을 좌우하는 등급을 우선시하는 분들 많으실 거예요. 고기의 육질, 탄력, 조직감 등에 따라 나뉘는 등급은 고기의 맛과 풍미를 결정하는 중요한 요소가  되기 때문인데요. 컬리는 등급으로 치면 최상급에 속하는 프라임과 그 다음 등급인 초이스 중간 등급의 미국산 흑소를 합리적인 가격에 선보입니다. 미국 최대 육가공 기업인 JBS의 흑소 브랜드, 1855가 선보이는 냉장육이에요. 지금 소개하는 부위는 연한 고깃결로 부드러운 식감을 자랑하는 안심입니다. 지방이 적어 깔끔하면서도 육즙은 풍부하지요. 도톰한 두께로 정형하여 준비했으니, 앞뒤로 살짝만 구워 촉촉한 안심 스테이크를 즐겨 보세요.", "img3": "https://img-cf.kurly.com/shop/data/goodsview/20200401/gv00000088458_1.jpg", "option_name_list": [], "option_price_list": []},
{"img1": "https://img-cf.kurly.com/shop/data/goods/1585631418392y0.jpg", "name": "[PPUL] 1++ 한우 화로 등심 구이 150g(냉장)", "summary": "구이용 (100g당 판매가 : 23,333원)", "price": "35,000원", "discount_rate": 0, "unit": "1팩", "amount": "150g", "package": "냉장/종이포장", "made_in": "국내산(한우)", "img2": "https://img-cf.kurly.com/shop/data/goodsview/20200331/gv10000088161_1.jpg", "description": "소고기 부위 중에서도 가장 많은 양을 차지하는 등심, 그래서인지 소고기구이 하면 등심을 쉽게 떠올리곤 하는데요. 컬리는 프리미엄 한우 브랜드 PPUL을 기획하면서 같은 등심이라도 본연의 맛을 다채로운 방법으로 즐길 수 있는 제품을 선보이고자 했습니다. 한우 화로 등심 구이를 선보이게 된 이유이기도 하지요. 보통 도톰하게 먹는 로스 등심을 6mm로 얇게 정형해 좀 더 부드러운 식감으로 즐길 수 있답니다. PPUL의 화로 등심 구이는 두껍지 않아 화로에서 쉽게 구울 수 있고, 질기지 않아 부담 없이 드실 수 있어요. ", "img3": "https://img-cf.kurly.com/shop/data/goodsview/20200331/gv00000088171_1.jpg", "option_name_list": [], "option_price_list": []},
{"img1": "https://img-cf.kurly.com/shop/data/goods/1585631196125y0.jpg", "name": "[PPUL] 1++ 한우 살치살 구이 150g(냉장)", "summary": "구이용 (100g당 판매가 : 28,000원)", "price": "42,000원", "discount_rate": 0, "unit": "1팩", "amount": "150g", "package": "냉장/종이포장", "made_in": "국내산(한우)", "img2": "https://img-cf.kurly.com/shop/data/goodsview/20200331/gv30000088152_1.jpg", "description": "컬리가 선보이는 PPUL은 오랜 노하우를 지닌 한우 마이스터와 함께 마블링, 육색, 개월령을 깐깐하게 따져 기획한 프리미엄 한우 브랜드입니다. 윗등심에서도 앞부분, 근내 지방이 고루 분포된 부분을 분리해 정형한 살치살은 소고기 부위 중에서 가장 좋은 마블링을 지녀 육즙이 풍부한 부위입니다. PPUL의 살치살 구이는 불필요한 지방을 섬세하게 제거한 뒤, 1cm 두께로 정형해 구이에 특화된 제품으로 완성했어요. 이제 집에서도 간편하게 살치살 구이를 만끽해보세요.", "img3": "https://img-cf.kurly.com/shop/data/goodsview/20200331/gv00000088157_1.jpg", "option_name_list": [], "option_price_list": []},
{"img1": "https://img-cf.kurly.com/shop/data/goods/1585630573178y0.jpg", "name": "[PPUL] 1++ 한우 살치살 스테이크 150g(냉장)", "summary": "스테이크용 (100g당 판매가 : 28,000원)", "price": "42,000원", "discount_rate": 0, "unit": "1팩", "amount": "150g", "package": "냉장/종이포장", "made_in": "국내산(한우)", "img2": "https://img-cf.kurly.com/shop/data/goodsview/20200331/gv10000088116_1.jpg", "description": "컬리가 기획한 프리미엄 한우 브랜드 PPUL은 같은 부위라도 취향에 따라 선택할 수 있도록 고기의 정형 스타일을 달리해 선보입니다. 윗등심 중에서도 마블링이 풍부한 부위를 분리해 정형한 살치살도 마찬가지입니다. 마블링이 풍부하다는 건 그만큼 고기의 육즙과 풍미 역시 진하다는 걸 의미해요. 컬리는 기존의 살치살 두께보다 조금 더 도톰하게 2cm로 정형해 입안에 가득 차는 살치살의 풍미를 만끽할 수 있도록 준비했어요. 도톰한 두께에서 전해지는 살치살의 진한 맛을 스테이크로 즐겨보세요. ", "img3": "https://img-cf.kurly.com/shop/data/goodsview/20200331/gv00000088121_1.jpg", "option_name_list": [], "option_price_list": []},
{"img1": "https://img-cf.kurly.com/shop/data/goods/1585540051702y0.jpg", "name": "[델리치오] 차돌양지 바로구이(냉동)", "summary": "구이용 (100g 당 판매가: 1,980원)", "price": "9,900원", "discount_rate": 0, "unit": "1팩", "amount": "500g", "package": "냉동/종이포장", "made_in": "미국산", "img2": "https://img-cf.kurly.com/shop/data/goodsview/20200330/gv40000087818_1.jpg", "description": "차돌박이는 양지 중에서도 특히 지방과 육즙이 풍부한 부위에요. 고소하고 야들야들 하긴 하지만 익어가는 내내 차오르는 기름기를 보면 조금 부담스러운 느낌이 들기도 하죠. 그럴 땐 차돌양지를 선택해 보세요. 이름 그대로 양지 부위가 더 많이 들어가도록 정형한 고기예요. 일반 차돌박이처럼 얇게 밀어 특유의 식감은 유지하면서도 비교적 담백한 맛을 낸답니다. 불판에 올려 빠르게 구워도 좋고 각종 채소와 함께 샤브샤브로 먹어도 알맞을 거예요. ", "img3": "https://img-cf.kurly.com/shop/data/goodsview/20200330/gv00000087824_1.jpg", "option_name_list": [], "option_price_list": []},
{"img1": "https://img-cf.kurly.com/shop/data/goods/1585536401134y0.jpg", "name": "[델리치오] 채끝 스테이크(냉장)", "summary": "스테이크용 (100g 당 판매가: 4,000원)", "price": "12,000원", "discount_rate": 0, "unit": "1팩", "amount": "300g", "package": "냉장/종이포장", "made_in": "호주산", "img2": "https://img-cf.kurly.com/shop/data/goodsview/20200330/gv30000087799_1.jpg", "description": "등심보다는 부드럽고 안심보다는 식감 있는 스테이크를 찾는다면 채끝이 제격이에요. 근육이 있지만 허리 끝부분에 위치해 육질이 질기지 않고 육향은 무척 진하죠. 델리치오는 호주산 소고기의 채끝을 스테이크에 알맞게 한 덩어리로 정형했어요. 부담스러운 겉지방을 미리 제거한 점도 만족스럽죠. 마블링이 그리 많은 편이 아니기 때문에 비교적 담백한 스테이크를 먹고 싶을 때 장바구니에 담기 좋을 거예요. ", "img3": "https://img-cf.kurly.com/shop/data/goodsview/20200330/gv00000087809_1.jpg", "option_name_list": [], "option_price_list": []},
{"img1": "https://img-cf.kurly.com/shop/data/goods/158459914337y0.jpg", "name": "[할라비] 뉴질랜드 목초육 안심 다짐육 이유식용 30gX6(냉동)", "summary": "100g 당 판매가: 10,500원", "price": "21,000원", "discount_rate": 0, "unit": "1팩", "amount": "180g", "package": "냉동/종이포장", "made_in": "뉴질랜드", "img2": "https://img-cf.kurly.com/shop/data/goodsview/20200319/gv20000086259_1.jpg", "description": "보통 이유식용 고기라고 하면 마블링이 거의 없는 우둔이나 설깃살, 앞다리살 등을 곱게 다진 것이 많아요. 컬리는 조금 더 부드러운 식감의 다짐육을 선보이고자 할라비의 제품을 준비했습니다. 뉴질랜드에서 목초를 먹여 키운 Prime Steer 등급의 거세우에서 안심만 선별했어요. 비육 과정에서 성장호르몬을 쓰지 않았기에 더 안심하고 아이에게 건넬 수 있죠. 신선함을 유지하기 위해 시간이 오래 걸리는 배 대신 항공 운송을 통했으니 더 만족스러울 거예요. ", "img3": "https://img-cf.kurly.com/shop/data/goodsview/20200319/gv40000086267_1.jpg", "option_name_list": [], "option_price_list": []},
{"img1": "https://img-cf.kurly.com/shop/data/goods/1584496756254y0.jpg", "name": "[델리치오] 곡물 척아이롤 불고기 300g (냉장)", "summary": "불고기용 (100g 당 판매가: 2,633원)", "price": "7,900원", "discount_rate": 0, "unit": "1팩", "amount": "300g", "package": "냉장/종이포장", "made_in": "호주산", "img2": "https://img-cf.kurly.com/shop/data/goodsview/20200318/gv30000085951_1.jpg", "description": "소고기의 특유의 고소함과 쫄깃한 식감을 동시에 즐기고 싶다면, 척아이롤을 추천할게요. 목심의 감칠맛과 등심의 풍미를 모두 갖춘 '일석이조'의 부위인데요. 델리치오는 이 척아이롤 부위를 불고기용으로 손질해 담았습니다. 호주산 소고기만을 엄선해, 불고기 요리에 알맞은 두께로 썰어냈어요. 부드러운 고깃결 사이, 적절히 배어든 지방이 씹을수록 고소한 풍미를 더해주는데요. 양념과 육수가 쏙쏙 배어들도록 얇게 정형했기에, 국물 요리에 활용하기에도 손색이 없습니다. 신선한 상태 그대로 요리해 보세요.", "img3": "https://img-cf.kurly.com/shop/data/goodsview/20200318/gv00000085953_1.jpg", "option_name_list": [], "option_price_list": []},
{"img1": "https://img-cf.kurly.com/shop/data/goods/1584496980296y0.jpg", "name": "[델리치오] 곡물 척아이롤 구이 2종 (냉장)", "summary": "구이용 (100g 당 판매가: 300g 2,633원/ 500g 2,580원)", "price": "7,900원", "discount_rate": 0, "unit": "PK", "amount": "품목별 상이", "package": "냉장/종이포장", "made_in": "호주산", "img2": "https://img-cf.kurly.com/shop/data/goodsview/20200318/gv00000085957_1.jpg", "description": "소고기의 특유의 고소함과 쫄깃한 식감을 동시에 즐기고 싶다면, 척아이롤을 추천할게요. 목심의 감칠맛과 등심의 풍미를 모두 갖춘 '일석이조'의 부위인데요. 델리치오는 이 척아이롤 부위를 구이용으로 준비했습니다. 곡물을 먹고 자란 소의 척아이롤을 구이에 알맞은 두께로 썰어 냈지요. '알목심'이라 불릴 만큼 감칠맛을 품고 있는 부위라, 씹을수록 진한 고소함을 누릴 수 있답니다. 두 가지 중량으로 준비했으니, 필요에 맞게 담아가 보세요. 노릇하게 구워주면, 별다른 반찬 없이도 풍성한 식사가 완성될 거예요. ", "img3": "https://img-cf.kurly.com/shop/data/goodsview/20200318/gv10000085959_1.jpg", "option_name_list": ["[델리치오] 곡물 척아이롤 구이300g", "[델리치오] 곡물 척아이롤 구이500g"], "option_price_list": ["7,900원", "12,900원"]},
{"img1": "https://img-cf.kurly.com/shop/data/goods/1583886729243y0.jpg", "name": "[소식] 1등급 한우 설깃,우둔 칼 다짐육 150g(냉장)", "summary": "이유식용 (100g당 판매가 : 8,000원)", "price": "10,800원", "discount_rate": "10%", "unit": "1팩", "amount": "150g", "package": "냉장/종이포장", "made_in": "국내산(한우)", "img2": "https://img-cf.kurly.com/shop/data/goodsview/20200311/gv40000085030_1.jpg", "description": "컬리가 좋은 소식처럼 들려드리고 싶은 소고기, 소식의 1등급 한우를 칼 다짐육으로 만나보세요. 보통의 다짐육은 믹서기를 사용해 갈아내는 경우가 많은데요. 소식이 준비한 '칼 다짐육'은 이름처럼 손수 칼로 조각을 낸 제품이랍니다. 엄선한 1등급 한우 중에서도, 지방이 적고 담백한 설깃과 우둔 부위를 잘게 썰어 담았어요. 소고기의 입자감이 어느 정도 살아 있는 다짐육이기에, 고기의 맛과식감을 알아가는 시기의 아이들에게 꼭 알맞답니다. 적당한 씹는 맛을 더해줄 이유식, 케어푸드용 다짐육으로 추천할게요. ", "img3": "https://img-cf.kurly.com/shop/data/goodsview/20200311/gv00000085035_1.jpg", "option_name_list": [], "option_price_list": []},
{"img1": "https://img-cf.kurly.com/shop/data/goods/15838875603y0.jpg", "name": "[소식] 1등급 한우 다짐육(목심,설도, 우둔, 앞다리) 200g(냉장)", "summary": "패티용 (100g당 판매가 : 5,000원)", "price": "10,000원", "discount_rate": 0, "unit": "1팩", "amount": "200g", "package": "냉장/종이포장", "made_in": "국내산(한우)", "img2": "https://img-cf.kurly.com/shop/data/goodsview/20200311/gv20000085045_1.jpg", "description": "컬리가 좋은 소식처럼 들려드리고 싶은 소고기, 소식의 1등급 한우를 다짐육으로 만나보세요. 엄선한 1등급 한우 중에서도, 다짐육으로 적합한 부위만을 골라 곱게 다져냈는데요. 지방이 적고 담백한 설깃과 우둔 부위, 진한 육향이 스민 목심과 앞다리를 골라 준비했답니다. 기름기가 적어 담백하고 깔끔한 풍미를 갖췄을 뿐더러, 소화력이 약한 아이들이 먹기에도 부담 없는 정도로 다져냈어요. 우리 아이를 위한 이유식은 물론, 햄버거 패티나 미트볼 등으로 두루 활용할 수 있어요. 팬에서 솔솔 볶아 그대로 떠 먹어도 훌륭한 반찬이 되어줄 거예요. ", "img3": "https://img-cf.kurly.com/shop/data/goodsview/20200311/gv40000085050_1.jpg", "option_name_list": [], "option_price_list": []},
{"img1": "https://img-cf.kurly.com/shop/data/goods/1583886265809y0.jpg", "name": "[소식] 1등급 한우 우둔 장조림200g(냉장)", "summary": "장조림용 (100g당 판매가 : 6,000원)", "price": "12,000원", "discount_rate": 0, "unit": "1팩", "amount": "200g", "package": "냉장/종이포장", "made_in": "국내산(한우)", "img2": "https://img-cf.kurly.com/shop/data/goodsview/20200311/gv40000085024_1.jpg", "description": "컬리가 좋은 소식처럼 들려드리고 싶은 소고기, 소식의 1등급 한우를 장조림용으로 만나보세요. 엄선한 1등급 한우 중에서도, 부드러운 살결과 담백한 풍미를 갖춘 우둔 부위를 정형해 담았습니다. 보통 장조림하면 사태를 떠올리실 텐테요. 소의 꼬리 부분에 가까운 우둔은 살이 곱고 지방이 적어, 결을 살려 만드는 요리에 빼놓을 수 없는 부위랍니다. 손가락 두 개 정도의 길이와 두께로 토막내 담았기에, 칼질을 더할 필요조차 없고요. 핏물만 제거한 뒤 입맛에 맞는 장조림으로 요리해 보세요. 결대로 피어나는 감칠맛을 오롯이 즐길 수 있을 거예요. ", "img3": "https://img-cf.kurly.com/shop/data/goodsview/20200311/gv40000085029_1.jpg", "option_name_list": [], "option_price_list": []},
{"img1": "https://img-cf.kurly.com/shop/data/goods/1583887327667y0.jpg", "name": "[소식] 1등급 한우 정육 국거리(앞다리, 우둔, 설도) 200g(냉장)", "summary": "국거리용 (100g당 판매가 : 6,000원)", "price": "12,000원", "discount_rate": 0, "unit": "1팩", "amount": "200g", "package": "냉장/종이포장", "made_in": "국내산(한우)", "img2": "https://img-cf.kurly.com/shop/data/goodsview/20200311/gv30000085036_1.jpg", "description": "컬리가 좋은 소식처럼 들려드리고 싶은 소고기, 소식의 1등급 한우를 국거리용으로 만나보세요. 엄선한 1등급 한우 중에서도, 담백한 풍미와 탄탄한 육질을 갖춘 앞다리, 우둔, 설도 부위를 준비했습니다. 사실 국거리용으로는 조금 낯설 수 있는 부위인데요. 세 부위 모두 근육량이 많은 다리와 가까워, 짙은 육향과 치밀한 살결을 자랑한답니다. 덕분에 오래 끓여도 쫄깃한 식감이 그대로 유지되고요. 1.5cm 정도의 큐브로 잘게 다듬어 포장했으니, 별도의 손질 없이 그대로 요리에 더해보세요. 국물에 한결 깊은 감칠맛을 더할 수 있을 거예요. ", "img3": "https://img-cf.kurly.com/shop/data/goodsview/20200311/gv20000085042_1.jpg", "option_name_list": [], "option_price_list": []},
{"img1": "https://img-cf.kurly.com/shop/data/goods/1583905134788y0.jpg", "name": "[소식] 1등급 한우 정육 불고기(앞다리,우둔,설도) 200g(냉장)", "summary": "불고기용 (100g당 판매가 : 6,000원)", "price": "10,800원", "discount_rate": "10%", "unit": "1팩", "amount": "200g", "package": "냉장/종이포장", "made_in": "국내산 (한우)", "img2": "https://img-cf.kurly.com/shop/data/goodsview/20200311/gv20000085135_1.jpg", "description": "컬리가 좋은 소식처럼 들려드리고 싶은 소고기, 소식의 1등급 한우 불고깃감을 만나보세요. 운동량이 많은 다리와 가까운 앞다리, 우둔, 설도 부위를 꼼꼼하게 선별했습니다. 세 부위 모두 결이 치밀하고 향이 짙어 불고기 요리에 더없이 적합한데요. 양념에 푹 재운 후 뜨거운 불에 달달 볶아도 쫄깃한 식감이 유지되고, 진한 양념에도 육향을 그대로 즐길 수 있답니다. 1.6mm로 정형하여 야들야들하면서도 씹는 식감이 우수해요. 신선한 냉장육 상태로 받아 불고기, 샤브샤브, 전골 요리에 바로 사용해보세요.", "img3": "https://img-cf.kurly.com/shop/data/goodsview/20200311/gv00000085140_1.jpg", "option_name_list": [], "option_price_list": []},
{"img1": "https://img-cf.kurly.com/shop/data/goods/1583908983754y0.jpg", "name": "[소식] 1등급 한우 채끝 스테이크 300g(냉장)", "summary": "스테이크용 (100g당 판매가 : 13,000원)", "price": "39,000원", "discount_rate": 0, "unit": "1팩", "amount": "300g", "package": "냉장/종이포장", "made_in": "국내산(한우)", "img2": "https://img-cf.kurly.com/shop/data/goodsview/20200311/gv30000085177_1.jpg", "description": "컬리가 좋은 소식처럼 들려드리고 싶은 소고기, 소식의 1등급 한우 채끝을 만나보세요. 채끝은 근내지방이 고루 분포돼 있어 구웠을 때 느껴지는 고소한 향미가 일품인 부위인데요. 소식은 채끝을 2cm의 도톰한 두께로 정형해, 탄력있는 육질까지 즐길 수 있는 스테이크용 상품을 준비했어요. 달궈진 팬 위에 알맞게 구워 특별한 저녁 식사를 완성해 보세요. 입안 가득 퍼지는 고소한 육즙과 풍성한 식감에 미소가 절로 지어질 거예요.", "img3": "https://img-cf.kurly.com/shop/data/goodsview/20200311/gv40000085181_1.jpg", "option_name_list": [], "option_price_list": []}