{"img1": "https://img-cf.kurly.com/shop/data/goods/1573805620841y0.jpg", "name": "[그리츠 시그니처 램] 티본 300g(냉동)", "summary": "두 가지 부위를 한번에 즐기는", "price": "16,000원", "discount_rate": 0, "unit": "1팩", "amount": "티본(300g) + 시즈닝(10g)", "package": "냉동/종이포장", "made_in": "", "img2": "https://img-cf.kurly.com/shop/data/goodsview/20191115/gv20000068382_1.jpg", "description": "양고기 부위 중 티본은 작은 조각 안에서도 T자형의 뼈를 중심으로 안심과 등심 두 가지 맛을 모두 즐길 수 있어요. 그래서 특별한 스테이크 요리로 사랑을 받죠. 컬리는 호주에서 자란 어린 양의 티본을 엄선해 더욱 연하고 맛있는 그리츠의 시그니처 티본을 준비했어요. 여기에 글래드 호텔의 메인 레스토랑인 그리츠의 쉐프들이 직접 블렌딩한 특제 시즈닝을 함께 드려요. 따로 준비해야 하는 번거로움도 없고, 초심자라도 어렵지 않게 만족할만한 티본을 완성할 수 있죠. 특별한 차림이 필요한 날, 티본 스테이크와 찰떡궁합 시즈닝으로 호텔에서 맛보던 양고기 요리를 집에서도 즐겨 보세요. 뼈가 있으니 미디엄 이상으로 익혀 드시길 추천해요.", "img3": "https://img-cf.kurly.com/shop/data/goodsview/20191115/gv30000068390_1.jpg", "option_name_list": [], "option_price_list": []},
{"img1": "https://img-cf.kurly.com/shop/data/goods/1573805331112y0.jpg", "name": "[그리츠 시그니처 램] 등심 300g(냉동)", "summary": "담백하고 고소한 양고기 요리", "price": "16,000원", "discount_rate": 0, "unit": "1팩", "amount": "등심(300g) + 시즈닝(10g)", "package": "냉동/종이포장", "made_in": "", "img2": "https://img-cf.kurly.com/shop/data/goodsview/20191115/gv30000068375_1.jpg", "description": "글래드 호텔의 메인 레스토랑 그리츠는 부드럽고 육즙이 풍부한 양고기 요리로 유명한 곳이죠. 컬리는 호텔에서 맛보던 양고기 요리를 집에서도 즐길 수 있도록 그리츠의 시그니처 램 등심을 준비했어요. 뉴질랜드의 자연에서 성장한 어린 양의 등심 부위를 엄선했죠. 식감이 부드러우며 양갈비보다 담백하면서 고소한 맛이 일품이에요. 주로 스테이크용으로 사랑을 받지만, 전골이나 탕으로도 다양하게 활용할 수 있어요. 여기에 그리츠의 쉐프들이 양고기와 찰떡궁합인 바질, 로즈마리, 오레가노 등의 향신료를 직접 블렌딩한 특제 시즈닝까지 함께 드려요. 따로 준비해야 하는 수고로움 없이 잘 구운 등심에 곁들여 보세요. 호텔에서 맛보던 양고기 요리를 집에서도 만족스럽게 즐길 수 있을 거예요.", "img3": "https://img-cf.kurly.com/shop/data/goodsview/20191115/gv00000068381_1.jpg", "option_name_list": [], "option_price_list": []},
{"img1": "https://img-cf.kurly.com/shop/data/goods/1573805118144y0.jpg", "name": "[그리츠 시그니처 램] 프렌치 랙 300g(냉동)", "summary": "어린 양의 부드러운 갈빗살", "price": "23,000원", "discount_rate": 0, "unit": "1팩", "amount": "프렌치랙(300g) + 시즈닝(10g)", "package": "냉동/종이포장", "made_in": "", "img2": "https://img-cf.kurly.com/shop/data/goodsview/20191115/gv30000068368_1.jpg", "description": "프렌치 랙은 양고기 특유의 향을 유발하는 지방이 적은 데다, 부드러운 결과 풍부한 육즙을 자랑해 최고급 부위로 손꼽혀요. 그래서 애호가의 꾸준한 사랑을 받음은 물론 양고기를 처음 접하는 사람에게도 추천하는 부위에요. 컬리는 뉴질랜드의 자연에서 성장한 어린 양의 갈빗살을 엄선해 더욱 연하고 맛있는 그리츠의 시그니처 프렌치 랙을 준비했어요. 글래드 호텔의 메인 레스토랑인 그리츠의 쉐프들이 직접 블렌딩한 특제 시즈닝을 함께 드리니 따로 준비해야 하는 번거로움도 없어요. 특별한 메인 요리가 필요한 날, 지글지글 구워낸 프렌치 랙과 찰떡궁합 시즈닝으로 호텔에서 맛보던 양고기 요리를 집에서도 즐겨 보세요.", "img3": "https://img-cf.kurly.com/shop/data/goodsview/20191115/gv00000068374_1.jpg", "option_name_list": [], "option_price_list": []},
{"img1": "https://img-cf.kurly.com/shop/data/goods/1570769170146y0.jpg", "name": "[델리치오] 양목심 꼬치 구이", "summary": "간편한 양고기 꼬치 구이", "price": "8,400원", "discount_rate": "30%", "unit": "1팩", "amount": "300g /4개입", "package": "냉동/종이포장", "made_in": "", "img2": "https://img-cf.kurly.com/shop/data/goodsview/20191011/gv00000064184_1.jpg", "description": "이제 맛있는 꼬치 구이를 한결 간편하게 즐겨보세요. 컬리는 재료를 하나하나 손질해서 꼬치에 꽂은 뒤 고기와 잘 어울리는 양념까지 알맞게 입혀둔 제품을 소개할게요. 호주산 양고기에 생강, 계피, 청양고추 등을 섞은 양 맞춤 간장소스를 더한 꼬치 구이예요. 포장을 벗겨 바로 굽기만 하면 되도록 만든 뒤 냉동했기에 복잡한 조리를 피해야 하는 야외 캠핑에서 더욱 빛을 발한답니다. 앞뒤로 노릇노릇하게 구워 베어 물면 별다른 소스가 없어도 충분히 만족스러울 거예요. ", "img3": "https://img-cf.kurly.com/shop/data/goodsview/20191011/gv20000064187_1.jpg", "option_name_list": [], "option_price_list": []},
{"img1": "https://img-cf.kurly.com/shop/data/goods/1569551983498y0.jpg", "name": "[쥬니] 호주산 프리미엄 램 등심 200g(냉동)", "summary": "구이용 (100g 당 판매가 : 7,250원)", "price": "14,500원", "discount_rate": 0, "unit": "1팩", "amount": "200g", "package": "냉동/종이포장", "made_in": "", "img2": "https://img-cf.kurly.com/shop/data/goodsview/20190927/gv10000063155_1.jpg", "description": "호주의 프리미엄 양고기 브랜드 쥬니가 선택한 '도퍼(dorper)' 품종의 양고기를 소개할게요. 도퍼는 성장 속도가 빨라 양고기의 누린내를 유발할 수 있는 물질이 적고, 살이 부드러운 특징이 있는데요. 컬리는 그중에서도 지방이 적어 담백함을 흠씬 느낄 수 있는 등심을 준비했습니다. 고운 고깃결 사이사이로 풍부하게 녹아든 육즙 덕분에 식감이 부드러우면서도, 양고기 특유의 풍미가 강하지 않은 부위예요. 질기기보단 적당한 쫄깃함이 도드라져요. 때문에 평소에 양고기를 꺼리셨던 분들이나 초심자분들도 부담 덜어내고 드시기 좋습니다. 바비큐나 스테이크는 물론 한입 크기로 잘라 양꼬치로도 이용할 수 있어요. 사육부터 가공과 유통까지 전 과정 엄격한 기준 아래 이루어지는 쥬니의 등심을 만나보세요. ", "img3": "https://img-cf.kurly.com/shop/data/goodsview/20190927/gv00000063158_1.jpg", "option_name_list": [], "option_price_list": []},
{"img1": "https://img-cf.kurly.com/shop/data/goods/1569551818619y0.jpg", "name": "[쥬니] 호주산 프리미엄 램 프렌치랙 300g(냉동)", "summary": "스테이크용 (100g 당 판매가 : 7,500원)", "price": "22,500원", "discount_rate": 0, "unit": "1팩", "amount": "300g", "package": "냉동/종이포장", "made_in": "", "img2": "https://img-cf.kurly.com/shop/data/goodsview/20190927/gv30000063150_1.jpg", "description": "호주의 프리미엄 양고기 브랜드 쥬니가 선택한 '도퍼(dorper)' 품종의 양고기를 소개할게요. 도퍼는 성장 속도가 빨라 양고기의 누린내를 유발할 수 있는 물질이 적고, 살이 연한 특징이 있는데요. 컬리는 그중에서도 양의 등부터 허리로 이어지는 갈비인 프렌치랙을 준비했습니다. 양고기를 즐겨 드시는 숙련자분들이라면 이름만 들어도 입안에 침이 고이는 부위예요. 지방이 적당히 마블링을 형성하고 있어 풍부한 육즙과 깊은 육향을 느낄 수 있습니다. 씹으면 씹을수록 녹아들듯이 부드럽고 고소해요. 사육부터 가공과 유통까지 전 과정 엄격한 기준 아래 이루어지는 쥬니의 프렌치랙을 만나보세요. 특유의 풍미가 부담스러우신 분들은 향신료를 곁들여 드셔도 좋아요.", "img3": "https://img-cf.kurly.com/shop/data/goodsview/20190927/gv40000063153_1.jpg", "option_name_list": [], "option_price_list": []},
{"img1": "https://img-cf.kurly.com/shop/data/goods/1558060341967y0.jpg", "name": "[그리츠 시그니처 램] 양꽃갈비살 300g(냉동)", "summary": "호텔 레스토랑의 시그니처 메뉴", "price": "14,500원", "discount_rate": 0, "unit": "1팩", "amount": "300g", "package": "냉동/종이포장", "made_in": "", "img2": "https://img-cf.kurly.com/shop/data/goodsview/20190517/gv20000050396_1.jpg", "description": "꽃갈비살은 식감이 부드러우면서도 쫄깃하고, 근막도 질기지 않은 부분이랍니다. 넓직한 갈비 중에서도 프리미엄으로 꼽히는 적은 부위의 고기지요. 컬리는 청정 뉴질랜드의 자연속에서 성장한 어린 양의 꽃갈비살만 엄선해 더욱 연하고 맛있는 그리츠의 시그니처 양꽃갈비살을 선보일게요. 호주산에 비해 어린 3~10개월령의 램을 사용하기에 양 특유의 향을 유발하는 지방이 적은 편이에요. 게다가 글래드 호텔의 메인 레스토랑인 그리츠의 쉐프들이 직접 블렌딩한 특제 시즈닝을 뿌리면 초심자도 만족스럽게 즐길 수 있는 정도랍니다. 그리츠 양꽃갈비는 속을 완전히 익히지 않고 미디움레어 정도로 구울 때 가장 맛있으니 참고하세요. ", "img3": "https://img-cf.kurly.com/shop/data/goodsview/20190719/gv30000056416_1.jpg", "option_name_list": [], "option_price_list": []},
{"img1": "https://img-cf.kurly.com/shop/data/goods/1558061090172y0.jpg", "name": "[그리츠 시그니처 램] 양갈비 300g(냉동)", "summary": "호텔 레스토랑의 시그니처 메뉴", "price": "15,000원", "discount_rate": 0, "unit": "1팩", "amount": "300g", "package": "냉동/종이포장", "made_in": "", "img2": "https://img-cf.kurly.com/shop/data/goodsview/20190517/gv30000050403_1.jpg", "description": null, "img3": "https://img-cf.kurly.com/shop/data/goodsview/20190719/gv30000056413_1.jpg", "option_name_list": [], "option_price_list": []},
{"img1": "https://img-cf.kurly.com/shop/data/goods/1542682264248y0.jpg", "name": "[토마스푸드] 양 목심(냉장)", "summary": "부드러운 식감, 풍부한 육즙", "price": "15,000원", "discount_rate": 0, "unit": "PK", "amount": "300g", "package": "냉장/종이포장", "made_in": "호주산", "img2": "https://img-cf.kurly.com/shop/data/goodsview/20181120/gv30000036444_1.jpg", "description": "양 목심은 소고기의 척아이롤과 닮은 부위예요. 목심과 등심 사이에 위치해 두 부위의 질감과 맛을 동시에 갖고 있죠. 양고기의 특유의 냄새가 조금 덜하고 식감이 부드러워 양고기 마니아들은 목심을 첫 손에 꼽기도 하는데요. 토마스푸드는 호주에서 자란 1년 미만의 연한 양 목심만을 골라 부드럽고 쫄깃한 그 맛을 제대로 전합니다. 토마스푸드는 양 목심을 HACCP 인증 시설에서 위생적으로 가공한 후 산소 충진 포장(MAP)으로 신선함을 유지했어요. 호주에서 한국으로 항공 직송해 육질과 맛이 잘 살아있는 것도 특징이지요. 부드러운 식감과 풍부한 육즙을 즐기고 싶으신 분이라면 향신료와 허브로 마리네이드 한 후 스테이크로 만들어보세요. 더 익힌 고기를 원하실 때는 잘게 잘라 구이로 먹어도 맛있습니다. ", "img3": "https://img-cf.kurly.com/shop/data/goodsview/20181120/gv30000036447_1.jpg", "option_name_list": [], "option_price_list": []}