{"img1": "https://img-cf.kurly.com/shop/data/goods/1585718121803y0.jpg", "name": "[미트엔조이] 우삼겹 양념구이", "summary": "달짝지근한 맛으로 누구나 좋아하는", "price": "8,300원", "discount_rate": 0, "unit": "1팩", "amount": "300g", "package": "냉장/종이포장", "made_in": "", "img2": "https://img-cf.kurly.com/shop/data/goodsview/20200401/gv20000088386_1.jpg", "description": "달고 짭조름한 양념에 얇게 썰어낸 우삼겹을 재워 만든 양념구이는 남녀노소 맛있게 먹을 수 있는 반찬이에요. 미트엔조이는 소양지살에 갈비 맛 소스를 더해 집에서도 간편하게 즐길 수 있는 우삼겹 양념구이를 만들었답니다. 질기지 않고 부드러운 식감으로 편하게 드실 수 있어요. 우삼겹 양념구이를 밥과 함께 차려내 더욱 조화로운 맛을 즐겨보세요. ", "img3": "https://img-cf.kurly.com/shop/data/goodsview/20200401/gv20000088389_1.jpg", "option_name_list": [], "option_price_list": []},
{"img1": "https://img-cf.kurly.com/shop/data/goods/1585282384894y0.jpg", "name": "[고불로186] 돼지 양념구이", "summary": "든든하게 즐기는 목전지 양념구이", "price": "10,900원", "discount_rate": 0, "unit": "1팩", "amount": "1kg", "package": "냉동/종이포장", "made_in": "", "img2": "https://img-cf.kurly.com/shop/data/goodsview/20200327/gv40000087606_1.jpg", "description": "달콤하고 짭조름한 돼지 양념구이는 남녀노소 모두가 좋아하는 인기 메뉴이지요. 집에서도 부담 없이 즐길 수 있는 고불로186의 돼지 양념구이를 만나 보세요. 목살과 앞다릿살을 함께 맛볼 수 있도록 돼지 목전지 부위를 사용했답니다. 미리 칼집을 내었기에 식감이 질기지 않으면서도, 양념은 깊게 배어들며 육즙에 풍미를 더하고 있어요. 온 가족이 든든히 즐길 수 있도록 넉넉한 양으로 준비했으니, 신선한 쌈 채소를 곁들여 근사한 식탁을 완성해 보세요.", "img3": "https://img-cf.kurly.com/shop/data/goodsview/20200327/gv40000087611_1.jpg", "option_name_list": [], "option_price_list": []},
{"img1": "https://img-cf.kurly.com/shop/data/goods/1585277843447y0.jpg", "name": "[고불로186] 양념 소왕갈비(호주산)", "summary": "덧살을 추가하지 않은 왕갈비 본연의 맛", "price": "29,000원", "discount_rate": 0, "unit": "1팩", "amount": "1kg", "package": "냉동/종이포장", "made_in": "호주산", "img2": "https://img-cf.kurly.com/shop/data/goodsview/20200327/gv00000087590_1.jpg", "description": "양념 갈비는 가득 담아낸 한 접시만으로도 풍성한 밥상을 만들어 줘요. 굽기만 하면 뚝딱 완성되니 간편하기까지 하지요. 갈비뼈에 다른 부위의 살코기를 덧붙이지 않고, 본래의 갈빗살만을 그대로 포작업 한 고불로186의 양념 소왕갈비를 만나 보세요. 미리 칼집을 내었기에 식감이 질기지 않으면서도, 양념은 깊게 배어들어 육즙에 풍미를 더하고 있답니다. 온 가족이 함께 먹을 수 있도록 넉넉한 양으로 준비했으니, 감칠맛 나는 양념 구이를 든든히 즐길 수 있을 거예요.", "img3": "https://img-cf.kurly.com/shop/data/goodsview/20200327/gv10000087597_1.jpg", "option_name_list": [], "option_price_list": []},
{"img1": "https://img-cf.kurly.com/shop/data/goods/1585112878115y0.jpg", "name": "[삼원가든] 양념갈비 꽃살", "summary": "꽃갈비의 고급스러운 자태", "price": "47,000원", "discount_rate": 0, "unit": "1팩", "amount": "500g", "package": "냉동/종이포장", "made_in": "", "img2": "https://img-cf.kurly.com/shop/data/goodsview/20200325/gv20000087105_1.jpg", "description": "'강남에서 좋은 고기를 먹을 수 있는 곳' 하면 삼원가든의 이름을 빼놓을 수 없습니다. 1976년 창립 이래로 품질이 뛰어난 원료육만을 고집하며, 굳건히 외식 명가의 자리를 지켜왔지요. 삼원가든의 양념갈비는 뛰어난 육질과 마블링을 자랑하는 고급 부위인 꽃갈비만을 사용합니다. 수작업된 촘촘하고 섬세한 다이아몬드형 칼집이 구울수록 빛을 발하고요. 배와 마늘을 넣은 양념에 숙성하여, 자연스러운 단맛과 감칠맛이 깊숙이 배어있답니다. 삼원가든의 오랜 노하우로 이뤄낸 맛을 이제 가정에서도 간편히 누려보세요. ", "img3": "https://img-cf.kurly.com/shop/data/goodsview/20200325/gv00000087111_1.jpg", "option_name_list": [], "option_price_list": []},
{"img1": "https://img-cf.kurly.com/shop/data/goods/1584683430619y0.jpg", "name": "[늘참] 국내산 고추장 닭갈비", "summary": "입맛을 돋우는 매콤달콤함!", "price": "9,900원", "discount_rate": 0, "unit": "1팩", "amount": "500g", "package": "냉동/종이포장", "made_in": "", "img2": "https://img-cf.kurly.com/shop/data/goodsview/20200320/gv30000086465_1.jpg", "description": "매콤한 양념이 쏙쏙 밴 닭갈비는 남녀노소 좋아하는 국민 메뉴인데요. 번거롭게 식당에 가지 않고도, 집에서 간편하게 닭갈비를 즐겨보세요. 국내산 닭다리살로 만든 매콤달콤한 늘참 닭갈비를 소개합니다. 국내산 고춧가루, 고추장에 양파를 곱게 갈아 넣어 달큰함과 감칠맛을 더했어요. 육질이 살아있는 닭다리살에 매콤한 양념장이 깊게 배어 밥반찬으로 제격이지요. 쌈채소를 더하거나, 남은 양념에 밥을 볶아 오늘의 한 상을 풍성하게 채워보세요. ", "img3": "https://img-cf.kurly.com/shop/data/goodsview/20200320/gv40000086482_1.jpg", "option_name_list": [], "option_price_list": []},
{"img1": "https://img-cf.kurly.com/shop/data/goods/1584680339181y0.jpg", "name": "[달구지푸드] 훈제삼겹 500g", "summary": "훈제 삼겹살을 집에서 간편하게", "price": "14,500원", "discount_rate": 0, "unit": "1팩", "amount": "500g", "package": "냉동/종이포장", "made_in": "", "img2": "https://img-cf.kurly.com/shop/data/goodsview/20200320/gv10000086327_1.jpg", "description": "대표적인 외식 메뉴인 삼겹살을 집에서도 간편하게 만나보세요. 달구지푸드의 훈제삼겹은 훈연하여 구워냈기 때문에 고기의 잡내는 최소화하고 숯불 향은 물씬 머금었어요. 간이 짭짤하게 잘 돼 있어 구워 바로 먹어도 맛있답니다. 훈제 삼겹살은 안주로 잘 어울리는 메뉴이기도 하지만 밥과 함께하는 반찬으로도 제격이죠. 집에서 간단히 조리해 풍성한 한 상을 완성해 보세요. 1인 가구도 부담 없도록 소포장했으니 외식이 부담스러웠던 분들에게도 추천해 드려요. ", "img3": "https://img-cf.kurly.com/shop/data/goodsview/20200320/gv20000086424_1.jpg", "option_name_list": [], "option_price_list": []},
{"img1": "https://img-cf.kurly.com/shop/data/goods/1584678830979y0.jpg", "name": "[달구지푸드] 소 양대창 620g", "summary": "집에서 만나는 소 특수부위 양대창", "price": "19,500원", "discount_rate": 0, "unit": "1팩", "amount": "620g", "package": "냉동/종이포장", "made_in": "", "img2": "https://img-cf.kurly.com/shop/data/goodsview/20200320/gv30000086324_1.jpg", "description": "곱창과 막창을 좋아하시는 분들에게 꼬들꼬들한 식감이 특징인 소의 특수부위, 양 대창을 추천해드릴게요. 달구지푸드의 소 양대창은 초벌구이로 특유의 잡내를 최소화해 씹을수록 고소하고 쫄깃한 맛을 만끽할 수 있답니다. 소스를 따로 준비할 필요 없이 달콤한 간장 소스가 넉넉히 들어있어 더욱 좋아요. 1인 가구도 부담 없도록 소포장했으니 술 한 잔이 생각나는 날, 집에서 간단히 구워 색다른 맛의 양대창을 즐겨보세요. ", "img3": "https://img-cf.kurly.com/shop/data/goodsview/20200320/gv30000086394_1.jpg", "option_name_list": [], "option_price_list": []},
{"img1": "https://img-cf.kurly.com/shop/data/goods/1584672896481y0.jpg", "name": "[달구지푸드] 훈제 불막창 600g", "summary": "숯불 향을 머금은 매콤한 불막창", "price": "16,500원", "discount_rate": 0, "unit": "1팩", "amount": "600g", "package": "냉동/종이포장", "made_in": "", "img2": "https://img-cf.kurly.com/shop/data/goodsview/20200320/gv30000086321_1.jpg", "description": "숯불 향이 물씬 배어있는 매콤한 불막창을 집에서도 간편하게 즐겨보세요. 달구지푸드의 불막창은 훈제구이로 막창 특유의 잡내를 없애 막창을 처음 드시는 분들도 부담 없이 드실 수 있답니다. 불막창이지만 누구나 즐길 수 있는 맛있게 매운맛으로 모두의 입맛을 사로잡을 거예요. 오동통하고 쫄깃한 막창으로 보내드리니 가게에서 먹는 맛이 부럽지 않죠. 1인 가구도 부담 없는 소포장으로 술 한 잔이 생각나는 날, 간단하게 구워 매콤함을 즐겨보세요. ", "img3": "https://img-cf.kurly.com/shop/data/goodsview/20200320/gv10000086381_1.jpg", "option_name_list": [], "option_price_list": []},
{"img1": "https://img-cf.kurly.com/shop/data/goods/1584672055177y0.jpg", "name": "[달구지푸드] 훈제 돼지막창 620g", "summary": "소스와 함께 즐기는 훈제 막창", "price": "16,500원", "discount_rate": 0, "unit": "1팩", "amount": "620g", "package": "냉동/종이포장", "made_in": "", "img2": "https://img-cf.kurly.com/shop/data/goodsview/20200320/gv40000086318_1.jpg", "description": "술 한잔과 잘 어울리는 외식 메뉴로 사랑받는 훈제 돼지 막창을 집에서도 간편하게 만나보세요. 달구지푸드의 훈제 돼지 막창은 소스를 따로 준비할 필요 없이 간장 소스와 막장 소스까지 넉넉히 들어있답니다. 훈연 방식으로 구워 막창 특유의 잡내를 최소화해 감칠맛이 살아있는 훈제 막창 맛을 느낄 수 있어요. 1인 가구도 부담 없도록 소포장했으니 술 한 잔이 생각나는 날, 간단하게 구워 근사한 나만의 안주상을 완성해보세요. ", "img3": "https://img-cf.kurly.com/shop/data/goodsview/20200320/gv10000086373_1.jpg", "option_name_list": [], "option_price_list": []},
{"img1": "https://img-cf.kurly.com/shop/data/goods/1584671109831y0.jpg", "name": "[달구지푸드] 초벌 돼지막창 620g", "summary": "2가지 소스에 찍어 먹는 돼지 막창", "price": "15,500원", "discount_rate": 0, "unit": "1팩", "amount": "620g", "package": "냉동/종이포장", "made_in": "", "img2": "https://img-cf.kurly.com/shop/data/goodsview/20200320/gv00000086315_1.jpg", "description": "술 한잔과 잘 어울리는 외식 메뉴로 사랑받는 돼지 막창을 집에서도 간편하게 만나보세요. 달구지푸드의 초벌 돼지막창은 초벌구이로 막창 특유의 잡내를 최소화해 막창을 처음 드시는 분들도 편하게 드실 수 있어요. 소스를 따로 준비할 필요 없이 간장 소스와 막장 소스까지 넉넉히 들어있답니다. 1인 가구도 부담 없도록 소포장했으니 술 한 잔이 생각나는 날, 간단하게 구워 근사한 나만의 안주상을 완성해보세요. ", "img3": "https://img-cf.kurly.com/shop/data/goodsview/20200320/gv00000086367_1.jpg", "option_name_list": [], "option_price_list": []},
{"img1": "https://img-cf.kurly.com/shop/data/goods/1583985355810y0.jpg", "name": "[진실된손맛] 마늘 떡갈비", "summary": "부드럽게 즐기는 간편 떡갈비", "price": "4,600원", "discount_rate": 0, "unit": "1팩", "amount": "160g", "package": "냉동/종이포장", "made_in": "", "img2": "https://img-cf.kurly.com/shop/data/goodsview/20200312/gv00000085281_1.jpg", "description": "입맛 살려줄 고기 반찬을 찾고 있다면, 진실된손맛의 마늘 떡갈비를 만나보세요. 진실된손맛은 국내산 돼지고기, 소고기 등을 섞은 반죽에 곱게 간 마늘을 넣어 납작하게 빚었는데요. 그 위에 숙성된 간장 양념을 발라 달콤짭짤한 맛을 더하는 것도 놓치지 않았지요. 따로 간 맞출 필요 없이 에어프라이어나 팬에 조리해 간편하게 즐겨 보세요. 마늘 떡갈비의 달콤한 감칠맛이 좋아 술 안주로도 제격이랍니다.", "img3": "https://img-cf.kurly.com/shop/data/goodsview/20200312/gv00000085285_1.jpg", "option_name_list": [], "option_price_list": []},
{"img1": "https://img-cf.kurly.com/shop/data/goods/1583983672878y0.jpg", "name": "[진실된손맛] 한돈 떡갈비", "summary": "부드럽게 즐기는 간편 떡갈비", "price": "3,500원", "discount_rate": 0, "unit": "1팩", "amount": "160g", "package": "냉동/종이포장", "made_in": "", "img2": "https://img-cf.kurly.com/shop/data/goodsview/20200312/gv30000085276_1.jpg", "description": "달콤 짭짤하고 부드러운 떡갈비는 아이 어른 할 것 없이 누구나 사랑하는 메뉴지요. 진실된손맛은 곱게 국내산 돼지고기와 야채를 적절하게 섞은 뒤 납작하게 빚었는데요. 그 위에 숙성된 간장 양념을 발라 깊은 감칠맛을 더하는 것도 놓치지 않았답니다. 1개씩 개별 포장되어 있어, 간편하게 꺼내 쓰고 먹을 만큼만 조리하기 좋은 상품이에요. 해동 후 팬에 살짝 데워, 한 끼를 위한 간단 반찬으로도 활용해 보세요.", "img3": "https://img-cf.kurly.com/shop/data/goodsview/20200312/gv40000085280_1.jpg", "option_name_list": [], "option_price_list": []},
{"img1": "https://img-cf.kurly.com/shop/data/goods/1583298748433y0.jpg", "name": "[푸드밀리] 안동辛찜닭", "summary": "매콤달콤한 안동 찜닭", "price": "8,300원", "discount_rate": 0, "unit": "1봉", "amount": "700g", "package": "냉동/종이포장", "made_in": "", "img2": "https://img-cf.kurly.com/shop/data/goodsview/20200304/gv30000084011_1.jpg", "description": "안동찜닭은 부드러운 닭고기와 자작한 국물의 조합이 조화로운 음식이지요. 집에서도 간편하게 만나볼 수 있는 푸드밀리의 안동辛찜닭을 소개합니다. 먹기 좋게 썬 국내산 닭고기와 매콤하게 간을 한 국물을 팩에 담아 냉동으로 포장한 상품인데요. 너무 맵거나 짜지 않아, 온 가족을 위한 밥반찬이나 술안주로도 제격이랍니다. 해동 후 가볍게 조리해 풍성한 한 상을 차려보세요.  양배추나 감자 등 채소 토핑과 쫄깃한 당면을 준비해 함께 조리해도 좋을 거예요.", "img3": "https://img-cf.kurly.com/shop/data/goodsview/20200304/gv00000084018_1.jpg", "option_name_list": [], "option_price_list": []},
{"img1": "https://img-cf.kurly.com/shop/data/goods/1583302373283y0.jpg", "name": "[푸드밀리] 매운 양념 닭발", "summary": "매콤하게 즐기는 무뼈 닭발", "price": "10,800원", "discount_rate": 0, "unit": "1팩", "amount": "400g", "package": "냉동/종이포장", "made_in": "", "img2": "https://img-cf.kurly.com/shop/data/goodsview/20200304/gv40000084019_1.jpg", "description": "닭발은 매콤달콤한 양념과 쫀득한 식감 덕분에 많은 사랑을 받는 술안주 메뉴이지요. 컬리는 손쉽게 즐길 수 있는 매콤한 맛의 국내산 무뼈 닭발을 준비했습니다. 곱게 간 양파, 배, 마늘에 고춧가루와 간장을 더한 특제 양념을 사용해 부드럽고 매콤달콤한 맛이 전해지지요. 소가구도 부담 없이 드실 수 있는 용량이라, 간편히 해동 및 조리하여 한 끼 메뉴나 술안주로 활용하기 좋답니다. 오독오독한 식감이 재밌는 매콤한 무뼈 닭발로 오늘의 안주 고민을 해결하세요. ", "img3": "https://img-cf.kurly.com/shop/data/goodsview/20200304/gv10000084034_1.jpg", "option_name_list": [], "option_price_list": []},
{"img1": "https://img-cf.kurly.com/shop/data/goods/158330461511y0.jpg", "name": "[푸드밀리] 순한 양념 닭발", "summary": "오독오독 씹히는 무뼈 닭발", "price": "10,800원", "discount_rate": 0, "unit": "1팩", "amount": "400g", "package": "냉동/종이포장", "made_in": "", "img2": "https://img-cf.kurly.com/shop/data/goodsview/20200304/gv20000084038_1.jpg", "description": "닭발은 매콤달콤한 양념과 쫀득한 식감 덕분에 많은 사랑을 받는 술안주 메뉴이지요. 컬리는 매운 닭발을 맘 편히 즐기지 못하는 분들을 위해, 자극적이지 않은 순한 맛의 국내산 무뼈 닭발을 준비했습니다. 곱게 간 양파, 배, 마늘에 고춧가루와 간장을 더한 특제 양념을 사용해 부드럽고 매콤달콤한 맛이 전해지지요. 소가구도 부담 없이 드실 수 있는 용량이라, 손쉽게 해동 및 조리하여 한 끼 메뉴나 술안주로 활용하기 좋답니다. 오독오독한 식감이 재밌는 간편한 무뼈 닭발로 오늘의 안주 고민을 해결하세요. ", "img3": "https://img-cf.kurly.com/shop/data/goodsview/20200304/gv40000084044_1.jpg", "option_name_list": [], "option_price_list": []},
{"img1": "https://img-cf.kurly.com/shop/data/goods/1583308076414y0.jpg", "name": "[푸드밀리] 매운 춘천 닭갈비", "summary": "맛있게 매운 닭갈비 요리", "price": "9,900원", "discount_rate": 0, "unit": "1봉", "amount": "600g", "package": "냉동/종이포장", "made_in": "", "img2": "https://img-cf.kurly.com/shop/data/goodsview/20200304/gv30000084060_1.jpg", "description": "춘천 닭갈비는 담백한 닭고기와 촉촉하게 밴 양념의 조화가 매력적인 음식이지요. 집에서도 간편하게 즐길 수 있도록, 푸드밀리의 매운 춘천 닭갈비를 가지고 왔어요. 푸드밀리는 국내산 닭고기를 간장과 물엿을 섞은 매콤한 양념에 재워 매운 춘천 닭갈비를 만들었는데요. 짭짤한 감칠맛이 좋아, 온 가족의 밥반찬 또는 어른들을 위한 술 안주로도 제격이랍니다. 양배추나 대파 등 원하는 토핑을 준비해 함께 조리해도 좋을 거예요.", "img3": "https://img-cf.kurly.com/shop/data/goodsview/20200304/gv40000084066_1.jpg", "option_name_list": [], "option_price_list": []}