{"img1": "https://img-cf.kurly.com/shop/data/goods/1585637969778y0.jpg", "name": "[글랜큐어] 몬스터주식회사 피규어 칫솔&자석거치대 2종", "summary": "남다른 매력의 피규어 칫솔", "price": "6,900원", "discount_rate": 0, "unit": "1개", "amount": "", "package": "상온/종이포장", "made_in": "", "img2": "https://img-cf.kurly.com/shop/data/goodsview/20200331/gv10000088188_1.jpg", "description": "설리와 마이크의 찰떡 호흡이 유쾌한 몬스터 주식회사. 지금 소개할 상품은 앙증맞은 피규어가 돋보이는 몬스터주식회사 피규어 칫솔 2종이에요. 동봉된 자석거치대를 평평한 벽면에 설치해 보세요. 칫솔을 거치대에 붙이고 떼어내기만 하면 되니 보관이 간편하고, 칫솔모가 아래를 향해 있어 건조하기도 쉽답니다. 피규어 캡은 본체와 분리할 수 있으니 다른 캐릭터와 교체하는 재미도 있을 거예요.", "img3": "https://img-cf.kurly.com/shop/data/goodsview/20200331/gv00000088221_1.jpg", "option_name_list": ["[글랜큐어] 몬스터유니버스티 설리 피규어칫솔", "[글랜큐어] 몬스터유니버스티 마이크 피규어칫솔"], "option_price_list": ["6,900원", "6,900원"]},
{"img1": "https://img-cf.kurly.com/shop/data/goods/1585283537199y0.jpg", "name": "[글랜큐어] 주토피아 피규어 칫솔&자석거치대 2종", "summary": "어른이들을 위한 피규어 칫솔", "price": "6,900원", "discount_rate": 0, "unit": "1개", "amount": "", "package": "상온/종이포장", "made_in": "", "img2": "https://img-cf.kurly.com/shop/data/goodsview/20200327/gv00000087633_1.jpg", "description": "동물 친구들의 좌충우돌 모험 이야기를 담은 주토피아. 지금 소개할 상품은 앙증맞은 피규어가 돋보이는 주토피아 피규어 칫솔 2종이에요. 동봉된 자석거치대를 평평한 벽면에 설치해 보세요. 칫솔을 거치대에 붙이고 떼어내기만 하면 되니 보관이 간편하고, 칫솔모가 아래를 향해 있어 건조하기도 쉽답니다. 피규어 캡은 본체와 분리할 수 있으니 다른 캐릭터와 교체하는 재미도 있을 거예요.", "img3": "https://img-cf.kurly.com/shop/data/goodsview/20200327/gv30000087637_1.jpg", "option_name_list": ["[글랜큐어] 주토피아 닉 피규어칫솔", "[글랜큐어] 주토피아 주디 피규어칫솔"], "option_price_list": ["6,900원", "6,900원"]},
{"img1": "https://img-cf.kurly.com/shop/data/goods/1583478721582y0.jpg", "name": "[리프홈] 세라믹 규조토 스탠드 12종", "summary": "보송한 공간을 선사할 다용도 스탠드", "price": "5,500원", "discount_rate": 0, "unit": "1개", "amount": "", "package": "상온/종이포장", "made_in": "", "img2": "https://img-cf.kurly.com/shop/data/goodsview/20200306/gv20000084532_1.jpg", "description": null, "img3": "https://img-cf.kurly.com/shop/data/goodsview/20200306/gv40000084593_1.jpg", "option_name_list": ["[리프홈] 세라믹 규조토 스탠드 3.4_브라운", "[리프홈] 세라믹 규조토 스탠드 3.4_블루", "[리프홈] 세라믹 규조토 스탠드 3.4_핑크", "[리프홈] 세라믹 규조토 스탠드 7.8_브라운", "[리프홈] 세라믹 규조토 스탠드 7.8_블루", "[리프홈] 세라믹 규조토 스탠드 7.8_핑크", "[리프홈] 세라믹 규조토 스탠드 9.8_브라운", "[리프홈] 세라믹 규조토 스탠드 9.8_블루", "[리프홈] 세라믹 규조토 스탠드 9.8_핑크", "[리프홈] 세라믹 규조토 스탠드 11.8_브라운", "[리프홈] 세라믹 규조토 스탠드 11.8_블루", "[리프홈] 세라믹 규조토 스탠드 11.8_핑크"], "option_price_list": ["5,500원", "5,500원", "5,500원", "22,000원", "22,000원", "22,000원", "27,500원", "27,500원", "27,500원", "39,500원", "39,500원", "39,500원"]},
{"img1": "https://img-cf.kurly.com/shop/data/goods/1583212260346y0.jpg", "name": "[ACCA KAPPA] 칫솔 12종", "summary": "이탈리아 브러쉬 전문 브랜드가 만든", "price": "10,000원", "discount_rate": 0, "unit": "1개", "amount": "", "package": "상온/종이포장", "made_in": "", "img2": "https://img-cf.kurly.com/shop/data/goodsview/20200303/gv20000083719_1.jpg", "description": "작고 부드러운 칫솔모로 양치를 할 때 어쩐지 개운함이 부족하다는 생각을 하셨던 분이라면 주목해 주세요. 150여 년간 브러쉬를 만들어 온 이탈리아 브랜드 ACCA KAPPA의 스테디셀러를 소개할게요. 모가 힘있고 탄력적인 것이 가장 큰 특징이에요. 그래서인지 오래 사용해도 끝 부분이 마모가 될 뿐, 바깥으로 휘어지거나 눕는 현상이 덜하답니다. 일반적인 칫솔에 비해 헤드가 긴 편이라 양치 마무리 단계에서 혀를 닦을 때도 유용해요. 평소 큼직한 헤드를 선호하는 분께 특히 알맞을 거예요. ", "img3": "https://img-cf.kurly.com/shop/data/goodsview/20200303/gv00000083722_1.jpg", "option_name_list": ["[ACCA KAPPA] 칫솔 소프트타입 아이보리", "[ACCA KAPPA] 칫솔 소프트타입 와인", "[ACCA KAPPA] 칫솔 소프트타입 블랙", "[ACCA KAPPA] 칫솔 미디움타입 아이보리", "[ACCA KAPPA] 칫솔 미디움타입 와인", "[ACCA KAPPA] 칫솔 미디움타입 블랙", "[ACCA KAPPA] 칫솔 하드타입 아이보리", "[ACCA KAPPA] 칫솔 하드타입 와인", "[ACCA KAPPA] 칫솔 하드타입 블랙", "[ACCA KAPPA] 칫솔 퓨어타입 아이보리", "[ACCA KAPPA] 칫솔 퓨어타입 와인", "[ACCA KAPPA] 칫솔 퓨어타입 블랙"], "option_price_list": ["10,000원", "10,000원", "10,000원", "10,000원", "10,000원", "10,000원", "10,000원", "10,000원", "10,000원", "10,000원", "10,000원", "10,000원"]},
{"img1": "https://img-cf.kurly.com/shop/data/goods/1582786711455y0.jpg", "name": "[바르테라] 쉐이빙 스킨케어 3종 기프트 세트", "summary": "고급스러운 쉐이빙 테라피 세트", "price": "56,800원", "discount_rate": "20%", "unit": "1세트", "amount": "", "package": "상온/종이포장", "made_in": "", "img2": "https://img-cf.kurly.com/shop/data/goodsview/20200227/gv10000083120_1.jpg", "description": "쉐이빙 테라피를 선도하는 브랜드, 바르테라의 선물세트를 소개할게요. 쉐이빙의 시작부터 마무리까지 도와줄 제품들을 모두 담았답니다. 심플하고 멋스러운 선물 박스를 열면 피부를 매끄럽게 정돈해줄 클렌징폼, 꼼꼼한 쉐이빙과 촉촉한 마무리감을 선사할 클렌징 오일, 쉐이빙으로 지친 피부를 달래줄 올인원 젤 모이스쳐라이저가 자리잡고 있죠. 바르테라의 제품들은 영국과 스코틀랜드에서 재배한 에센셜 오일과 바르테라만의 ECO SBAC 성분*을 배합해 피부에 안정적으로 다가간답니다. 선물세트를 담을 수 있는 심플한 쇼핑백을 함께 보내드리니, 소중한 분께 기분 좋은 스킨 케어 경험을 선물하기에 알맞을 거예요.", "img3": "https://img-cf.kurly.com/shop/data/goodsview/20200227/gv10000083133_1.jpg", "option_name_list": [], "option_price_list": []},
{"img1": "https://img-cf.kurly.com/shop/data/goods/1582787161581y0.jpg", "name": "[바르테라] 쉐이빙 스킨케어 2종 기프트 세트", "summary": "남성의 피부를 위한 쉐이빙 테라피", "price": "43,200원", "discount_rate": "20%", "unit": "1세트", "amount": "", "package": "상온/종이포장", "made_in": "", "img2": "https://img-cf.kurly.com/shop/data/goodsview/20200227/gv20000083139_1.jpg", "description": "쉐이빙 테라피를 선도하는 브랜드, 바르테라의 선물세트를 소개할게요. 부드러운 쉐이빙 크림과 지친 피부에 휴식을 선사할 모이스처라이저를 담았습니다. 영국과 스코틀랜드에서 재배한 에센셜 오일과 바르테라만의 ECO SBAC 성분*을 배합해 피부에 안정적으로 다가가도록 했지요. 쉐이빙 크림은 차분하게 수염을 한 올 한 올 감싸주기에 한결 매끄러운 면도가 가능하고, 올인원 형태의 모이스 쳐라이저는 산뜻하게 마무리되니 매일 기분 좋은 스킨 케어를 경험할 수 있죠. 심플한 크래프트 박스에 깔끔하게 담아 쇼핑백과 함께 보내드리니, 센스있는 선물로 선택해보세요.", "img3": "https://img-cf.kurly.com/shop/data/goodsview/20200227/gv00000083151_1.jpg", "option_name_list": [], "option_price_list": []},
{"img1": "https://img-cf.kurly.com/shop/data/goods/1582007694442y0.jpg", "name": "[닥터폴스] 치약 3종", "summary": "입안에 퍼지는 산뜻함", "price": "9,675원", "discount_rate": "25%", "unit": "1개", "amount": "각 100g", "package": "상온/종이포장", "made_in": "", "img2": "https://img-cf.kurly.com/shop/data/goodsview/20200218/gv30000081839_1.jpg", "description": "'이게 치약인가?' 싶을 정도로 독특한 향기를 머금은 치약을 소개할게요. 전문 조향사가 모여 세계 각지에서 영감 받은 향을 배합하여 만든 닥터폴스의 제품입니다. 바닐라빈과 홍차, 라임과 만다린 등 자연 유래 추출물을 조합한 감각적인 향이 의외로 입안을 상쾌하게 유지해주지요. 게다가 충치 예방에 도움을 주는 연마제를 치아와 유사한 성분이 담긴 원료로 사용하여 치아 표면의 손상 없이도 치태 제거가 가능하도록 했어요. 파라벤, CMIT, MIT, 불소 등의 논란 성분은 철저히 배제했으니 안심하고 사용해봐도 좋아요. 3가지 제품 중 원하는 기능이나 취향에  맞는 향으로 담아가세요.", "img3": "https://img-cf.kurly.com/shop/data/goodsview/20200218/gv00000081848_1.jpg", "option_name_list": ["[닥터폴스] 치약 라임만다린", "[닥터폴스] 치약 패츌리머스크", "[닥터폴스] 치약 바닐블랙티"], "option_price_list": ["12,900원", "12,900원", "12,900원"]},
{"img1": "https://img-cf.kurly.com/shop/data/goods/1579067786455y0.jpg", "name": "[리앤코 소프트] 어린이용 칫솔 2종", "summary": "어린이를 위한 초극세사 칫솔모", "price": "7,225원", "discount_rate": "15%", "unit": "1개", "amount": "", "package": "상온/종이포장", "made_in": "", "img2": "https://img-cf.kurly.com/shop/data/goodsview/20200115/gv20000078050_1.jpg", "description": "영구치가 자라기 시작할 무렵에 양치 습관은 정말로 중요하죠. 지금 소개하는 칫솔은 젖니와 영구치가 섞여 있는 어린이의 구강에 알맞은 제품이에요. 촘촘히 꽂힌 칫솔모를 주목해주세요. 칫솔모 한 가닥의 두께도 0.12mm로 무척 가늘지만, 치아에 가장 많이 닿는 끝부분은 무려 두께 0.01mm로 가공해 솜털 같은 부드러움을 자랑한답니다. 그러면서도 칫솔모를 다발로 묶어 탄성을 보완했기에 양치를 할 때 모가 흐늘거리지 않아요. 입안 구석구석 양치를 할 수 있도록 성인용에 비해 칫솔 헤드를 작게 만든 것도 특징이지요. 두 가지 색으로 준비했으니 아이 취향에 따라 선택해보세요.", "img3": "https://img-cf.kurly.com/shop/data/goodsview/20200115/gv30000078053_1.jpg", "option_name_list": ["[리앤코 소프트] 어린이용 핑크", "[리앤코 소프트] 어린이용 그린"], "option_price_list": ["8,500원", "8,500원"]},
{"img1": "https://img-cf.kurly.com/shop/data/goods/1579053174508y0.jpg", "name": "[리앤코 소프트] 칫솔 9종", "summary": "초극세사 칫솔모의 부드러움", "price": "7,920원", "discount_rate": "20%", "unit": "", "amount": "", "package": "상온/종이포장", "made_in": "", "img2": "https://img-cf.kurly.com/shop/data/goodsview/20200115/gv20000077938_1.jpg", "description": "치아와 잇몸을 구석구석 부드럽게 세정할 수 있는 칫솔을 소개할게요. 초극세사 칫솔모를 촘촘히 꽂아만든 리앤코 소프트의 제품이에요. 칫솔모 한 가닥의 두께도 0.12mm로 무척 가늘지만, 치아에 가장 많이 닿는 끝부분은 무려 두께 0.01mm로 가공해 솜털 같은 부드러움을 자랑한답니다. 그러면서도 칫솔모를 다발로 묶어 탄성을 보완했기에 양치를 할 때 모가 흐늘거리지 않아요. 3가지 형태로 칫솔모를 설계했으니 용도에 맞게 선택해보세요.", "img3": "https://img-cf.kurly.com/shop/data/goodsview/20200115/gv00000077948_1.jpg", "option_name_list": ["[리앤코 소프트] 샤인 앤 뷰티용 핑크", "[리앤코 소프트] 샤인 앤 뷰티용 그린", "[리앤코 소프트] 샤인 앤 뷰티용 다크브라운", "[리앤코 소프트] 잇몸질환 및 시린이용 핑크", "[리앤코 소프트] 잇몸질환 및 시린이용 그린", "[리앤코 소프트] 잇몸질환 및 시린이용 다크브라운", "[리앤코 소프트] 잇몸케어 및 임플란트용 핑크", "[리앤코 소프트] 잇몸케어 및 임플란트용 그린", "[리앤코 소프트] 잇몸케어 및 임플란트용 다크브라운"], "option_price_list": ["9,900원", "9,900원", "9,900원", "9,900원", "9,900원", "9,900원", "9,900원", "9,900원", "9,900원"]},
{"img1": "https://img-cf.kurly.com/shop/data/goods/1578560523998y0.jpg", "name": "[험블] VEGAN 옥수수 starch 일회용 치실 민트50pcs", "summary": "손잡이가 달린 일회용 치실", "price": "4,410원", "discount_rate": "10%", "unit": "1개", "amount": "", "package": "상온/종이포장", "made_in": "", "img2": "https://img-cf.kurly.com/shop/data/goodsview/20200109/gv10000077340_1.jpg", "description": "치실은 일회용 제품인 만큼 한 번 사용하고 버리는 일이 다반사예요. 주로 화학적 소재로만 만들어지기에 사용할 때마다 환경 걱정이 앞섰던 게 사실이지요. 컬리가 선택한 험블의 치실은 옥수수 전분이 손잡이 소재로 일부 사용된 치실입니다. 그래서 사용의 부담을 조금이나마 덜어 드리지요. 실은 이중 구조로 설계돼 이 사이사이를 더욱 섬세하게 닦아 주고요. 한 손으로 쥐기 편한 그립감을 선사하는 손잡이 덕분에 사용도 편리하답니다. 민트향을 더해 상쾌함을 전해줄 험블의 일회용 치실로 치아를 더욱 깨끗하고 위생적으로 관리해 보세요.", "img3": "https://img-cf.kurly.com/shop/data/goodsview/20200109/gv10000077370_1.jpg", "option_name_list": [], "option_price_list": []},
{"img1": "https://img-cf.kurly.com/shop/data/goods/1577943782287y0.jpg", "name": "[글랜큐어] 토이스토리 피규어 칫솔&자석거치대 3종", "summary": "동심을 자극하는 캐릭터 칫솔", "price": "6,900원", "discount_rate": 0, "unit": "1개", "amount": "", "package": "상온/종이포장", "made_in": "", "img2": "https://img-cf.kurly.com/shop/data/goodsview/20200102/gv10000076289_1.jpg", "description": "장난감 친구들의 따뜻한 우정 이야기를 담은 토이스토리. 오늘 컬리가 소개할 상품은 토이스토리 피규어 칫솔&자석거치대 3종입니다. 칫솔 끝에 달린 앙증맞은 피규어들이 돋보이는 상품이에요. 함께 포장된 자석거치대를 평평한 곳에 설치해주세요. 칫솔을 떼어내고 붙이기만 하면 되니 보관이 간편하고, 칫솔모가 아래를 향해 있어 건조하기 쉽지요. 피규어캡은 본체와 분리되니, 따로 소장하거나 다른 캐릭터와 교체하여 다양하게 활용해보세요.", "img3": "https://img-cf.kurly.com/shop/data/goodsview/20200102/gv20000076293_1.jpg", "option_name_list": ["[글랜큐어] 버즈 피규어칫솔", "[글랜큐어] 포키 피규어칫솔", "[글랜큐어] 우디 피규어칫솔"], "option_price_list": ["6,900원", "6,900원", "6,900원"]},
{"img1": "https://img-cf.kurly.com/shop/data/goods/1578040840723y0.jpg", "name": "[선물세트] 루치펠로 치약 6입 선물세트", "summary": "자연을 담은 향으로 산뜻한 양치질", "price": "44,460원", "discount_rate": 0, "unit": "1개", "amount": "", "package": "상온/종이포장", "made_in": "", "img2": "https://img-cf.kurly.com/shop/data/goodsview/20200103/gv30000076546_1.jpg", "description": "양치하는 시간을 향긋하면서도 산뜻하게 만들어줄 루치펠로의 '치약 6입 선물세트'를 소개할게요. 전문 조향사가 전 세계 바다에서 받은 영감을 감각적인 향과 맛으로 재현해낸 치약이랍니다. 편안하면서도 세련된 향을 완성하기 위해 청정지역에서 공수해 온 해양 추출물과 허브, 자몽, 녹차, 유칼립투스 오일 등 자연 유래 성분을 사용했지요. 덕분에 양치 후 상쾌한 기분을 한껏 느낄 수 있어요. 루치펠로의 치약 중 가장 인기가 많은 세 종류를 담았으니, 매일 세 번 일상을 향기롭게 리프레시 해줄 치약 세트로 주변 사람들에게 고마움을 전달해보세요.", "img3": "https://img-cf.kurly.com/shop/data/goodsview/20200103/gv40000076554_1.jpg", "option_name_list": [], "option_price_list": []},
{"img1": "https://img-cf.kurly.com/shop/data/goods/1576737822228y0.jpg", "name": "[글랜큐어] 피규어 칫솔&자석거치대 5종", "summary": "일상 속 작고 소소한 재미", "price": "6,900원", "discount_rate": 0, "unit": "1개", "amount": "", "package": "상온/종이포장", "made_in": "", "img2": "https://img-cf.kurly.com/shop/data/goodsview/20191219/gv00000073980_1.jpg", "description": "스펙터클한 모험으로 가슴을 두근거리게 하는 마블 히어로즈. 아이뿐 아니라 어른들의 사랑까지 듬뿍 받고 있는 캐릭터들이죠. 오늘 컬리가 소개할 상품은 마블 피규어 칫솔&자석 거치대 5종입니다. 칫솔 끝에 달린 앙증맞은 피규어들이 돋보이는 상품이에요. 함께 포장된 자석거치대를 평평한 곳에 설치해주세요. 칫솔을 떼어내고 붙이기만 하면 되니 보관이 간편하고, 칫솔모가 아래를 향해 있어 건조하기 쉬워요. 피규어캡은 본체와 분리되니, 따로 소장하거나 연필 깍지 등으로 활용해보세요.", "img3": "https://img-cf.kurly.com/shop/data/goodsview/20191219/gv00000073990_1.jpg", "option_name_list": ["[글랜큐어] 마블 피규어 칫솔 아이언맨", "[글랜큐어] 마블 피규어 칫솔 캡틴아메리카", "[글랜큐어] 마블 피규어 칫솔 스파이더맨", "[글랜큐어] 마블 피규어 칫솔 블랙팬서", "[글랜큐어] 마블 피규어 칫솔 그루트"], "option_price_list": ["6,900원", "6,900원", "6,900원", "6,900원", "6,900원"]},
{"img1": "https://img-cf.kurly.com/shop/data/goods/157501678840y0.jpg", "name": "[벨레다] 치약 3종", "summary": "좋은 성분으로 개운한 양치질", "price": "9,000원", "discount_rate": 0, "unit": "1개", "amount": "", "package": "상온/종이포장", "made_in": "", "img2": "https://img-cf.kurly.com/shop/data/goodsview/20191129/gv00000070433_1.jpg", "description": "치약은 입안에 직접 닿는 제품인 만큼 어떤 성분으로 이루어졌는지 신경쓰이실 거예요. 어린이 치약으로 유명한 벨레다에서는 대부분 EWG 그린 등급의 성분으로 구성된 치약을 만들었어요. 인공 향료와 인공 색소, 계면활성제 등을 첨가하지 않아 안심하고 양치질할 수 있죠. 또한 동물실험을 하거나 동물성 원료를 쓰지 않은 100% 비건 제품이랍니다. 페퍼민트와 스피어민트향이 입안을 상쾌하게 만들어주는 라타니아 치약, 로션처럼 부드러운 제형의 카렌듈라 치약, 그리고 상쾌하면서도 순한 플랜트 치약 세 가지를 준비했으니 취향에 따라 골라보세요.", "img3": "https://img-cf.kurly.com/shop/data/goodsview/20191129/gv20000070439_1.jpg", "option_name_list": [" [벨레다] 라타니아 치약", " [벨레다] 카렌듈라 치약", "[벨레다] 플랜트 치약"], "option_price_list": ["9,000원", "9,000원", "9,000원"]},
{"img1": "https://img-cf.kurly.com/shop/data/goods/1574841803110y0.jpg", "name": "[아르지탈] 치약 2종", "summary": "거품없이도 개운한 무불소 치약", "price": "15,000원", "discount_rate": 0, "unit": "1개", "amount": "", "package": "상온/종이포장", "made_in": "", "img2": "https://img-cf.kurly.com/shop/data/goodsview/20191127/gv20000069959_1.jpg", "description": "흔히 무불소 치약이라고 하면 순한 사용감을 떠올리게 마련이죠. 이탈리아의 청정지역 시칠리아에서 나는 원료를 사용하는 아르지탈은 에센셜 오일을 배합하여 상쾌함까지 선사할 무불소 치약을 만들었어요. 인공적인 향료와 합성 계면활성제 등 화학성분을 사용하지 않고도 우수한 세정력과 깔끔한 사용감을 자랑하죠. 치약에서는 흔치 않은 민트색인 데다 거품도 나지 않아 처음에는 생소할 수 있어요. 하지만 양치 후에 치약이 치아를 부드럽게 감싸주는 느낌에 곧 빠져들게 될 거예요. 상쾌한 민트와 은은한 아로마틱으로 준비했으니, 신기한 양치 시간을 경험해 보세요.", "img3": "https://img-cf.kurly.com/shop/data/goodsview/20191127/gv10000069967_1.jpg", "option_name_list": ["[아르지탈] 민트 치약", "[아르지탈] 아로마틱 치약"], "option_price_list": ["15,000원", "15,000원"]},
{"img1": "https://img-cf.kurly.com/shop/data/goods/1574391760207y0.jpg", "name": "[큐라덴]극강의 부드러움 CS Smart 7600 칫솔(색상랜덤)", "summary": "세밀한 양치를 위한 설계", "price": "7,500원", "discount_rate": 0, "unit": "1개", "amount": "", "package": "상온/종이포장", "made_in": "", "img2": "https://img-cf.kurly.com/shop/data/goodsview/20191122/gv00000069227_1.jpg", "description": "치아의 이물질을 깨끗하게 닦아내기 위해 꼼꼼한 양치질은 필수예요. 하지만 강한 칫솔질로 인해 잇몸과 치아가 상하면 곤란하겠죠. 큐라덴 극강의 부드러움 CS Smart 7600 칫솔은 힘들이지 않고도 효과적으로 플라그를 제거할 수 있도록 도와줘요. 일반 칫솔의 15배가량 되는 7600가닥의 칫솔모로 이루어져 있기 때문인데요. 칫솔모로 사용한 0.08mm 큐렌 필라멘트는 부드러움과 동시에 고유의 탄탄한 탄성을 지니기에, 잇몸에 자극 없이 섬세하고 정밀한 양치가 가능해요. 큐렌 필라멘트는 기본적으로 PE 소재의 성질을 갖기에 물을 거의 흡수하지 않아 세균 오염 가능성도 적답니다. 칫솔 머리가 작아 아이부터 어른까지 전연령 사용 가능하니 온 가족이 함께 구비해두고 사용해보세요.", "img3": "https://img-cf.kurly.com/shop/data/goodsview/20191129/gv30000070450_1.jpg", "option_name_list": [], "option_price_list": []}