{"img1": "https://img-cf.kurly.com/shop/data/goods/1585124110102y0.jpg", "name": "[듀라셀] 알카라인 건전지 6종", "summary": "내게 필요한 건전지를 한데 모아", "price": "4,800원", "discount_rate": 0, "unit": "1팩", "amount": "", "package": "상온/종이포장", "made_in": "", "img2": "https://img-cf.kurly.com/shop/data/goodsview/20200325/gv40000087201_1.jpg", "description": "건전지는 우리 생활 곳곳에 숨어 제 역할 톡톡히 해내는 물건 중 하나예요. 때문에 갑자기 건전지가 필요할 때면 불편함이 이만저만이 아닌데요. 이때 당황하지 말고 컬리를 찾아주세요. 대중적이면서도 믿을 수 있는 건전지 브랜드, 듀라셀의 알카라인 건전지 6종을 준비했거든요. 바로바로 사용 가능한 양만큼, 필요한 건전지를 선택할 수 있는 상품이에요. 듀라셀만의 듀라락기술을 통해 사용하지 않는 순간에도 건전지에서 방전되는 에너지를 최소화한답니다. 스스로 에너지를 효율적으로 사용하는 똑똑한 듀라셀 건전지를 만나보세요.", "img3": "https://img-cf.kurly.com/shop/data/goodsview/20200325/gv10000087203_1.jpg", "option_name_list": ["[듀라셀] 알카라인 건전지 D", "[듀라셀] 알카라인 건전지 C", "[듀라셀] 울트라 알카라인 건전지 AA", "[듀라셀] 알카라인 건전지 온라인팩 AA", "[듀라셀] 울트라 알카라인 건전지 AAA", "[듀라셀] 알카라인 건전지 온라인팩 AAA"], "option_price_list": ["6,200원", "4,800원", "11,500원", "11,900원", "11,500원", "11,900원"]},
{"img1": "https://img-cf.kurly.com/shop/data/goods/1583478151667y0.jpg", "name": "[리프홈] 세라믹 규조토 드라잉볼 3종", "summary": "습기와 냄새를 잡는 기특한 볼", "price": "5,500원", "discount_rate": 0, "unit": "1개", "amount": "", "package": "상온/종이포장", "made_in": "", "img2": "https://img-cf.kurly.com/shop/data/goodsview/20200306/gv40000084504_1.jpg", "description": null, "img3": "https://img-cf.kurly.com/shop/data/goodsview/20200306/gv20000084507_1.jpg", "option_name_list": ["[리프홈] 세라믹 규조토 드라잉볼_미니5개입", "[리프홈] 세라믹 규조토 드라잉볼_탈취볼 M2개입", "[리프홈] 세라믹 규조토 드라잉볼_탈취볼 L1개입"], "option_price_list": ["5,500원", "13,000원", "41,800원"]},
{"img1": "https://img-cf.kurly.com/shop/data/goods/1582614286594y0.jpg", "name": "[알렉스앤소냐] 분위기를 더해주는 케이크 토퍼 10종", "summary": "행복한 순간을 더욱 빛내줄 소품", "price": "3,900원", "discount_rate": 0, "unit": "1개", "amount": "", "package": "상온/종이포장", "made_in": "", "img2": "https://img-cf.kurly.com/shop/data/goodsview/20200225/gv40000082632_1.jpg", "description": "생일, 기념일, 연말연시 파티. 소중한 사람들과 함께한 시간을 세어보고 축하하는 일은 언제나 의미 있죠. 오래도록 기억에 남기고 싶은 기념일의 케이크 위를 '분위기를 도와주는 케이크 토퍼'로 장식해보세요. 숫자 0부터 9까지 하나씩 선택해 자유롭게 조합할 수 있는 벌룬 토퍼입니다. 따뜻하면서도 화려한 황금빛 벌룬이 분위기를 한순간에 화사하게 밝혀줄 거예요. 별도의 실링 작업이 필요 없어 가족, 연인, 친구와 함께 손쉽게 만들어볼 수 있답니다. 케이크에 꽂아 토퍼로 사용하고 난 뒤, 기념으로 사진을 남길 때 손에 들 프롭스로도 활용해보세요.", "img3": "https://img-cf.kurly.com/shop/data/goodsview/20200225/gv40000082661_1.jpg", "option_name_list": ["[알렉스앤소냐] 숫자 풍선 케익 토퍼 1", " [알렉스앤소냐] 숫자 풍선 케익 토퍼 2", " [알렉스앤소냐] 숫자 풍선 케익 토퍼 3", "[알렉스앤소냐] 숫자 풍선 케익 토퍼 4", "[알렉스앤소냐] 숫자 풍선 케익 토퍼 5", " [알렉스앤소냐] 숫자 풍선 케익 토퍼 6", "[알렉스앤소냐] 숫자 풍선 케익 토퍼 7", "[알렉스앤소냐] 숫자 풍선 케익 토퍼 8", "[알렉스앤소냐] 숫자 풍선 케익 토퍼 9", "[알렉스앤소냐] 숫자 풍선 케익 토퍼 0"], "option_price_list": ["3,900원", "3,900원", "3,900원", "3,900원", "3,900원", "3,900원", "3,900원", "3,900원", "3,900원", "3,900원"]},
{"img1": "https://img-cf.kurly.com/shop/data/goods/1582008763492y0.jpg", "name": "[하우키즈풀] 펜슬케이스 6종", "summary": "가볍고 안전한 소재의 넉넉한 필통", "price": "9,000원", "discount_rate": "10%", "unit": "1개", "amount": "", "package": "상온/종이포장", "made_in": "", "img2": "https://img-cf.kurly.com/shop/data/goodsview/20200218/gv40000081865_1.jpg", "description": "자라나는 아이들이 많은 것을 쓰고, 그리고, 만들 수 있도록 다양한 학용품을 담아줄 필통을 만나보세요. 군더더기 없이 꼭 필요한 수납공간만 남겨 연필 4자루와 지우개, 15cm자, 가위, 풀까지 넉넉하게 담을 수 있는 하우키즈풀의 펜슬케이스입니다. 알록달록한 컬러감으로 아이들의 마음을 사로잡으면서도, 집중력을 방해하는 캐릭터나 장식품이 없는 깔끔한 디자인을 갖추고 있죠. 책상에서 장난을 치다 바닥에 떨어뜨려도 큰 소음이 발생하지 않고 쉽게 오염되지 않는 소재로 만들어져 더욱 안심이랍니다. 심플한 디자인 덕분에 성인도 다용도 파우치로 활용하기 좋을 거예요.", "img3": "https://img-cf.kurly.com/shop/data/goodsview/20200218/gv40000081869_1.jpg", "option_name_list": ["[하우키즈풀] 펜슬케이스 - 블랙", "[하우키즈풀] 펜슬케이스 - 레드오렌지", "[하우키즈풀] 펜슬케이스 - 옐로우", "[하우키즈풀] 펜슬케이스 - 그린", "[하우키즈풀] 펜슬케이스 - 블루", "[하우키즈풀] 펜슬케이스 - 퍼플"], "option_price_list": ["10,000원", "10,000원", "10,000원", "10,000원", "10,000원", "10,000원"]},
{"img1": "https://img-cf.kurly.com/shop/data/goods/1582008387648y0.jpg", "name": "[하우키즈풀] 노트북 16종", "summary": "간결한 디자인과 다양한 쓰임새", "price": "3,600원", "discount_rate": "10%", "unit": "1개", "amount": "", "package": "상온/종이포장", "made_in": "", "img2": "https://img-cf.kurly.com/shop/data/goodsview/20200218/gv00000081851_1.jpg", "description": "경험할 것도 느끼는 것도 다양해지는 시기, 아이에게 자신의 생각을 차곡차곡 채워나갈 노트를 선물해보세요. 입학의 설렘을 안고 있는 아이들부터 스스로 씩씩하게 체크리스트를 점검해나가기 시작한 아이들까지 다양하게 활용하기 좋은 8종류의 노트를 각각 2가지 컬러로 준비했어요. 알록달록 선명한 색깔로 아이들의 창의성을 높여주면서도, 캐릭터 그림이나 복잡한 패턴이 없어 공부하는 아이들의 집중력에 도움이 되는 노트지요. 부모와 아이가 함께 세트로 사용하기에도 좋고, 깔끔한 디자인을 선호하는 직장인이 쓰기에도 손색없답니다.", "img3": "https://img-cf.kurly.com/shop/data/goodsview/20200218/gv10000081852_1.jpg", "option_name_list": ["[하우키즈풀] 그림일기 - 노랑", "[하우키즈풀] 그림일기 - 회색", "[하우키즈풀] 무지노트 - 주황", " [하우키즈풀] 무지노트 - 연보라", "[하우키즈풀] 줄노트 - 분홍", "[하우키즈풀]  줄노트 - 초록", "[하우키즈풀] 받아쓰기노트 - 연두", "[하우키즈풀] 받아쓰기노트 - 갈색", "[하우키즈풀] 영어노트 - 카키", "[하우키즈풀] 영어노트 - 진보라", "[하우키즈풀] 알림장 - 베이지", "[하우키즈풀] 알림장 - 자주", "[하우키즈풀] 5칸노트 - 빨강", "[하우키즈풀] 5칸노트 - 파랑", "[하우키즈풀] 10칸노트 - 황토색", "[하우키즈풀] 10칸노트 - 하늘색"], "option_price_list": ["4,000원", "4,000원", "4,000원", "4,000원", "4,000원", "4,000원", "4,000원", "4,000원", "4,000원", "4,000원", "4,000원", "4,000원", "4,000원", "4,000원", "4,000원", "4,000원"]},
{"img1": "https://img-cf.kurly.com/shop/data/goods/1581922368240y0.jpg", "name": "[하우키즈풀] 스쿨백팩 4종", "summary": "반듯한 디자인과 감각적인 컬러", "price": "72,250원", "discount_rate": "15%", "unit": "1개", "amount": "", "package": "상온/종이포장", "made_in": "", "img2": "https://img-cf.kurly.com/shop/data/goodsview/20200217/gv30000081582_1.jpg", "description": "네모 반듯한 디자인과 깔끔한 단색이 어우러진 가방을 소개할게요. 아이들은 물론 어른들의 마음까지 사로잡은 하우키즈풀이 선보이는 스쿨백팩입니다. 지퍼 라인을 따라 둥글게 떨어지는 디자인이 아니라서 책 모서리에 가방이 상하거나 종이가 구겨질 염려가 적어요. 쿠션감이 있는 어깨끈은 체구가 작은 아이도 안정적으로 멜 수 있게 5cm 정도의 너비로 설계했지요. 선명하면서도 세련미를 잃지 않은 컬러는 햇빛 아래에서 볼 때 더욱 돋보여요. 아이뿐만 아니라, 캐주얼한 데일리 백팩이나 차분한 출퇴근용 백팩을 찾는 성인에게도 적당할 거예요.", "img3": "https://img-cf.kurly.com/shop/data/goodsview/20200217/gv00000081593_1.jpg", "option_name_list": ["[하우키즈풀] 스쿨백팩 - 레드오렌지", "[하우키즈풀] 스쿨백팩 - 옐로우", "[하우키즈풀] 스쿨백팩 - 블루", "[하우키즈풀] 스쿨백팩 - 블랙"], "option_price_list": ["85,000원", "85,000원", "85,000원", "85,000원"]},
{"img1": "https://img-cf.kurly.com/shop/data/goods/1581922630491y0.jpg", "name": "[하우키즈풀] 세컨드백 4종", "summary": "가볍게 드는 보조 가방", "price": "31,500원", "discount_rate": "10%", "unit": "1개", "amount": "", "package": "상온/종이포장", "made_in": "", "img2": "https://img-cf.kurly.com/shop/data/goodsview/20200217/gv10000081602_1.jpg", "description": "백팩과 함께 사용할 때는 보조 가방으로, 단독으로 멜 때는 메인 가방으로 활용할 수 있는 세컨드백을 소개할게요. 아이들은 물론 어른들의 마음까지 사로잡은 하우키즈풀이 선보이는 제품이에요. 스쿨백팩과 꼭 닮은 네모 반듯한 디자인과 깔끔한 단색이 돋보이는 디자인이랍니다. 가방 앞쪽에는 작은 소지품을 넣을 수 있는 지퍼가 달려 있고, 입구는 똑딱이를 부착해 길쭉하게 튀어나오는 물건도 편리하게 담을 수 있지요. 관리가 편한 나일론 소재로 만들었으니 아이들 손에 건네주기에 꼭 알맞을 거예요. ", "img3": "https://img-cf.kurly.com/shop/data/goodsview/20200217/gv20000081614_1.jpg", "option_name_list": ["[하우키즈풀] 세컨드백 - 레드오렌지", "[하우키즈풀] 세컨드백 - 옐로우", "[하우키즈풀] 세컨드백 - 블루", "[하우키즈풀] 세컨드백 - 블랙"], "option_price_list": ["35,000원", "35,000원", "35,000원", "35,000원"]},
{"img1": "https://img-cf.kurly.com/shop/data/goods/1581923119359y0.jpg", "name": "[하우키즈풀] 보틀백 4종", "summary": "500mL 물병이 쏙 들어가는 크기", "price": "16,200원", "discount_rate": "10%", "unit": "1개", "amount": "", "package": "상온/종이포장", "made_in": "", "img2": "https://img-cf.kurly.com/shop/data/goodsview/20200217/gv00000081621_1.jpg", "description": "아이들에게는 500mL 물병 하나도 꽤나 무겁고 거추장스러운 짐이지요. 그래서 하우키즈풀은 아이들이 부담 없이 멜 수 있으면서도 보온·보냉이 가능하도록 보틀백을 디자인했어요. 우선 물을 마실 때의 편의성이 돋보여요. 가방을 크로스로 메고 있다가, 뚜껑을 열 정도로만 입구를 열면 병을 꺼낼 필요도 없답니다. 안에는 도톰한 은박 원단을 대서 온도 유지력와 방수력을 높였어요. 통학, 짧은 외출, 소풍을 갈 때 유용하게 써보세요. 심플한 디자인을 좋아하는 어른들이 쓰기에도 만족스러울 거랍니다. ", "img3": "https://img-cf.kurly.com/shop/data/goodsview/20200217/gv40000081634_1.jpg", "option_name_list": ["[하우키즈풀] 보틀백 - 레드오렌지", "[하우키즈풀] 보틀백 - 베이지", " [하우키즈풀] 보틀백 - 블루", "[하우키즈풀] 보틀백 - 블랙"], "option_price_list": ["18,000원", "18,000원", "18,000원", "18,000원"]},
{"img1": "https://img-cf.kurly.com/shop/data/goods/1581661307455y0.jpg", "name": "[피터젠슨] 클리어 백팩&크로스백 4종", "summary": "투명한 포켓이 포인트", "price": "68,600원", "discount_rate": "30%", "unit": "1개", "amount": "", "package": "상온/종이포장", "made_in": "", "img2": "https://img-cf.kurly.com/shop/data/goodsview/20200214/gv30000081429_1.jpg", "description": "새로운 학기의 시작을 앞둔 설렘과 함께 찾아오는 고민이 있다면, 어떤 책가방을 선택해야 하나겠죠. 컬리는 톡톡 튀는 색과 군더더기 없는 디자인, 가벼운 무게까지 만족스러운 피터젠슨의 클리어 백팩과 클리어 크로스백을 가져왔어요. 초등학교 저학년이 쓰기 알맞은 크기죠. 백팩 앞면의 넓은 포켓이 투명하여 물건이 한눈에 보이고, 비교적 단단한 편이라서 내용물을 보호해주니 간단한 간식을 넣기에도 좋아요. 크로스백은 외출할 때 아이가 좋아하는 소품을 스스로 챙겨서 넣을 수 있도록 도와주세요. 깔끔하고 실용적인 피터젠슨의 가방으로 즐거운 등굣길을 만들어 주세요.", "img3": "https://img-cf.kurly.com/shop/data/goodsview/20200214/gv00000081439_1.jpg", "option_name_list": ["[피터젠슨] 클리어 포켓 백팩 네이비", "[피터젠슨] 클리어 포켓 백팩 바이올렛", "[피터젠슨] 클리어 포켓 크로스백 네이비", "[피터젠슨] 클리어 포켓 크로스백 바이올렛"], "option_price_list": ["98,000원", "98,000원", "29,000원", "29,000원"]},
{"img1": "https://img-cf.kurly.com/shop/data/goods/1581657762352y0.jpg", "name": "[피터젠슨] 데이 백팩&서브백 4종", "summary": "새 가방과 준비하는 등굣길", "price": "62,300원", "discount_rate": "30%", "unit": "1개", "amount": "", "package": "상온/종이포장", "made_in": "", "img2": "https://img-cf.kurly.com/shop/data/goodsview/20200214/gv20000081354_1.jpg", "description": "새 학기를 맞는 아이들의 특권 중 하나라면, 새로운 가방 준비가 아닐까요. 컬리는 세련된 색과 군더더기 없는 디자인, 가벼운 무게까지 만족스러운 피터젠슨의 데이 백팩과 데이 서브백을 소개할게요. 초등학교 저학년이 쓰기 알맞은 크기에요. 백팩은 오랜 시간 메고 다녀도 불편하지 않도록 U자형으로 설계된 어깨끈을 사용했어요. 자주 사용하는 가방 앞쪽 주머니는 폭이 넓어서 소품이나 마스크 등을 넣기 편리하죠. 스트랩으로 길이를 조절할 수 있는 서브백은 방과 후 수업이나 학원 갈 때 활용도가 높아요. 깔끔한 피터젠슨의 가방이 학교 가는 길에 설렘을 더해줄 거예요. ", "img3": "https://img-cf.kurly.com/shop/data/goodsview/20200214/gv10000081457_1.jpg", "option_name_list": ["[피터젠슨] 데이 백팩 베이지", "[피터젠슨] 데이 백팩 바이올렛", "[피터젠슨] 데이 서브백 베이지", "[피터젠슨] 데이 서브백 바이올렛"], "option_price_list": ["89,000원", "89,000원", "29,000원", "29,000원"]},
{"img1": "https://img-cf.kurly.com/shop/data/goods/1581669026247y0.jpg", "name": "[피터젠슨] 목걸이 지갑 5종", "summary": "지폐 분실 걱정 덜어주는", "price": "20,000원", "discount_rate": "20%", "unit": "1개", "amount": "", "package": "상온/종이포장", "made_in": "", "img2": "https://img-cf.kurly.com/shop/data/goodsview/20200214/gv30000081482_1.jpg", "description": "아이 스스로 용돈을 관리해보도록 시킬 때, 자신만의 지갑을 함께 선물하면 더 좋겠죠. 컬리는 톡톡 튀는 컬러와 알록달록한 패턴이 돋보이는 피터젠슨의 목걸이 지갑을 준비했어요. 아이들이 사용하기 편리하고 유용하답니다. 폴리에스터 소재 패브릭이라 가볍고, 넉넉한 수납을 자랑하죠. 특히 지폐 수납공간에는 별도로 지퍼를 달아서 혹시나 지폐가 빠져나오지 않도록 세심하게 디자인했어요. 길이를 조절할 수 있는 넓고 부드러운 스트랩도 달려 있죠. 5가지 지갑을 준비했으니 아이가 좋아할 만한 색과 모양으로 선택해 보세요.", "img3": "https://img-cf.kurly.com/shop/data/goodsview/20200214/gv30000081494_1.jpg", "option_name_list": ["[피터젠슨] 하트패턴 목걸이 지갑 코랄", " [피터젠슨] 하트패턴 목걸이 지갑 바이올렛", "[피터젠슨] 하트패턴 목걸이 지갑 민트", "[피터젠슨] 축구패턴 목걸이 지갑", "[피터젠슨] 카모패턴 목걸이 지갑"], "option_price_list": ["25,000원", "25,000원", "25,000원", "25,000원", "25,000원"]},
{"img1": "https://img-cf.kurly.com/shop/data/goods/15816668097y0.jpg", "name": "[피터젠슨] 필통 세트 6종", "summary": "올록볼록 알록달록한", "price": "28,000원", "discount_rate": "30%", "unit": "1개", "amount": "", "package": "상온/종이포장", "made_in": "", "img2": "https://img-cf.kurly.com/shop/data/goodsview/20200214/gv20000081458_1.jpg", "description": "새 학기를 맞은 아이들에게 안겨줄 센스 있는 선물을 고민하신다면 주목해 주세요. 컬리는 피터젠슨의 시그니처 아이템인 필통 세트를 준비했어요. 밝고 세련된 색감과 귀여운 일러스트가 그려진 큼지막한 필통 안에 연필과 색연필, 지우개, 가위, 자가 들어 있어요. 필통세트 하나면 기본적인 준비물은 거의 다 챙긴 것이나 다름없죠. 하드케이스라서 안에 넣은 학용품을 보호하면서도 플라스틱 필통에 비하면 바닥에 떨어뜨려도 소리가 크지 않아요. 6가지 필통세트를 준비했으니 아이가 좋아할 만한 색과 모양으로 선택해 보세요.", "img3": "https://img-cf.kurly.com/shop/data/goodsview/20200214/gv10000081473_1.jpg", "option_name_list": ["[피터젠슨] 하트피터 필통 세트 핑크", "[피터젠슨] 하트피터 필통 세트 바이올렛", "[피터젠슨] 플라워 필통 세트 코랄", "[피터젠슨] 플라워 필통 세트 옐로우", "[피터젠슨] 축구공 필통 세트", " [피터젠슨] 바이크 필통 세트"], "option_price_list": ["40,000원", "40,000원", "40,000원", "40,000원", "40,000원", "40,000원"]},
{"img1": "https://img-cf.kurly.com/shop/data/goods/1579776713202y0.jpg", "name": "[클랩클랩] 생일축하 카드 14종", "summary": "선물보다 오래 기억될 마음을 담아 (낱장판매)", "price": "6,300원", "discount_rate": "10%", "unit": "1개", "amount": "10.8*14cm", "package": "상온/종이포장", "made_in": "미국산", "img2": "https://img-cf.kurly.com/shop/data/goodsview/20200123/gv10000079262_1.jpg", "description": null, "img3": "https://img-cf.kurly.com/shop/data/goodsview/20200123/gv20000079267_1.jpg", "option_name_list": ["[클랩클랩] 생일축하 보태니컬크림", "[클랩클랩] 생일축하 양귀비크림", "[클랩클랩] 생일축하 가든딥블루", "[클랩클랩] 생일축하 가든아이보리", "[클랩클랩] 생일축하 목련블랙", "[클랩클랩] 생일축하 목련핑크", "[클랩클랩] 생일축하 플라워딥블루", "[클랩클랩] 생일축하 플라워아이보리", "[클랩클랩] 생일축하 애니멀딥블루", "[클랩클랩] 생일축하 애니멀크림", "[클랩클랩] 생일축하 블랙", "[클랩클랩] 생일축하 연핑크", "[클랩클랩] 생일축하 캘리그라피", "[클랩클랩] 생일축하 오리"], "option_price_list": ["7,000원", "7,000원", "7,000원", "7,000원", "7,000원", "7,000원", "7,000원", "7,000원", "7,000원", "7,000원", "7,000원", "7,000원", "7,000원", "7,000원"]},
{"img1": "https://img-cf.kurly.com/shop/data/goods/1579761062619y0.jpg", "name": "[클랩클랩] 감사 카드 10종", "summary": "소중하게 띄워 보내는 마음 (낱장판매)", "price": "6,300원", "discount_rate": "10%", "unit": "1개", "amount": "10.8*14cm", "package": "상온/종이포장", "made_in": "미국", "img2": "https://img-cf.kurly.com/shop/data/goodsview/20200123/gv30000079187_1.jpg", "description": null, "img3": "https://img-cf.kurly.com/shop/data/goodsview/20200123/gv10000079242_1.jpg", "option_name_list": [], "option_price_list": []},
{"img1": "https://img-cf.kurly.com/shop/data/goods/1579768407822y0.jpg", "name": "[클랩클랩] 발렌타인데이 카드 7종", "summary": "센스 있는 카드로 전하는 달콤함 (낱장판매)", "price": "7,000원", "discount_rate": 0, "unit": "1개", "amount": "10.8*14cm", "package": "상온/종이포장", "made_in": "", "img2": "https://img-cf.kurly.com/shop/data/goodsview/20200123/gv40000079222_1.jpg", "description": null, "img3": "https://img-cf.kurly.com/shop/data/goodsview/20200217/gv20000081510_1.jpg", "option_name_list": ["[클랩클랩] 발렌타인 하트레드", "[클랩클랩] 발렌타인 하트핑크", "[클랩클랩] 발렌타인 블랙", "[클랩클랩] 발렌타인 아이보리", "[클랩클랩] 발렌타인 핑크", "[클랩클랩] 발렌타인 디저트", "[클랩클랩] 발렌타인 토끼"], "option_price_list": ["7,000원", "7,000원", "7,000원", "7,000원", "7,000원", "7,000원", "7,000원"]},
{"img1": "https://img-cf.kurly.com/shop/data/goods/157474274343y0.jpg", "name": "[클랩클랩] 기프트 랩 3종", "summary": "선물의 첫인상을 결정짓는(낱장 판매)", "price": "6,300원", "discount_rate": "10%", "unit": "1장", "amount": "68*48cm", "package": "상온/종이포장", "made_in": "미국", "img2": "https://img-cf.kurly.com/shop/data/goodsview/20191126/gv20000069676_1.jpg", "description": null, "img3": "https://img-cf.kurly.com/shop/data/goodsview/20191126/gv40000069766_1.jpg", "option_name_list": [" [클랩클랩] 기프트 랩 베이지&애니멀", "[클랩클랩] 기프트 랩 크림&가든", "[클랩클랩] 기프트 랩 블랙&보태니컬"], "option_price_list": ["7,000원", "7,000원", "7,000원"]}