{"img1": "https://img-cf.kurly.com/shop/data/goods/1585116444734y0.jpg", "name": "[에코두] 욕실 세정제", "summary": "간편하게 끝내는 욕실 청소", "price": "9,350원", "discount_rate": "15%", "unit": "1개", "amount": "500mL", "package": "상온/종이포장", "made_in": "", "img2": "https://img-cf.kurly.com/shop/data/goodsview/20200325/gv10000087159_1.jpg", "description": "욕실 청소는 고된 만큼 그때그때 하는 것이 좋아요. 조금이라도 무심했다가는 타일 사이사이에 쿰쿰한 물 때가 나타나기 때문이죠. 에코두의 욕실 세정제는 스프레이형으로 간편하게 뿌리고 닦아내는 제품이에요. 샤워하는 중간에 간편하게 칙칙 뿌려주고, 욕실에서 나가기 전에 간편하게 닦아내기만 하면 말끔해져요. 욕실 청소에 긴 시간을 투자할 필요가 없어 편리하지요. 프랑스의 유기농 전문기관 에코서트의 인증을 받은 제품으로 성분까지 안심하고 사용해 보세요. ", "img3": "https://img-cf.kurly.com/shop/data/goodsview/20200325/gv40000087163_1.jpg", "option_name_list": [], "option_price_list": []},
{"img1": "https://img-cf.kurly.com/shop/data/goods/1585116755583y0.jpg", "name": "[에코두] 주방세제 4종", "summary": "사람과 환경을 모두 생각한 주방세제", "price": "7,565원", "discount_rate": "15%", "unit": "1개", "amount": "500mL", "package": "상온/종이포장", "made_in": "", "img2": "https://img-cf.kurly.com/shop/data/goodsview/20200325/gv10000087168_1.jpg", "description": "주방세제는 피부와 식기에 직접 닿는 만큼 아무거나 쓸 수 없지요. 컬리는 제품 생산부터 폐기까지 환경을 고려하는 프랑스 홈케어 브랜드 에코두의 주방세제 4종을 준비했어요. 유기농 성분을 10% 이상 함유하여 에코서트 인증 중 BIO 등급으로 인정받은 제품이에요. 식물성 원료와 알로에베라잎 즙을 함유해 맨손으로 사용해도 손이 건조하지 않답니다. 향에 민감한 유아를 위한 무향 제품을 포함해 4가지 종류로 준비했으니 기호에 따라 골라보세요. ", "img3": "https://img-cf.kurly.com/shop/data/goodsview/20200325/gv30000087170_1.jpg", "option_name_list": ["[에코두] 유아 젖병세정제 무향 500mL", "[에코두] 주방 세제 지트론 500mL", "[에코두] 주방 세제 버베나 500mL", "[에코두] 주방 세제 페퍼민트 500mL"], "option_price_list": ["9,100원", "8,900원", "8,900원", "8,900원"]},
{"img1": "https://img-cf.kurly.com/shop/data/goods/1585116317456y0.jpg", "name": "[에코두] 과일세척제", "summary": "과일 농약 제거에 탁월한", "price": "10,625원", "discount_rate": "15%", "unit": "1개", "amount": "750mL", "package": "상온/종이포장", "made_in": "", "img2": "https://img-cf.kurly.com/shop/data/goodsview/20200325/gv10000087151_1.jpg", "description": "식자재의 잔류 농약이나 공정 과정에서의 이물질. 몸 안으로 직접 들어갈 거라 생각하면 찝찝함을 감출 수 없는데요. 에코두의 과일세척제라면 물만으로 씻어내기 힘든 이물질을 말끔하게 제거할 수 있답니다. 과일이나 야채에 직접 닿는 만큼 유해성분은 사용하지 않았어요. 프랑스의 유기농 전문기관인 에코서트의 인증 중 BIO 등급을 받은 제품이니 더욱 안심이죠. 식자재뿐만 아니라 각종 생활용품까지 세척할 수 있으니 집에 구비해두고 다양하게 활용해 보세요. ", "img3": "https://img-cf.kurly.com/shop/data/goodsview/20200325/gv00000087153_1.jpg", "option_name_list": [], "option_price_list": []},
{"img1": "https://img-cf.kurly.com/shop/data/goods/1583198288389y0.jpg", "name": "[디노보] 굿베딩 침구스프레이 500ml", "summary": "더 나은 잠을 위한 향긋함", "price": "14,630원", "discount_rate": "5%", "unit": "1개", "amount": "", "package": "상온/종이포장", "made_in": "", "img2": "https://img-cf.kurly.com/shop/data/goodsview/20200303/gv40000083653_1.jpg", "description": "잠을 어떻게 잤느냐에 따라 하루의 컨디션이 결정된다고 해도 과언이 아니에요. 상쾌하고 청결한 침구 상태를 유지하는 것만으로도 깊고 편안한 잠을 누릴 수 있는데요. 디노보는 쾌적한 수면 환경을 위한 굿베딩 침구스프레이를 선보입니다. 식물성 에탄올과 편백 성분으로 향균과 탈취력은 높이면서도, 화학 성분을 최대한 배제해 완성했어요. 긴장을 풀어주는 캐모마일, 로즈마리, 라벤더 추출물을 배합해 그윽한 향을 담아냈고요. 잠자리에 들기 전, 베게와 이불 등에 가볍게 뿌려만 주세요. 향균과 탈취를 통한 쾌적함은 물론, 지친 몸과 마음까지 다독일 수 있을 거예요.  ", "img3": "https://img-cf.kurly.com/shop/data/goodsview/20200303/gv40000083700_1.jpg", "option_name_list": [], "option_price_list": []},
{"img1": "https://img-cf.kurly.com/shop/data/goods/1574670802592y0.jpg", "name": "[콜러] 비누 디스펜서", "summary": "간편하게 손을 씻을 수 있는", "price": "19,900원", "discount_rate": 0, "unit": "1개", "amount": "", "package": "상온/종이포장", "made_in": "", "img2": "https://img-cf.kurly.com/shop/data/goodsview/20191125/gv40000069533_1.jpg", "description": "손에 무언가가 잔뜩 묻어서 물로 씻어야 할 때, 비누를 집어 들어 거품을 내는 일도 번거로울 수 있죠. 컬리는 기능에 충실하면서 간결한 디자인으로 사랑을 받는 콜러의 비누 디스펜서를 소개할게요. 주방이나 욕실 어디에 놓고 써도 좋은 깔끔한 모양새에요. 바닥에는 미끄럼 방지 실리콘 처리가 되어있어 사용할 때 힘을 잘못 주더라도 쉽게 흔들리지 않죠. 비누를 담는 통은 입구가 넓어 내용물을 담을 때에도 흘릴 염려가 없어요. 액체 비누나 거품 비누는 물론, 액체로 된 세정제나 로션까지 넣고 사용해 보세요.", "img3": "https://img-cf.kurly.com/shop/data/goodsview/20191125/gv20000069576_1.jpg", "option_name_list": [], "option_price_list": []},
{"img1": "https://img-cf.kurly.com/shop/data/goods/1574320799429y0.jpg", "name": "[블랑101] 세탁세제,유연제 5종", "summary": "옷감 보호까지 생각한 말끔함", "price": "16,150원", "discount_rate": "5%", "unit": "1개", "amount": "", "package": "상온/종이포장", "made_in": "", "img2": "https://img-cf.kurly.com/shop/data/goodsview/20191121/gv20000069068_1.jpg", "description": "어른은 물론 아이 옷까지 안심하고 깨끗하게 빨 수 있는 블랑101의 세탁세제와 유연제를 소개할게요. 세제에 들어 있는 3가지 효소는 옷에서 오염된 부분을 말끔하게 세탁해줌은 물론 옷감도 보호해 줘요. 세탁세제는 미세먼지를 제거하는 효과와 더불어 안전기준 적합성을 확인받았으니 마음 놓으셔도 좋아요. 섬유유연제에 함유된 로즈힙 열매 오일은 옷감의 손상을 막아주죠. 오염이 눈에 띄는 옷에는 시그니처와 블러쉬 세제와 유연제로 깨끗함에 포근한 향까지 더해보세요. 더 민감한 아이들에게도 안심하고 사용할 수 있는 무향 세제도 함께 준비하였으니 필요에 따라 골라보세요. ", "img3": "https://img-cf.kurly.com/shop/data/goodsview/20191121/gv30000069086_1.jpg", "option_name_list": [" [블랑101] 세탁세제 시그니처 1L", "[블랑101] 세탁세제 무향 1L", "[블랑101] 세탁세제 블러쉬 1L", "[블랑101] 섬유유연제 시그니처 1L", "[블랑101] 섬유유연제 블러쉬 1L", "[블랑101] BL 펌프"], "option_price_list": ["20,850원", "20,850원", "22,400원", "17,000원", "18,600원", "450원"]},
{"img1": "https://img-cf.kurly.com/shop/data/goods/1574217896265y0.jpg", "name": "[소다산] 액상 세탁 세제 2종", "summary": "깔끔하고 순한 고농축 세탁세제", "price": "15,210원", "discount_rate": "10%", "unit": "1개", "amount": "1.5L", "package": "상온/종이포장", "made_in": "", "img2": "https://img-cf.kurly.com/shop/data/goodsview/20191120/gv10000068844_1.jpg", "description": "매일 입는 옷을 세탁할 때, 성분에 대한 걱정은 덜고 쓸 수 있는 소다산의 세탁 세제를 소개할게요. 독일 유기농 매장에서 많은 사랑을 받고 있는 브랜드 소다산은 사탕수수에서 유래한 식물성 계면활성제를 베이스로 세제를 만들어요. 자연 유래 원료에도 무척 깐깐한 잣대로 검증하는 Natural Care Product의 인증을 받아 더욱더 안심이지요. 에센셜 오일로 상큼한 시트러스 향을 더한 라임과, 향을 배제하여 자극을 최소화한 센서티브로 준비하였으니 필요에 따라 사용하세요. 고농축 제품이므로 과잉 사용보다는 뚜껑을 이용해 정량을 계량해서 쓰기를 권해드릴게요.", "img3": "https://img-cf.kurly.com/shop/data/goodsview/20191120/gv20000068851_1.jpg", "option_name_list": ["[소다산] 액상 세탁 세제 라임 1.5L", "[소다산] 액상 세탁 세제 센서티브 1.5L"], "option_price_list": ["16,900원", "16,900원"]},
{"img1": "https://img-cf.kurly.com/shop/data/goods/1574217408206y0.jpg", "name": "[소다산]  다목적 세정제", "summary": "단순한 성분에 깔끔한 세척력", "price": "10,530원", "discount_rate": "10%", "unit": "1개", "amount": "500mL", "package": "상온/종이포장", "made_in": "", "img2": "https://img-cf.kurly.com/shop/data/goodsview/20191120/gv00000068837_1.jpg", "description": "세정제를 용도에 맞추어 일일이 준비하기란 번거로운 일이지요. 성분도 따져봐야 하고, 늘어나는 살림에 어디에 두어야 하나 잠시 고민까지 하게 됩니다. 컬리는 단순한 성분은 물론 세척력까지 좋은 소다산의 다목적 세정제를 소개할게요. 사탕수수와 코코넛 오일에서 유래한 식물성 계면활성제를 베이스로 식물성 알코올과 구연산, 상큼한 향을 더하는 오렌지 오일만 사용해서 만든 제품이에요. 독일 유기농 매장에서 많은 사랑을 받는 소다산은 자연 유래 원료도 깐깐한 잣대로 검증하는 Natural Care Product의 인증까지 받았죠. 물로 세척하는 곳이라면 어디에나 사용 가능하니 소량씩 물에 희석하여 사용해 보세요. ", "img3": "https://img-cf.kurly.com/shop/data/goodsview/20191120/gv10000068840_1.jpg", "option_name_list": [], "option_price_list": []},
{"img1": "https://img-cf.kurly.com/shop/data/goods/1574066402490y0.jpg", "name": "[블랑101] 토이클리너 350mL", "summary": "물세척 어려운 아이 용품 관리", "price": "12,680원", "discount_rate": 0, "unit": "1개", "amount": "", "package": "상온/종이포장", "made_in": "", "img2": "https://img-cf.kurly.com/shop/data/goodsview/20191118/gv00000068482_1.jpg", "description": "아이들이 사용하는 물건이라면 항상 긴장의 끈을 놓을 수 없기에, 가능한 자주 꼼꼼하게 세척하기 마련이에요. 하지만 수많은 아이용품 모두를 일일이 세척하기란 쉬운 일이 아니죠. 개중에는 물세척이 어려운 장난감 등도 포함되니까요. 블랑101은 스프레이 타입으로 뿌려서 사용하는 살균제, 토이클리너를 선보입니다. '살균제'라는 이름에 자연스레 성분이 눈길이 갈 텐데요. 쌀, 보리, 옥수수 등 곡물을 발효시켜 얻은 주정(에탄올)과 정제수를 주성분으로 안전기준 적합성을 확인받은 상품이에요. 이외에 불필요한 성분은 쏙 뺐습니다. '어린이용품 전용 제품'으로 안전성을 확인받았으니, 더욱 마음 놓으셔도 좋아요.", "img3": "https://img-cf.kurly.com/shop/data/goodsview/20191118/gv30000068489_1.jpg", "option_name_list": [], "option_price_list": []},
{"img1": "https://img-cf.kurly.com/shop/data/goods/1574065202489y0.jpg", "name": "[블랑101] 주방세제 레몬 버베나향 720mL", "summary": "기본에 충실한 안심 세제", "price": "12,000원", "discount_rate": 0, "unit": "1개", "amount": "", "package": "상온/종이포장", "made_in": "", "img2": "https://img-cf.kurly.com/shop/data/goodsview/20191118/gv30000068464_1.jpg", "description": "주방용품은 우리의 입과 직접 맞닿게 되는 경우가 많아요. 겉보기에 깨끗하다고 해서 '안심이 된다'는 말을 섣불리 붙일 수 없는 이유기도 하지요. 컬리는 온 가족이 마음 놓고 사용할 수 있는 블랑101 주방세제를 준비했습니다. 설거지뿐만 아니라 과일이나 채소 세척에 사용할 수 있을 정도로 잔여물 걱정 없는 1종 세척제예요. 에코서트 인증을 받은 식물 유래 세정 성분을 사용함과 동시에, 불필요한 성분은 최대한 배제했어요. 성분 하나하나 깐깐하게 살펴보는 주부들 사이에선 이미 소문난 상품이기도 하답니다. 세정력과 향, 게다가 착한 성분까지 고루 갖춘 블랑101 주방세제를 만나보세요.", "img3": "https://img-cf.kurly.com/shop/data/goodsview/20191118/gv30000068481_1.jpg", "option_name_list": [], "option_price_list": []},
{"img1": "https://img-cf.kurly.com/shop/data/goods/1574063463671y0.jpg", "name": "[답이답이다] 순수한 미네랄 세탁수 제로 2종", "summary": "오직 순수한 성분으로만! 안심하고 사용하는 세탁수", "price": "18,900원", "discount_rate": 0, "unit": "1통", "amount": "2.5L", "package": "상온/종이포장", "made_in": "", "img2": "https://img-cf.kurly.com/shop/data/goodsview/20191118/gv40000068447_1.jpg", "description": "몸에 직접 닿는 옷을 세탁하다보면 세제의 성분이 궁금해질 때가 있어요. 자극적이지 않은 안전한 성분들로 깨끗하게 세탁을 하고 싶다면 답이답이다의 미네랄 세탁수를 만나보세요. 유해성분이나 형광증백제 등의 화학 물질은 물론, 식물성 계면활성제조차 배제한 무계면 세탁수랍니다. 물 입자의 절반 크기의 이온수 입자가 옷감 사이의 오염물질을 똑똑 떼어내기에, 거품이나 잔여물 없이도 깔끔한 세탁이 가능하지요. 각종 안전성 테스트는 물론, 탈취력과 살균력까지 인정 받은 제품이니 더욱 눈길이 가실 거예요. 용기 뚜껑에 바로 계량할 수 있어 더욱 편리한 세탁수로 각종 섬유 세탁에 요긴하게 활용해 보세요. ", "img3": "https://img-cf.kurly.com/shop/data/goodsview/20191118/gv00000068457_1.jpg", "option_name_list": ["[답이답이다] 미네랄 세탁수 무향", "[답이답이다] 미네랄 세탁수 천연레몬향"], "option_price_list": ["18,900원", "19,900원"]},
{"img1": "https://img-cf.kurly.com/shop/data/goods/1519376818761y0.jpg", "name": "[레인보우샵] 베이킹소다 4종", "summary": "심플하면서도 야무진 세척 비책", "price": "1,400원", "discount_rate": 0, "unit": "1 개", "amount": "1kg 또는 3kg", "package": "기타", "made_in": "", "img2": "https://img-cf.kurly.com/shop/data/goodsview/20191104/gv40000066903_1.jpg", "description": "세제의 종류가 많아지고 진화할수록 아이러니하게도 우리는 더 불편해지는 것만 같아요. 다양한 세제를 갖추는 동시에 성분이 나쁜지 착한지 체크까지 해야 하니까요. 컬리는 불필요한 세제 정리를 도와줄 구원투수, 레인보우샵의 제품을 준비했어요. 미니멀한 세제 쓰기를 위해, 가장 먼저 베이킹소다와 친해지면 좋을 거예요. 식품첨가물의 원료로 사용될 정도로 안전한 베이킹소다는 식품 세척은 물론, 빼어난 청소 능력을 갖고 있어요. 입자가 곱고 미세한 베이킹소다로 집 구석구석 그리고 물건에 묵은 때를 말끔하게 뻬 보세요. ", "img3": "https://img-cf.kurly.com/shop/data/goodsview/20191104/gv00000066911_1.jpg", "option_name_list": ["[레인보우샵] 베이킹소다 베이직 1kg 파우치", "[레인보우샵] 베이킹소다 베이직 대용량 3kg", " [레인보우샵] 베이킹소다 프리미엄 1kg 파우치", " [레인보우샵] 베이킹소다 프리미엄 유로 1kg 파우치", "[레인보우샵] 톡톡이 용기", " [레인보우샵] 뚱뚱이 용기 스푼 포함"], "option_price_list": ["1,400원", "3,900원", "2,400원", "2,900원", "1,500원", "1,500원"]},
{"img1": "https://img-cf.kurly.com/shop/data/goods/1519269972541y0.jpg", "name": "[레인보우샵] 과탄산소다 4종", "summary": "순하지만 강한 친환경 표백제", "price": "2,400원", "discount_rate": 0, "unit": "1봉지", "amount": "1kg 또는 3kg", "package": "상온/종이포장", "made_in": "", "img2": "https://img-cf.kurly.com/shop/data/goodsview/20191104/gv00000066914_1.jpg", "description": "세제의 종류가 많아지고 진화할수록 아이러니하게도 우리는 더 불편해지는 것만 같아요. 다양한 세제를 갖추는 동시에 성분이 나쁜지 착한지 체크까지 해야 하니까요. 컬리는 불필요한 세제 정리를 도와줄 구원투수, 레인보우샵의 제품을 준비했어요. 특히나 세탁 세제에 민감한 분들이라면 과탄산소다를 만나보세요. 산소계 표백제로 불리는 과탄산소다는, 물과 만나 산소를 발생시키며 뛰어난 표백 효과를 자랑해요. 옷에 묻은 얼룩이나 누렇게 변한 흰옷을 원상복귀 시키고 싶을 때 꺼내 알맞게 사용해 보세요.", "img3": "https://img-cf.kurly.com/shop/data/goodsview/20191104/gv30000066923_1.jpg", "option_name_list": ["[레인보우샵] 과탄산소다 베이직 1kg 파우치", "[레인보우샵] 과탄산소다 베이직 대용량 3kg", "[레인보우샵] 과탄산소다 프리미엄 1kg 파우치", "[레인보우샵] 과탄산소다 프리미엄 유로 1kg 파우치", "[레인보우샵] 톡톡이 용기", " [레인보우샵] 뚱뚱이 용기 스푼 포함"], "option_price_list": ["2,400원", "6,900원", "2,900원", "3,900원", "1,500원", "1,500원"]},
{"img1": "https://img-cf.kurly.com/shop/data/goods/1572514990241y0.jpg", "name": "[레인보우샵] 베이킹소다 솝 주방비누 120g", "summary": "설거지에 탁월한 순한 비누", "price": "2,000원", "discount_rate": 0, "unit": "1팩", "amount": "120g", "package": "상온/종이포장", "made_in": "", "img2": "https://img-cf.kurly.com/shop/data/goodsview/20191031/gv40000066596_1.jpg", "description": "주방 세제를 고를 때면 신경이 더욱 곤두서기 마련이에요. 손에 직접 닿게 될 수도 있고, 입안을 오가는 식기나 수저를 설거지할 때 빈번히 사용되니까요. 컬리는 수세미에 쓱쓱 문질러 거품 내 사용하는 고체 비누, 레인보우샵의 베이킹소다 솝을 준비했습니다. 이름 그대로 베이킹소다를 베이스로 보존제, 색소, 향료를 전혀 넣지 않고 만든 상품이에요. 글리세린 성분이 보습효과를 주고, 성분 또한 순하기 때문에 맨손 설거지에도 안심하고 사용할 수 있지요. 작아진 비누를 새 비누에 결합해주면 1g도 남김없이 알뜰하게 사용 가능하니, 경제적인 측면까지 고려하는 분들에게 추천해요.", "img3": "https://img-cf.kurly.com/shop/data/goodsview/20191031/gv40000066603_1.jpg", "option_name_list": [], "option_price_list": []},
{"img1": "https://img-cf.kurly.com/shop/data/goods/1572490041944y0.jpg", "name": "[생활공작소] 주방세제 4종", "summary": "과일부터 그릇까지 씻어내는", "price": "3,900원", "discount_rate": 0, "unit": "1통", "amount": "500mL", "package": "상온/종이포장", "made_in": "", "img2": "https://img-cf.kurly.com/shop/data/goodsview/20191031/gv40000066506_1.jpg", "description": "음식과 식기에 직접 닿는 만큼, 꼼꼼하게 골라야 하는 주방 필수품이 있어요. 하루에도 여러 번 마주치게 되는 주방세제입니다. 컬리는 식기는 물론, 채소나 과일까지 씻어낼 수 있는 생활공작소의 주방세제를 준비했어요. 세정력은 물론, 천연 유래 성분과 피부 보호 성분을 함유해 사용 후에도 피부 당김이 적은 제품이에요. 싱크대 위에 놓기 알맞은 반듯한 모양새에, 부담스럽지 않은 향까지 갖추어 사용하기에도 편리합니다. 마음에 드는 향으로 담아 가면, 주방에서의 시간이 더욱 만족스러워질 거예요. ", "img3": "https://img-cf.kurly.com/shop/data/goodsview/20191031/gv30000066517_1.jpg", "option_name_list": ["[생활공작소] 주방세제 자몽향 500ml", " [생활공작소] 주방세제 바질향 500ml", "[생활공작소] 주방세제 석류향 500ml", "[생활공작소] 주방세제 쌀뜨물향 500ml"], "option_price_list": ["3,900원", "3,900원", "3,900원", "3,900원"]},
{"img1": "https://img-cf.kurly.com/shop/data/goods/1572490855934y0.jpg", "name": "[생활공작소] 울 세제", "summary": "의류의 자극을 최소화해줄", "price": "8,900원", "discount_rate": 0, "unit": "1병", "amount": "1.5L", "package": "상온/종이포장", "made_in": "", "img2": "https://img-cf.kurly.com/shop/data/goodsview/20191031/gv40000066518_1.jpg", "description": "울이나 실크, 겨울옷, 고급 의류 등의 옷감을 무턱대고 세탁했다가는 손상이나 변형이 생길 우려가 있죠. 번번히 세탁소에 맡겨야 하는 일도 무척 번거롭고요. 그럴 때 생활공작소의 울 세제로 가정에서 마음 놓고 세탁해보세요. 높은 생분해성 성분이 담겨 있어 세탁을 빠르게 끝내줄 뿐 아니라 의류의 자극을 최소화해줄 제품이에요. 벤젠, 비소, 전인산염 등의 유해성분도 검출되지 않았으니 안심하고 사용해도 좋아요. 세탁이 끝나고 옷을 입었을 때 은은하게 퍼지는 라벤더 향도 부담스럽지 않을 거예요. ", "img3": "https://img-cf.kurly.com/shop/data/goodsview/20191101/gv40000066761_1.jpg", "option_name_list": [], "option_price_list": []}