{"img1": "https://img-cf.kurly.com/shop/data/goods/1585554811962y0.jpg", "name": "[뮤스템] 퍼펙트 클렌저 480g", "summary": "당김 없이 촉촉한 약산성 클렌징", "price": "32,895원", "discount_rate": "15%", "unit": "1개", "amount": "", "package": "상온/종이포장", "made_in": "", "img2": "https://img-cf.kurly.com/shop/data/goodsview/20200330/gv00000088019_1.jpg", "description": "연약한 피부에도 자극 없이 부드러운 클렌징을 선사할 뮤스템의 퍼펙트 클렌저를 소개할게요. 민감한 피부에도 사용할 수 있는 약산성 클렌저로, 미끌거리는 느낌 없이 산뜻하고 개운하게 피지와 노폐물을 제거해준답니다. 쇠비름 추출물, 브로콜리 추출물 등의 천연 성분으로 세안 후에도 당김 없이 촉촉함을 선사하죠. 얼굴 세안제뿐만 아니라 바디 클렌저, 여성 청결제 등 다양한 용도로 활용해 보세요.  ", "img3": "https://img-cf.kurly.com/shop/data/goodsview/20200330/gv00000088026_1.jpg", "option_name_list": [], "option_price_list": []},
{"img1": "https://img-cf.kurly.com/shop/data/goods/1585554422926y0.jpg", "name": "[뮤스템] 수딩 & 리페어 로션 200g", "summary": "편안하게 흡수되는 순한 로션", "price": "31,365원", "discount_rate": "15%", "unit": "1개", "amount": "", "package": "상온/종이포장", "made_in": "", "img2": "https://img-cf.kurly.com/shop/data/goodsview/20200330/gv00000087999_1.jpg", "description": null, "img3": "https://img-cf.kurly.com/shop/data/goodsview/20200330/gv30000088017_1.jpg", "option_name_list": [], "option_price_list": []},
{"img1": "https://img-cf.kurly.com/shop/data/goods/1585303779412y0.jpg", "name": "[닥터올가] 100 선크림 SPF50+ PA+++ 50ml", "summary": "눈시림이 없는 순둥자차", "price": "25,600원", "discount_rate": "20%", "unit": "1개", "amount": "", "package": "상온/종이포장", "made_in": "", "img2": "https://img-cf.kurly.com/shop/data/goodsview/20200327/gv40000087726_1.jpg", "description": null, "img3": "https://img-cf.kurly.com/shop/data/goodsview/20200327/gv00000087734_1.jpg", "option_name_list": [], "option_price_list": []},
{"img1": "https://img-cf.kurly.com/shop/data/goods/1585286155828y0.jpg", "name": "[닥터올가] 프리미엄 썬 프로텍션 크림 SPF50+ PA+++ 60ml", "summary": "3중 기능성 워터프루프 선크림", "price": "30,400원", "discount_rate": "20%", "unit": "1개", "amount": "", "package": "상온/종이포장", "made_in": "", "img2": "https://img-cf.kurly.com/shop/data/goodsview/20200327/gv20000087638_1.jpg", "description": null, "img3": "https://img-cf.kurly.com/shop/data/goodsview/20200327/gv20000087646_1.jpg", "option_name_list": [], "option_price_list": []},
{"img1": "https://img-cf.kurly.com/shop/data/goods/1585122971331y0.jpg", "name": "[아크로패스] 수딩큐 6매", "summary": "자극받은 피부의 진정을 돕는 패치", "price": "7,920원", "discount_rate": "10%", "unit": "1개", "amount": "", "package": "상온/종이포장", "made_in": "", "img2": "https://img-cf.kurly.com/shop/data/goodsview/20200325/gv20000087213_1.jpg", "description": "야외 활동으로 인해 자극받은 피부는 긁어서 덧나기 쉬워요. 그럴 땐 아크로패스의 수딩큐가 자극된 피부 부위의 진정을 도울 수 있어요. 수딩큐는 하이드로콜로이드 습윤밴드로 피부를 긁지 않도록 보호해요. 피부에 닿으면 녹아드는 머리카락의 1/3 굵기의 미세 바늘이 직접 유효 성분을 전달해 피부 진정을 돕죠. 자극된 피부에 부착하는 만큼 순한 성분으로 구성했으니 안심하고 사용해 보세요. ", "img3": "https://img-cf.kurly.com/shop/data/goodsview/20200325/gv00000087215_1.jpg", "option_name_list": [], "option_price_list": []},
{"img1": "https://img-cf.kurly.com/shop/data/goods/1585025949584y0.jpg", "name": "[아크로패스] 트러블큐어 6매", "summary": "얼굴 트러블을 잠재우는 패치", "price": "8,820원", "discount_rate": "10%", "unit": "1개", "amount": "", "package": "상온/종이포장", "made_in": "", "img2": "https://img-cf.kurly.com/shop/data/goodsview/20200324/gv20000086779_1.jpg", "description": "갑자기 얼굴에 불쑥 솟아난 트러블은 종일 신경 쓰이곤 해요. 그럴 땐 아크로패스의 트러블큐어가 자극된 트러블 부위의 진정을 도울 수 있어요. 트러블큐어는 하이드로콜로이드 습윤밴드로 오염물질이 피부에 닿는 것을 차단해요. 외부와 차단된 트러블 부위에 머리카락의 1/3 굵기인 용해성 마이크로어레이가 직접 유효 성분을 전달해 피부 진정을 돕죠. 패치를 붙이기 전 트러블 부위를 닦아줄 클렌저 시트가 동봉되어 있으니 더욱 위생적으로 케어해 보세요.  ", "img3": "https://img-cf.kurly.com/shop/data/goodsview/20200324/gv20000086805_1.jpg", "option_name_list": [], "option_price_list": []},
{"img1": "https://img-cf.kurly.com/shop/data/goods/1584082211307y0.jpg", "name": "[닥터포포] 포포크림 25ml 4종", "summary": "오래 지속되는 촉촉함", "price": "10,240원", "discount_rate": "20%", "unit": "1개", "amount": "", "package": "상온/종이포장", "made_in": "", "img2": "https://img-cf.kurly.com/shop/data/goodsview/20200313/gv30000085491_1.jpg", "description": "닥터포포의 포포크림은 건조한 부위에 다양하게 활용할 수 있는 멀티 밤이랍니다. 휴대하기 좋은 튜브형 용기에서 손쉽게 양을 조절해, 부드럽게 펴 바르기만 하면 오랫동안 지속되는 촉촉함을 느낄 수 있지요. 투명한 색의 오리지널 밤과 시어버터 밤은 입술, 손, 손톱, 팔꿈치 등 각질 정리가 필요한 부위 어디든 활용할 수 있는 제품이에요. 레드 밤과 피치핑크 밤은 색조 제품으로 입술과 볼 등에 자연스러운 생기를 표현해 주지요. 용도와 취향에 맞게 제품을 골라 사용하는 것을 추천해 드려요. ", "img3": "https://img-cf.kurly.com/shop/data/goodsview/20200313/gv10000085554_1.jpg", "option_name_list": ["[닥터포포] 틴티드 얼티메이트 레드밤 25ml", "[닥터포포] 틴티드 피치핑크 밤 25ml", "[닥터포포] 오리지널밤 25ml", "[닥터포포] 시어버터밤 25ml"], "option_price_list": ["12,800원", "12,800원", "12,800원", "15,000원"]},
{"img1": "https://img-cf.kurly.com/shop/data/goods/1584081889712y0.jpg", "name": "[닥터포포] 포포크림 10ml 3종", "summary": "작은 크기로 어디서나 촉촉하게", "price": "8,640원", "discount_rate": "10%", "unit": "1개", "amount": "", "package": "상온/종이포장", "made_in": "", "img2": "https://img-cf.kurly.com/shop/data/goodsview/20200313/gv20000085476_1.jpg", "description": "닥터포포의 포포크림은 건조한 부위에 다양하게 활용할 수 있는 멀티 밤이랍니다. 주머니에 쏙 들어가는 튜브형 용기에서 손쉽게 양을 조절해, 부드럽게 펴 바르기만 하면 오랫동안 지속되는 촉촉함을 느낄 수 있지요. 투명한 색의 오리지널 밤은 입술, 손, 손톱, 팔꿈치 등 각질 정리가 필요한 부위에 활용할 수 있는 제품이에요. 레드 밤과 피치핑크 밤은 색조 제품으로 입술과 볼 등에 자연스러운 생기를 표현해 주지요. 취향에 맞는 제품으로 골라 간편하게 가지고 다니며 사용해 보세요. ", "img3": "https://img-cf.kurly.com/shop/data/goodsview/20200313/gv40000085478_1.jpg", "option_name_list": ["[닥터포포] 틴티드 얼티메이트 레드 밤 10ml", "[닥터포포] 틴티드 피치핑크 밤 10ml", "[닥터포포] 오리지널밤 10ml"], "option_price_list": ["9,600원", "9,600원", "9,600원"]},
{"img1": "https://img-cf.kurly.com/shop/data/goods/1583977775491y0.jpg", "name": "[DESERT ESSENCE] 100% 퓨어 호호바 오일 2종", "summary": "자연스럽게 스며드는 오일", "price": "11,305원", "discount_rate": "5%", "unit": "1개", "amount": "", "package": "상온/종이포장", "made_in": "", "img2": "https://img-cf.kurly.com/shop/data/goodsview/20200312/gv20000085217_1.jpg", "description": "보습에 관심이 많은 분들은 호호바씨 오일에 대해 알고 있을 거예요. 사람의 피부 지질과 유사한 리놀산을 함유한 보습 성분임을 말이지요. 컬리는 오직 호호바씨 오일만을 넣어 만든 제품을 소개합니다. 비정제 냉압착 방식으로 오일을 추출해 본연의 영양성분과 색을 온전히 지니고 있어요. 보존료조차 없는 단일 성분이라 민감성 피부는 물론 연령대에도 관계없이 쓰기 좋지요. 2019 화해 뷰티 어워드에서 페이스오일 부문 1위를 차지할 정도이니 더 안심하고 바를 수 있을 거예요. ", "img3": "https://img-cf.kurly.com/shop/data/goodsview/20200312/gv40000085218_1.jpg", "option_name_list": ["[DESERT ESSENCE] 100% 퓨어 호호바오일 59ml", "[DESERT ESSENCE] 100% 퓨어 호호바오일 118ml"], "option_price_list": ["11,900원", "16,900원"]},
{"img1": "https://img-cf.kurly.com/shop/data/goods/1582698086558y0.jpg", "name": "[쿠오카] 크림 블랜드", "summary": "속건조를 채워주는 신선한 크림", "price": "108,000원", "discount_rate": "10%", "unit": "1병", "amount": "", "package": "상온/종이포장", "made_in": "", "img2": "https://img-cf.kurly.com/shop/data/goodsview/20200226/gv40000082874_1.jpg", "description": "속에 담겨있는 크림부터 상자를 감싸는 띠지에 이르기까지 정성과 고급스러움이 묻어나는 스킨케어 제품을 소개할게요. 쿠오카는 신선한 재료의 선별, 섬세한 조리 방식, 완벽을 추구하는 정신이라는 파인 다이닝의 철학을 스킨케어로 옮겨온 브랜드예요. 전성분 공개는 물론, 제조일자도 전면에 당당히 써 놓을 정도로 원료와 신선함에 자신을 가지고 있지요. 힘있는 크림 제형이라 피부에 스며든 수분감을 단단히 잡아주는 느낌이 들어요. 주름개선 기능성을 갖춘 크림으로 고급스럽고 신선한 스킨케어를 누려보세요. ", "img3": "https://img-cf.kurly.com/shop/data/goodsview/20200226/gv00000082880_1.jpg", "option_name_list": [], "option_price_list": []},
{"img1": "https://img-cf.kurly.com/shop/data/goods/1582697674979y0.jpg", "name": "[쿠오카] 세럼 블랜드", "summary": "처음 만나는 신선한 스킨케어", "price": "99,000원", "discount_rate": "10%", "unit": "1병", "amount": "", "package": "상온/종이포장", "made_in": "", "img2": "https://img-cf.kurly.com/shop/data/goodsview/20200226/gv30000082859_1.jpg", "description": "속에 담겨있는 세럼부터 상자를 감싸는 띠지에 이르기까지 정성과 고급스러움이 묻어나는 스킨케어 제품을 소개할게요. 쿠오카는 신선한 재료의 선별, 섬세한 조리 방식, 완벽을 추구하는 정신이라는 파인 다이닝의 철학을 스킨케어로 옮겨온 브랜드예요. 전성분 공개는 물론, 제조일자도 전면에 당당히 써 놓을 정도로 원료와 신선함에 자신을 가지고 있지요. 게다가 히알루론산을 피부 표면, 표피, 진피에 작용하기 쉬운 세 가지 크기의 히알루론산 입자를 사용한 것도 특징이에요. 주름개선과 미백 기능성을 갖춘 세럼으로 고급스럽고 신선한 스킨케어를 누려보세요. ", "img3": "https://img-cf.kurly.com/shop/data/goodsview/20200226/gv30000082882_1.jpg", "option_name_list": [], "option_price_list": []},
{"img1": "https://img-cf.kurly.com/shop/data/goods/1582248833608y0.jpg", "name": "[라 뷔게르] 봄 드 뷔게르 (립밤)", "summary": "끈적임 없이 자연스러운 색감", "price": "27,000원", "discount_rate": "10%", "unit": "1개", "amount": "", "package": "상온/종이포장", "made_in": "", "img2": "https://img-cf.kurly.com/shop/data/goodsview/20200220/gv30000082101_1.jpg", "description": "입술이 건조해 립밤을 바르고 싶어도, 립밤 특유의 끈적거리는 느낌이 싫어 갈라진 입술을 그대로 방치할 때가 있죠. 봄 드 뷔게르 립밤은 인체의 피지구조와 유사한 퀸즈랜드넛 오일을 사용해 끈적임 없이 가볍고, 빠르게 흡수된답니다. 입술에 영양을 채워줄 뿐만 아니라, 혈색을 더해주는 정도의 자연스러운 색감을 내기 때문에 누구나 부담 없이 사용할 수 있어요. 은은한 마블링이 돋보이는 외장의 귀갑 무늬가 고급스러움을 더해 선물으로도 적합하고요. 봄 드 뷔게르 하나로 입술을 매끈하게 관리하는 동시에 스타일링에도 포인트를 더해보세요.", "img3": "https://img-cf.kurly.com/shop/data/goodsview/20200220/gv20000082102_1.jpg", "option_name_list": [], "option_price_list": []},
{"img1": "https://img-cf.kurly.com/shop/data/goods/1576224825349y0.jpg", "name": "[라테뷰] 로터스 페이셜 시트 마스크", "summary": "성분 걱정 없는 스페셜 스킨 케어", "price": "28,000원", "discount_rate": "30%", "unit": "1개", "amount": "", "package": "상온/종이포장", "made_in": "", "img2": "https://img-cf.kurly.com/shop/data/goodsview/20191213/gv30000072838_1.jpg", "description": null, "img3": "https://img-cf.kurly.com/shop/data/goodsview/20191213/gv00000072844_1.jpg", "option_name_list": [], "option_price_list": []},
{"img1": "https://img-cf.kurly.com/shop/data/goods/1575963260830y0.jpg", "name": "[나젤] 프랑스 유기농 알레포 비누 4종", "summary": "정성으로 빚어낸 비누", "price": "10,500원", "discount_rate": 0, "unit": "1개", "amount": "", "package": "상온/종이포장", "made_in": "", "img2": "https://img-cf.kurly.com/shop/data/goodsview/20191210/gv40000072217_1.jpg", "description": "알레포 비누는 시리아 알레포 지역에서 버진 올리브 오일과 월계수 오일을 주원료로 하여 만든 비누만을 일컬어요. 컬리가 소개하는 '나젤'의 알레포 비누는 1895년부터 세대를 거쳐 전수된 레시피와 생산 방식으로 정성스레 빚어졌답니다. 직접 재배한 올리브와 월계수에서 오일을 짜내 만든 비누 반죽을 소금물로 여러 번 헹구어 부식성 물질을 제거했죠. 이후 9개월 동안 자연 건조 과정을 거치며 산화되어 겉은 옅은 갈색을, 속은 올리브의 녹색을 띠어요. 중동의 초록빛을 담은 알레포 비누로 피부에 진정한 휴식을 선사해보세요.", "img3": "https://img-cf.kurly.com/shop/data/goodsview/20191210/gv00000072208_1.jpg", "option_name_list": ["[나젤] 알레포 비누 올리브오일 100%", "[나젤] 알레포 비누 월계수 오일 5%", "[나젤] 알레포 비누 월계수 오일 12%", "[나젤] 알레포 비누 월계수 오일 40%"], "option_price_list": ["10,500원", "10,500원", "13,000원", "18,000원"]},
{"img1": "https://img-cf.kurly.com/shop/data/goods/1575445442217y0.jpg", "name": "[포레오] 루나3 진동클렌져 3종", "summary": "피부 속 깊은 곳까지 말끔하게", "price": "225,000원", "discount_rate": "10%", "unit": "1개", "amount": "", "package": "상온/종이포장", "made_in": "", "img2": "https://img-cf.kurly.com/shop/data/goodsview/20191204/gv30000071169_1.jpg", "description": "클렌징은 건강한 피부 관리의 기본이죠. 때문에 진동클렌져를 고민하고 계시다면, 클렌징과 마사지 기능을 한 번에 담은 포레오의 루나3 진동클렌져를 주목해보세요. 길고 부드러운 터치포인트로 모공 깊은 곳까지 부드럽고 말끔하게 클렌징할 수 있고요. 제품 뒷면의 굴곡으로 파동을 느끼며 얼굴부터 목과 턱선 등 마사지까지 할 수 있어요. 피부 타입에 따라 바르는 화장품이 다르듯, 루나3 진동클렌져 역시 민감성, 일반, 복합성 중 선택해 사용하시면 되는데요. 그날의 피부 컨디션에 따라서 세밀하게 강도 조절이 가능해요. 나를 위한 맞춤 관리. 포레오 루나3 진동클렌져로 시작해보세요.", "img3": "https://img-cf.kurly.com/shop/data/goodsview/20200128/gv10000079334_1.jpg", "option_name_list": [" [포레오] 루나3 퍼플 민감성", "[포레오] 루나3 핑크 일반", "[포레오] 루나3 블루 복합성"], "option_price_list": ["250,000원", "250,000원", "250,000원"]},
{"img1": "https://img-cf.kurly.com/shop/data/goods/1575446518839y0.jpg", "name": "[포레오] 아이리스 3종", "summary": "연약한 눈가를 위한 섬세한 마사지", "price": "128,000원", "discount_rate": "20%", "unit": "1개", "amount": "", "package": "상온/종이포장", "made_in": "", "img2": "https://img-cf.kurly.com/shop/data/goodsview/20191204/gv00000071183_1.jpg", "description": "눈가 피부는 얇은 만큼 피로와 스트레스가 고스란히 드러나는 부위예요. 때문에 아이(eye) 전용 제품들을 관심 있게 보시는 분들도 많은데요. 컬리는 눈가 전용 진동 마사지기, 포레오 아이리스를 준비했습니다. 저자극 실리콘을 사용해 위생적이고 안전하니 더욱 마음이 놓이는 상품이에요. 가볍게 두드리는 스파 모드(Spa Mode), 두드리면서 미세한 진동을 주는 퓨어 모드(Pure Mode) 중 선택해 사용하면 되는데요. 개인에 따라 조절할 수 있도록 8가지 강도를 설계했답니다. 눈 주위에 평소 쓰는 아이크림이나 세럼을 바른 후 포레오 아이리스로 부드럽게 마사지해보세요. ", "img3": "https://img-cf.kurly.com/shop/data/goodsview/20200128/gv40000079339_1.jpg", "option_name_list": ["[포레오] 아이리스 민트", "[포레오] 아이리스 핑크", "[포레오] 아이리스 핫핑크"], "option_price_list": ["160,000원", "160,000원", "160,000원"]}