{"img1": "https://img-cf.kurly.com/shop/data/goods/1585035231794y0.jpg", "name": "[AWAS] 클린 핸드 세니타이저 겔", "summary": "간편하게 소독하는 파우치형 소독제", "price": "4,500원", "discount_rate": 0, "unit": "1박스", "amount": "1mL x 50매입", "package": "상온/종이포장", "made_in": "", "img2": "https://img-cf.kurly.com/shop/data/goodsview/20200324/gv20000086902_1.jpg", "description": "주머니에 간편하게 넣고 다닐 휴대용 소독제를 찾고 계신 분들에게 AWAS의 클린 핸드 세니타이저 겔을 소개해 드릴게요. 1회 손 소독에 적합한 용량인 1mL를 개별 포장해 휴대에 특화되어 있죠. 소독액 100g을 기준으로 식물성 에탄올을 70% 함유하고 있으며 글리세린과 알로에베라잎 즙으로 피부의 보습까지 챙겼어요. 대장균과 황색포도상구균에 대해 99.9%의 살균력을 확인받은 제품이니 안심하고 사용하셔도 좋아요. 의료용 종이 재질로 되어있어 필요한 순간에 간편하게 뜯어 소독해 보세요.", "img3": "https://img-cf.kurly.com/shop/data/goodsview/20200324/gv30000086912_1.jpg", "option_name_list": [], "option_price_list": []},
{"img1": "https://img-cf.kurly.com/shop/data/goods/1585017804352y0.jpg", "name": "[웰럽] 혼합형 밴드키트", "summary": "각 상처 부위에 알맞은 3가지 밴드", "price": "4,000원", "discount_rate": 0, "unit": "1박스", "amount": "옵션별 상이", "package": "상온/종이포장", "made_in": "", "img2": "https://img-cf.kurly.com/shop/data/goodsview/20200324/gv10000086766_1.jpg", "description": "상처 난 부위와 상황에 따라 붙이는 밴드의 종류도 다양하죠. 웰럽은 각각의 상처 부위에 알맞은 도움을 줄 밴드로 키트를 만들었어요. 상처 부위에 하이드로콜로이드 성분으로 습윤 환경을 조성해 분비물을 흡수하는 밴드, 물로부터 상처를 보호할 방수 밴드, 그리고 일상생활에서 잘 떨어지지 않는 고탄력 밴드. 이렇게 3가지 종류로 구성했답니다. 3종류의 밴드로 구성된 웰럽의 혼합형 밴드 키트를 상처가 나기 전에 미리 구비해 보세요. 당황하지 않고 빠르게 상처 부위를 보호할 수 있을 거예요. ", "img3": "https://img-cf.kurly.com/shop/data/goodsview/20200324/gv20000086772_1.jpg", "option_name_list": [], "option_price_list": []},
{"img1": "https://img-cf.kurly.com/shop/data/goods/1584510311130y0.jpg", "name": "[제니하우스] 핸드 프로텍터 세니타이저 겔 2종", "summary": "간편하고 향긋한 손 소독제", "price": "5,400원", "discount_rate": "25%", "unit": "1개", "amount": "", "package": "상온/종이포장", "made_in": "", "img2": "https://img-cf.kurly.com/shop/data/goodsview/20200318/gv40000086063_1.jpg", "description": "언제 어디서든 물 없이도 간단하게 손 소독이 가능한 제니하우스 핸드 프로텍터 세니타이저 겔 2종을 소개할게요. 식약처의 허가를 받은 제품으로 안심하고 사용할 수 있답니다. 끈적이지 않고 산뜻하게 흡수되지만 글리세린과 알로에 추출물로 보습감까지 느낄 수 있지요. 손 소독제 특유의 알코올 향 대신 은은한 플로럴 향까지 느껴져요. 손에 쏙 들어가는 크기로 간편하게 휴대 가능한 80mL 제품과 넉넉한 용량의 470mL 제품 중 용도에 따라 선택해 보세요. ", "img3": "https://img-cf.kurly.com/shop/data/goodsview/20200324/gv10000086915_1.jpg", "option_name_list": ["[제니하우스] 핸드 프로텍터 세니타이저 겔 80ml", "[제니하우스] 핸드 프로텍터 세니타이저 겔 470ml"], "option_price_list": ["7,200원", "17,500원"]},
{"img1": "https://img-cf.kurly.com/shop/data/goods/1584425597594y0.jpg", "name": "[웰럽] 롱굿 알콜스틱 2종", "summary": "툭 꺽어 사용하는 위생적인 알콜스틱", "price": "2,550원", "discount_rate": "15%", "unit": "1개", "amount": "8개입/16개입 ", "package": "상온/종이포장", "made_in": "", "img2": "https://img-cf.kurly.com/shop/data/goodsview/20200317/gv30000085878_1.jpg", "description": "피부를 소독하는 의약외품은 그 자체를 위생적으로 관리하는 것이 중요해요. 그때그때 알콜을 묻혀 쓰는 것이 가장 깨끗하지만 이는 너무나 번거로운 일이지요. 그럴 때는 원터치로 툭 꺾어 사용하는 알콜스틱을 사용해 보세요. 면봉에 미리 이소프로판올 70% 함량의 약액을 묻혔어요. 그리고 하나하나 개별 포장 해 외부 물질이 묻을 염려가 없고 보관이 무척 쉽답니다. 외투 안주머니나 작은 파우치에도 쏙 들어가는 크기이니 한두 개씩 가지고 다니기에도 좋을 거예요. ", "img3": "https://img-cf.kurly.com/shop/data/goodsview/20200317/gv40000085884_1.jpg", "option_name_list": ["[웰럽] 롱굿알콜스틱8P", "[웰럽] 롱굿알콜스틱16P"], "option_price_list": ["3,000원", "5,900원"]},
{"img1": "https://img-cf.kurly.com/shop/data/goods/1583728165209y0.jpg", "name": "[자연으로] 투플러스 손소독액 95ml", "summary": "간편한 스프레이식 소독액", "price": "4,900원", "discount_rate": 0, "unit": "1개", "amount": "", "package": "상온/종이포장", "made_in": "", "img2": "https://img-cf.kurly.com/shop/data/goodsview/20200309/gv40000084645_1.jpg", "description": "언제 어디서나 쓰기 좋은 소독액을 컬리가 준비했어요. 스프레이형으로 어디든 칙칙 간편하게 뿌릴 수 있고, 끈적임 없이 깔끔하게 건조되는 제품이랍니다. 손소독액 100g을 기준으로 에탄올 62g을 함유하고 있고 보습을 도와주는 글리세린, 알로에추출물 등의 성분을 넣은 것도 특징이에요. 대장균을 포함한 4종의 균주에 대해 99.9%의 살균력을 확인받아 더욱 안심이죠. 대중교통 이용 후, 식사 전과 후 등 소독이 필요한 순간에 유용히 사용해보세요. ", "img3": "https://img-cf.kurly.com/shop/data/goodsview/20200309/gv30000084652_1.jpg", "option_name_list": [], "option_price_list": []},
{"img1": "https://img-cf.kurly.com/shop/data/goods/158338634166y0.jpg", "name": "[오삭] 핸드겔 30ml", "summary": "감각을 더한 휴대용 손소독제", "price": "4,500원", "discount_rate": 0, "unit": "1개", "amount": "", "package": "상온/종이포장", "made_in": "", "img2": "https://img-cf.kurly.com/shop/data/goodsview/20200305/gv00000084182_1.jpg", "description": "손 위생은 지키면서도, 스타일은 놓치고 싶지 않을 때가 있지요. 컬리가 준비한 오삭의 핸드겔이 바로 그 해답이 되어줄 거예요. 핸드크림을 닮은 컴팩트한 패키지에 담긴 손소독제 제품인데요. 주머니에 쏙 들어가는 앙증맞은 모습이지만, 99.9%의 항균력을 갖춘 손소독제랍니다. 주성분인 에탄올에, 글리세린과 편백수를 더해 보습력과 산뜻한 사용감까지 더했어요. 원하는 만큼 조금씩 짜서 사용 가능하고, 소독 후에는 은은한 장미향까지 번지니 더욱 마음에 드실 거예요. 식약처의 허가를 받은 의약외품이니, 안심하고 사용해보세요.", "img3": "https://img-cf.kurly.com/shop/data/goodsview/20200310/gv00000084997_1.jpg", "option_name_list": [], "option_price_list": []},
{"img1": "https://img-cf.kurly.com/shop/data/goods/155540170396y0.jpg", "name": "[바이오클렌] 마이크론 렌즈 세척액", "summary": "렌즈에 남은 무기물까지 깨끗하게", "price": "7,700원", "discount_rate": 0, "unit": "1병", "amount": "40ml", "package": "상온/종이포장", "made_in": "", "img2": "https://img-cf.kurly.com/shop/data/goodsview/20190416/gv30000047675_1.jpg", "description": "하루 종일 착용했던 렌즈를 빼면 미끌미끌하게 뭉친 누액과 미세한 먼지가 얼룩진 것을 볼 수 있지요. 다목적 용액을 이용해 꼼꼼하게 세척해도 시야가 깨끗하지 않다면 세척 전용 용액을 이용해 렌즈에 고착된 오염을 제거할 때가 온 거예요. 컬리는 강력한 세정력을 자랑하는 바이오클렌의 마이크론 렌즈 세척액을 준비했습니다. 단백질, 지방, 누액 등 유기 오염물을 닦기 위해 음이온계 계면활성제를 함유하고 있어요. 여기에 일반 세척액으로는 제거하기 힘든 칼슘 등의 무기 오염물 제거를 위해 폴리머계 초 미립자를 배합했습니다. 용액을 뿌리고 손가락으로 가볍게 문지르면 미세한 입자들의 마찰력에 의해 고착된 오염물질이 떨어져 나가지요. 소프트렌즈와 하드렌즈 모두에 사용할 수 있지만 러빙이 필요한 만큼 소프트렌즈를 세척할 때 더욱 적당하답니다. ", "img3": "https://img-cf.kurly.com/shop/data/goodsview/20190416/gv30000047679_1.jpg", "option_name_list": [], "option_price_list": []},
{"img1": "https://img-cf.kurly.com/shop/data/goods/1554861672488y0.jpg", "name": "[바이오트루] 다목적 렌즈 관리용액 2종", "summary": "깨끗하고 촉촉하게 사용하는", "price": "2,480원", "discount_rate": "20%", "unit": "1병", "amount": "120ml / 500ml", "package": "상온/종이포장", "made_in": "", "img2": "https://img-cf.kurly.com/shop/data/goodsview/20190410/gv30000047108_1.jpg", "description": null, "img3": "https://img-cf.kurly.com/shop/data/goodsview/20190410/gv20000047113_1.jpg", "option_name_list": ["[바이오트루] 다목적 렌즈 관리용액 120ml", "[바이오트루] 다목적 렌즈 관리용액 500ml"], "option_price_list": ["3,100원", "8,600원"]},
{"img1": "https://img-cf.kurly.com/shop/data/goods/1554862056702y0.jpg", "name": "[바이오클렌] 하드 렌즈용 세척 보존액 3종", "summary": "문지르지 않는 렌즈 세척액", "price": "12,000원", "discount_rate": 0, "unit": "1통", "amount": "5ml / 120ml ", "package": "상온/종이포장", "made_in": "", "img2": "https://img-cf.kurly.com/shop/data/goodsview/20190410/gv20000047114_1.jpg", "description": null, "img3": "https://img-cf.kurly.com/shop/data/goodsview/20190410/gv20000047217_1.jpg", "option_name_list": ["[바이오클렌] 하드 렌즈용 세척 보존액 엘1", " [바이오클렌] 하드 렌즈용 세척 보존액 엘2", "[바이오클렌] 하드 렌즈용 세척 보존액 엘1&2"], "option_price_list": ["13,000원", "12,000원", "22,500원"]},
{"img1": "https://img-cf.kurly.com/shop/data/goods/1547627399724y0.jpg", "name": "[중외제약] 하이맘 프리미엄 밴드 2종 (원형/혼합)", "summary": "알로에베라 성분 함유로 상처 진정을 돕는 밴드", "price": "6,000원", "discount_rate": 0, "unit": "1박스", "amount": "원형 36매/혼합 6매", "package": "상온/종이포장", "made_in": "", "img2": "https://img-cf.kurly.com/shop/data/goodsview/20190116/gv10000041796_1.jpg", "description": null, "img3": "https://img-cf.kurly.com/shop/data/goodsview/20190116/gv00000041803_1.jpg", "option_name_list": [" 하이맘 프리미엄 밴드 원형36매", "하이맘 프리미엄 밴드 혼합형"], "option_price_list": ["6,000원", "7,000원"]},
{"img1": "https://img-cf.kurly.com/shop/data/goods/1547626990701y0.jpg", "name": "[중외제약] 하이맘 아쿠아 밴드 2종 (기본형/대형)", "summary": "특수 우레탄 필름으로 물과 세균을 차단하는 방수기능을 가진 밴드", "price": "1,800원", "discount_rate": 0, "unit": "1박스", "amount": "10매/15매", "package": "상온/종이포장", "made_in": "", "img2": "https://img-cf.kurly.com/shop/data/goodsview/20190116/gv20000041785_1.jpg", "description": null, "img3": "https://img-cf.kurly.com/shop/data/goodsview/20190116/gv20000041795_1.jpg", "option_name_list": ["하이맘 아쿠아 밴드 기본형10매", "하이맘 아쿠아 밴드 대형15매"], "option_price_list": ["1,800원", "2,500원"]},
{"img1": "https://img-cf.kurly.com/shop/data/goods/1547616395917y0.jpg", "name": "[중외제약] 하이맘 베이직 밴드 2종 (기본/혼합형)", "summary": "깊지 않은 가벼운 상처에 사용하는 반창고", "price": "800원", "discount_rate": 0, "unit": "1박스", "amount": "10매/20매", "package": "상온/종이포장", "made_in": "", "img2": "https://img-cf.kurly.com/shop/data/goodsview/20190116/gv00000041751_1.jpg", "description": "늘 가지고 있다고 생각하지만 막상 필요한 순간에는 눈에 띄지 않는 대표적인 물건이 반창고일 거예요. 컬리는 반창고 구입을 무심코 잊어버렸을 때를 위해 다방면으로 사용하기 좋은 베이직 밴드를 준비했습니다. 일상생활에서 사소하게 긁히고, 베이고, 찍힌 가벼운 상처에 적당한 제품이에요. 상처가 벌어지지 않도록 잡아주고 외부의 오염 물질이 상처에 들어가지 않도록 막는데도 유용하게 쓸 수 있죠. 쿠션패드 위에 폴리에틸렌망을 얹어두었기에 밴드가 상처에 잘 달라붙지 않는 것도 장점이에요. 게다가 점착력이 좋아 밴드를 붙인 곳에 물이 묻어도 잘 떨어지지 않는답니다. 어느 부위에든 붙이기 좋은 기본형과 여러 가지 크기의 반창고를 모아 둔 혼합형을 마련했으니 필요에 따라 사용해보세요. ", "img3": "https://img-cf.kurly.com/shop/data/goodsview/20190116/gv20000041781_1.jpg", "option_name_list": ["하이맘 베이직 밴드 기본형10매", "하이맘 베이직 밴드 혼합형20매"], "option_price_list": ["800원", "1,000원"]},
{"img1": "https://img-cf.kurly.com/shop/data/goods/154760326588y0.jpg", "name": "[중외제약] 하이맘 번 (표준형)", "summary": "화상부위에도 사용이 가능한 밴드", "price": "7,000원", "discount_rate": 0, "unit": "1박스", "amount": "3매", "package": "상온/종이포장", "made_in": "", "img2": "https://img-cf.kurly.com/shop/data/goodsview/20190116/gv30000041720_1.jpg", "description": null, "img3": "https://img-cf.kurly.com/shop/data/goodsview/20190116/gv30000041725_1.jpg", "option_name_list": [], "option_price_list": []},
{"img1": "https://img-cf.kurly.com/shop/data/goods/1584339574672y0.jpg", "name": "[제로베이] KF94 미세먼지 황사 방역 제로베이 마스크 대형 1매", "summary": "숨 쉬는 공간이 넓은 마스크", "price": "1,500원", "discount_rate": 0, "unit": "1개", "amount": "", "package": "상온/종이포장", "made_in": "", "img2": "https://img-cf.kurly.com/shop/data/goodsview/20200316/gv10000085707_1.jpg", "description": "공기에 대한 걱정 때문에 KF94 마스크를 선택하기는 했지만, 숨쉬기가 버거운 분들 있을 거예요. 그럴 때는 입과 마스크의 거리가 가능한 먼 디자인을 선택하면 도움이 되는데요. 제로베이는 얼굴에 자연스럽게 밀착되면서도 숨 쉬는 공간을 고려한 마스크를 만들었습니다. 좌우로 반을 접는 볼록한 형태라 입술이 안쪽 면에 닿지 않아요. 4중 구조의 정전 필터를 넣어 공기를 여과하는 제 역할도 톡톡히 해낸답니다. ", "img3": "https://img-cf.kurly.com/shop/data/goodsview/20200316/gv20000085709_1.jpg", "option_name_list": [], "option_price_list": []},
{"img1": "https://img-cf.kurly.com/shop/data/goods/1557826479998y0.jpg", "name": "[에티카] 마스크 케이스 3종", "summary": "깨끗하게 센스있게 마스크를 보관하는 방법 (3종)", "price": "3,300원", "discount_rate": 0, "unit": "1EA", "amount": "1개", "package": "상온/종이포장", "made_in": "", "img2": "https://img-cf.kurly.com/shop/data/goodsview/20190514/gv20000050146_1.jpg", "description": "밖에서는 유용하게 썼던 미세먼지 마스크는 실내로 들어오는 순간부터 제자리를 찾기 어려워져요. 주머니나 가방에 대강 넣어 두기에는 오염물질이 묻을까 염려되고, 손에 쥐고 있기에도 불편하지요. 에티카의 섬세한 감성은 이 부분을 놓치지 않았답니다. 지금 선보이는 제품은 가볍고 심플한 디자인의 마스크 전용 케이스예요. 서류 가방이나 납작한 파우치에도 넣을 수 있도록 얇게 만들어졌지만 일반 접이식 마스크라면 한 번에 2장도 넣을 수 있답니다. 단단한 소재여서 면체가 구겨질 염려도 없지요. 3가지 컬러로 준비했으니 취향에 따라 선택해보세요. ", "img3": "https://img-cf.kurly.com/shop/data/goodsview/20190514/gv10000050208_1.jpg", "option_name_list": [" [에티카] 마스크 케이스 Dew White", " [에티카] 마스크 케이스 Dawn Pink", " [에티카] 마스크 케이스 Lake Blue"], "option_price_list": ["3,300원", "3,300원", "3,300원"]}