{"img1": "https://img-cf.kurly.com/shop/data/goods/1583478382208y0.jpg", "name": "[리프홈] 세라믹 규조토 트레이 9종", "summary": "똑똑한 물기 제거를 위한 규조토 받침대", "price": "9,700원", "discount_rate": 0, "unit": "1개", "amount": "", "package": "상온/종이포장", "made_in": "", "img2": "https://img-cf.kurly.com/shop/data/goodsview/20200306/gv40000084521_1.jpg", "description": null, "img3": "https://img-cf.kurly.com/shop/data/goodsview/20200306/gv10000084526_1.jpg", "option_name_list": ["[리프홈] 세라믹 규조토 솝트레이 모던_브라운", "[리프홈] 세라믹 규조토 솝트레이 모던_핑크", "[리프홈] 세라믹 규조토 솝트레이 모던_블루", "[리프홈] 세라믹 규조토 솝트레이 밤부_브라운", "[리프홈] 세라믹 규조토 솝트레이 밤부_핑크", "[리프홈] 세라믹 규조토 솝트레이 밤부_블루", "[리프홈] 세라믹 규조토 드라잉 매트_브라운", "[리프홈] 세라믹 규조토 드라잉 매트_핑크", "[리프홈] 세라믹 규조토 드라잉 매트_블루"], "option_price_list": ["9,700원", "9,700원", "9,700원", "11,000원", "11,000원", "11,000원", "16,500원", "16,500원", "16,500원"]},
{"img1": "https://img-cf.kurly.com/shop/data/goods/1583479034920y0.jpg", "name": "[리프홈] 세라믹 규조토 배스매트 4종", "summary": "보송한 발을 위한 단 한 걸음", "price": "55,000원", "discount_rate": 0, "unit": "1개", "amount": "", "package": "상온/종이포장", "made_in": "", "img2": "https://img-cf.kurly.com/shop/data/goodsview/20200306/gv00000084567_1.jpg", "description": null, "img3": "https://img-cf.kurly.com/shop/data/goodsview/20200306/gv30000084568_1.jpg", "option_name_list": ["[리프홈] 배스매트 모자익_브라운", "[리프홈] 배스매트 모자익_핑크", "[리프홈] 배스매트 모자익_블루", "[리프홈] 배스매트 플랫_브라운"], "option_price_list": ["55,000원", "55,000원", "55,000원", "55,000원"]},
{"img1": "https://img-cf.kurly.com/shop/data/goods/1582614286594y0.jpg", "name": "[알렉스앤소냐] 분위기를 더해주는 케이크 토퍼 10종", "summary": "행복한 순간을 더욱 빛내줄 소품", "price": "3,900원", "discount_rate": 0, "unit": "1개", "amount": "", "package": "상온/종이포장", "made_in": "", "img2": "https://img-cf.kurly.com/shop/data/goodsview/20200225/gv40000082632_1.jpg", "description": "생일, 기념일, 연말연시 파티. 소중한 사람들과 함께한 시간을 세어보고 축하하는 일은 언제나 의미 있죠. 오래도록 기억에 남기고 싶은 기념일의 케이크 위를 '분위기를 도와주는 케이크 토퍼'로 장식해보세요. 숫자 0부터 9까지 하나씩 선택해 자유롭게 조합할 수 있는 벌룬 토퍼입니다. 따뜻하면서도 화려한 황금빛 벌룬이 분위기를 한순간에 화사하게 밝혀줄 거예요. 별도의 실링 작업이 필요 없어 가족, 연인, 친구와 함께 손쉽게 만들어볼 수 있답니다. 케이크에 꽂아 토퍼로 사용하고 난 뒤, 기념으로 사진을 남길 때 손에 들 프롭스로도 활용해보세요.", "img3": "https://img-cf.kurly.com/shop/data/goodsview/20200225/gv40000082661_1.jpg", "option_name_list": ["[알렉스앤소냐] 숫자 풍선 케익 토퍼 1", " [알렉스앤소냐] 숫자 풍선 케익 토퍼 2", " [알렉스앤소냐] 숫자 풍선 케익 토퍼 3", "[알렉스앤소냐] 숫자 풍선 케익 토퍼 4", "[알렉스앤소냐] 숫자 풍선 케익 토퍼 5", " [알렉스앤소냐] 숫자 풍선 케익 토퍼 6", "[알렉스앤소냐] 숫자 풍선 케익 토퍼 7", "[알렉스앤소냐] 숫자 풍선 케익 토퍼 8", "[알렉스앤소냐] 숫자 풍선 케익 토퍼 9", "[알렉스앤소냐] 숫자 풍선 케익 토퍼 0"], "option_price_list": ["3,900원", "3,900원", "3,900원", "3,900원", "3,900원", "3,900원", "3,900원", "3,900원", "3,900원", "3,900원"]},
{"img1": "https://img-cf.kurly.com/shop/data/goods/1576732881986y0.jpg", "name": "[알렉스앤소냐] 분위기있는 홈파티세트 로즈골드", "summary": "파티를 위한 화려한 준비", "price": "11,900원", "discount_rate": 0, "unit": "옵션별 상이", "amount": "옵션별 상이", "package": "상온/종이포장", "made_in": "", "img2": "https://img-cf.kurly.com/shop/data/goodsview/20191218/gv30000073625_1.jpg", "description": "모임과 파티가 잦은 연말연시. 홈파티 스타일링을 위한 소품이 고민되다면 알렉스앤소냐의 분위기있는 홈파티세트 로즈골드를 활용해보세요. 벽면을 포토존으로 꾸밀 수 있는 화려한 포일 커튼을 비롯해 로즈 골드 풍선 세트, 바람을 손쉽게 넣을 수 있는 핸드 펌프, 풍선을 묶는 컬링 리본으로 구성했어요. 포일 커튼은 조명을 받으면 반짝거리는 효과가 있어 파티 분위기를 달아오르게 만드는 역할을 해 줄 거예요. 추가로 선택 구매할 수 있는 레터 벌룬과 가랜드도 준비했으니 나만의 파티 월을 감각적으로 꾸며보세요.", "img3": "https://img-cf.kurly.com/shop/data/goodsview/20191218/gv40000073646_1.jpg", "option_name_list": [" [알렉스앤소냐] 로즈골드테마", "[알렉스앤소냐] 콩그레츠 필기체 레터 포일 풍선", " [알렉스앤소냐] 해피벌스데이 레터 포일 풍선", " [알렉스앤소냐] 해피벌스데이 필기체 글리터 가랜드", " [알렉스앤소냐] 메리크리스마스 필기체 글리터 가랜드 시즌종료"], "option_price_list": ["27,000원", "13,000원", "11,900원", "16,900원", "16,900원"]},
{"img1": "https://img-cf.kurly.com/shop/data/goods/1576459516343y0.jpg", "name": "[프루라쥬] 리스 2종", "summary": "크리스마스 분위기를 돋우는 장식", "price": "83,000원", "discount_rate": 0, "unit": "1개", "amount": "상품별 상이", "package": "상온/종이포장", "made_in": "", "img2": "https://img-cf.kurly.com/shop/data/goodsview/20191216/gv10000071602_1.jpg", "description": "천장까지 닿는 크리스마스 트리가 없어도, 반짝이는 조명이 없더라도 크리스마스 기분을 내는 특별한 방법. 바로 리스를 준비해 벽이나 창가, 문에 걸어두는 거예요. 이때 레드와 골드 컬러가 적절하게 섞인 리스라면 고급스럽고 우아한 분위기를 더해 줄 거예요. 프루라쥬의 리스 2종은 면 소재를 채색해 만든 아트 플라워와 리본 등을 엮어 만들었어요. 부드러운 촉감과 아로마 향이 생화 못지 않게 싱그럽고, 붉은 색감이 고급스러운 느낌을 자아내지요. 생화가 아니기 때문에 반영구적으로 사용할 수 있는 것도 장점이에요. 올 크리스마스에는 프루라쥬 리스로 연말 분위기를 즐겨보세요. ", "img3": "https://img-cf.kurly.com/shop/data/goodsview/20191205/gv30000071607_1.jpg", "option_name_list": ["[프루라쥬] 리스 S", "[프루라쥬] 리스 L"], "option_price_list": ["83,000원", "139,000원"]},
{"img1": "https://img-cf.kurly.com/shop/data/goods/1576460478683y0.jpg", "name": "[프루라쥬] 센터피스 플라워 11종", "summary": "생화만큼 아름다운 조화", "price": "10,000원", "discount_rate": 0, "unit": "품목별 상이", "amount": "품목별 상이", "package": "상온/종이포장", "made_in": "", "img2": "https://img-cf.kurly.com/shop/data/goodsview/20191216/gv40000071304_1.jpg", "description": "면으로 꽃잎을 하나하나 만든 프루라쥬의 센터피스 플라워는 생화에 뒤지지 않을 미모를 가진 조화입니다. 시들지도 않지만 눈으로 보이게 생화와 구분하기 어려울 정도로 사실적이에요. 수작업을 통해 채색해 색이 선명하고 농도가 일정해 생화에 더욱 가깝게 느껴지는데, 이는 프루라쥬만의 자랑이자 기술입니다. 화병에 꽂아 식탁에 두면 센터피스로 활용할 수 있고, 창가나 협탁 위에 올려두면 집 안을 화사하게 물들여 줄 아이템으로 제격입니다.", "img3": "https://img-cf.kurly.com/shop/data/goodsview/20191204/gv40000071319_1.jpg", "option_name_list": ["[프루라쥬] 도그우드", "[프루라쥬] 로즈 잎 베리 스프레이", "[프루라쥬] 덴드로비움", "[프루라쥬] 심비디움", "[프루라쥬] 카라 퍼플", "[프루라쥬] 카라 핑크", "[프루라쥬] 팔래놉시스", "[프루라쥬] 페룻 튤립 레드", "[프루라쥬] 페룻 튤립 화이트", "[프루라쥬] 포도잎 & 베리잎", "[프루라쥬] 폼 스프레이"], "option_price_list": ["20,000원", "17,000원", "21,000원", "20,000원", "15,000원", "15,000원", "15,000원", "14,000원", "14,000원", "17,000원", "10,000원"]},
{"img1": "https://img-cf.kurly.com/shop/data/goods/1576459842222y0.jpg", "name": "[프루라쥬] 웁살라볼 화병 2종", "summary": "개성 있는 오브제 화병", "price": "56,500원", "discount_rate": 0, "unit": "병", "amount": "상품별 상이", "package": "상온/종이포장", "made_in": "", "img2": "https://img-cf.kurly.com/shop/data/goodsview/20191216/gv40000071297_1.jpg", "description": "디자인 요소가 강한 꽃병은 그 자체로 공간에 임팩트를 주는가 하면, 꽃다발 못지않게 아트피스로 활약하기도 합니다. 프루라쥬의 웁살라 화병은 구 모양에 구멍이 송송 뚫려 있는 형태로, 굉장히 독특한 디자인을 지녔어요. 언제 어디서나 확실한 존재감으로 시선을 압도하지요. 기존의 화병 형태를 과감히 깬 제품으로, 굳이 꽃을 꽂지 않아도 화려하면서도 고급스러운 분위기를 완성해주는 디자인 꽃병이에요. 식탁을 비롯한 사이드 테이블과 선반, 창가에 무심하게 툭 놓아보세요. 그 자체로 빛을 발할 거예요.", "img3": "https://img-cf.kurly.com/shop/data/goodsview/20191205/gv00000071342_1.jpg", "option_name_list": ["[프루라쥬] 웁살라볼 S", "[프루라쥬] 웁살라볼 L"], "option_price_list": ["56,500원", "68,500원"]},
{"img1": "https://img-cf.kurly.com/shop/data/goods/1575537441474y0.jpg", "name": "[볼루스파] 홈 미스트 6종", "summary": "언제 어디서나 향기롭게", "price": "32,800원", "discount_rate": "20%", "unit": "1개", "amount": "", "package": "상온/종이포장", "made_in": "", "img2": "https://img-cf.kurly.com/shop/data/goodsview/20191205/gv20000071577_1.jpg", "description": "밋밋한 공간에 분위기를 더해주는 향의 마법을 깨닫는 순간, 그 매력으로부터 빠져나올 수 없을 거예요. 캘리포니아주에서 수작업으로 제작한 볼루스파의 홈 미스트는 하나같이 개성 넘치면서도 세련된 분위기를 연출해줘요. 캔들이나 디퓨저보다 향이 은은하게 퍼져, 강한 발향을 좋아하지 않는 분들에게 추천할게요. 또 휴대하기 편한 크기이기 때문에 들고 다니며 드레스 퍼퓸으로 사용해도 괜찮아요. 취향에 따라 선택할 수 있도록 6종을 준비했으니, 언제 어디서나 향기롭게 기분을 전환해 보세요.", "img3": "https://img-cf.kurly.com/shop/data/goodsview/20191205/gv30000071590_1.jpg", "option_name_list": ["[볼루스파] 고지타로코 오렌지 홈 미스트", " [볼루스파] 모카라 홈 미스트", "[볼루스파] 발틱 엠버 홈 미스트", "[볼루스파] 산티아고 허클베리 홈 미스트", "[볼루스파] 크레인 플라워 홈 미스트", "[볼루스파] 프렌치카데&라벤더 홈 미스트"], "option_price_list": ["41,000원", "41,000원", "41,000원", "41,000원", "41,000원", "41,000원"]},
{"img1": "https://img-cf.kurly.com/shop/data/goods/1575536598717y0.jpg", "name": "[볼루스파] 캔들&디퓨저 세트 2종", "summary": "공간을 가득 채우는 풍성한 향", "price": "83,200원", "discount_rate": "20%", "unit": "1개", "amount": "", "package": "상온/종이포장", "made_in": "", "img2": "https://img-cf.kurly.com/shop/data/goodsview/20191205/gv40000071530_1.jpg", "description": "누군가에게 고마움의 표시로 선물을 주려고 할 때마다, 어떤 선물을 골라야 할지 고민에 빠지게 돼요. 컬리는 화려하면서도 감각적인 패턴이 돋보이는 볼루스파의 캔들 & 디퓨저 세트 2종을 준비했어요. '모카라'와 '재패니스 플럼 블룸'으로 나뉘어진 세트 2종은 같은 향을 캔들과 디퓨저 두 가지 방법으로 즐기기에 좋아요. 평소 디퓨저로 향을 공간 가득 채워두었다가, 향초를 피워 좀 더 풍부하게 연출할 수 있죠. 은은한 발향을 원한다면 캔들만 사용해도 충분해요. 흰 꽃향과 싱그러움이 돋보이는 '모카라 캔들 & 디퓨저 세트', 상큼달콤한 과육 향이 매력적인 '재패니스 플럼 블룸 캔들 & 디퓨저 세트' 중 취향에 맞는 향을 선택해보세요. 주변 사람들에게 고마움을 전하는 선물용으로도 적합하답니다.", "img3": "https://img-cf.kurly.com/shop/data/goodsview/20191227/gv10000075527_1.jpg", "option_name_list": ["[볼루스파] 모카라 캔들&디퓨저 세트", "[볼루스파] 재패니스 플럼 블룸 캔들&디퓨저 세트"], "option_price_list": ["104,000원", "104,000원"]},
{"img1": "https://img-cf.kurly.com/shop/data/goods/1575536877862y0.jpg", "name": "[볼루스파] 페데스탈 세트 2종", "summary": "고마움을 전하는 향초 선물 세트", "price": "92,000원", "discount_rate": "20%", "unit": "1개", "amount": "", "package": "상온/종이포장", "made_in": "", "img2": "https://img-cf.kurly.com/shop/data/goodsview/20191205/gv10000071550_1.jpg", "description": "누군가에게 고마움의 표시로 선물을 주려고 마음 먹을 때마다, 어떤 선물을 골라야 할지 고민에 빠지게 돼요. 컬리는 화려하면서도 감각적인 패턴이 돋보이는 볼루스파의 캔들, 페데스탈 세트 2종을 준비했어요. 향을 맡았을 때 떠오르는 이미지를 형상화한 디자인부터 눈길을 사로잡지요. 따뜻함이 느껴지는 웜톤 세트는 상큼, 달콤하고 포근한 향들로 구성되어 있죠. 색깔부터 시원한 쿨톤 세트는 상쾌하면서도 청량한 향이 매력이예요. 일반적인 향초와 달리 코코넛 왁스를 배합했기 때문에 향이 더 먼 곳까지 퍼진답니다. 취향에 맞게 선택해 마음을 전해보세요.", "img3": "https://img-cf.kurly.com/shop/data/goodsview/20191205/gv00000071613_1.jpg", "option_name_list": ["[볼루스파] 페데스탈 세트 웜톤", "[볼루스파] 페데스탈 세트 쿨톤"], "option_price_list": ["115,000원", "115,000원"]},
{"img1": "https://img-cf.kurly.com/shop/data/goods/157553609812y0.jpg", "name": "[볼루스파] 글라스 캔들 3.2oz 12종", "summary": "공간에 분위기를 더하는 캔들", "price": "20,000원", "discount_rate": "20%", "unit": "1개", "amount": "", "package": "상온/종이포장", "made_in": "", "img2": "https://img-cf.kurly.com/shop/data/goodsview/20191205/gv10000071496_1.jpg", "description": "밋밋한 공간에 분위기를 더해주는 향의 마법을 깨닫는 순간, 그 매력으로부터 빠져나올 수 없을 거예요. 캘리포니아주에서 수작업으로 제작한 볼루스파의 캔들은 하나같이 개성 넘치면서도 세련된 분위기를 연출해준답니다. 일반적인 향초와 달리 코코넛 왁스를 배합해 만들었기 때문에 향이 더 먼 곳까지 퍼질 뿐만 아니라, 100% 소이 왁스보다 깔끔하게 연소하죠. 또 관리하기 편한 면 심지를 사용해 향초를 처음 접하는 분들에게도 어렵지 않을 거예요. 화려하면서도 감각적인 패턴이 돋보이는 디자인은 인테리어 포인트로도 활용 가능해요. 취향에 따라 선택할 수 있도록 작은 용량으로 12가지 향초를 준비했으니, 다양한 향을 조금씩 부담 없이 즐겨보고 싶은 분들에게 추천할게요.", "img3": "https://img-cf.kurly.com/shop/data/goodsview/20191205/gv20000071514_1.jpg", "option_name_list": ["[볼루스파] 고지타로코 오렌지 캔들 3.2oz", "[볼루스파] 니소 솔리에 캔들 3.2oz", "[볼루스파] 모소 뱀부 캔들 3.2oz", "[볼루스파] 모카라 캔들 3.2oz", "[볼루스파] 발틱 엠버 캔들 3.2oz", "[볼루스파] 산티아고 허클베리 캔들 3.2oz", "[볼루스파] 야시오카 가드니아 캔들 3.2oz", "[볼루스파] 재패니스 플럼 블룸 캔들 3.2oz", "[볼루스파] 크레인 플라워 캔들 3.2oz", "[볼루스파] 퍼시몬&코팔 캔들 3.2oz", "[볼루스파] 팬저리 리치 캔들 3.2oz", "[볼루스파] 프렌치카데&라벤더 캔들 3.2oz"], "option_price_list": ["25,000원", "25,000원", "25,000원", "25,000원", "25,000원", "25,000원", "25,000원", "25,000원", "25,000원", "25,000원", "25,000원", "25,000원"]},
{"img1": "https://img-cf.kurly.com/shop/data/goods/1575536344666y0.jpg", "name": "[볼루스파] 글라스 캔들 16oz 6종", "summary": "대용량으로 오래 즐기는", "price": "44,800원", "discount_rate": "20%", "unit": "1개", "amount": "", "package": "상온/종이포장", "made_in": "", "img2": "https://img-cf.kurly.com/shop/data/goodsview/20191205/gv30000071516_1.jpg", "description": "밋밋한 공간에 분위기를 더해주는 향의 마법을 깨닫는 순간, 그 매력으로부터 빠져나올 수 없을 거예요. 캘리포니아주에서 수작업으로 제작한 볼루스파의 캔들은 하나같이 개성 넘치면서도 세련된 분위기를 연출해준답니다. 일반적인 향초와 달리 코코넛 왁스를 배합해 만들었기 때문에 향이 더 먼 곳까지 퍼질 뿐만 아니라, 100% 소이 왁스보다 깔끔하게 연소하죠. 볼루스파의 글라스 캔들 16oz는 약 100시간 동안 사용 가능한 대용량으로, 가장 좋아하는 향 하나만을 오랫동안 즐기고 싶을 때 적합해요. 화려하면서도 감각적인 패턴이 돋보이는 디자인은 인테리어 포인트로도 활용할 수 있답니다. 누구나 좋아할 만한 대중적인 향부터 흔하지 않은 향까지 6종을 준비했으니 취향에 따라 선택해보세요.", "img3": "https://img-cf.kurly.com/shop/data/goodsview/20191205/gv30000071529_1.jpg", "option_name_list": ["[볼루스파] 고지타로코 오렌지 캔들 16oz", "[볼루스파] 모카라 캔들 16oz", "[볼루스파] 발틱 엠버 캔들 16oz", "[볼루스파] 산티아고 허클베리 캔들 16oz", "[볼루스파] 크레인 플라워 캔들 16oz", "[볼루스파] 프렌치카데&라벤더 캔들 16oz"], "option_price_list": ["56,000원", "56,000원", "56,000원", "56,000원", "56,000원", "56,000원"]},
{"img1": "https://img-cf.kurly.com/shop/data/goods/1575535746954y0.jpg", "name": "[볼루스파] 디퓨저 6종", "summary": "공간 가득 은은하게 퍼지는 향", "price": "35,200원", "discount_rate": "20%", "unit": "1개", "amount": "", "package": "상온/종이포장", "made_in": "", "img2": "https://img-cf.kurly.com/shop/data/goodsview/20191205/gv40000071483_1.jpg", "description": "밋밋한 공간에 분위기를 더해주는 향의 마법을 깨닫는 순간, 그 매력으로부터 빠져나올 수 없을 거예요. 캘리포니아주에서 수작업으로 제작한 볼루스파의 디퓨저는 하나같이 개성 넘치면서도 세련된 분위기를 연출해준답니다. 약 4개월에서 6개월까지 사용 가능한 디퓨저는 캔들보다 좀 더 강한 발향을 즐기고 싶을 때 적합해요. 화려하면서도 감각적인 조각이 섬세하게 새겨져 있는 용기에는 디퓨저 용액이 은은하게 비쳐, 인테리어 포인트로도 활용할 수 있죠. 누구나 좋아할 만한 대중적인 향부터 흔하지 않은 향까지 6종을 준비했으니 취향에 따라 선택해보세요.", "img3": "https://img-cf.kurly.com/shop/data/goodsview/20191205/gv00000071491_1.jpg", "option_name_list": ["[볼루스파] 고지타로코 오렌지 디퓨저", "[볼루스파] 모카라 디퓨저", "[볼루스파] 발틱 엠버 디퓨저", "[볼루스파] 산티아고 허클베리 디퓨저", " [볼루스파] 크레인 플라워 디퓨저", "[볼루스파] 프렌치카데&라벤더 디퓨저"], "option_price_list": ["44,000원", "44,000원", "44,000원", "44,000원", "44,000원", "44,000원"]},
{"img1": "https://img-cf.kurly.com/shop/data/goods/1575537106391y0.jpg", "name": "[볼루스파] 버메일 컬렉션 오발틴 4종", "summary": "공간을 세련되게 채우는 은은함", "price": "36,800원", "discount_rate": "20%", "unit": "1개", "amount": "", "package": "상온/종이포장", "made_in": "", "img2": "https://img-cf.kurly.com/shop/data/goodsview/20191205/gv40000071561_1.jpg", "description": "밋밋한 공간에 분위기를 더해주는 향의 마법을 깨닫는 순간, 그 매력으로부터 빠져나올 수 없을 거예요. 캘리포니아주에서 수작업으로 제작한 볼루스파의 캔들은 하나같이 개성 넘치면서도 세련된 분위기를 연출해준답니다. 버메일 컬렉션 오발틴 4종은 빈티지 실버의 은은한 광택으로부터 영감을 받아 만들어졌어요. 실크처럼 가벼우면서도 투명한 향이 매력적이죠. 일반적인 향초와 달리 코코넛 왁스를 배합해 만들었기 때문에 향이 더 먼 곳까지 퍼질 뿐만 아니라, 100% 소이 왁스보다 깔끔하게 연소해요. 네 가지 종류 중 취향에 맞는 향을 선택해 즐겨보세요.", "img3": "https://img-cf.kurly.com/shop/data/goodsview/20191205/gv20000071574_1.jpg", "option_name_list": [" [볼루스파] 마카사르 에보니&피치 오발틴", "[볼루스파] 오란티아&블랙베리 오발틴", "[볼루스파] 카사 퍼시피카 오발틴", "[볼루스파] 프로세코 로즈 오발틴"], "option_price_list": ["46,000원", "46,000원", "46,000원", "46,000원"]},
{"img1": "https://img-cf.kurly.com/shop/data/goods/1574829490474y0.jpg", "name": "[아가드] 마그네토 안전문 화이트", "summary": "자석으로 부드럽게 여닫는 안전문", "price": "49,000원", "discount_rate": 0, "unit": "1개", "amount": "", "package": "상온/종이포장", "made_in": "", "img2": "https://img-cf.kurly.com/shop/data/goodsview/20191127/gv10000069889_1.jpg", "description": "행동 반경이 넓어진 우리 아이 안전을 위해 현관문, 주방 등 집안 곳곳 안전문을 설치하는 것은 더이상 낯선 풍경이 아니에요. 하지만 벽면의 손상이 염려되고, 문을 여닫는 게 번거로워 사용이 꺼려지는 분들 종종 계셨을 거예요. 컬리가 선택한 아가드의 안전문은 자석형 손잡이가 부착돼 문을 부드럽게 여닫을 수 있는 제품입니다. 벽에 길이 조절이 가능한 나사를 위치한 뒤 살살 돌려 단단하게 조이면 안전문이 설치되는데요. 고정 나사에 실리콘 캡이 씌어져 있어 손상의 걱정을 덜어드린답니다. 아이가 쉽게 문을 열지 못하도록 상하 버튼을 동시에 눌러 여는 2중 잠금 장치를 접목한 부분도 마음에 쏙 들어요. 안전문이 필요한 공간의 간격을 정확히 파악한 후 구입하시길 추천할게요. ", "img3": "https://img-cf.kurly.com/shop/data/goodsview/20191127/gv20000069902_1.jpg", "option_name_list": [], "option_price_list": []},
{"img1": "https://img-cf.kurly.com/shop/data/goods/157233245213y0.jpg", "name": "[푸푸리] 휴대용 토일렛 퍼퓸 6종", "summary": "주머니에 쏙 부담 없는 사이즈", "price": "5,525원", "discount_rate": "15%", "unit": "1병", "amount": "10mL", "package": "상온/종이포장", "made_in": "", "img2": "https://img-cf.kurly.com/shop/data/goodsview/20191029/gv10000066281_1.jpg", "description": "쿰쿰한 화장실 냄새가 유독 신경 쓰이는 날이 있어요. 특히 볼일을 보고 난 후엔 더욱 신경 쓰이기 마련이지요. 이때 필요한 것이 푸푸리 토일렛퍼퓸입니다. 푸푸리 토일렛퍼퓸은 향에만 집중한 것이 아니라 성분 하나하나 꼼꼼하게 신경 쓴 제품이에요. 인공향료와 화학성분 없이 자연에서 유래한 오일만을 사용해 만들었거든요. 볼일 보기 전 변기에 뿌려 주면 불쾌한 냄새 대신 은은한 향기가 머무는데요. 물 표면에 냄새 차단 막을 형성하기 때문이랍니다. 컬리는 기존에 판매하던 소용량 상품보다 더 작은 10mL 휴대용 토일렛퍼퓸을 준비했어요. 가방이나 주머니가 볼록해질 걱정 없이 휴대하며 사용하기 좋아요. 여섯 가지 향 중 취향에 따라 선택해 민망한 순간을 향기롭게 채워보세요.", "img3": "https://img-cf.kurly.com/shop/data/goodsview/20191029/gv20000066320_1.jpg", "option_name_list": ["[푸푸리] 휴대용 토일렛퍼퓸 오리지널", "[푸푸리] 휴대용 토일렛퍼퓸 라벤더바닐라", "[푸푸리] 휴대용 토일렛퍼퓸 바닐라민트", "[푸푸리] 휴대용 토일렛퍼퓸 로열플러쉬", "[푸푸리] 휴대용 토일렛퍼퓸 트로피칼히비스커스", " [푸푸리] 휴대용 토일렛퍼퓸 라벤더페퍼민트"], "option_price_list": ["6,500원", "6,500원", "6,500원", "6,500원", "6,500원", "6,500원"]}