{"img1": "https://img-cf.kurly.com/shop/data/goods/1585637191764y0.jpg", "name": "[안달로우 내추럴스] 아르간 오일 & 쉐어 모이스처 리치 샴푸 & 컨디셔너", "summary": "탄력있는 웨이브를 위한 샴푸", "price": "13,410원", "discount_rate": "10%", "unit": "1개", "amount": "", "package": "상온/종이포장", "made_in": "", "img2": "https://img-cf.kurly.com/shop/data/goodsview/20200331/gv20000088203_1.jpg", "description": "컬이 살아있는 웨이브 스타일링을 위해서는 갈라진 모발 끝의 탄력부터 채워주어야 해요. 안달로우 내추럴스의 아르간 오일 & 쉐어 모이스처 리치 샴푸 & 컨디셔너로 손상된 머릿결에 촉촉한 아르간의 영양을 공급해 보세요. 과일 줄기세포 복합체와 시어버터의 보습력이 컬에 전달되어 풍성한 웨이브 스타일링을 도와줄 거예요. 깔끔한 세정력으로 지성 두피를 가진 분들도 부담 없이 사용할 수 있답니다. ", "img3": "https://img-cf.kurly.com/shop/data/goodsview/20200331/gv10000088205_1.jpg", "option_name_list": ["[안달로우 내추럴스] 아르간 오일 & 쉐어 모이스처 리치 샴푸 340ml", "[안달로우 내추럴스] 아르간 오일 & 쉐어 모이스처 리치 컨디셔너 340ml"], "option_price_list": ["14,900원", "14,900원"]},
{"img1": "https://img-cf.kurly.com/shop/data/goods/1585637395214y0.jpg", "name": "[안달로우 내추럴스] 아르간 스템셀 에이지 디파잉 샴푸 & 컨디셔너", "summary": "얇고 가는 모발에 선사하는 영양 케어", "price": "13,410원", "discount_rate": "10%", "unit": "1개", "amount": "", "package": "상온/종이포장", "made_in": "", "img2": "https://img-cf.kurly.com/shop/data/goodsview/20200331/gv00000088209_1.jpg", "description": "풍성하고 튼튼한 모발을 위해서는 두피부터 머리카락 끝까지 케어하는 것이 중요해요. 안달로우 내추럴스의 아르간 스템셀 에이지 디파잉 샴푸 & 컨디셔너로 두피까지 전달되는 영양과 보습감을 느껴보세요. 자연 유래 성분에 베리의 천연 성분, 알로에베라잎 즙을 함유해 얇고 갈라진 모발 끝에 촉촉한 보습감을 전달해요. 말끔한 세정력까지 겸비해 케어 후 두피에는 개운함을, 모발에는 부드러운 윤기를 선사합니다. ", "img3": "https://img-cf.kurly.com/shop/data/goodsview/20200331/gv20000088214_1.jpg", "option_name_list": ["[안달로우 내추럴스] 아르간 스템셀 에이지 디파잉 샴푸 340ml", "[안달로우 내추럴스] 아르간 스템셀 에이지 디파잉 컨디셔너 340ml"], "option_price_list": ["14,900원", "14,900원"]},
{"img1": "https://img-cf.kurly.com/shop/data/goods/1585290128471y0.jpg", "name": "[닥터메디엠] 핸드 클린 겔 파우치 4mLX30입", "summary": "1회 분량을 소포장해 더욱 간편한", "price": "6,120원", "discount_rate": "10%", "unit": "1박스", "amount": "4mL X 30개", "package": "상온/종이포장", "made_in": "", "img2": "https://img-cf.kurly.com/shop/data/goodsview/20200327/gv10000087685_1.jpg", "description": "공공장소에서는 여러 사람의 손이 닿는 물건을 하나하나 소독하지 못해 불안하죠. 그럴 땐 가방에 넣어둔 닥터메디엠의 핸드 클린 겔 파우치를 꺼내 간편하게 손을 세정해보세요. 에탄올 함량 63%로 한국 표준 시험 연구원으로부터 99.9%의 살균력을 인정받은 제품이에요. 사용 후 촉촉함과 함께 은은한 잔향까지 남겨 마무리감까지 좋지요. 4mL씩 개별 포장된 소용량 스틱 파우치형으로 휴대하기 안성맞춤이랍니다. 가방이나 주머니에 쏙 넣어 다니며 더욱 꼼꼼하고 청결하게 관리해보세요. ", "img3": "https://img-cf.kurly.com/shop/data/goodsview/20200327/gv30000087688_1.jpg", "option_name_list": [], "option_price_list": []},
{"img1": "https://img-cf.kurly.com/shop/data/goods/1585289992235y0.jpg", "name": "[닥터메디엠] 핸드 클린 겔 파우치 50mL", "summary": "파우치에 들어있는 손 세정제", "price": "2,070원", "discount_rate": "10%", "unit": "1팩", "amount": "50mL", "package": "상온/종이포장", "made_in": "", "img2": "https://img-cf.kurly.com/shop/data/goodsview/20200327/gv00000087677_1.jpg", "description": "공공장소에서는 여러 사람의 손이 닿는 물건을 하나하나 소독하지 못해 불안하죠. 그럴 땐 가방에 넣어둔 닥터메디엠의 핸드 클린 겔 파우치를 꺼내 간편하게 손을 세정해보세요. 에탄올 함량 63%로 한국 표준 시험 연구원으로부터 99.9%의 살균 성적을 인정받은 제품이에요. 사용 후 촉촉함과 함께 은은한 잔향까지 남겨 마무리감까지 좋지요. 뚜껑이 달린 파우치에 들어있어 휴대하기도 편리하고, 샐 걱정도 덜었어요. 가방에 쏙 넣어 다니며 더욱 꼼꼼하고 청결하게 관리해보세요. ", "img3": "https://img-cf.kurly.com/shop/data/goodsview/20200327/gv10000087680_1.jpg", "option_name_list": [], "option_price_list": []},
{"img1": "https://img-cf.kurly.com/shop/data/goods/1585289861352y0.jpg", "name": "[코스나인] 핸드클린 플러스100", "summary": "넉넉하게 사용하는 대용량 손 소독제", "price": "12,150원", "discount_rate": "10%", "unit": "1통", "amount": "500mL", "package": "상온/종이포장", "made_in": "", "img2": "https://img-cf.kurly.com/shop/data/goodsview/20200327/gv40000087670_1.jpg", "description": "집이나 사무실에 두고 넉넉하게 사용할 수 있는 대용량 손 세정제를 소개할게요. 코스나인의 핸드클린 플러스 100은 에탄올 함량 64.6%로 식약처의 승인을 받은 의약외품이에요. 펌프 형식이라 외부 이물질이 들어갈 염려 없이 간편하게 쓸 수 있답니다. 손 소독 후 건조해지는 것을 막기 위해 글리세린을 넣어 촉촉한 보습감까지 챙겼죠. 핸드클린 플러스 100으로 꼼꼼하게 개인 위생을 지켜보세요. ", "img3": "https://img-cf.kurly.com/shop/data/goodsview/20200327/gv20000087672_1.jpg", "option_name_list": [], "option_price_list": []},
{"img1": "https://img-cf.kurly.com/shop/data/goods/1584510311130y0.jpg", "name": "[제니하우스] 핸드 프로텍터 세니타이저 겔 2종", "summary": "간편하고 향긋한 손 소독제", "price": "5,400원", "discount_rate": "25%", "unit": "1개", "amount": "", "package": "상온/종이포장", "made_in": "", "img2": "https://img-cf.kurly.com/shop/data/goodsview/20200318/gv40000086063_1.jpg", "description": "언제 어디서든 물 없이도 간단하게 손 소독이 가능한 제니하우스 핸드 프로텍터 세니타이저 겔 2종을 소개할게요. 식약처의 허가를 받은 제품으로 안심하고 사용할 수 있답니다. 끈적이지 않고 산뜻하게 흡수되지만 글리세린과 알로에 추출물로 보습감까지 느낄 수 있지요. 손 소독제 특유의 알코올 향 대신 은은한 플로럴 향까지 느껴져요. 손에 쏙 들어가는 크기로 간편하게 휴대 가능한 80mL 제품과 넉넉한 용량의 470mL 제품 중 용도에 따라 선택해 보세요. ", "img3": "https://img-cf.kurly.com/shop/data/goodsview/20200324/gv10000086915_1.jpg", "option_name_list": ["[제니하우스] 핸드 프로텍터 세니타이저 겔 80ml", "[제니하우스] 핸드 프로텍터 세니타이저 겔 470ml"], "option_price_list": ["7,200원", "17,500원"]},
{"img1": "https://img-cf.kurly.com/shop/data/goods/1583808800701y0.jpg", "name": "[BOCAS] 각질제거기 4종", "summary": "속시원하면서 부드러운 사용감", "price": "12,000원", "discount_rate": 0, "unit": "1개", "amount": "", "package": "상온/종이포장", "made_in": "", "img2": "https://img-cf.kurly.com/shop/data/goodsview/20200310/gv10000084798_1.jpg", "description": null, "img3": "https://img-cf.kurly.com/shop/data/goodsview/20200310/gv20000084804_1.jpg", "option_name_list": ["[BOCAS] 각질제거기 일반형FC-1000 화이트", "[BOCAS] 각질제거기 일반형FC-1000 블랙", "[BOCAS] 각질제거기 슬림형FC-2000 화이트", "[BOCAS] 각질제거기 슬림형FC-2000 블랙"], "option_price_list": ["15,500원", "15,500원", "12,000원", "12,000원"]},
{"img1": "https://img-cf.kurly.com/shop/data/goods/1583817858216y0.jpg", "name": "[ARVO] 헤어오일 3종", "summary": "산뜻하게 스며드는 윤기", "price": "40,000원", "discount_rate": "20%", "unit": "1개", "amount": "", "package": "상온/종이포장", "made_in": "", "img2": "https://img-cf.kurly.com/shop/data/goodsview/20200310/gv10000084864_1.jpg", "description": "아마존의 깊은 숲에서 찾은 자연의 결을 지친 머리카락에 선사해보세요. '자연 그대로'를 표방하는 브랜드답게 브라질 현지에서 얻은 천연 오일과 버터를 각각 첫 번째 성분으로 넣은 ARVO의 헤어오일이에요. 첫 사용감부터 무척 인상적이에요. '오일'이라는 사실이 믿기지 않을 만큼 가볍고 산뜻하게 스며들거든요. 묵직한 유분감이 전혀 없는데도 머리카락에는 윤기가 흐르는 점도 놀랍지요. 평소 모발이 건조하지만 끈적임이 부담스러웠던 분이라면 이 헤어오일에 반하게 될 거예요. 머리가 길어 넉넉한 용량의 오일을 찾는 분께도 알맞답니다. ", "img3": "https://img-cf.kurly.com/shop/data/goodsview/20200310/gv40000084899_1.jpg", "option_name_list": ["[ARVO] 아르간 오일 100ml", "[ARVO] 마카다미아 오일 100ml", "[ARVO] 무루무루 오일 100ml"], "option_price_list": ["50,000원", "50,000원", "50,000원"]},
{"img1": "https://img-cf.kurly.com/shop/data/goods/1583393817740y0.jpg", "name": "[모제림 닥터] 펩타이드 볼륨 샴푸 2종", "summary": "내 모발에 맞춘 탈모 케어", "price": "38,000원", "discount_rate": 0, "unit": "1개", "amount": "", "package": "상온/종이포장", "made_in": "", "img2": "https://img-cf.kurly.com/shop/data/goodsview/20200305/gv00000084305_1.jpg", "description": "탈모를 예방하기 좋은 때는 모근이 약해지는 걸 느끼는 순간이에요. 모제림 닥터의 펩타이드 볼륨 샴푸로 그 순간을 놓치지 말고 똑똑하게 케어해보세요. 모근을 강화하면서 모발에는 풍부한 영양을 공급하죠. 두 가지 타입으로 내 모발 고민에 따라 선택할 수 있어 더욱 만족스러워요. 촉촉하고 부드러운 머릿결을 위한 실키 타입, 볼륨이 오래가며 개운한 세정력의 매트 타입 중 골라 사용해 보세요. ", "img3": "https://img-cf.kurly.com/shop/data/goodsview/20200305/gv40000084333_1.jpg", "option_name_list": ["[모제림 닥터] 펩타이드 볼륨 샴푸 실키", "[모제림 닥터] 펩타이드 볼륨 샴푸 매트"], "option_price_list": ["38,000원", "38,000원"]},
{"img1": "https://img-cf.kurly.com/shop/data/goods/158338634166y0.jpg", "name": "[오삭] 핸드겔 30ml", "summary": "감각을 더한 휴대용 손소독제", "price": "4,500원", "discount_rate": 0, "unit": "1개", "amount": "", "package": "상온/종이포장", "made_in": "", "img2": "https://img-cf.kurly.com/shop/data/goodsview/20200305/gv00000084182_1.jpg", "description": "손 위생은 지키면서도, 스타일은 놓치고 싶지 않을 때가 있지요. 컬리가 준비한 오삭의 핸드겔이 바로 그 해답이 되어줄 거예요. 핸드크림을 닮은 컴팩트한 패키지에 담긴 손소독제 제품인데요. 주머니에 쏙 들어가는 앙증맞은 모습이지만, 99.9%의 항균력을 갖춘 손소독제랍니다. 주성분인 에탄올에, 글리세린과 편백수를 더해 보습력과 산뜻한 사용감까지 더했어요. 원하는 만큼 조금씩 짜서 사용 가능하고, 소독 후에는 은은한 장미향까지 번지니 더욱 마음에 드실 거예요. 식약처의 허가를 받은 의약외품이니, 안심하고 사용해보세요.", "img3": "https://img-cf.kurly.com/shop/data/goodsview/20200310/gv00000084997_1.jpg", "option_name_list": [], "option_price_list": []},
{"img1": "https://img-cf.kurly.com/shop/data/goods/1582854264332y0.jpg", "name": "[크리넥스] 안심손소독제겔 250ml", "summary": "물이나 비누없이 지키는 손 위생", "price": "8,900원", "discount_rate": 0, "unit": "1개", "amount": "", "package": "상온/종이포장", "made_in": "", "img2": "https://img-cf.kurly.com/shop/data/goodsview/20200228/gv30000083222_1.jpg", "description": "언제 어디서나 손쉽게 사용할 수 있는 손소독제를 소개할게요. 크리넥스는 각종 유해세균을 99.9% 제거할 수 있는 안심 손소독제겔을 선보입니다. 알코올 항균 성분이 질병이나 감염의 원인이 되는 균을 빠르게 제거해 주는데요. 글리세린 보습성분을 더해, 피부를 촉촉하게 유지할 수 있도록 했답니다. 가볍게 눌러 쓰는 펌핑 타입에, 싱그러운 오이향이 묻어나 보다 산뜻하게 사용할 수 있고요. 식약처의 허가를 받은 의약외품이니, 안심하고 사용해보세요.", "img3": "https://img-cf.kurly.com/shop/data/goodsview/20200228/gv20000083231_1.jpg", "option_name_list": [], "option_price_list": []},
{"img1": "https://img-cf.kurly.com/shop/data/goods/1582778148832y0.jpg", "name": "[코알라 에코] 올 내추럴 핸드워시 500ml", "summary": "100% 자연 유래 성분의 핸드워시", "price": "21,470원", "discount_rate": "5%", "unit": "1개", "amount": "", "package": "상온/종이포장", "made_in": "", "img2": "https://img-cf.kurly.com/shop/data/goodsview/20200227/gv20000083059_1.jpg", "description": "호주의 자연을 담은 코알라에코의 올 내추럴 핸드워시를 만나보세요. 100% 호주에서 자라난 식물에서 추출한 에센셜 오일을 주성분으로 사용한 제품입니다. 손에서 부드럽게 씻겨 내려가는 사용감에, 레몬 유칼립투스와 로즈마리 에센셜 오일이 자아내는 싱그러운 허브향만이 은은하게 남는데요. 전성분이 자연에서 생분해되는 자연 유래 성분으로 되어있어 더욱 안심하고 사용할 수 있답니다. 동물실험을 거친 성분을 일절 배제하고, 패키지 역시 재활용할 수 있는 소재로만 만든다는 점에서도 코알라에코의 친환경 철학을 엿볼 수 있지요. 사용하기 편안한 펌핑형 용기에 담겨있으니 가볍게 눌러 일상 속 오염을 부드럽고 말끔하게 씻어내 보세요.", "img3": "https://img-cf.kurly.com/shop/data/goodsview/20200228/gv20000083422_1.jpg", "option_name_list": [], "option_price_list": []},
{"img1": "https://img-cf.kurly.com/shop/data/goods/1582635188281y0.jpg", "name": "[블랑101] 포밍 핸드워시 3종", "summary": "촉촉함을 위한 코코넛 유래 계면활성제", "price": "8,730원", "discount_rate": "10%", "unit": "1개", "amount": "", "package": "상온/종이포장", "made_in": "", "img2": "https://img-cf.kurly.com/shop/data/goodsview/20200225/gv30000082756_1.jpg", "description": "청결을 위해 손을 자주 씻다 보면 아무래도 피부가 건조해지고 거칠어지기 마련이에요. 컬리는 코코넛에서 유래한 식물 세정 성분으로 피부의 수분감을 지켜줄 포밍 핸드워시를 소개합니다. 성분 하나하나 세심히 살펴보는 주부들 사이에서 인정받는 블랑101 답게 벤조페논부터 메칠파라벤, 벤질알코올 등 걱정되는 성분 20가지를 전혀 첨가하지 않았답니다. 덕분에 손을 자주 씻어도 자극감이 적고 오래도록 촉촉함이 유지되죠. 한번 펌핑하는 것만으로 생크림처럼 풍성한 거품이 만들어지니 손 씻는 일이 더욱 편안해질 거예요. 총 3가지 향으로 준비했으니, 취향대로 선택해 두 손에 부드러움과 향긋함을 남겨보세요.", "img3": "https://img-cf.kurly.com/shop/data/goodsview/20200225/gv10000082763_1.jpg", "option_name_list": ["[블랑101] 포밍 핸드워시 블러쉬 280mL", "[블랑101] 포밍 핸드워시 시그니처 280mL", "[블랑101] 포밍 핸드워시 세이지가든 280mL"], "option_price_list": ["9,700원", "9,700원", "9,700원"]},
{"img1": "https://img-cf.kurly.com/shop/data/goods/1578032205523y0.jpg", "name": "[선물세트] LOMA 샴푸&컨디셔너 1L 선물세트 3종", "summary": "날마다 부드러운 머릿결의 비결", "price": "82,650원", "discount_rate": "5%", "unit": "1개", "amount": "", "package": "상온/종이포장", "made_in": "", "img2": "https://img-cf.kurly.com/shop/data/goodsview/20200103/gv20000076431_1.jpg", "description": "'좀 더 특별한 헤어 케어 선물세트는 없을까' 고민하고 있었다면 LOMA의 샴푸&컨디셔너 선물세트를 주목해주세요. 수년간 사람들의 머릿결을 연구해 온 미국의 살롱 오너 David Hanen이 런칭한 브랜드, LOMA의 헤어 케어 세트랍니다. 성분을 포기하지 않으면서도 스타일링까지 챙길 수 있는 샴푸&컨디셔너로 구성되어 있어요. 상큼한 향이 기분까지 좋게 만들어줘 선물로도 제격이지요. 각자의 헤어 고민에 적합한 제품을 고를 수 있도록 데일리, 모이스춰라이징, 너리싱 세 가지 라인을 준비했으니, 소중한 사람에게 윤기 넘치는 머릿결을 선물해보세요.", "img3": "https://img-cf.kurly.com/shop/data/goodsview/20200103/gv10000076436_1.jpg", "option_name_list": ["[선물세트] LOMA 데일리 샴푸 1L + 데일리 컨디셔너 1L", "[선물세트] LOMA 모이스춰라이징 샴푸 1L + 모이스춰라이징 트리트먼트 1L", " [선물세트] LOMA 너리싱 샴푸 1L + 너리싱 컨디셔너 1L"], "option_price_list": ["87,000원", "93,000원", "99,000원"]},
{"img1": "https://img-cf.kurly.com/shop/data/goods/1577928895992y0.jpg", "name": "[나떼쌍스] 스위트 아몬드 바디오일", "summary": "100% 천연유래성분의 끈적임 없이 촉촉한 유아 오일", "price": "18,700원", "discount_rate": "15%", "unit": "1개", "amount": "100ml", "package": "상온/종이포장", "made_in": "", "img2": "https://img-cf.kurly.com/shop/data/goodsview/20191231/gv20000076037_1.jpg", "description": "보습을 위해 오일만큼 좋은 것도 없지만, 끈끈하고 답답한 느낌 때문에 왠지 잘 사용하지 않게 되죠. 어른들도 그 촉감이 부담스러울 때가 있는데, 연약하고 민감한 아이들의 피부에는 얼마나 답답하게 느껴질까 생각해보면 오일도 아무거나 사용할 수 없죠. 끈적임 없고 흡수력이 좋은 동시에 보습력까지 맞춘 오일을 컬리가 준비했어요. 작은 크기로 휴대하기에도 손색이 없답니다. 건조해진 피부를 위해 100% 천연유래성분의 나떼쌍스 스위트 아몬드 오일을 선택해보세요.", "img3": "https://img-cf.kurly.com/shop/data/goodsview/20191231/gv20000076040_1.jpg", "option_name_list": [], "option_price_list": []},
{"img1": "https://img-cf.kurly.com/shop/data/goods/1575361611734y0.jpg", "name": "[닥터그루트] 탈모초기 샴푸 2종", "summary": "초기부터 관리하는 두피 건강", "price": "19,000원", "discount_rate": 0, "unit": "1개", "amount": "", "package": "상온/종이포장", "made_in": "", "img2": "https://img-cf.kurly.com/shop/data/goodsview/20191203/gv20000070892_1.jpg", "description": "어느 새부턴가 머리를 감고 나서 하수구에 쌓인 머리카락이 많아지기 시작했다면, 방심할 수 없어요. 탈모가 서서히 진행 중이라는 신호일 수도 있기 때문이에요. 컬리는 두피 고민별로 알맞은 샴푸를 고를 수 있도록 닥터그루트의 탈모초기 샴푸 2종을 준비했어요. 두피에 자극을 주는 설페이트계 계면활성제, 실리콘, 파라벤을 포함하지 않아 안심할 수 있죠. 보통 '탈모 샴푸' 하면 생각나는 한방 향이 나지 않아 샴푸 후에도 부담스럽지 않답니다. 수분이 부족한 두피에는 '건조가려움 개선' 샴푸, 비듬과 각질이 모공을 막고 있는 두피에는 '비듬각질 딥클렌징' 샴푸를 추천할게요.", "img3": "https://img-cf.kurly.com/shop/data/goodsview/20191203/gv40000070894_1.jpg", "option_name_list": ["[닥터그루트] 건조가려움 개선 샴푸", "[닥터그루트] 비듬각질 딥클렌징 샴푸"], "option_price_list": ["19,000원", "19,000원"]}