{"img1": "https://img-cf.kurly.com/shop/data/goods/1584426757916y0.jpg", "name": "[세이프굿] 손세정젤 손소독제 500ml", "summary": "의약외품 인증 받은 손 살균제", "price": "6,715원", "discount_rate": "15%", "unit": "1통", "amount": "500mL", "package": "상온/종이포장", "made_in": "", "img2": "https://img-cf.kurly.com/shop/data/goodsview/20200317/gv20000084812_1.jpg", "description": "넉넉한 용량으로 온 가족, 사무실 동료, 방문객들과 함께 사용할 수 있는 손 세정젤을 소개할게요. 식약처로부터 의약외품으로 승인받아 더욱 안심하고 사용할 수 있는 세이프굿의 손 소독제입니다. 알코올을 62% 함유하여 물 없이도 간편하고 효율적으로 손에 서식하는 각종 유해세균을 제거할 수 있어요. 자주 사용해도 손이 건조해지지 않도록 보습 성분도 채워 넣었지요. 손에 잔여감이 남지 않고 은은한 시트러스 향이 묻어나 더욱 산뜻하게 사용할 수 있답니다. 펌핑형 용기에 담겨있으니 여러 사람이 위생적으로 사용하기에도 좋을 거예요.", "img3": "https://img-cf.kurly.com/shop/data/goodsview/20200317/gv00000085897_1.jpg", "option_name_list": [], "option_price_list": []},
{"img1": "https://img-cf.kurly.com/shop/data/goods/1584425225471y0.jpg", "name": "[웰럽] 렌즈 클리닝 티슈", "summary": "안경, 카메라, 핸드폰 등 간편하게 휴대하는 일회용 렌즈 티슈!", "price": "1,700원", "discount_rate": "15%", "unit": "1박스", "amount": "10개입 ", "package": "상온/종이포장", "made_in": "", "img2": "https://img-cf.kurly.com/shop/data/goodsview/20200317/gv40000085881_1.jpg", "description": "안경이나 카메라 렌즈를 닦기 위해 입김을 불고, 불빛에 비춰가며 문지르기를 하루에도 여러 번 반복하는 일은 무척 번거롭지요. 깔끔한 세척을 도와주는 세정액을 따로 챙겨 다니긴 더욱 힘들고요. 그럴 땐 세척력과 휴대성을 모두 갖춘 웰럽의 렌즈 클리닝 티슈를 사용해보세요. 렌즈 위 오염은 깨끗하게 제거하면서도 물방울 자국은 남기지 않는 깔끔한 사용감을 자랑해요. 여러가지 안전 검사를 완료한 성분이라 더욱 안심하고 사용할 수 있답니다. 주머니에 한두 개씩 쏙 넣어 다니며 각종 자국과 오염물질을 말끔하게 지워내보세요.", "img3": "https://img-cf.kurly.com/shop/data/goodsview/20200317/gv30000085888_1.jpg", "option_name_list": [], "option_price_list": []},
{"img1": "https://img-cf.kurly.com/shop/data/goods/1583993935169y0.jpg", "name": "[크리넥스] 안심 물티슈 캡 60매", "summary": "든든하게 챙겨두는 99.99%의 항균 효능", "price": "6,400원", "discount_rate": 0, "unit": "", "amount": "", "package": "상온/종이포장", "made_in": "", "img2": "https://img-cf.kurly.com/shop/data/goodsview/20200312/gv40000084905_1.jpg", "description": "피부나 손이 많이 닿는 기물을 닦을 때는 아무래도 항균 물티슈를 쓰는 게 안심이 돼요. 컬리는 식약처를 통해 손 및 피부의 살균 소독 효과를 확인받은 의약외품 물티슈를 준비했습니다. 살모넬라 등 5개 균주에 대해 무려 99.99% 이상의 항균 효능까지 확인한 제품이에요. 그러면서도 무자극에 가까운 제품이라 아이들의 손을 닦아주기에도 손색이 없죠. 마지막 한 장까지 위생적으로 쓸 수 있게 캡 뚜껑을 달고 60매를 채웠으니 든든하게 챙겨두세요. ", "img3": "https://img-cf.kurly.com/shop/data/goodsview/20200310/gv30000084914_1.jpg", "option_name_list": [], "option_price_list": []},
{"img1": "https://img-cf.kurly.com/shop/data/goods/1582857335187y0.jpg", "name": "[크리넥스] 안심 물티슈 휴대용 20매X3", "summary": "99.99%의 향균 효능 물티슈", "price": "6,400원", "discount_rate": 0, "unit": "1묶음(3입)", "amount": "", "package": "상온/종이포장", "made_in": "", "img2": "https://img-cf.kurly.com/shop/data/goodsview/20200228/gv20000083234_1.jpg", "description": "흐르는 물에 손을 씻기 어려운 상황일 때 휴대용 물티슈를 가지고 있으면 무척 든든해요. 컬리는 물티슈를 더 안심하고 쓸 수 있도록 식약처를 통해 손 및 피부의 살균 소독 효과를 확인받은 의약외품을 준비했습니다. 살모넬라 등 5개 균주에 대해 무려 99.99% 이상의 항균 효능까지 확인한 제품이에요. 그러면서도 무자극에 가까운 제품이라 아이들의 손을 닦아주기에도 손색이 없죠. 가볍게 휴대하기 좋도록 20매씩 포장했으니 늘 가지고 다니며 유용히 써 보세요. ", "img3": "https://img-cf.kurly.com/shop/data/goodsview/20200228/gv00000083292_1.jpg", "option_name_list": [], "option_price_list": []},
{"img1": "https://img-cf.kurly.com/shop/data/goods/1582608810479y0.jpg", "name": "[오드리선] TCF 더블코어 3종", "summary": "흡수체까지 완전무염소표백", "price": "6,900원", "discount_rate": 0, "unit": "1팩", "amount": "", "package": "상온/종이포장", "made_in": "", "img2": "https://img-cf.kurly.com/shop/data/goodsview/20200225/gv00000082553_1.jpg", "description": "사람과 자연 모두에 부담을 주지 않기 위해 고심한 끝에 탄생한 생리대를 소개할게요. 오드리선의 TCF 더블코어 생리대는 우리 몸에 닿는 탑시트는 물론 흡수체까지 완전무염소표백 처리한 원료로 만들었답니다. 또 탑시트와 옆샘 방지선, 1차흡수시트 모두 유기농 순면을 사용하여 순한 사용감을 완성하였죠. 그래서 독일 더마테스트 엑설런트 등급을 받기도 했어요. 민감한 날, 오드리선으로 안심하고 편안하게 지내보세요. ", "img3": "https://img-cf.kurly.com/shop/data/goodsview/20200225/gv20000082555_1.jpg", "option_name_list": ["[오드리선] TCF 코튼코어 라이너 26P", "[오드리선] TCF 더블코어 중형 12P", "[오드리선] TCF 더블코어 대형 12P"], "option_price_list": ["6,900원", "7,900원", "7,900원"]},
{"img1": "https://img-cf.kurly.com/shop/data/goods/1582608681382y0.jpg", "name": "[오드리선] 그린웨이 생리대 4종", "summary": "부드러운 순면으로 산뜻한", "price": "6,500원", "discount_rate": 0, "unit": "1팩", "amount": "", "package": "상온/종이포장", "made_in": "", "img2": "https://img-cf.kurly.com/shop/data/goodsview/20200225/gv30000082546_1.jpg", "description": "생리대를 고를 때, 유기농 순면을 사용했는지와 화학물질 테스트를 통과했는지를 살펴보는 일이 익숙해졌어요. 오드리선의 그린웨이 생리대는 살에 닿는 탑시트에 미국면화협회에서 인증받은 100% 순면을 사용해서 사용감이 부드러워요. 또 잔류성 유기오염물질과 잔류농약검사를 완료한 원료를 사용해서 안심하고 사용할 수 있죠. 4가지 옵션으로 준비했으니 시기에 맞게 선택해 보세요. 사랑스러운 일러스트가 그려진 박스는 민감한 날 기분까지 산뜻하게 만들어줄 거예요. ", "img3": "https://img-cf.kurly.com/shop/data/goodsview/20200225/gv40000082548_1.jpg", "option_name_list": [" [오드리선] 그린웨이 팬티라이너 롱 40P", "[오드리선] 그린웨이 오가닉 중형 12P", "[오드리선] 그린웨이 오가닉 대형 10P", "[오드리선] 그린웨이 오가닉 오버나이트 6P"], "option_price_list": ["8,700원", "6,500원", "6,900원", "6,900원"]},
{"img1": "https://img-cf.kurly.com/shop/data/goods/1582512502774y0.jpg", "name": "[라네이처] 시그니처 생리대 4종", "summary": "만족스러운 소재와 사용감", "price": "5,185원", "discount_rate": "15%", "unit": "1개", "amount": "", "package": "상온/종이포장", "made_in": "", "img2": "https://img-cf.kurly.com/shop/data/goodsview/20200224/gv10000082317_1.jpg", "description": "필수품이니까 더 꼼꼼하게 고르게 되는 생리대. 소재와 사용감 모두 신경 쓴 좋은 제품을 찾고 있었다면 라네이처 시그니처 생리대를 만나 보세요. 유기농 인증을 받은 순면 커버로 순한 사용감을 구현했고, 생리대 중앙에는 고분자흡수체(SAP) 대신 펄프 소재의 코어 흡수존이 있어 흡수력도 놓치지 않았죠. 지퍼백 포장이어서 개봉 후에 파우치에 따로 옮겨 담지 않고도 깔끔하게 보관하고 휴대할 수 있어요. 라이너와 중형, 대형, 오버나이트 옵션으로 준비했으니 시기에 맞게 선택해서 사용해보세요. ", "img3": "https://img-cf.kurly.com/shop/data/goodsview/20200224/gv30000082332_1.jpg", "option_name_list": [" [라네이처] 시그니처 라이너 롱 28매", "[라네이처] 시그니처 울트라 날개형 중형 12매", "[라네이처] 시그니처 울트라 날개형 대형 10매", " [라네이처] 시그니처 울트라 날개형 오버나이트 8매"], "option_price_list": ["6,100원", "6,100원", "6,100원", "7,600원"]},
{"img1": "https://img-cf.kurly.com/shop/data/goods/1582005850939y0.jpg", "name": "[라엘] 대형생리대 3팩", "summary": "충분히 준비하는 순한 생리대", "price": "17,760원", "discount_rate": "20%", "unit": "3팩", "amount": "", "package": "상온/종이포장", "made_in": "", "img2": "https://img-cf.kurly.com/shop/data/goodsview/20200218/gv10000081829_1.jpg", "description": "생리대도 신경 써서 선택해야 한다는 인식은 이제 당연해졌어요. 깐깐하게 고르고 골라 라엘 생리대로 정착했던 분들이라면, 이번에 소개할 대형 3팩들이 제품이 반가우실 거예요. 라엘 유기농 순면커버 생리대의 핵심 재료는 바로 농약을 사용하지 않고 정직하게 재배한 텍사스산 유기농 목화예요. 우리 몸에 닿는 순면 커버는 강력한 고압수를 뿌려서 섬유를 결합하는 공법으로 만들었죠. 벤젠이나 형광증백제 등 유해 물질을 배제하면서도 활동성과 통기성을 따져 사용감 뛰어난 생리대를 완성했답니다. 라엘의 생리대로 주기적으로 찾아오는 힘든 시기를 조금이나마 편안하게 보내 보세요. ", "img3": "https://img-cf.kurly.com/shop/data/goodsview/20200218/gv10000081833_1.jpg", "option_name_list": [], "option_price_list": []},
{"img1": "https://img-cf.kurly.com/shop/data/goods/158200557844y0.jpg", "name": "[라엘] 중형 생리대 3팩", "summary": "넉넉히 쟁여두는 순한 생리대", "price": "17,760원", "discount_rate": "20%", "unit": "3팩", "amount": "", "package": "상온/종이포장", "made_in": "", "img2": "https://img-cf.kurly.com/shop/data/goodsview/20200218/gv20000081818_1.jpg", "description": "생리대도 신경 써서 선택해야 한다는 인식은 이제 당연해졌어요. 깐깐하게 고르고 골라 라엘 생리대로 정착했던 분들이라면, 이번에 소개하는 중형 3팩들이 제품이 반가우실 거예요. 라엘 유기농 순면커버 생리대의 핵심 재료는 바로 농약을 사용하지 않고 정직하게 재배한 텍사스산 유기농 목화예요. 우리 몸에 닿는 순면 커버는 강력한 고압수를 뿌려서 섬유를 결합하는 공법으로 만들었죠. 벤젠이나 형광증백제 등 유해 물질을 배제하면서도 활동성과 통기성을 따져 사용감 뛰어난 생리대를 완성했답니다. 라엘의 생리대로 주기적으로 찾아오는 힘든 시기를 조금이나마 편안하게 보내 보세요. ", "img3": "https://img-cf.kurly.com/shop/data/goodsview/20200218/gv00000081826_1.jpg", "option_name_list": [], "option_price_list": []},
{"img1": "https://img-cf.kurly.com/shop/data/goods/1578043196430y0.jpg", "name": "[뷰코셋] 바이오 생리대 3종", "summary": "얇고 안전한 북유럽 생리대", "price": "5,985원", "discount_rate": "5%", "unit": "1개", "amount": "", "package": "상온/종이포장", "made_in": "", "img2": "https://img-cf.kurly.com/shop/data/goodsview/20200103/gv10000076580_1.jpg", "description": "국내에서 생리대 파동이 일어났을 당시 생리대에 예민한 분들이 선두적으로 찾아 쓰기 시작한 생리대가 있습니다. 핀란드에서 탄생한 뷰코셋이에요. 뷰코셋의 패키지에는 녹색과 흰색이 교차하는 백조 모양 마크(스완 라벨)가 부착돼 있는데요. 스완 라벨은 생산부터 폐기까지 친환경적인지를 깐깐하게 따진 뒤에야 부여되는 북유럽의 친환경 인증이랍니다. 고분자흡수체(SAP) 대신 천연펄프 흡수체와 유기농 면이 사용되어, 민감한 피부를 다독여 주지요. 소중한 내 몸을 위해, 엄격한 기준을 통과한 뷰코셋과 친해져 보세요. ", "img3": "https://img-cf.kurly.com/shop/data/goodsview/20200103/gv10000076587_1.jpg", "option_name_list": ["[뷰코셋] 바이오 노말 팬티라이너 26P", "[뷰코셋] 바이오 노말윙 생리대 12P", "[뷰코셋] 바이오 롱윙 생리대 10P"], "option_price_list": ["6,300원", "6,300원", "6,300원"]},
{"img1": "https://img-cf.kurly.com/shop/data/goods/1577943537888y0.jpg", "name": "[코디] 행주 대신 빨아쓰는 행주타월 50매 3롤", "summary": "매일 위생적으로 사용하는 행주", "price": "9,990원", "discount_rate": "10%", "unit": "1개", "amount": "", "package": "상온/종이포장", "made_in": "", "img2": "https://img-cf.kurly.com/shop/data/goodsview/20200102/gv40000076279_1.jpg", "description": "빨아서 사용하는 행주타월의 장점은 별도로 삶거나 소독하는 등의 관리가 필요 없다는 점이에요. 주방에서의 사용은 물론 집안 곳곳의 청소를 할 때 하나씩 뜯어 쓰기에도 편리하죠. 눈앞에 놓인 수많은 행주타월 중 어떤 제품을 골라야 할 지 고민된다면 코디의 행주 대신 빨아쓰는 행주타월을 추천할게요. 천연펄프 등을 사용해 만든 부직포 원단으로 이루어져 물에 닿아도 쉽게 찢어지지 않습니다. 형광물질이 검출되지 않았기에 마른 행주로 써도 먼지 날림 걱정을 하지 않아도 좋아요. 1겹으로 이루어졌지만, 2~3번 정도는 빨아 사용할 수 있을 정도로 두께가 두툼하기에 경제적으로 사용할 수 있을 거예요. ", "img3": "https://img-cf.kurly.com/shop/data/goodsview/20200102/gv30000076285_1.jpg", "option_name_list": [], "option_price_list": []},
{"img1": "https://img-cf.kurly.com/shop/data/goods/1577942457268y0.jpg", "name": "[코디] 내추럴 미용티슈 230매 X 6입", "summary": "피부에 닿는 부드러운 감촉", "price": "6,705원", "discount_rate": "10%", "unit": "1개", "amount": "", "package": "상온/종이포장", "made_in": "", "img2": "https://img-cf.kurly.com/shop/data/goodsview/20200102/gv10000076268_1.jpg", "description": "미용티슈를 고를 때 소재는 물론 형광물질이나 먼지날림의 여부를 따져 고르는 것은 당연합니다. 메이크업을 지울 때나 감기, 비염 등의 이유로 호흡기나 피부에 티슈가 직·간접적으로 닿기 때문인데요. 컬리가 고른 코디의 미용티슈는 100% 천연펄프를 사용한 각티슈예요. 형광물질이 검출되지 않아 먼지날림이 적고, 무색무취 형태로 색이나 향에 민감하신 분들이 사용하기 좋습니다. 독일 피부과학연구소 더마테스트에서 최고 등급인 엑설런트 등급을 획득한 만큼 믿고 사용해보세요. 피부에 닿는 촉감도 부드러워 두고두고 쓰기 좋은 티슈가 될 거예요. ", "img3": "https://img-cf.kurly.com/shop/data/goodsview/20200102/gv20000076271_1.jpg", "option_name_list": [], "option_price_list": []},
{"img1": "https://img-cf.kurly.com/shop/data/goods/1577766993634y0.jpg", "name": "[코디] 제주 오름 알로에 베라 롤화장지 30M 30롤", "summary": "알로에베라가 주는 촉촉한 부드러움! 3겹 30m X 30롤 (10m당 188원)", "price": "16,900원", "discount_rate": 0, "unit": "1개", "amount": "", "package": "상온/종이포장", "made_in": "", "img2": "https://img-cf.kurly.com/shop/data/goodsview/20191231/gv30000075975_1.jpg", "description": "도톰한 3겹 화장지 중에서도 부드러운 촉감을 지닌 제품들의 특징은 보습에 도움이 되는 로션을 함유했다는 점이에요. 코디는 그중에서도 청정 제주에서 나고 자란 알로에 베라 추출물을 함유한 로션을 더한 롤화장지를 선보입니다. 독일의 더마테스트에서 최고 등급을 받을 만큼 부드러운 텍스쳐를 지니고 있기에 피부에 자극이 될 염려는 덜어도 되지요. 소재 역시 형광증백제를 사용하지 않은 100% 천연 펄프임은 물론, 색소나 향을 더하지 않아 더욱 안심하고 사용할 수 있을 거예요.", "img3": "https://img-cf.kurly.com/shop/data/goodsview/20191231/gv00000076030_1.jpg", "option_name_list": [], "option_price_list": []},
{"img1": "https://img-cf.kurly.com/shop/data/goods/1578902112286y0.jpg", "name": "[코디] 기름먹는 UKP 3겹 키친타올 130매 6롤", "summary": "표백하지 않은 천연 펄프", "price": "7,650원", "discount_rate": "10%", "unit": "1개", "amount": "", "package": "상온/종이포장", "made_in": "", "img2": "https://img-cf.kurly.com/shop/data/goodsview/20200113/gv20000076110_1.jpg", "description": null, "img3": "https://img-cf.kurly.com/shop/data/goodsview/20191231/gv40000076125_1.jpg", "option_name_list": [], "option_price_list": []},
{"img1": "https://img-cf.kurly.com/shop/data/goods/1577773522435y0.jpg", "name": "[코디] 고창황토 롤화장지 30M 30롤", "summary": "유네스코지역 고창 황토로 지키는 피부 건강! 3겹 30m X 30롤 (10m당 159원)", "price": "14,310원", "discount_rate": 0, "unit": "1개", "amount": "", "package": "상온/종이포장", "made_in": "", "img2": "https://img-cf.kurly.com/shop/data/goodsview/20191231/gv40000076066_1.jpg", "description": null, "img3": "https://img-cf.kurly.com/shop/data/goodsview/20191231/gv40000076077_1.jpg", "option_name_list": [], "option_price_list": []},
{"img1": "https://img-cf.kurly.com/shop/data/goods/157673602563y0.jpg", "name": "[송월타월] 면100%수건 5종", "summary": "매일 써도 좋을 편안한 사용감", "price": "3,700원", "discount_rate": 0, "unit": "1개", "amount": "", "package": "상온/종이포장", "made_in": "", "img2": "https://img-cf.kurly.com/shop/data/goodsview/20191219/gv30000073948_1.jpg", "description": "피부에 직접 닿는 수건, 그래서 더 깐깐하게 고르게 되죠. 수건의 대명사 송월타월의 코마사(Combed Yarn)로 만든 수건이라면 믿고 사용할 수 있을 거예요. 먼지와 이물질을 제거하는 빗질 과정을 거친 면사를 코마사라고 하는데요. 실이 매끈하며, 보풀이 덜하고 자연스러운 광택이 나타나죠. 송월타월의 수건은 내구성이 뛰어나 다양한 상황에서 마음껏 사용해도 부담이 없어요. 4가지 두께의 코마사 100% 수건과 대나무섬유 100% 수건을 깔끔한 디자인으로 준비했으니, 쓰임에 따라 골라보세요.", "img3": "https://img-cf.kurly.com/shop/data/goodsview/20191219/gv40000073963_1.jpg", "option_name_list": ["[송월타월] 호텔 코마40수 100%면 수건160g 1장40수,500GSM, 40*80cm", "[송월타월] 호텔 코마40수 100%면 수건 180g 1장40수,563GSM, 40*80cm", "[송월타월] 호텔 아르떼 100%면 수건 170g 1장 30수,540GSM, 40*80cm", "[송월타월] 호텔 에버딘 100%면 수건 190g 1장 30수,590GSM, 40*80cm", "[송월타월] 카운테스마라 클래스 44 뱀부 210g 1장30수,540GSM,44*88cm"], "option_price_list": ["3,700원", "4,200원", "3,800원", "4,300원", "8,400원"]}